time,actual_load,predicted_load,replicas,decision
0,0.036865234375,0.0,1,REACTIVE UP ⚠️
5,0.006718635559082,0.0,1,REACTIVE UP ⚠️
12,0.0012626647949218,0.0,1,REACTIVE UP ⚠️
15,0.2421770095825195,0.0,1,REACTIVE UP ⚠️
20,0.013458251953125,0.0,1,REACTIVE UP ⚠️
25,0.0038833618164062,0.0,1,REACTIVE UP ⚠️
30,0.0003328323364257,0.0,1,REACTIVE UP ⚠️
45,0.842987060546875,0.0,1,REACTIVE UP ⚠️
55,0.0081901550292968,0.0,1,REACTIVE UP ⚠️
75,0.0004310607910156,0.0,1,REACTIVE UP ⚠️
95,0.1092777252197265,0.0,1,REACTIVE UP ⚠️
100,0.6762771606445312,0.0,1,REACTIVE UP ⚠️
105,0.013589859008789,0.0,1,REACTIVE UP ⚠️
115,0.022186279296875,0.0,1,REACTIVE UP ⚠️
120,2.913818359375,0.0,1,REACTIVE UP ⚠️
125,0.0205307006835937,0.0,1,REACTIVE UP ⚠️
130,0.0004873275756835,0.0,1,REACTIVE UP ⚠️
140,0.0022850036621093,0.0,1,REACTIVE UP ⚠️
145,0.0006294250488281,0.0,1,REACTIVE UP ⚠️
150,0.035858154296875,0.0,1,REACTIVE UP ⚠️
155,0.0024490356445312,0.0,1,REACTIVE UP ⚠️
160,0.0038375854492187,0.0,1,REACTIVE UP ⚠️
165,0.0001249313354492,0.0,1,REACTIVE UP ⚠️
170,0.000701904296875,0.0,1,REACTIVE UP ⚠️
195,0.1746635437011718,0.0,1,REACTIVE UP ⚠️
200,0.0045013427734375,0.0,1,REACTIVE UP ⚠️
214,0.00457763671875,0.0,1,REACTIVE UP ⚠️
230,0.0079479217529296,0.0,1,REACTIVE UP ⚠️
240,0.0399417877197265,0.0,1,REACTIVE UP ⚠️
245,0.0021705627441406,0.0,1,REACTIVE UP ⚠️
247,0.00030517578125,0.0,1,REACTIVE UP ⚠️
258,0.005706787109375,0.0,1,REACTIVE UP ⚠️
260,0.0017108917236328,0.0,1,REACTIVE UP ⚠️
265,0.051116943359375,0.0,1,REACTIVE UP ⚠️
275,0.003692626953125,0.0,1,REACTIVE UP ⚠️
280,0.897674560546875,0.0,1,REACTIVE UP ⚠️
285,4.1751861572265625,0.0,1,REACTIVE UP ⚠️
288,0.2969512939453125,0.0,1,REACTIVE UP ⚠️
290,0.0018749237060546,0.0,1,REACTIVE UP ⚠️
295,0.0022811889648437,0.0,1,REACTIVE UP ⚠️
310,0.1992568969726562,0.0,1,REACTIVE UP ⚠️
320,0.0047941207885742,0.0,1,REACTIVE UP ⚠️
325,0.0271472930908203,0.0,1,REACTIVE UP ⚠️
330,0.002685546875,0.0,1,REACTIVE UP ⚠️
335,2.0635032653808594,0.0,1,REACTIVE UP ⚠️
345,0.0002880096435546,0.0,1,REACTIVE UP ⚠️
350,0.0133438110351562,0.0,1,REACTIVE UP ⚠️
355,0.0013446807861328,0.0,1,REACTIVE UP ⚠️
360,10.382072448730469,0.0,3,REACTIVE UP ⚠️
380,0.1047687530517578,0.0,1,REACTIVE UP ⚠️
385,0.403564453125,0.0,1,REACTIVE UP ⚠️
389,0.0026321411132812,0.0,1,REACTIVE UP ⚠️
391,0.0015020370483398,0.0,1,REACTIVE UP ⚠️
405,0.0145206451416015,0.0,1,REACTIVE UP ⚠️
411,0.0005407333374023,0.0,1,REACTIVE UP ⚠️
415,0.312530517578125,0.0,1,REACTIVE UP ⚠️
420,0.0018844604492187,0.0,1,REACTIVE UP ⚠️
425,3.0875425338745117,0.0,1,REACTIVE UP ⚠️
430,0.9150619506835938,0.0,1,REACTIVE UP ⚠️
434,0.0037918090820312,0.3408919870853424,1,SCALE UP 🔼
435,0.614837646484375,0.07160662859678268,1,REACTIVE UP ⚠️
440,34.685546875,2.1004409790039062,7,REACTIVE UP ⚠️
441,0.0155830383300781,0.5370471477508545,1,SCALE UP 🔼
470,0.0011301040649414,0.06223655492067337,1,SCALE UP 🔼
480,0.0064725875854492,0.6799595952033997,1,SCALE UP 🔼
490,2.892580032348633,13.743078231811523,3,SCALE UP 🔼
535,0.3149929046630859,0.0024824105203151703,1,REACTIVE UP ⚠️
550,0.2672576904296875,0.07487577944993973,1,REACTIVE UP ⚠️
555,0.615966796875,0.08489779382944107,1,REACTIVE UP ⚠️
570,0.0029067993164062,2.1635546684265137,1,SCALE UP 🔼
575,0.2691650390625,0.06102540343999863,1,REACTIVE UP ⚠️
580,0.001871109008789,0.25462841987609863,1,SCALE UP 🔼
588,0.0016307830810546,0.6141654849052429,1,SCALE UP 🔼
590,0.172821044921875,0.08494563400745392,1,REACTIVE UP ⚠️
595,32.37451171875,0.1506040394306183,7,REACTIVE UP ⚠️
610,0.4787139892578125,0.0,1,REACTIVE UP ⚠️
630,0.8236083984375,0.06512903422117233,1,REACTIVE UP ⚠️
635,0.9388427734375,0.21099664270877838,1,REACTIVE UP ⚠️
660,0.6563186645507812,43.41912841796875,9,SCALE UP 🔼
667,0.0001487731933593,0.419175386428833,1,SCALE UP 🔼
674,0.0001993179321289,0.4086907207965851,1,SCALE UP 🔼
685,0.0664138793945312,0.8015217781066895,1,SCALE UP 🔼
688,0.0427017211914062,0.623177707195282,1,SCALE UP 🔼
690,0.0077753067016601,0.0,1,REACTIVE UP ⚠️
694,0.0001096725463867,0.05037686601281166,1,SCALE UP 🔼
695,0.0183639526367187,0.11780254542827606,1,SCALE UP 🔼
697,0.0004358291625976,0.10587406158447266,1,SCALE UP 🔼
699,6.771087646484375e-05,0.06600963324308395,1,SCALE UP 🔼
705,3.2322235107421875,0.0,1,REACTIVE UP ⚠️
710,0.007843017578125,0.08578389137983322,1,SCALE UP 🔼
711,0.0001983642578125,0.058804482221603394,1,SCALE UP 🔼
715,0.0135040283203125,0.05593207851052284,1,SCALE UP 🔼
725,0.0098094940185546,2.6026227474212646,1,SCALE UP 🔼
735,1.222869873046875,0.032068755477666855,1,REACTIVE UP ⚠️
755,0.0075292587280273,0.08341695368289948,1,SCALE UP 🔼
765,0.0017948150634765,0.09454580396413803,1,SCALE UP 🔼
770,0.6660041809082031,0.07822830975055695,1,REACTIVE UP ⚠️
785,0.0070114135742187,0.6556800603866577,1,SCALE UP 🔼
795,0.1875114440917968,0.04920739680528641,1,REACTIVE UP ⚠️
810,6.866455078125e-05,0.10111793875694275,1,SCALE UP 🔼
820,0.0008068084716796,0.7009968757629395,1,SCALE UP 🔼
830,0.0015344619750976,0.08900400996208191,1,SCALE UP 🔼
835,0.0020170211791992,0.13663901388645172,1,SCALE UP 🔼
840,0.4611358642578125,0.1699945330619812,1,REACTIVE UP ⚠️
845,0.0203933715820312,0.1701192706823349,1,SCALE UP 🔼
869,0.0033073425292968,0.09384673833847046,1,SCALE UP 🔼
870,0.01678466796875,0.10002924501895905,1,SCALE UP 🔼
875,0.0050268173217773,0.4416578412055969,1,SCALE UP 🔼
877,0.0,0.106504425406456,1,SCALE UP 🔼
880,0.0062179565429687,0.09287438541650772,1,SCALE UP 🔼
883,0.0013809204101562,0.08979487419128418,1,SCALE UP 🔼
885,0.00274658203125,0.09086664766073227,1,SCALE UP 🔼
900,1.4264144897460938,0.0940350741147995,1,REACTIVE UP ⚠️
915,0.0037651062011718,0.14062665402889252,1,SCALE UP 🔼
930,0.2501106262207031,0.10147979110479355,1,REACTIVE UP ⚠️
945,0.13861083984375,0.07745663821697235,1,MAINTAIN
948,0.0,1.3579702377319336,1,SCALE UP 🔼
950,0.1875534057617187,0.0825803279876709,1,REACTIVE UP ⚠️
960,0.0856571197509765,0.4275572597980499,1,SCALE UP 🔼
984,0.0018692016601562,0.20000827312469482,1,SCALE UP 🔼
986,0.0005598068237304,0.09003683924674988,1,SCALE UP 🔼
988,0.00341796875,0.20368053019046783,1,SCALE UP 🔼
990,0.0025062561035156,0.17557987570762634,1,SCALE UP 🔼
1010,0.0048351287841796,0.06817663460969925,1,SCALE UP 🔼
1015,0.000192642211914,0.06882303208112717,1,SCALE UP 🔼
1020,0.0006694793701171,0.17128147184848785,1,SCALE UP 🔼
1035,0.133087158203125,0.12487442791461945,1,MAINTAIN
1050,0.01422119140625,0.11364755779504776,1,SCALE UP 🔼
1058,0.000406265258789,0.09116004407405853,1,SCALE UP 🔼
1065,0.0007238388061523,0.08442952483892441,1,SCALE UP 🔼
1070,0.05657958984375,0.2121039777994156,1,SCALE UP 🔼
1080,0.0080718994140625,0.15509918332099915,1,SCALE UP 🔼
1084,0.0,0.17177298665046692,1,SCALE UP 🔼
1085,0.07806396484375,0.17696742713451385,1,SCALE UP 🔼
1092,0.000192642211914,0.2013380527496338,1,SCALE UP 🔼
1110,0.155181884765625,0.11419548839330673,1,MAINTAIN
1115,0.3637580871582031,0.0960574820637703,1,REACTIVE UP ⚠️
1120,0.0600738525390625,0.16288180649280548,1,SCALE UP 🔼
1141,0.02313232421875,0.17842794954776764,1,SCALE UP 🔼
1145,0.0355548858642578,0.3089864253997803,1,SCALE UP 🔼
1150,0.1182861328125,0.41133424639701843,1,SCALE UP 🔼
1155,0.0217781066894531,0.17040006816387177,1,SCALE UP 🔼
1165,0.000157356262207,0.11705561727285385,1,SCALE UP 🔼
1167,0.0,0.13006247580051422,1,SCALE UP 🔼
1170,0.0025129318237304,0.20270445942878723,1,SCALE UP 🔼
1175,0.0018081665039062,0.10796383768320084,1,SCALE UP 🔼
1176,0.0041751861572265,0.10051549226045609,1,SCALE UP 🔼
1180,0.0018329620361328,0.09529320895671844,1,SCALE UP 🔼
1190,0.0521697998046875,0.08724657446146011,1,SCALE UP 🔼
1195,0.0116214752197265,0.06810653954744339,1,SCALE UP 🔼
1200,0.1808242797851562,0.16178692877292633,1,MAINTAIN
1205,4.98291015625,0.18779394030570984,1,REACTIVE UP ⚠️
1207,0.0007171630859375,0.23552335798740387,1,SCALE UP 🔼
1215,0.016448974609375,0.1458526849746704,1,SCALE UP 🔼
1217,0.011444091796875,0.26334795355796814,1,SCALE UP 🔼
1220,0.8891258239746094,3.991786241531372,1,SCALE UP 🔼
1225,0.0868797302246093,0.09868421405553818,1,MAINTAIN
1236,0.0012130737304687,0.1193363219499588,1,SCALE UP 🔼
1240,0.0008125305175781,0.10525301098823547,1,SCALE UP 🔼
1245,0.025583267211914,0.8870944380760193,1,SCALE UP 🔼
1249,0.0,0.0,1,MAINTAIN
1258,3.814697265625e-06,0.08595627546310425,1,SCALE UP 🔼
1260,0.062255859375,0.18328839540481567,1,SCALE UP 🔼
1270,7.1241559982299805,0.19654911756515503,2,REACTIVE UP ⚠️
1290,0.0009307861328125,0.07022838294506073,1,SCALE UP 🔼
1297,0.0004787445068359,0.06754881888628006,1,SCALE UP 🔼
1300,0.3170166015625,0.1576484590768814,1,REACTIVE UP ⚠️
1306,0.0046300888061523,6.781013011932373,2,SCALE UP 🔼
1315,0.1931381225585937,0.0859518051147461,1,REACTIVE UP ⚠️
1317,0.0001039505004882,0.06665170192718506,1,SCALE UP 🔼
1320,0.001220703125,0.4703841805458069,1,SCALE UP 🔼
1330,0.0269317626953125,0.18964090943336487,1,SCALE UP 🔼
1333,0.03179931640625,0.2044181525707245,1,SCALE UP 🔼
1335,0.2877578735351562,0.13832244277000427,1,REACTIVE UP ⚠️
1350,7.865142822265625,0.1037738099694252,2,REACTIVE UP ⚠️
1352,0.0,0.10249815136194229,1,SCALE UP 🔼
1355,0.3669242858886719,0.1381678432226181,1,REACTIVE UP ⚠️
1360,0.000767707824707,0.25141841173171997,1,SCALE UP 🔼
1365,0.2278957366943359,7.499541759490967,2,SCALE UP 🔼
1370,0.4077339172363281,0.10014749318361282,1,REACTIVE UP ⚠️
1377,4.092041015625,0.47596824169158936,1,REACTIVE UP ⚠️
1380,0.0058040618896484,0.1970258504152298,1,SCALE UP 🔼
1390,0.0021076202392578,0.22697044909000397,1,SCALE UP 🔼
1400,0.09173583984375,0.22014105319976807,1,SCALE UP 🔼
1413,0.0,3.5999205112457275,1,SCALE UP 🔼
1420,0.6746826171875,0.07252621650695801,1,REACTIVE UP ⚠️
1426,0.00213623046875,0.09635426849126816,1,SCALE UP 🔼
1430,1.62396240234375,0.14039316773414612,1,REACTIVE UP ⚠️
1440,0.0004310607910156,0.0,1,REACTIVE UP ⚠️
1445,0.0014925003051757,0.31982436776161194,1,SCALE UP 🔼
1450,0.4823379516601562,0.12796233594417572,1,REACTIVE UP ⚠️
1452,0.0006580352783203,0.9948264956474304,1,SCALE UP 🔼
1460,0.0822868347167968,0.05732044577598572,1,MAINTAIN
1480,0.0494384765625,0.04891885444521904,1,MAINTAIN
1485,0.1295585632324218,0.38990604877471924,1,SCALE UP 🔼
1486,0.0009756088256835,0.07662021368741989,1,SCALE UP 🔼
1488,0.0003604888916015,0.21254272758960724,1,SCALE UP 🔼
1490,12.752593994140623,0.11814028769731522,3,REACTIVE UP ⚠️
1525,30.55366897583008,0.15151990950107574,7,REACTIVE UP ⚠️
1535,0.012969970703125,0.042203087359666824,1,SCALE UP 🔼
1545,3.625797271728515,0.08197123557329178,1,REACTIVE UP ⚠️
1550,0.0003299713134765,9.546380996704102,2,SCALE UP 🔼
1570,0.0034675598144531,11.928786277770996,3,SCALE UP 🔼
1573,0.0003395080566406,0.10659658908843994,1,SCALE UP 🔼
1579,0.0012321472167968,2.696160078048706,1,SCALE UP 🔼
1585,0.1699905395507812,0.07864078134298325,1,REACTIVE UP ⚠️
1590,1.3872299194335938,0.006684168241918087,1,REACTIVE UP ⚠️
1595,0.000497817993164,0.04629504680633545,1,SCALE UP 🔼
1610,0.0043849945068359,0.07747115939855576,1,SCALE UP 🔼
1620,0.1845703125,0.0767962634563446,1,REACTIVE UP ⚠️
1625,12.74810791015625,1.0627491474151611,3,REACTIVE UP ⚠️
1629,0.0016555786132812,0.0,1,REACTIVE UP ⚠️
1640,0.1096687316894531,0.0,1,REACTIVE UP ⚠️
1641,0.0102081298828125,0.21974307298660278,1,SCALE UP 🔼
1650,0.0013961791992187,9.023608207702637,2,SCALE UP 🔼
1660,0.5387668609619141,0.1479502171278,1,REACTIVE UP ⚠️
1705,0.0007610321044921,0.11228679120540619,1,SCALE UP 🔼
1712,0.0,0.029874233528971672,1,SCALE UP 🔼
1715,0.0,0.10385898500680923,1,SCALE UP 🔼
1730,0.0056581497192382,0.16474956274032593,1,SCALE UP 🔼
1733,0.0022697448730468,0.049583595246076584,1,SCALE UP 🔼
1735,0.0011749267578125,0.07872053980827332,1,SCALE UP 🔼
1743,0.0028610229492187,0.08932601660490036,1,SCALE UP 🔼
1745,0.0417146682739257,0.10593465715646744,1,SCALE UP 🔼
1753,0.0497016906738281,0.020615970715880394,1,REACTIVE UP ⚠️
1760,0.666015625,0.05114077404141426,1,REACTIVE UP ⚠️
1780,0.032684326171875,0.0819912701845169,1,SCALE UP 🔼
1805,0.4728279113769531,0.15757721662521362,1,REACTIVE UP ⚠️
1815,0.07373046875,0.14024114608764648,1,SCALE UP 🔼
1817,0.0073480606079101,0.5321988463401794,1,SCALE UP 🔼
1820,0.34814453125,0.09236592799425125,1,REACTIVE UP ⚠️
1823,0.0003461837768554,0.4447246193885803,1,SCALE UP 🔼
1830,0.0707168579101562,0.14471228420734406,1,SCALE UP 🔼
1850,0.4050006866455078,0.08496802300214767,1,REACTIVE UP ⚠️
1860,1.6385841369628906,0.4845467507839203,1,REACTIVE UP ⚠️
1863,0.0108356475830078,0.0936291366815567,1,SCALE UP 🔼
1865,0.0826797485351562,0.16536642611026764,1,SCALE UP 🔼
1870,1.2179946899414062,0.3956390917301178,1,REACTIVE UP ⚠️
1880,0.027862548828125,1.1995573043823242,1,SCALE UP 🔼
1883,0.1975421905517578,0.08527249097824097,1,REACTIVE UP ⚠️
1908,0.0007181167602539,0.1499432921409607,1,SCALE UP 🔼
1910,0.0359725952148437,1.0953911542892456,1,SCALE UP 🔼
1925,12.038555145263672,0.13469338417053223,3,REACTIVE UP ⚠️
1930,0.330596923828125,0.3359583914279938,1,MAINTAIN
1934,0.0007200241088867,0.09978039562702179,1,SCALE UP 🔼
1935,0.0001688003540039,0.1528940349817276,1,SCALE UP 🔼
1945,0.3243560791015625,8.033516883850098,2,SCALE UP 🔼
1950,0.07904052734375,0.33993324637413025,1,SCALE UP 🔼
1965,0.0,0.04993576556444168,1,SCALE UP 🔼
1970,0.44915771484375,0.07986687123775482,1,REACTIVE UP ⚠️
1972,0.009307861328125,0.3565233051776886,1,SCALE UP 🔼
1973,0.0008230209350585,0.0,1,REACTIVE UP ⚠️
1975,0.0355682373046875,0.0569036565721035,1,SCALE UP 🔼
1981,0.023360252380371,0.5737964510917664,1,SCALE UP 🔼
1988,0.0001697540283203,0.16069723665714264,1,SCALE UP 🔼
2000,0.754852294921875,0.1004202738404274,1,REACTIVE UP ⚠️
2023,0.001871109008789,0.021105092018842697,1,SCALE UP 🔼
2038,0.0012531280517578,0.08588602393865585,1,SCALE UP 🔼
2045,0.16387939453125,0.10478566586971283,1,MAINTAIN
2053,0.003753662109375,0.625764787197113,1,SCALE UP 🔼
2056,0.0004034042358398,0.11443435400724411,1,SCALE UP 🔼
2057,0.0010709762573242,0.026838218793272972,1,SCALE UP 🔼
2075,0.0020408630371093,0.2198495715856552,1,SCALE UP 🔼
2085,1.7003631591796875,0.0754861906170845,1,REACTIVE UP ⚠️
2089,0.024871826171875,0.05953601375222206,1,SCALE UP 🔼
2090,0.0021133422851562,0.07553521543741226,1,SCALE UP 🔼
2105,0.0412826538085937,0.12368624657392502,1,SCALE UP 🔼
2107,0.0003700256347656,1.3993810415267944,1,SCALE UP 🔼
2108,0.0,0.16168485581874847,1,SCALE UP 🔼
2134,0.0006113052368164,0.07745032012462616,1,SCALE UP 🔼
2135,0.0001554489135742,0.1257012039422989,1,SCALE UP 🔼
2140,0.0005626678466796,0.08754542469978333,1,SCALE UP 🔼
2145,1.1854476928710938,0.04088275134563446,1,REACTIVE UP ⚠️
2160,0.167816162109375,0.12383764237165451,1,MAINTAIN
2162,0.0,0.11741930991411209,1,SCALE UP 🔼
2165,0.0007572174072265,0.14607417583465576,1,SCALE UP 🔼
2190,0.0292587280273437,1.056494951248169,1,SCALE UP 🔼
2199,0.0038642883300781,0.20160725712776184,1,SCALE UP 🔼
2205,0.0663433074951171,0.0826982781291008,1,SCALE UP 🔼
2215,2.5157470703125,0.08039095997810364,1,REACTIVE UP ⚠️
2239,0.0022125244140625,0.14430369436740875,1,SCALE UP 🔼
2240,0.5200309753417969,0.13936373591423035,1,REACTIVE UP ⚠️
2246,3.8515625,0.11897632479667664,1,REACTIVE UP ⚠️
2250,0.004673957824707,1.981540560722351,1,SCALE UP 🔼
2255,0.28289794921875,0.09852338582277298,1,REACTIVE UP ⚠️
2260,0.5517215728759766,0.5200891494750977,1,MAINTAIN
2290,0.226806640625,2.311161756515503,1,SCALE UP 🔼
2298,0.0008373260498046,0.09830068796873093,1,SCALE UP 🔼
2304,9.441375732421876e-05,0.30843639373779297,1,SCALE UP 🔼
2305,0.0033807754516601,0.531815230846405,1,SCALE UP 🔼
2308,0.0006341934204101,0.26480916142463684,1,SCALE UP 🔼
2317,0.000284194946289,0.0,1,REACTIVE UP ⚠️
2318,0.0016899108886718,0.09000629931688309,1,SCALE UP 🔼
2320,2.568206787109375,0.05426926538348198,1,REACTIVE UP ⚠️
2327,0.0011587142944335,0.06318571418523788,1,SCALE UP 🔼
2333,0.21368408203125,0.05266173556447029,1,REACTIVE UP ⚠️
2335,0.0444278717041015,0.036341432482004166,1,MAINTAIN
2340,0.0229663848876953,3.3700506687164307,1,SCALE UP 🔼
2365,0.0,0.06004367023706436,1,SCALE UP 🔼
2370,0.088623046875,0.2633059620857239,1,SCALE UP 🔼
2375,0.0308942794799804,0.12257479876279831,1,SCALE UP 🔼
2380,0.0204544067382812,0.07796851545572281,1,SCALE UP 🔼
2385,3.6240062713623047,0.0,1,REACTIVE UP ⚠️
2390,0.0345029830932617,0.17183168232440948,1,SCALE UP 🔼
2410,0.1410026550292968,0.16665950417518616,1,MAINTAIN
2412,0.0001211166381835,0.15595202147960663,1,SCALE UP 🔼
2415,0.421905517578125,2.7553369998931885,1,SCALE UP 🔼
2420,1.3806123733520508,0.06745993345975876,1,REACTIVE UP ⚠️
2425,0.2710781097412109,0.2105666995048523,1,MAINTAIN
2445,0.0859928131103515,0.07893745601177216,1,MAINTAIN
2451,0.00457763671875,0.48494410514831543,1,SCALE UP 🔼
2455,0.0226211547851562,0.7190263867378235,1,SCALE UP 🔼
2465,0.0002393722534179,0.34558501839637756,1,SCALE UP 🔼
2475,0.0656967163085937,0.2048630565404892,1,SCALE UP 🔼
2478,0.0014915466308593,0.1174827367067337,1,SCALE UP 🔼
2488,7.9837646484375,0.10390381515026093,2,REACTIVE UP ⚠️
2495,0.85809326171875,0.04029611125588417,1,REACTIVE UP ⚠️
2500,0.8092803955078125,0.13265840709209442,1,REACTIVE UP ⚠️
2505,23.19708251953125,0.078882597386837,5,REACTIVE UP ⚠️
2509,0.0036430358886718,7.5881242752075195,2,SCALE UP 🔼
2515,0.0966796875,0.8613956570625305,1,SCALE UP 🔼
2516,0.0181884765625,0.7604414820671082,1,SCALE UP 🔼
2520,0.0073165893554687,37.1495361328125,8,SCALE UP 🔼
2525,0.0020179748535156,0.1718946099281311,1,SCALE UP 🔼
2538,0.1680908203125,0.22861133515834808,1,SCALE UP 🔼
2545,0.0449562072753906,0.07331471890211105,1,SCALE UP 🔼
2549,0.0011539459228515,0.03103107027709484,1,SCALE UP 🔼
2550,0.0032844543457031,0.0,1,REACTIVE UP ⚠️
2551,0.0003681182861328,0.25085535645484924,1,SCALE UP 🔼
2552,0.0020713806152343,0.05770398676395416,1,SCALE UP 🔼
2554,0.0,0.08495078980922699,1,SCALE UP 🔼
2555,1.8161306381225584,0.08830565214157104,1,REACTIVE UP ⚠️
2560,0.0169582366943359,0.0,1,REACTIVE UP ⚠️
2565,39.55333709716797,0.08142192661762238,8,REACTIVE UP ⚠️
2569,0.0023384094238281,0.03702707588672638,1,SCALE UP 🔼
2580,0.0046806335449218,2.600499153137207,1,SCALE UP 🔼
2581,0.0011024475097656,0.23055897653102875,1,SCALE UP 🔼
2583,0.005401611328125,36.8184928894043,8,SCALE UP 🔼
2584,0.0274887084960937,0.16938787698745728,1,SCALE UP 🔼
2585,0.0572757720947265,0.16754849255084991,1,SCALE UP 🔼
2586,0.0018482208251953,0.011427572928369045,1,SCALE UP 🔼
2587,0.0058097839355468,0.20915262401103973,1,SCALE UP 🔼
2589,0.0032577514648437,0.0,1,REACTIVE UP ⚠️
2590,0.986614227294922,0.20518694818019867,1,REACTIVE UP ⚠️
2600,0.1563491821289062,0.10256493836641312,1,MAINTAIN
2610,0.0013885498046875,0.08990911394357681,1,SCALE UP 🔼
2611,0.0022354125976562,0.11297520250082016,1,SCALE UP 🔼
2612,0.0046310424804687,0.5181428790092468,1,SCALE UP 🔼
2613,0.0022001266479492,0.24112260341644287,1,SCALE UP 🔼
2614,0.0027580261230468,0.11123117804527283,1,SCALE UP 🔼
2615,0.0005035400390625,0.07722541689872742,1,SCALE UP 🔼
2620,0.0088920593261718,0.09962524473667145,1,SCALE UP 🔼
2627,0.0281763076782226,0.0,1,REACTIVE UP ⚠️
2635,0.0122318267822265,0.06904307752847672,1,SCALE UP 🔼
2645,0.0096282958984375,0.19560599327087402,1,SCALE UP 🔼
2650,0.0016098022460937,0.15389570593833923,1,SCALE UP 🔼
2651,0.0005245208740234,0.19619017839431763,1,SCALE UP 🔼
2658,0.0037078857421875,0.08436591923236847,1,SCALE UP 🔼
2661,0.0007305145263671,0.0960644781589508,1,SCALE UP 🔼
2670,1.2337350845336914,0.11086277663707733,1,REACTIVE UP ⚠️
2675,0.0001564025878906,0.10813242942094803,1,SCALE UP 🔼
2680,0.0478410720825195,0.10097236186265945,1,SCALE UP 🔼
2681,0.0003976821899414,0.09961839020252228,1,SCALE UP 🔼
2685,0.0330047607421875,1.2419142723083496,1,SCALE UP 🔼
2690,0.0089607238769531,0.08925473690032959,1,SCALE UP 🔼
2705,0.0117511749267578,0.24615325033664703,1,SCALE UP 🔼
2710,0.1568374633789062,0.17953746020793915,1,MAINTAIN
2711,0.0006389617919921,0.20504365861415863,1,SCALE UP 🔼
2715,2.0764389038085938,0.16338102519512177,1,REACTIVE UP ⚠️
2720,0.0014839172363281,0.10102663189172745,1,SCALE UP 🔼
2730,0.0060958862304687,0.2512771785259247,1,SCALE UP 🔼
2755,0.020172119140625,0.08932477235794067,1,SCALE UP 🔼
2758,0.0019264221191406,2.3577306270599365,1,SCALE UP 🔼
2760,0.0091171264648437,0.1412631720304489,1,SCALE UP 🔼
2765,0.694610595703125,0.2075425088405609,1,REACTIVE UP ⚠️
2775,0.0004434585571289,0.15979187190532684,1,SCALE UP 🔼
2790,0.93133544921875,0.1214384064078331,1,REACTIVE UP ⚠️
2798,0.0,0.01753390021622181,1,SCALE UP 🔼
2800,0.736175537109375,0.718748927116394,1,MAINTAIN
2815,0.0086517333984375,0.08952655643224716,1,SCALE UP 🔼
2820,0.0357666015625,1.3820972442626953,1,SCALE UP 🔼
2830,8.218618392944336,0.18679067492485046,2,REACTIVE UP ⚠️
2832,0.000396728515625,0.6424297094345093,1,SCALE UP 🔼
2834,0.0026473999023437,0.14511790871620178,1,SCALE UP 🔼
2835,0.0124635696411132,0.1674214005470276,1,SCALE UP 🔼
2858,0.5466861724853516,5.736490726470947,2,SCALE UP 🔼
2862,0.0005350112915039,0.09962092339992523,1,SCALE UP 🔼
2870,5.07354736328125,0.0024640285409986973,2,REACTIVE UP ⚠️
2880,0.4370040893554687,0.045642826706171036,1,REACTIVE UP ⚠️
2885,0.0031242370605468,0.49237558245658875,1,SCALE UP 🔼
2897,0.0004091262817382,0.3216775357723236,1,SCALE UP 🔼
2905,0.0041961669921875,2.928086757659912,1,SCALE UP 🔼
2910,22.30078125,0.3923042416572571,5,REACTIVE UP ⚠️
2915,0.0296649932861328,0.07831580191850662,1,SCALE UP 🔼
2916,0.0122833251953125,0.1447295993566513,1,SCALE UP 🔼
2917,0.0058670043945312,0.0,1,REACTIVE UP ⚠️
2925,0.0052032470703125,15.008841514587402,4,SCALE UP 🔼
2940,0.0018205642700195,0.0812341645359993,1,SCALE UP 🔼
2945,0.019012451171875,0.09782422333955765,1,SCALE UP 🔼
2955,9.5367431640625e-05,0.10946747660636902,1,SCALE UP 🔼
2965,0.0088577270507812,0.037614066153764725,1,SCALE UP 🔼
2970,2.0661163330078125,0.0,1,REACTIVE UP ⚠️
2975,0.0067138671875,0.09064672142267227,1,SCALE UP 🔼
2980,3.78863525390625,0.08866879343986511,1,REACTIVE UP ⚠️
3003,0.004730224609375,0.0648421198129654,1,SCALE UP 🔼
3010,3.5079345703125,1.4494316577911377,1,REACTIVE UP ⚠️
3011,0.000711441040039,0.0,1,REACTIVE UP ⚠️
3030,0.0006361007690429,2.6302781105041504,1,SCALE UP 🔼
3035,0.0007104873657226,0.09455474466085434,1,SCALE UP 🔼
3040,0.0002737045288085,2.4930031299591064,1,SCALE UP 🔼
3050,47.581787109375,0.049976687878370285,10,REACTIVE UP ⚠️
3055,0.0057754516601562,0.003137048566713929,1,MAINTAIN
3058,0.0032234191894531,0.0,1,REACTIVE UP ⚠️
3060,0.0837135314941406,0.054323192685842514,1,MAINTAIN
3075,0.083465576171875,24.280670166015625,5,SCALE UP 🔼
3079,0.0176467895507812,0.08017783612012863,1,SCALE UP 🔼
3080,0.1459732055664062,0.03800244629383087,1,REACTIVE UP ⚠️
3100,0.0061569213867187,0.09264042973518372,1,SCALE UP 🔼
3105,0.0002975463867187,0.15265913307666779,1,SCALE UP 🔼
3110,0.0038509368896484,0.0,1,REACTIVE UP ⚠️
3120,0.05419921875,0.22052498161792755,1,SCALE UP 🔼
3125,0.095306396484375,0.12135808914899826,1,SCALE UP 🔼
3135,0.0115890502929687,0.04670380428433418,1,SCALE UP 🔼
3150,0.0793590545654296,0.0991634652018547,1,SCALE UP 🔼
3155,0.013427734375,0.0,1,REACTIVE UP ⚠️
3157,0.0,0.1621728241443634,1,SCALE UP 🔼
3165,0.8795623779296875,0.09209819883108139,1,REACTIVE UP ⚠️
3166,0.000472068786621,0.14741042256355286,1,SCALE UP 🔼
3170,0.0097198486328125,0.09060332179069519,1,SCALE UP 🔼
3190,0.0085668563842773,0.0,1,REACTIVE UP ⚠️
3195,0.0890960693359375,0.721043050289154,1,SCALE UP 🔼
3197,0.001072883605957,0.10496451705694199,1,SCALE UP 🔼
3205,0.0259618759155273,0.08581416308879852,1,SCALE UP 🔼
3215,0.5464181900024414,0.09768132865428925,1,REACTIVE UP ⚠️
3230,0.0003948211669921,0.13950413465499878,1,SCALE UP 🔼
3239,2.618408203125,0.03599697723984718,1,REACTIVE UP ⚠️
3240,0.071136474609375,0.10315123200416565,1,SCALE UP 🔼
3245,0.3213558197021484,0.5431821346282959,1,SCALE UP 🔼
3260,0.1280937194824218,0.08713705092668533,1,MAINTAIN
3265,2.6985387802124023,2.1944117546081543,1,MAINTAIN
3270,0.02838134765625,0.12828008830547333,1,SCALE UP 🔼
3285,0.0421304702758789,0.3465891182422638,1,SCALE UP 🔼
3290,0.395538330078125,0.18172383308410645,1,REACTIVE UP ⚠️
3300,0.0216341018676757,2.852541923522949,1,SCALE UP 🔼
3305,0.0033187866210937,0.002848705044016242,1,MAINTAIN
3310,1.0720443725585938,0.1286347359418869,1,REACTIVE UP ⚠️
3325,0.00726318359375,0.39781948924064636,1,SCALE UP 🔼
3360,0.03302001953125,0.08813487738370895,1,SCALE UP 🔼
3365,0.0287246704101562,0.05972669646143913,1,SCALE UP 🔼
3368,0.0015487670898437,0.8684739470481873,1,SCALE UP 🔼
3375,0.0109519958496093,0.10202779620885849,1,SCALE UP 🔼
3386,0.0002460479736328,0.10903844982385635,1,SCALE UP 🔼
3390,0.0075101852416992,0.09769965708255768,1,SCALE UP 🔼
3405,0.0115547180175781,0.03744881600141525,1,SCALE UP 🔼
3415,0.006072998046875,0.017205925658345222,1,SCALE UP 🔼
3430,0.1327190399169922,0.130895733833313,1,MAINTAIN
3453,0.0254888534545898,0.07943052798509598,1,SCALE UP 🔼
3455,0.0020179748535156,0.09516458958387375,1,SCALE UP 🔼
3466,0.0001888275146484,0.06569451093673706,1,SCALE UP 🔼
3485,0.1056060791015625,0.22271545231342316,1,SCALE UP 🔼
3491,0.0002107620239257,0.15703804790973663,1,SCALE UP 🔼
3500,0.7047328948974609,0.06957625597715378,1,REACTIVE UP ⚠️
3515,0.0317983627319335,0.09169533103704453,1,SCALE UP 🔼
3524,0.0012378692626953,0.1771034300327301,1,SCALE UP 🔼
3535,0.0618667602539062,0.06430818885564804,1,MAINTAIN
3543,0.0002107620239257,0.8929083347320557,1,SCALE UP 🔼
3555,0.008803367614746,0.13105258345603943,1,SCALE UP 🔼
3560,0.0001173019409179,0.08961107581853867,1,SCALE UP 🔼
3570,0.0110664367675781,0.14315183460712433,1,SCALE UP 🔼
3590,0.0381088256835937,0.08255428820848465,1,SCALE UP 🔼
3597,0.0003900527954101,0.04469102621078491,1,SCALE UP 🔼
3600,0.0280942916870117,0.1168503537774086,1,SCALE UP 🔼
3605,0.0051956176757812,0.15447697043418884,1,SCALE UP 🔼
3610,47.07805633544922,0.1804952174425125,10,REACTIVE UP ⚠️
3615,0.0004825592041015,0.10966550558805466,1,SCALE UP 🔼
3620,0.0140104293823242,0.09046398848295212,1,SCALE UP 🔼
3670,0.3465499877929687,0.15874183177947998,1,REACTIVE UP ⚠️
3673,0.0007476806640625,15.332863807678223,4,SCALE UP 🔼
3675,0.0960950851440429,0.12537647783756256,1,SCALE UP 🔼
3685,0.0114288330078125,0.10521974414587021,1,SCALE UP 🔼
3695,0.0063743591308593,0.37489771842956543,1,SCALE UP 🔼
3696,0.0,0.0949842780828476,1,SCALE UP 🔼
3705,0.4156551361083984,0.0,1,REACTIVE UP ⚠️
3709,0.0002288818359375,0.0878792405128479,1,SCALE UP 🔼
3726,0.2365493774414062,0.16488885879516602,1,MAINTAIN
3730,0.0031986236572265,0.151139035820961,1,SCALE UP 🔼
3745,0.1873779296875,0.42164596915245056,1,SCALE UP 🔼
3750,9.918212890625e-05,0.0,1,REACTIVE UP ⚠️
3760,0.8703193664550781,0.2917078137397766,1,REACTIVE UP ⚠️
3770,0.0035247802734375,0.08327681571245193,1,SCALE UP 🔼
3775,0.0481719970703125,0.2452356070280075,1,SCALE UP 🔼
3795,0.0095729827880859,0.15400871634483337,1,SCALE UP 🔼
3805,0.0498886108398437,0.5803548097610474,1,SCALE UP 🔼
3810,0.010528564453125,0.10224490612745285,1,SCALE UP 🔼
3820,0.3046989440917969,0.13267020881175995,1,REACTIVE UP ⚠️
3840,0.0001802444458007,0.1333167403936386,1,SCALE UP 🔼
3845,0.0872802734375,0.19084122776985168,1,SCALE UP 🔼
3846,0.0002880096435546,0.09149148315191269,1,SCALE UP 🔼
3853,0.0,0.36418256163597107,1,SCALE UP 🔼
3855,0.0012760162353515,0.1320604830980301,1,SCALE UP 🔼
3857,0.0031776428222656,0.185329407453537,1,SCALE UP 🔼
3860,1.0161209106445312,0.07774847000837326,1,REACTIVE UP ⚠️
3865,0.0023231506347656,0.0516640804708004,1,SCALE UP 🔼
3875,0.027435302734375,0.09131861478090286,1,SCALE UP 🔼
3885,0.0117759704589843,0.08807069063186646,1,SCALE UP 🔼
3890,0.418527603149414,1.023332953453064,1,SCALE UP 🔼
3900,0.4193344116210937,0.16236191987991333,1,REACTIVE UP ⚠️
3911,0.0038223266601562,0.15640908479690552,1,SCALE UP 🔼
3915,0.049234390258789,0.13069608807563782,1,SCALE UP 🔼
3920,8.4462890625,0.42630478739738464,2,REACTIVE UP ⚠️
3930,0.7955093383789062,0.3921012282371521,1,REACTIVE UP ⚠️
3937,0.0004377365112304,0.10298429429531097,1,SCALE UP 🔼
3938,0.0006027221679687,0.14648175239562988,1,SCALE UP 🔼
3940,0.0464859008789062,7.10731315612793,2,SCALE UP 🔼
3941,0.0607681274414062,0.7309128642082214,1,SCALE UP 🔼
3949,0.0247802734375,0.04315273463726044,1,SCALE UP 🔼
3950,0.0005950927734375,0.08576991409063339,1,SCALE UP 🔼
3971,0.0042037963867187,0.20902250707149506,1,SCALE UP 🔼
3976,0.0161361694335937,0.19059735536575317,1,SCALE UP 🔼
3980,0.010345458984375,0.09638471156358719,1,SCALE UP 🔼
3982,0.55712890625,0.05739741027355194,1,REACTIVE UP ⚠️
3988,0.0001888275146484,0.09929398447275162,1,SCALE UP 🔼
4000,0.0016956329345703,0.10456269234418869,1,SCALE UP 🔼
4005,0.0197639465332031,0.03598359599709511,1,SCALE UP 🔼
4012,0.0050430297851562,0.5677938461303711,1,SCALE UP 🔼
4020,0.59088134765625,0.1913335919380188,1,REACTIVE UP ⚠️
4025,0.0039291381835937,0.18372264504432678,1,SCALE UP 🔼
4040,1.73553466796875,0.10424744337797165,1,REACTIVE UP ⚠️
4055,0.0068244934082031,0.051573678851127625,1,SCALE UP 🔼
4058,0.0023918151855468,0.5475093722343445,1,SCALE UP 🔼
4060,0.0282306671142578,0.10226450115442276,1,SCALE UP 🔼
4075,0.03570556640625,1.7979867458343506,1,SCALE UP 🔼
4080,0.0038490295410156,0.19140592217445374,1,SCALE UP 🔼
4085,7.43865966796875e-05,0.170388862490654,1,SCALE UP 🔼
4090,0.00665283203125,0.16957709193229675,1,SCALE UP 🔼
4095,0.0257987976074218,0.1654549092054367,1,SCALE UP 🔼
4097,0.0042495727539062,0.16958284378051758,1,SCALE UP 🔼
4105,0.0002651214599609,0.09882659465074539,1,SCALE UP 🔼
4119,0.003326416015625,0.1090528592467308,1,SCALE UP 🔼
4120,0.044631004333496,0.09907738119363785,1,SCALE UP 🔼
4125,0.0172481536865234,0.09361903369426727,1,SCALE UP 🔼
4130,0.01531982421875,0.06297886371612549,1,SCALE UP 🔼
4135,0.017486572265625,0.09085798263549805,1,SCALE UP 🔼
4159,0.0008230209350585,0.17548060417175293,1,SCALE UP 🔼
4160,0.1902313232421875,0.09772353619337082,1,MAINTAIN
4165,8.0108642578125e-05,0.11502853035926819,1,SCALE UP 🔼
4180,0.032958984375,0.08875689655542374,1,SCALE UP 🔼
4190,0.008392333984375,0.09267373383045197,1,SCALE UP 🔼
4194,2.1669998168945312,0.26916754245758057,1,REACTIVE UP ⚠️
4205,21.46466064453125,0.20771858096122742,5,REACTIVE UP ⚠️
4208,0.0002985000610351,0.22611743211746216,1,SCALE UP 🔼
4216,0.0015029907226562,0.11389423906803131,1,SCALE UP 🔼
4225,9.1552734375e-05,1.9418015480041504,1,SCALE UP 🔼
4226,0.0,16.462236404418945,4,SCALE UP 🔼
4230,0.00341796875,0.11947588622570038,1,SCALE UP 🔼
4239,0.0051498413085937,0.10900358855724335,1,SCALE UP 🔼
4240,0.0027961730957031,0.102944016456604,1,SCALE UP 🔼
4245,0.7470703125,0.0,1,REACTIVE UP ⚠️
4250,0.478738784790039,0.0,1,REACTIVE UP ⚠️
4255,0.32940673828125,0.09750431030988693,1,REACTIVE UP ⚠️
4261,0.0,0.20963546633720398,1,SCALE UP 🔼
4280,1.7852783203125,0.7315297722816467,1,REACTIVE UP ⚠️
4295,0.03277587890625,0.4705260396003723,1,SCALE UP 🔼
4300,0.0055446624755859,0.21379201114177704,1,SCALE UP 🔼
4303,0.0018806457519531,0.09888777881860733,1,SCALE UP 🔼
4310,0.0693359375,1.8701080083847046,1,SCALE UP 🔼
4315,0.135009765625,0.03507731854915619,1,REACTIVE UP ⚠️
4325,0.0276174545288085,0.054474614560604095,1,SCALE UP 🔼
4330,0.0249061584472656,0.01371342595666647,1,MAINTAIN
4335,0.0016250610351562,0.16843146085739136,1,SCALE UP 🔼
4340,0.023895263671875,0.3207646608352661,1,SCALE UP 🔼
4345,0.2266254425048828,0.075522281229496,1,REACTIVE UP ⚠️
4350,1.3372802734375,0.08683372288942337,1,REACTIVE UP ⚠️
4352,0.0044708251953125,0.05999637395143509,1,SCALE UP 🔼
4355,0.112579345703125,0.12157813459634781,1,MAINTAIN
4360,0.09759521484375,0.2453308403491974,1,SCALE UP 🔼
4370,0.00164794921875,1.1700544357299805,1,SCALE UP 🔼
4373,0.0108909606933593,0.08201954513788223,1,SCALE UP 🔼
4385,0.0107269287109375,0.19063317775726318,1,SCALE UP 🔼
4387,0.0084686279296875,0.157423734664917,1,SCALE UP 🔼
4392,0.0009050369262695,0.08144749701023102,1,SCALE UP 🔼
4395,0.0014171600341796,0.20360244810581207,1,SCALE UP 🔼
4400,0.0178794860839843,0.0828159898519516,1,SCALE UP 🔼
4404,0.0026321411132812,0.09345009177923203,1,SCALE UP 🔼
4405,0.002838134765625,0.09381182491779327,1,SCALE UP 🔼
4415,0.0012340545654296,0.07555996626615524,1,SCALE UP 🔼
4427,0.0,0.07217291742563248,1,SCALE UP 🔼
4435,0.0248565673828125,0.08233021199703217,1,SCALE UP 🔼
4447,0.0003843307495117,0.10326175391674042,1,SCALE UP 🔼
4450,0.0481338500976562,0.10808739066123962,1,SCALE UP 🔼
4453,0.4355621337890625,0.09219102561473846,1,REACTIVE UP ⚠️
4455,0.0001344680786132,0.08380167931318283,1,SCALE UP 🔼
4465,0.0637006759643554,0.08339641243219376,1,SCALE UP 🔼
4475,0.335540771484375,0.12593434751033783,1,REACTIVE UP ⚠️
4480,0.030792236328125,0.4165295362472534,1,SCALE UP 🔼
4483,0.0043859481811523,0.08371209353208542,1,SCALE UP 🔼
4485,0.446044921875,0.13278445601463318,1,REACTIVE UP ⚠️
4500,0.0026702880859375,0.37495511770248413,1,SCALE UP 🔼
4518,0.0633869171142578,0.12938424944877625,1,SCALE UP 🔼
4525,0.6389675140380859,0.12293750792741776,1,REACTIVE UP ⚠️
4545,0.0053644180297851,0.44015371799468994,1,SCALE UP 🔼
4559,0.0017452239990234,0.07802853733301163,1,SCALE UP 🔼
4560,0.9293060302734376,0.11922315508127213,1,REACTIVE UP ⚠️
4575,0.3263092041015625,0.5436187982559204,1,SCALE UP 🔼
4600,0.3634586334228515,0.08489993214607239,1,REACTIVE UP ⚠️
4605,0.0051212310791015,0.10022646933794022,1,SCALE UP 🔼
4615,0.0002403259277343,0.8748242855072021,1,SCALE UP 🔼
4620,0.5325899124145508,0.3726535737514496,1,MAINTAIN
4625,0.205413818359375,0.36485499143600464,1,SCALE UP 🔼
4640,0.0239944458007812,0.0766843929886818,1,SCALE UP 🔼
4645,0.0078201293945312,0.06941531598567963,1,SCALE UP 🔼
4650,0.0003328323364257,0.5325814485549927,1,SCALE UP 🔼
4655,0.0009746551513671,0.2587270736694336,1,SCALE UP 🔼
4659,0.0009288787841796,0.1047075092792511,1,SCALE UP 🔼
4670,0.0172014236450195,0.08495880663394928,1,SCALE UP 🔼
4677,0.0004663467407226,0.07054281234741211,1,SCALE UP 🔼
4680,0.0026588439941406,0.03846058249473572,1,SCALE UP 🔼
4696,0.0001688003540039,0.11977565288543701,1,SCALE UP 🔼
4700,0.73199462890625,0.06932946294546127,1,REACTIVE UP ⚠️
4710,1.5559577941894531,0.08871769905090332,1,REACTIVE UP ⚠️
4715,5.4638671875,0.0891890749335289,2,REACTIVE UP ⚠️
4716,0.0003347396850585,0.06023743376135826,1,SCALE UP 🔼
4720,0.906402587890625,0.6624595522880554,1,MAINTAIN
4732,0.0,1.4594181776046753,1,SCALE UP 🔼
4735,0.0015525817871093,4.577578067779541,1,SCALE UP 🔼
4745,2.829833984375,0.12041515856981277,1,REACTIVE UP ⚠️
4750,2.0713348388671875,0.6959723830223083,1,REACTIVE UP ⚠️
4752,0.0,0.1490146815776825,1,SCALE UP 🔼
4760,0.02740478515625,0.13006821274757385,1,SCALE UP 🔼
4775,0.0026130676269531,2.0129363536834717,1,SCALE UP 🔼
4778,0.0006561279296875,1.5878245830535889,1,SCALE UP 🔼
4795,0.0090818405151367,0.03888247534632683,1,SCALE UP 🔼
4796,0.0002622604370117,0.08195576816797256,1,SCALE UP 🔼
4801,0.0007238388061523,0.05698859319090843,1,SCALE UP 🔼
4810,1.94091796875,0.07408657670021057,1,REACTIVE UP ⚠️
4819,0.0208282470703125,0.23012691736221313,1,SCALE UP 🔼
4820,0.0650177001953125,0.07234752178192139,1,MAINTAIN
4849,0.0,0.07009304314851761,1,SCALE UP 🔼
4860,0.2171173095703125,2.3159408569335938,1,SCALE UP 🔼
4862,0.0,0.07707428932189941,1,SCALE UP 🔼
4870,3.310791015625,0.1551106572151184,1,REACTIVE UP ⚠️
4875,0.00018310546875,0.08444835245609283,1,SCALE UP 🔼
4900,0.227294921875,0.26604682207107544,1,MAINTAIN
4903,0.0004310607910156,0.03252967819571495,1,SCALE UP 🔼
4920,0.000457763671875,4.191356182098389,1,SCALE UP 🔼
4926,7.7834930419921875,0.0992971733212471,2,REACTIVE UP ⚠️
4935,0.018768310546875,0.26623955368995667,1,SCALE UP 🔼
4940,0.2612686157226562,0.09632936120033264,1,REACTIVE UP ⚠️
4945,0.02227783203125,0.04421793296933174,1,SCALE UP 🔼
4955,0.0048294067382812,5.11453104019165,2,SCALE UP 🔼
4960,18.8671875,0.09780014306306839,4,REACTIVE UP ⚠️
4962,8.869171142578125e-05,0.30352386832237244,1,SCALE UP 🔼
4975,0.00347900390625,0.08997004479169846,1,SCALE UP 🔼
4989,0.020172119140625,0.11258891969919205,1,SCALE UP 🔼
4990,0.269317626953125,8.705585479736328,2,SCALE UP 🔼
5001,0.0111818313598632,0.08454742282629013,1,SCALE UP 🔼
5003,9.5367431640625e-07,0.09987625479698181,1,SCALE UP 🔼
5005,0.056732177734375,0.09853129833936691,1,SCALE UP 🔼
5010,0.0003509521484375,0.3156262934207916,1,SCALE UP 🔼
5015,0.0104942321777343,0.0,1,REACTIVE UP ⚠️
5025,0.022613525390625,0.08195982873439789,1,SCALE UP 🔼
5035,0.0209598541259765,0.11746986955404282,1,SCALE UP 🔼
5045,0.0045394897460937,0.14414776861667633,1,SCALE UP 🔼
5046,1.9073486328125e-06,0.14330899715423584,1,SCALE UP 🔼
5048,0.0011310577392578,0.10784272849559784,1,SCALE UP 🔼
5067,0.0244398117065429,0.10774392634630203,1,SCALE UP 🔼
5070,0.01934814453125,0.0922076553106308,1,SCALE UP 🔼
5075,0.0400543212890625,0.09347663819789886,1,SCALE UP 🔼
5090,0.0611448287963867,0.0752016007900238,1,SCALE UP 🔼
5095,0.4270582199096679,0.020277876406908035,1,REACTIVE UP ⚠️
5096,0.011444091796875,0.09165407717227936,1,SCALE UP 🔼
5097,0.0003204345703125,0.11350519955158234,1,SCALE UP 🔼
5101,0.0,0.19093459844589233,1,SCALE UP 🔼
5110,0.447265625,0.41981345415115356,1,MAINTAIN
5120,0.0120315551757812,0.11162763833999634,1,SCALE UP 🔼
5145,0.560272216796875,0.08186131715774536,1,REACTIVE UP ⚠️
5160,0.107583999633789,0.13005784153938293,1,SCALE UP 🔼
5165,0.002593994140625,0.505181074142456,1,SCALE UP 🔼
5178,0.0008831024169921,0.14497977495193481,1,SCALE UP 🔼
5195,0.0075235366821289,0.7054349184036255,1,SCALE UP 🔼
5200,0.0055418014526367,0.18168656527996063,1,SCALE UP 🔼
5220,0.0014991760253906,0.1392437219619751,1,SCALE UP 🔼
5230,0.04388427734375,0.17821526527404785,1,SCALE UP 🔼
5235,0.025238037109375,0.12701036036014557,1,SCALE UP 🔼
5240,0.2009124755859375,0.11060550808906555,1,MAINTAIN
5245,0.0018253326416015,0.09139478206634521,1,SCALE UP 🔼
5246,0.0,0.12562072277069092,1,SCALE UP 🔼
5255,0.10784912109375,0.10990644246339798,1,MAINTAIN
5260,0.0858917236328125,0.26123297214508057,1,SCALE UP 🔼
5275,0.0067834854125976,0.07456402480602264,1,SCALE UP 🔼
5285,2.454038619995117,0.16173005104064941,1,REACTIVE UP ⚠️
5291,0.0,0.23633348941802979,1,SCALE UP 🔼
5295,0.0029449462890625,0.175014927983284,1,SCALE UP 🔼
5296,0.0018672943115234,0.1322757601737976,1,SCALE UP 🔼
5300,0.002964973449707,2.1362621784210205,1,SCALE UP 🔼
5302,0.0004472732543945,0.08377215266227722,1,SCALE UP 🔼
5315,0.0005865097045898,0.10129182040691376,1,SCALE UP 🔼
5330,0.10833740234375,0.07917613536119461,1,MAINTAIN
5335,0.0218505859375,0.07811769098043442,1,SCALE UP 🔼
5345,0.0001382827758789,0.0,1,REACTIVE UP ⚠️
5350,0.0007476806640625,0.16527526080608368,1,SCALE UP 🔼
5361,0.0006303787231445,0.17486420273780823,1,SCALE UP 🔼
5363,0.0036506652832031,0.10583490878343582,1,SCALE UP 🔼
5370,0.0001983642578125,0.10241188853979111,1,SCALE UP 🔼
5380,0.1328620910644531,0.06552422791719437,1,REACTIVE UP ⚠️
5381,0.01611328125,0.09297629445791245,1,SCALE UP 🔼
5385,0.2326240539550781,0.08270840346813202,1,REACTIVE UP ⚠️
5395,1.68365478515625,0.07918911427259445,1,REACTIVE UP ⚠️
5405,0.0001335144042968,0.2941184937953949,1,SCALE UP 🔼
5410,0.03961181640625,0.10765169560909271,1,SCALE UP 🔼
5415,0.035400390625,0.30822187662124634,1,SCALE UP 🔼
5423,0.0026168823242187,1.44477379322052,1,SCALE UP 🔼
5430,0.21026611328125,0.10748519748449326,1,MAINTAIN
5435,0.5115966796875,0.13426066935062408,1,REACTIVE UP ⚠️
5440,0.31097412109375,0.12307380139827728,1,REACTIVE UP ⚠️
5450,0.7129669189453125,0.06995955854654312,1,REACTIVE UP ⚠️
5455,0.122222900390625,0.1229015588760376,1,MAINTAIN
5475,0.0008487701416015,0.5111008882522583,1,SCALE UP 🔼
5480,0.59326171875,0.3486156463623047,1,MAINTAIN
5490,9.632110595703124e-05,0.7086477875709534,1,SCALE UP 🔼
5495,3.397536277770996,0.20527860522270203,1,REACTIVE UP ⚠️
5520,0.0026512145996093,0.09782817959785461,1,SCALE UP 🔼
5525,26.486328125,0.5639075040817261,6,REACTIVE UP ⚠️
5539,0.0895500183105468,0.1341329663991928,1,SCALE UP 🔼
5550,0.0149602890014648,2.4942739009857178,1,SCALE UP 🔼
5555,0.731170654296875,0.09956235438585281,1,REACTIVE UP ⚠️
5565,0.0618457794189453,25.643497467041016,6,SCALE UP 🔼
5580,0.0139617919921875,0.17403234541416168,1,SCALE UP 🔼
5590,0.0022430419921875,0.18250982463359833,1,SCALE UP 🔼
5595,0.0001688003540039,0.7308005690574646,1,SCALE UP 🔼
5610,1.23046875,0.1655922681093216,1,REACTIVE UP ⚠️
5615,0.232421875,0.0,1,REACTIVE UP ⚠️
5632,0.0002422332763671,0.06164954602718353,1,SCALE UP 🔼
5640,0.0263099670410156,0.1951838880777359,1,SCALE UP 🔼
5680,0.027008056640625,0.9403328895568848,1,SCALE UP 🔼
5694,0.04180908203125,0.31340280175209045,1,SCALE UP 🔼
5695,0.0270652770996093,0.03296143561601639,1,SCALE UP 🔼
5700,0.0002651214599609,0.23643003404140472,1,SCALE UP 🔼
5710,0.0,0.1984030157327652,1,SCALE UP 🔼
5725,3.319664001464844,0.028416655957698822,1,REACTIVE UP ⚠️
5727,0.0003089904785156,0.11590336263179779,1,SCALE UP 🔼
5730,0.0015773773193359,0.02821134217083454,1,SCALE UP 🔼
5745,0.0033683776855468,0.09850173443555832,1,SCALE UP 🔼
5750,3.62860107421875,3.421373128890991,1,MAINTAIN
5755,0.0128030776977539,0.056914445012807846,1,SCALE UP 🔼
5767,0.0283203125,0.08252162486314774,1,SCALE UP 🔼
5770,0.1441898345947265,0.034110572189092636,1,REACTIVE UP ⚠️
5775,0.0768470764160156,2.09922456741333,1,SCALE UP 🔼
5790,0.0127029418945312,0.22934554517269135,1,SCALE UP 🔼
5800,0.0017967224121093,0.08816395699977875,1,SCALE UP 🔼
5806,0.0047416687011718,0.1984749585390091,1,SCALE UP 🔼
5820,0.0008563995361328,0.16828115284442902,1,SCALE UP 🔼
5830,0.0029582977294921,0.2653267979621887,1,SCALE UP 🔼
5835,0.1127490997314453,0.05663225054740906,1,MAINTAIN
5845,0.0063018798828125,0.07331117242574692,1,SCALE UP 🔼
5847,0.0005016326904296,0.09253997355699539,1,SCALE UP 🔼
5849,0.0058345794677734,0.08901027590036392,1,SCALE UP 🔼
5855,0.0001411437988281,0.11092710494995117,1,SCALE UP 🔼
5865,8.678436279296875e-05,0.06275445967912674,1,SCALE UP 🔼
5888,0.0006933212280273,0.11201639473438263,1,SCALE UP 🔼
5894,0.0014762878417968,0.1111006811261177,1,SCALE UP 🔼
5895,0.0002145767211914,0.1004319116473198,1,SCALE UP 🔼
5905,0.1446418762207031,0.039984118193387985,1,REACTIVE UP ⚠️
5910,0.0093460083007812,0.07551553845405579,1,SCALE UP 🔼
5915,0.0034332275390625,0.08729375153779984,1,SCALE UP 🔼
5920,0.0433883666992187,0.08801625669002533,1,SCALE UP 🔼
5925,1.2348175048828125,0.19997023046016693,1,REACTIVE UP ⚠️
5960,0.0256500244140625,0.06142692267894745,1,SCALE UP 🔼
5980,0.3177490234375,0.08793269842863083,1,REACTIVE UP ⚠️
5985,0.0134811401367187,0.11797279864549637,1,SCALE UP 🔼
5995,0.0023307800292968,1.1103854179382324,1,SCALE UP 🔼
5999,0.0022850036621093,0.0983423963189125,1,SCALE UP 🔼
6002,0.0045089721679687,0.4291895627975464,1,SCALE UP 🔼
6010,0.0752334594726562,0.12680402398109436,1,SCALE UP 🔼
6015,2.9132080078125,0.11593040823936462,1,REACTIVE UP ⚠️
6036,0.0003232955932617,0.14713825285434723,1,SCALE UP 🔼
6049,0.0031585693359375,0.08149606734514236,1,SCALE UP 🔼
6060,0.0017051696777343,0.14006398618221283,1,SCALE UP 🔼
6070,0.371734619140625,1.6580069065093994,1,SCALE UP 🔼
6088,0.0313692092895507,0.0767357125878334,1,SCALE UP 🔼
6100,0.0020599365234375,0.06583688408136368,1,SCALE UP 🔼
6125,0.0007152557373046,0.10920906066894531,1,SCALE UP 🔼
6135,0.0008583068847656,0.3883625566959381,1,SCALE UP 🔼
6155,0.0046682357788085,0.16985146701335907,1,SCALE UP 🔼
6160,4.9366455078125,0.08852895349264145,1,REACTIVE UP ⚠️
6173,0.000528335571289,0.0661391094326973,1,SCALE UP 🔼
6188,0.0004281997680664,0.11893881857395172,1,SCALE UP 🔼
6190,0.13641357421875,0.1434801071882248,1,MAINTAIN
6195,0.0008325576782226,3.4871513843536377,1,SCALE UP 🔼
6205,0.0134754180908203,0.08117339760065079,1,SCALE UP 🔼
6210,1.0727691650390625,0.08339391648769379,1,REACTIVE UP ⚠️
6213,0.0035591125488281,0.19274009764194489,1,SCALE UP 🔼
6255,0.00726318359375,0.09997587651014328,1,SCALE UP 🔼
6265,0.0025320053100585,0.0,1,REACTIVE UP ⚠️
6280,0.0023040771484375,0.9080061316490173,1,SCALE UP 🔼
6285,0.0148468017578125,0.08562333881855011,1,SCALE UP 🔼
6305,0.0014781951904296,0.13028991222381592,1,SCALE UP 🔼
6320,0.5831298828125,0.07279504835605621,1,REACTIVE UP ⚠️
6324,0.000197410583496,0.0,1,REACTIVE UP ⚠️
6340,0.349365234375,0.11496914178133011,1,REACTIVE UP ⚠️
6345,0.0028352737426757,0.08339649438858032,1,SCALE UP 🔼
6346,0.0002460479736328,0.5638376474380493,1,SCALE UP 🔼
6350,0.9215164184570312,0.07949203252792358,1,REACTIVE UP ⚠️
6355,0.0005435943603515,0.3701792359352112,1,SCALE UP 🔼
6370,0.0001735687255859,0.13120479881763458,1,SCALE UP 🔼
6375,0.38067626953125,0.12293029576539993,1,REACTIVE UP ⚠️
6380,0.0448646545410156,0.7986142635345459,1,SCALE UP 🔼
6390,0.0604476928710937,0.09309602528810501,1,SCALE UP 🔼
6395,9.1552734375e-05,0.07559742033481598,1,SCALE UP 🔼
6435,0.0020999908447265,0.36424171924591064,1,SCALE UP 🔼
6440,13.458251953125,0.11981372535228729,3,REACTIVE UP ⚠️
6445,0.0457191467285156,0.11489303410053253,1,SCALE UP 🔼
6472,0.0014877319335937,0.07760301977396011,1,SCALE UP 🔼
6474,0.0011329650878906,0.07543309777975082,1,SCALE UP 🔼
6496,0.0004167556762695,7.863808631896973,2,SCALE UP 🔼
6498,0.0004358291625976,0.15760307013988495,1,SCALE UP 🔼
6503,0.0011978149414062,0.04686804860830307,1,SCALE UP 🔼
6515,0.0068283081054687,0.09566519409418106,1,SCALE UP 🔼
6520,0.0017719268798828,0.08284842222929001,1,SCALE UP 🔼
6526,0.0004167556762695,0.0,1,REACTIVE UP ⚠️
6535,2.0986785888671875,0.07343997806310654,1,REACTIVE UP ⚠️
6538,0.0,0.07536955177783966,1,SCALE UP 🔼
6545,13.244514465332031,0.1510491520166397,3,REACTIVE UP ⚠️
6550,0.0018520355224609,0.14862632751464844,1,SCALE UP 🔼
6556,0.0001049041748046,1.261412262916565,1,SCALE UP 🔼
6557,0.0006322860717773,0.12179430574178696,1,SCALE UP 🔼
6565,0.1778564453125,9.380617141723633,2,SCALE UP 🔼
6580,0.0002174377441406,0.09084218740463257,1,SCALE UP 🔼
6581,0.0007171630859375,0.08885498344898224,1,SCALE UP 🔼
6590,0.0068206787109375,0.000956780044361949,1,REACTIVE UP ⚠️
6605,0.0377149581909179,0.3005392253398895,1,SCALE UP 🔼
6616,0.0,0.1351281702518463,1,SCALE UP 🔼
6624,0.0013408660888671,0.08498039096593857,1,SCALE UP 🔼
6630,5.60943603515625,0.10547305643558502,2,REACTIVE UP ⚠️
6635,0.00244140625,0.09388945251703262,1,SCALE UP 🔼
6650,0.0002613067626953,0.07241897284984589,1,SCALE UP 🔼
6660,0.676422119140625,0.013310589827597141,1,REACTIVE UP ⚠️
6675,0.0148468017578125,3.432175874710083,1,SCALE UP 🔼
6685,0.0023193359375,0.09274430572986603,1,SCALE UP 🔼
6690,0.004434585571289,0.06446977704763412,1,SCALE UP 🔼
6695,0.4332847595214844,0.6424246430397034,1,SCALE UP 🔼
6705,1.6367645263671875,0.04544342681765556,1,REACTIVE UP ⚠️
6710,0.0113677978515625,0.0,1,REACTIVE UP ⚠️
6715,0.0016555786132812,0.08288291841745377,1,SCALE UP 🔼
6719,0.0001039505004882,0.585783064365387,1,SCALE UP 🔼
6721,6.198883056640625e-05,1.8028788566589355,1,SCALE UP 🔼
6735,0.1054182052612304,0.07254194468259811,1,MAINTAIN
6738,0.0032424926757812,0.06121525540947914,1,SCALE UP 🔼
6760,0.0005092620849609,0.09156789630651474,1,SCALE UP 🔼
6770,0.0052928924560546,0.04907974600791931,1,SCALE UP 🔼
6780,0.3919677734375,0.088109590113163,1,REACTIVE UP ⚠️
6810,0.0475444793701171,0.09406162798404694,1,SCALE UP 🔼
6817,0.0030326843261718,0.05664884299039841,1,SCALE UP 🔼
6818,0.0033416748046875,0.10485390573740005,1,SCALE UP 🔼
6819,0.0141372680664062,0.42973747849464417,1,SCALE UP 🔼
6820,0.0026321411132812,0.09807730466127396,1,SCALE UP 🔼
6825,0.11993408203125,0.10028993338346481,1,MAINTAIN
6834,0.0033493041992187,0.08949104696512222,1,SCALE UP 🔼
6845,0.193328857421875,0.18986967206001282,1,MAINTAIN
6863,0.0098533630371093,0.07702895253896713,1,SCALE UP 🔼
6865,0.0081939697265625,0.17558282613754272,1,SCALE UP 🔼
6868,0.0004444122314453,0.11595137417316437,1,SCALE UP 🔼
6875,1.4977025985717771,0.26885005831718445,1,REACTIVE UP ⚠️
6880,0.0059986114501953,0.10239453613758087,1,SCALE UP 🔼
6896,0.00439453125,0.07990767061710358,1,SCALE UP 🔼
6900,0.6102180480957031,0.17762678861618042,1,REACTIVE UP ⚠️
6910,8.1280517578125,1.0533033609390259,2,REACTIVE UP ⚠️
6915,0.00152587890625,0.15250632166862488,1,SCALE UP 🔼
6925,1.9248199462890625,0.10063665360212326,1,REACTIVE UP ⚠️
6955,0.0067520141601562,0.7210602760314941,1,SCALE UP 🔼
6965,0.0006179809570312,6.354410171508789,2,SCALE UP 🔼
6970,0.0002365112304687,0.18083274364471436,1,SCALE UP 🔼
6975,0.0469970703125,1.4675191640853882,1,SCALE UP 🔼
6990,0.07891845703125,0.11796656250953674,1,SCALE UP 🔼
7005,9.5367431640625e-07,0.045378003269433975,1,SCALE UP 🔼
7015,0.0083818435668945,0.0,1,REACTIVE UP ⚠️
7020,0.00494384765625,0.1783638596534729,1,SCALE UP 🔼
7025,0.031229019165039,0.07891563326120377,1,SCALE UP 🔼
7033,0.000436782836914,0.1777031570672989,1,SCALE UP 🔼
7045,0.1576652526855468,0.10076004266738892,1,MAINTAIN
7055,0.00274658203125,0.05736479535698891,1,SCALE UP 🔼
7075,0.0018863677978515,0.09624309092760086,1,SCALE UP 🔼
7100,0.0399580001831054,0.03943298012018204,1,MAINTAIN
7105,1.7403717041015625,0.2451431304216385,1,REACTIVE UP ⚠️
7108,0.0001153945922851,0.10061655193567276,1,SCALE UP 🔼
7115,0.038726806640625,0.04920949786901474,1,SCALE UP 🔼
7135,1.271484375,0.13257546722888947,1,REACTIVE UP ⚠️
7136,0.0486125946044921,1.8883048295974731,1,SCALE UP 🔼
7150,0.0443344116210937,0.1879238486289978,1,SCALE UP 🔼
7161,0.0166015625,0.12095644325017929,1,SCALE UP 🔼
7165,0.3327560424804687,1.1552938222885132,1,SCALE UP 🔼
7175,0.0148029327392578,0.15108923614025116,1,SCALE UP 🔼
7180,0.8243255615234375,0.01345962192863226,1,REACTIVE UP ⚠️
7185,0.0089006423950195,0.10744597762823105,1,SCALE UP 🔼
7200,0.080780029296875,0.4408070147037506,1,SCALE UP 🔼
7205,0.0146484375,0.034968212246894836,1,SCALE UP 🔼
7207,6.389617919921875e-05,0.6967045068740845,1,SCALE UP 🔼
7210,0.0001173019409179,0.09386485069990158,1,SCALE UP 🔼
7212,0.0368213653564453,0.1761118620634079,1,SCALE UP 🔼
7225,8.49876594543457,0.11872299015522003,2,REACTIVE UP ⚠️
7240,0.0002880096435546,0.06309952586889267,1,SCALE UP 🔼
7249,0.0104799270629882,0.11204998940229416,1,SCALE UP 🔼
7250,0.2899169921875,0.09695135056972504,1,REACTIVE UP ⚠️
7251,0.0012931823730468,6.0173821449279785,2,SCALE UP 🔼
7255,0.0069427490234375,0.07509719580411911,1,SCALE UP 🔼
7260,0.0007915496826171,0.06452402472496033,1,SCALE UP 🔼
7265,0.0001726150512695,0.2792811095714569,1,SCALE UP 🔼
7280,0.0029563903808593,0.06365910917520523,1,SCALE UP 🔼
7285,0.0031757354736328,0.2547771632671356,1,SCALE UP 🔼
7294,0.0693206787109375,0.07771982997655869,1,MAINTAIN
7315,0.0001716613769531,0.07872273772954941,1,SCALE UP 🔼
7325,0.42572021484375,0.0850553810596466,1,REACTIVE UP ⚠️
7345,33.799560546875,0.07568693906068802,7,REACTIVE UP ⚠️
7350,0.0094928741455078,0.0,1,REACTIVE UP ⚠️
7355,1.0552978515625,0.08797958493232727,1,REACTIVE UP ⚠️
7367,0.0004243850708007,0.43390801548957825,1,SCALE UP 🔼
7370,0.43310546875,25.219141006469727,6,SCALE UP 🔼
7375,0.1204833984375,0.08715400099754333,1,MAINTAIN
7411,5.626678466796875e-05,0.8063113689422607,1,SCALE UP 🔼
7430,0.0022087097167968,0.08263284713029861,1,SCALE UP 🔼
7438,0.0004224777221679,0.44368883967399597,1,SCALE UP 🔼
7445,0.5467262268066406,0.0,1,REACTIVE UP ⚠️
7447,0.0,0.1064426526427269,1,SCALE UP 🔼
7470,0.399169921875,0.10030076652765274,1,REACTIVE UP ⚠️
7478,8.106231689453125e-05,0.09068136662244797,1,SCALE UP 🔼
7479,0.0,0.5266138315200806,1,SCALE UP 🔼
7495,1.2079315185546875,0.0,1,REACTIVE UP ⚠️
7500,7.82012939453125e-05,0.45910847187042236,1,SCALE UP 🔼
7548,0.0,0.05883946269750595,1,SCALE UP 🔼
7554,0.0008306503295898,0.07758494466543198,1,SCALE UP 🔼
7565,13.851816177368164,0.9356257915496826,3,REACTIVE UP ⚠️
7569,1.430511474609375e-05,0.0,1,REACTIVE UP ⚠️
7575,0.0138092041015625,0.1575520634651184,1,SCALE UP 🔼
7580,0.01239013671875,0.06905268132686615,1,SCALE UP 🔼
7585,0.7119007110595703,7.584457874298096,2,SCALE UP 🔼
7595,0.5246200561523438,0.06824086606502533,1,REACTIVE UP ⚠️
7605,5.53045654296875,0.07567735016345978,2,REACTIVE UP ⚠️
7640,0.0009355545043945,0.08600767701864243,1,SCALE UP 🔼
7646,0.0008049011230468,0.6321132183074951,1,SCALE UP 🔼
7656,0.035858154296875,0.4232838749885559,1,SCALE UP 🔼
7660,0.02325439453125,4.375543594360352,1,SCALE UP 🔼
7666,0.0006523132324218,0.08469348400831223,1,SCALE UP 🔼
7670,0.0043010711669921,0.073563352227211,1,SCALE UP 🔼
7680,0.0040855407714843,0.08833510428667068,1,SCALE UP 🔼
7685,0.0043182373046875,0.0,1,REACTIVE UP ⚠️
7695,0.0214920043945312,0.10834416002035141,1,SCALE UP 🔼
7705,0.0135650634765625,0.09459935128688812,1,SCALE UP 🔼
7710,0.143280029296875,0.08998655527830124,1,MAINTAIN
7735,0.0003108978271484,0.06280101090669632,1,SCALE UP 🔼
7745,0.0102615356445312,0.05785444751381874,1,SCALE UP 🔼
7753,0.0004730224609375,0.07294411212205887,1,SCALE UP 🔼
7755,0.0225830078125,0.21996450424194336,1,SCALE UP 🔼
7795,0.0307989120483398,0.07669414579868317,1,SCALE UP 🔼
7800,0.0213623046875,0.11218901723623276,1,SCALE UP 🔼
7805,0.0233163833618164,0.1017589122056961,1,SCALE UP 🔼
7867,0.0065927505493164,0.08594011515378952,1,SCALE UP 🔼
7875,4.476523399353027,0.16238774359226227,1,REACTIVE UP ⚠️
7880,0.1535167694091797,0.10645509511232376,1,MAINTAIN
7895,0.0006999969482421,0.10923050343990326,1,SCALE UP 🔼
7910,10.23175048828125,0.09079951047897339,3,REACTIVE UP ⚠️
7925,0.0380315780639648,4.207362174987793,1,SCALE UP 🔼
7945,0.163482666015625,0.20939664542675018,1,SCALE UP 🔼
7950,0.0005817413330078,0.09684011340141296,1,SCALE UP 🔼
7958,0.0002317428588867,7.513773441314697,2,SCALE UP 🔼
7960,0.0623779296875,0.12035142630338669,1,SCALE UP 🔼
7965,0.0001287460327148,0.015195680782198906,1,SCALE UP 🔼
7977,0.0,0.06171134114265442,1,SCALE UP 🔼
7985,0.0070343017578125,0.14833444356918335,1,SCALE UP 🔼
7990,0.2420768737792968,0.1989089399576187,1,MAINTAIN
8000,0.03521728515625,0.10693296045064926,1,SCALE UP 🔼
8010,0.0018081665039062,0.04821928218007088,1,SCALE UP 🔼
8015,4.896148681640625,0.09729191660881042,1,REACTIVE UP ⚠️
8019,0.0024528503417968,0.2941714823246002,1,SCALE UP 🔼
8020,0.0001258850097656,0.026948872953653336,1,SCALE UP 🔼
8025,0.0136871337890625,0.08568725734949112,1,SCALE UP 🔼
8035,8.869171142578125e-05,4.5797600746154785,1,SCALE UP 🔼
8040,0.0011062622070312,0.1332773119211197,1,SCALE UP 🔼
8050,0.0011463165283203,0.16878259181976318,1,SCALE UP 🔼
8055,0.0296792984008789,0.052791234105825424,1,SCALE UP 🔼
8060,0.0331716537475585,0.08334799110889435,1,SCALE UP 🔼
8062,0.168914794921875,0.0,1,REACTIVE UP ⚠️
8065,0.0167741775512695,0.08877471834421158,1,SCALE UP 🔼
8072,0.0028018951416015,0.11634192615747452,1,SCALE UP 🔼
8075,0.0867881774902343,0.105937160551548,1,SCALE UP 🔼
8100,0.0001420974731445,0.33519458770751953,1,SCALE UP 🔼
8110,0.2528076171875,0.10784606635570526,1,REACTIVE UP ⚠️
8120,0.0128469467163085,0.09143155813217163,1,SCALE UP 🔼
8124,5.626678466796875e-05,0.15038202702999115,1,SCALE UP 🔼
8125,0.0001506805419921,0.08272106200456619,1,SCALE UP 🔼
8129,0.0015411376953125,0.3003702163696289,1,SCALE UP 🔼
8141,0.0,0.06015290692448616,1,SCALE UP 🔼
8142,0.0025177001953125,0.08880074322223663,1,SCALE UP 🔼
8150,0.0078201293945312,0.07603057473897934,1,SCALE UP 🔼
8155,0.1914205551147461,0.08828666806221008,1,REACTIVE UP ⚠️
8158,0.0003585815429687,0.050249967724084854,1,SCALE UP 🔼
8160,0.0104742050170898,0.19938744604587555,1,SCALE UP 🔼
8170,0.0845947265625,0.16961364448070526,1,SCALE UP 🔼
8180,0.001622200012207,0.24271903932094574,1,SCALE UP 🔼
8188,0.0,0.10599032044410706,1,SCALE UP 🔼
8255,0.0003786087036132,0.10216082632541656,1,SCALE UP 🔼
8260,0.5179157257080078,0.17951209843158722,1,REACTIVE UP ⚠️
8265,0.1090087890625,0.08797619491815567,1,MAINTAIN
8270,0.0123710632324218,0.06938169151544571,1,SCALE UP 🔼
8290,0.343505859375,0.17359697818756104,1,MAINTAIN
8299,0.0021095275878906,0.5036743879318237,1,SCALE UP 🔼
8310,0.695770263671875,0.20632977783679962,1,REACTIVE UP ⚠️
8315,1.581573486328125,0.11467057466506958,1,REACTIVE UP ⚠️
8340,0.0029239654541015,0.5639846324920654,1,SCALE UP 🔼
8345,3.475311279296875,0.18556052446365356,1,REACTIVE UP ⚠️
8355,0.0002651214599609,0.657494843006134,1,SCALE UP 🔼
8375,0.0006208419799804,1.391300082206726,1,SCALE UP 🔼
8380,0.0349273681640625,0.09782096743583679,1,SCALE UP 🔼
8385,0.060699462890625,3.0589065551757812,1,SCALE UP 🔼
8395,4.28466796875,0.08577857166528702,1,REACTIVE UP ⚠️
8400,0.0013675689697265,0.07067053765058517,1,SCALE UP 🔼
8405,0.0008583068847656,0.07294076681137085,1,SCALE UP 🔼
8410,0.02752685546875,0.21885709464550018,1,SCALE UP 🔼
8417,0.0502777099609375,2.918687343597412,1,SCALE UP 🔼
8430,3.855880737304687,0.11814452707767487,1,REACTIVE UP ⚠️
8440,2.145244598388672,0.07599682360887527,1,REACTIVE UP ⚠️
8443,0.0,0.08906032145023346,1,SCALE UP 🔼
8445,0.0084991455078125,0.13286074995994568,1,SCALE UP 🔼
8450,0.679931640625,2.0190064907073975,1,SCALE UP 🔼
8451,1.1199951171875,2.166257619857788,1,SCALE UP 🔼
8465,0.28564453125,0.1775061935186386,1,MAINTAIN
8470,12.4906005859375,0.1265423446893692,3,REACTIVE UP ⚠️
8475,0.0203399658203125,0.6430050134658813,1,SCALE UP 🔼
8480,0.20703125,0.4772084057331085,1,SCALE UP 🔼
8485,0.09027099609375,0.2263047695159912,1,SCALE UP 🔼
8500,0.0027780532836914,11.768796920776367,3,SCALE UP 🔼
8516,0.0033912658691406,0.11910355091094971,1,SCALE UP 🔼
8530,0.017425537109375,0.31512749195098877,1,SCALE UP 🔼
8535,0.000162124633789,0.08442887663841248,1,SCALE UP 🔼
8545,0.0113296508789062,0.04760805144906044,1,SCALE UP 🔼
8547,0.0489501953125,0.0,1,REACTIVE UP ⚠️
8555,0.0025482177734375,0.1234327033162117,1,SCALE UP 🔼
8565,0.016815185546875,0.06450170278549194,1,SCALE UP 🔼
8600,0.0148773193359375,0.0524895153939724,1,SCALE UP 🔼
8630,1.4306869506835938,0.10853169113397598,1,REACTIVE UP ⚠️
8635,0.0025749206542968,0.05677376687526703,1,SCALE UP 🔼
8643,0.0033531188964843,0.08517412096261978,1,SCALE UP 🔼
8645,0.0038709640502929,0.07615143805742264,1,SCALE UP 🔼
8649,0.2123260498046875,1.5060949325561523,1,SCALE UP 🔼
8650,0.0234375,0.08132872730493546,1,SCALE UP 🔼
8651,0.001779556274414,0.0,1,REACTIVE UP ⚠️
8655,0.0446815490722656,0.13453607261180878,1,SCALE UP 🔼
8660,0.04583740234375,0.20999185740947723,1,SCALE UP 🔼
8665,0.0,0.10850659012794495,1,SCALE UP 🔼
8675,0.018096923828125,0.08785323053598404,1,SCALE UP 🔼
8680,0.5955810546875,0.10907010734081268,1,REACTIVE UP ⚠️
8685,0.3329849243164062,0.12451981008052826,1,REACTIVE UP ⚠️
8694,0.0,0.08866726607084274,1,SCALE UP 🔼
8700,26.89453125,0.07548044621944427,6,REACTIVE UP ⚠️
8710,3.75,0.47288018465042114,1,REACTIVE UP ⚠️
8725,0.7141075134277344,0.3290671706199646,1,REACTIVE UP ⚠️
8740,0.724365234375,0.09665513038635254,1,REACTIVE UP ⚠️
8750,0.07061767578125,18.28247833251953,4,SCALE UP 🔼
8762,0.0,4.679728031158447,1,SCALE UP 🔼
8765,17.529403686523438,0.6013842225074768,4,REACTIVE UP ⚠️
8784,0.0002241134643554,0.637761652469635,1,SCALE UP 🔼
8785,0.0311031341552734,0.13093015551567078,1,SCALE UP 🔼
8790,0.0024909973144531,0.11021357774734497,1,SCALE UP 🔼
8795,0.0007915496826171,11.582310676574707,3,SCALE UP 🔼
8810,0.0074672698974609,0.0754014104604721,1,SCALE UP 🔼
8815,0.0004262924194335,0.08936164528131485,1,SCALE UP 🔼
8820,0.0223846435546875,0.056190602481365204,1,SCALE UP 🔼
8837,0.0004444122314453,0.0,1,REACTIVE UP ⚠️
8860,0.0024909973144531,0.0,1,REACTIVE UP ⚠️
8865,0.0021791458129882,0.055484846234321594,1,SCALE UP 🔼
8870,0.0030059814453125,0.07723420858383179,1,SCALE UP 🔼
8890,0.0122528076171875,0.11729774624109268,1,SCALE UP 🔼
8900,0.0047998428344726,0.02275504544377327,1,SCALE UP 🔼
8910,0.0030250549316406,0.0,1,REACTIVE UP ⚠️
8912,0.0050888061523437,0.07089736312627792,1,SCALE UP 🔼
8913,0.0036773681640625,0.07771126180887222,1,SCALE UP 🔼
8915,0.2061614990234375,0.09454028308391571,1,REACTIVE UP ⚠️
8920,0.440068244934082,0.06640324741601944,1,REACTIVE UP ⚠️
8940,0.0274810791015625,0.0,1,REACTIVE UP ⚠️
8965,0.0089073181152343,0.075506791472435,1,SCALE UP 🔼
8975,0.0015640258789062,0.2466876357793808,1,SCALE UP 🔼
8980,0.006805419921875,0.42640289664268494,1,SCALE UP 🔼
8995,0.0378379821777343,0.11020582914352417,1,SCALE UP 🔼
9015,3.7872314453125,0.051005784422159195,1,REACTIVE UP ⚠️
9045,0.5350112915039062,0.08377493172883987,1,REACTIVE UP ⚠️
9070,0.0010414123535156,0.14401429891586304,1,SCALE UP 🔼
9080,0.0,0.15187792479991913,1,SCALE UP 🔼
9090,0.0054931640625,2.788681745529175,1,SCALE UP 🔼
9110,0.1398458480834961,0.622827410697937,1,SCALE UP 🔼
9115,2.732942581176758,0.07657881081104279,1,REACTIVE UP ⚠️
9125,3.5418701171875,0.11717234551906586,1,REACTIVE UP ⚠️
9133,0.0015649795532226,0.13449712097644806,1,SCALE UP 🔼
9150,0.0120086669921875,0.22073568403720856,1,SCALE UP 🔼
9155,0.0040225982666015,2.1851658821105957,1,SCALE UP 🔼
9170,2.009124755859375,2.975013017654419,1,SCALE UP 🔼
9185,0.90576171875,0.1251152902841568,1,REACTIVE UP ⚠️
9198,0.0048980712890625,0.1074100136756897,1,SCALE UP 🔼
9205,1.89691162109375,0.02825748734176159,1,REACTIVE UP ⚠️
9210,0.0005531311035156,1.4896645545959473,1,SCALE UP 🔼
9230,0.0065269470214843,0.6473073363304138,1,SCALE UP 🔼
9241,0.0,0.11016128957271576,1,SCALE UP 🔼
9246,0.0030784606933593,1.5778008699417114,1,SCALE UP 🔼
9255,0.011322021484375,0.05168422684073448,1,SCALE UP 🔼
9262,0.0094890594482421,0.005090322811156511,1,MAINTAIN
9290,0.0005073547363281,0.0058814785443246365,1,SCALE UP 🔼
9293,0.0306739807128906,0.07953791320323944,1,SCALE UP 🔼
9330,1.3733291625976562,0.10399981588125229,1,REACTIVE UP ⚠️
9335,0.183624267578125,0.09212945401668549,1,MAINTAIN
9346,0.0022087097167968,0.04393944516777992,1,SCALE UP 🔼
9355,2.006011962890625,0.07475126534700394,1,REACTIVE UP ⚠️
9360,10.106719970703123,1.6407462358474731,3,REACTIVE UP ⚠️
9370,0.0051002502441406,0.25406414270401,1,SCALE UP 🔼
9380,0.099365234375,0.0898120328783989,1,MAINTAIN
9395,2.49078369140625,1.8524521589279175,1,MAINTAIN
9400,0.0089054107666015,8.874920845031738,2,SCALE UP 🔼
9410,0.1735687255859375,0.039701931178569794,1,REACTIVE UP ⚠️
9415,0.0014762878417968,0.14208999276161194,1,SCALE UP 🔼
9418,0.0,2.477957010269165,1,SCALE UP 🔼
9420,0.2721328735351562,0.0,1,REACTIVE UP ⚠️
9430,0.0189437866210937,0.11621202528476715,1,SCALE UP 🔼
9434,0.0664930343627929,0.1360492706298828,1,SCALE UP 🔼
9435,0.2224044799804687,0.09601374715566635,1,REACTIVE UP ⚠️
9455,0.019134521484375,0.2664313018321991,1,SCALE UP 🔼
9460,0.0041656494140625,0.07573293149471283,1,SCALE UP 🔼
9463,0.0005121231079101,0.0652323067188263,1,SCALE UP 🔼
9475,0.2242584228515625,0.28043094277381897,1,SCALE UP 🔼
9480,0.1332473754882812,0.16736313700675964,1,SCALE UP 🔼
9485,0.0496826171875,0.09021402895450592,1,SCALE UP 🔼
9495,0.1202774047851562,0.07046422362327576,1,MAINTAIN
9510,0.0001115798950195,0.22006307542324066,1,SCALE UP 🔼
9513,0.04412841796875,0.20110370218753815,1,SCALE UP 🔼
9515,0.2069282531738281,0.13496918976306915,1,MAINTAIN
9517,0.0023918151855468,0.16957543790340424,1,SCALE UP 🔼
9526,5.245208740234375e-05,0.087754026055336,1,SCALE UP 🔼
9530,0.0522613525390625,0.10402727872133255,1,SCALE UP 🔼
9536,2.002716064453125e-05,0.25524789094924927,1,SCALE UP 🔼
9537,4.3009185791015625,0.07519321888685226,1,REACTIVE UP ⚠️
9550,0.0001554489135742,0.11777254939079285,1,SCALE UP 🔼
9580,0.057220458984375,0.1447598785161972,1,SCALE UP 🔼
9585,0.0001258850097656,0.08523732423782349,1,SCALE UP 🔼
9594,0.0004196166992187,3.9599597454071045,1,SCALE UP 🔼
9610,0.1513671875,0.16328872740268707,1,MAINTAIN
9625,0.0098447799682617,0.14143390953540802,1,SCALE UP 🔼
9635,0.0655574798583984,0.10261257737874985,1,SCALE UP 🔼
9639,0.0002174377441406,0.09852032363414764,1,SCALE UP 🔼
9655,0.0534296035766601,0.0,1,REACTIVE UP ⚠️
9660,0.0388660430908203,0.1663026511669159,1,SCALE UP 🔼
9665,0.000197410583496,0.23111601173877716,1,SCALE UP 🔼
9675,0.033447265625,0.1363564282655716,1,SCALE UP 🔼
9680,0.0015926361083984,0.15346084535121918,1,SCALE UP 🔼
9690,0.0025596618652343,0.07107168436050415,1,SCALE UP 🔼
9695,0.0018596649169921,0.1028229147195816,1,SCALE UP 🔼
9705,0.0084457397460937,0.11306274682283401,1,SCALE UP 🔼
9710,0.0013103485107421,0.08485551178455353,1,SCALE UP 🔼
9715,0.0014505386352539,0.07963112741708755,1,SCALE UP 🔼
9740,0.0347900390625,0.045062270015478134,1,SCALE UP 🔼
9755,0.009857177734375,0.1124560758471489,1,SCALE UP 🔼
9761,0.056396484375,0.08968590945005417,1,SCALE UP 🔼
9780,5.9691162109375,0.1750807911157608,2,REACTIVE UP ⚠️
9785,0.3953275680541992,0.2128133773803711,1,MAINTAIN
9800,0.0002689361572265,0.07667724788188934,1,SCALE UP 🔼
9805,0.0001249313354492,0.14693982899188995,1,SCALE UP 🔼
9810,0.0011634826660156,4.859657287597656,1,SCALE UP 🔼
9826,6.4849853515625e-05,0.4598715603351593,1,SCALE UP 🔼
9845,0.3310527801513672,0.18582291901111603,1,MAINTAIN
9850,0.2481842041015625,0.16514411568641663,1,MAINTAIN
9855,0.16162109375,0.1400129497051239,1,MAINTAIN
9860,0.27374267578125,0.0,1,REACTIVE UP ⚠️
9865,0.80938720703125,0.3608831465244293,1,REACTIVE UP ⚠️
9875,0.6762962341308594,0.32590070366859436,1,REACTIVE UP ⚠️
9880,6.2754058837890625,0.2490599900484085,2,REACTIVE UP ⚠️
9884,0.0,0.33928704261779785,1,SCALE UP 🔼
9890,0.019866943359375,0.6315598487854004,1,SCALE UP 🔼
9895,0.0404052734375,0.6416089534759521,1,SCALE UP 🔼
9900,0.0,8.4598970413208,2,SCALE UP 🔼
9908,0.0038833618164062,0.17418187856674194,1,SCALE UP 🔼
9915,0.0025215148925781,0.16065582633018494,1,SCALE UP 🔼
9917,0.0,0.09860922396183014,1,SCALE UP 🔼
9919,0.2588577270507812,0.12411000579595566,1,REACTIVE UP ⚠️
9920,0.0002346038818359,0.0,1,REACTIVE UP ⚠️
9925,0.0088367462158203,0.10093909502029419,1,SCALE UP 🔼
9930,0.001220703125,0.10781954228878021,1,SCALE UP 🔼
9934,0.0330219268798828,0.30314120650291443,1,SCALE UP 🔼
9955,0.0508880615234375,0.06801218539476395,1,SCALE UP 🔼
9975,0.0157241821289062,0.07038591057062149,1,SCALE UP 🔼
9977,0.0008182525634765,0.12115675956010818,1,SCALE UP 🔼
10025,0.5316162109375,0.2254093736410141,1,REACTIVE UP ⚠️
10030,0.1152191162109375,0.17796090245246887,1,SCALE UP 🔼
10040,0.0066518783569335,0.09478650987148285,1,SCALE UP 🔼
10055,0.0077991485595703,0.05299414321780205,1,SCALE UP 🔼
10087,0.0649261474609375,0.5158464312553406,1,SCALE UP 🔼
10095,0.0009727478027343,0.19304949045181274,1,SCALE UP 🔼
10098,0.0012874603271484,0.10203450918197632,1,SCALE UP 🔼
10105,0.046142578125,0.07245085388422012,1,SCALE UP 🔼
10120,0.020843505859375,0.13014020025730133,1,SCALE UP 🔼
10135,6.008148193359375e-05,0.10153225064277649,1,SCALE UP 🔼
10136,0.0177001953125,0.0893184244632721,1,SCALE UP 🔼
10150,0.0121612548828125,0.11972129344940186,1,SCALE UP 🔼
10153,0.0040626525878906,0.11846190690994263,1,SCALE UP 🔼
10155,1.50909423828125,0.0853867381811142,1,REACTIVE UP ⚠️
10160,0.0863199234008789,0.09459257125854492,1,MAINTAIN
10180,0.6401538848876953,0.09999923408031464,1,REACTIVE UP ⚠️
10197,0.0,0.08122926205396652,1,SCALE UP 🔼
10230,0.0036087036132812,1.0976824760437012,1,SCALE UP 🔼
10260,0.28900146484375,0.15044009685516357,1,MAINTAIN
10275,0.0068426132202148,0.523342490196228,1,SCALE UP 🔼
10290,0.1105499267578125,0.08682303130626678,1,MAINTAIN
10310,0.1180343627929687,0.08143272250890732,1,MAINTAIN
10325,0.111083984375,0.29343196749687195,1,SCALE UP 🔼
10340,0.0289678573608398,0.10342643409967422,1,SCALE UP 🔼
10350,0.0100135803222656,0.2029000222682953,1,SCALE UP 🔼
10365,0.0265302658081054,0.17905688285827637,1,SCALE UP 🔼
10377,0.0,0.1742834597826004,1,SCALE UP 🔼
10400,0.0019950866699218,0.08339937776327133,1,SCALE UP 🔼
10405,0.8131980895996094,0.09054380655288696,1,REACTIVE UP ⚠️
10430,0.010085105895996,0.08777614682912827,1,SCALE UP 🔼
10445,3.272735595703125,0.11126504093408585,1,REACTIVE UP ⚠️
10455,0.0233821868896484,0.12654657661914825,1,SCALE UP 🔼
10467,0.0018501281738281,0.6806818246841431,1,SCALE UP 🔼
10470,1.749481201171875,0.09327229857444763,1,REACTIVE UP ⚠️
10480,0.0534896850585937,2.5900630950927734,1,SCALE UP 🔼
10485,0.146392822265625,0.09973606467247009,1,MAINTAIN
10490,0.009521484375,0.07731698453426361,1,SCALE UP 🔼
10501,0.0048599243164062,1.8464282751083374,1,SCALE UP 🔼
10508,0.0002002716064453,0.16315796971321106,1,SCALE UP 🔼
10515,1.535797119140625,0.32319870591163635,1,REACTIVE UP ⚠️
10530,0.01654052734375,0.09543075412511826,1,SCALE UP 🔼
10550,0.0014019012451171,0.08090993016958237,1,SCALE UP 🔼
10554,0.0,0.0,1,MAINTAIN
10565,0.0024232864379882,1.2232558727264404,1,SCALE UP 🔼
10575,0.0022869110107421,0.08522720634937286,1,SCALE UP 🔼
10603,0.0003700256347656,0.08516332507133484,1,SCALE UP 🔼
10605,0.19287109375,0.08154632896184921,1,REACTIVE UP ⚠️
10610,0.0051422119140625,0.04841407388448715,1,SCALE UP 🔼
10625,0.0091266632080078,0.08195950090885162,1,SCALE UP 🔼
10660,0.5073471069335938,0.056234706193208694,1,REACTIVE UP ⚠️
10680,0.0260353088378906,0.3004542291164398,1,SCALE UP 🔼
10685,0.0731964111328125,0.13774079084396362,1,SCALE UP 🔼
10690,0.0173759460449218,0.08173996955156326,1,SCALE UP 🔼
10710,0.161376953125,0.45812031626701355,1,SCALE UP 🔼
10715,0.0842409133911132,0.10392672568559647,1,SCALE UP 🔼
10720,0.0393199920654296,0.15201282501220703,1,SCALE UP 🔼
10750,2.0355377197265625,0.15822580456733704,1,REACTIVE UP ⚠️
10755,0.1165428161621093,0.21580615639686584,1,SCALE UP 🔼
10762,1.40960693359375,0.12364311516284943,1,REACTIVE UP ⚠️
10763,0.0001344680786132,0.11858712881803513,1,SCALE UP 🔼
10765,0.0070371627807617,1.5619155168533325,1,SCALE UP 🔼
10773,0.0533523559570312,0.1857372224330902,1,SCALE UP 🔼
10799,0.0570297241210937,1.4325485229492188,1,SCALE UP 🔼
10806,0.0701217651367187,0.1198117733001709,1,SCALE UP 🔼
10815,0.0451812744140625,0.12892471253871918,1,SCALE UP 🔼
10820,0.00390625,0.14599305391311646,1,SCALE UP 🔼
10825,0.533599853515625,0.13311533629894257,1,REACTIVE UP ⚠️
10834,0.0014896392822265,0.12296964973211288,1,SCALE UP 🔼
10840,0.0009279251098632,0.11774089187383652,1,SCALE UP 🔼
10845,0.0003738403320312,0.08489388972520828,1,SCALE UP 🔼
10850,0.001749038696289,0.48828253149986267,1,SCALE UP 🔼
10880,0.0412673950195312,0.08748462796211243,1,SCALE UP 🔼
10902,0.0,0.06397955119609833,1,SCALE UP 🔼
10910,0.0047149658203125,0.07929050177335739,1,SCALE UP 🔼
10915,0.247406005859375,0.07674058526754379,1,REACTIVE UP ⚠️
10930,0.0001792907714843,0.14129404723644257,1,SCALE UP 🔼
10945,0.0345611572265625,0.08309030532836914,1,SCALE UP 🔼
10946,0.0093536376953125,0.07105069607496262,1,SCALE UP 🔼
10960,0.1904296875,0.30384716391563416,1,SCALE UP 🔼
10980,0.0017499923706054,0.13954338431358337,1,SCALE UP 🔼
10985,0.051025390625,0.1656874269247055,1,SCALE UP 🔼
10988,0.0341777801513671,0.17136608064174652,1,SCALE UP 🔼
10995,1.4556884765625,0.2472231090068817,1,REACTIVE UP ⚠️
10997,0.0681495666503906,0.14024041593074799,1,SCALE UP 🔼
11020,0.0147628784179687,0.13600419461727142,1,SCALE UP 🔼
11023,0.0003299713134765,0.11048761755228043,1,SCALE UP 🔼
11040,0.0048408508300781,1.891636610031128,1,SCALE UP 🔼
11047,0.0006866455078125,0.217350572347641,1,SCALE UP 🔼
11050,0.0170230865478515,0.17166003584861755,1,SCALE UP 🔼
11055,0.0395488739013671,0.13445550203323364,1,SCALE UP 🔼
11060,0.0018424987792968,0.09816800057888031,1,SCALE UP 🔼
11080,12.69580078125,0.05656510591506958,3,REACTIVE UP ⚠️
11085,0.0181007385253906,0.09611459821462631,1,SCALE UP 🔼
11115,0.007415771484375,0.14790360629558563,1,SCALE UP 🔼
11125,0.13037109375,0.09344550967216492,1,MAINTAIN
11135,0.0629482269287109,9.593071937561035,2,SCALE UP 🔼
11140,0.1182670593261718,0.08701680600643158,1,MAINTAIN
11160,0.004185676574707,0.16014350950717926,1,SCALE UP 🔼
11165,1.25732421875,0.2891826033592224,1,REACTIVE UP ⚠️
11170,0.0709762573242187,0.21094638109207153,1,SCALE UP 🔼
11175,0.0536460876464843,0.2541554868221283,1,SCALE UP 🔼
11188,0.0,0.08059117197990417,1,SCALE UP 🔼
11195,0.12115478515625,1.1533970832824707,1,SCALE UP 🔼
11200,1.621246337890625e-05,0.1513330042362213,1,SCALE UP 🔼
11210,0.3104572296142578,0.13116934895515442,1,REACTIVE UP ⚠️
11215,2.6706390380859375,0.02685651369392872,1,REACTIVE UP ⚠️
11240,0.3009567260742187,0.17862406373023987,1,MAINTAIN
11243,0.0,0.0607430636882782,1,SCALE UP 🔼
11250,0.141845703125,0.3650372624397278,1,SCALE UP 🔼
11267,0.0053815841674804,2.4980039596557617,1,SCALE UP 🔼
11285,0.0031509399414062,0.27377620339393616,1,SCALE UP 🔼
11293,0.0248241424560546,0.16946925222873688,1,SCALE UP 🔼
11295,1.2130584716796875,0.238316148519516,1,REACTIVE UP ⚠️
11301,0.0014781951904296,0.08667401969432831,1,SCALE UP 🔼
11310,0.0071182250976562,0.0242634080350399,1,SCALE UP 🔼
11335,0.0001020431518554,0.07352182269096375,1,SCALE UP 🔼
11345,0.0146236419677734,1.1505919694900513,1,SCALE UP 🔼
11360,0.0304946899414062,0.06791173666715622,1,SCALE UP 🔼
11362,0.0024757385253906,0.08405981957912445,1,SCALE UP 🔼
11370,1.133056640625,0.07681740820407867,1,REACTIVE UP ⚠️
11390,6.059051513671875,0.10551966726779938,2,REACTIVE UP ⚠️
11400,0.005279541015625,0.060455478727817535,1,SCALE UP 🔼
11415,0.0260009765625,0.112979955971241,1,SCALE UP 🔼
11424,0.252685546875,1.0703181028366089,1,SCALE UP 🔼
11425,8.84552001953125,5.019111156463623,2,MAINTAIN
11430,0.8702239990234375,0.11200863122940063,1,REACTIVE UP ⚠️
11435,0.0029506683349609,0.11373233795166016,1,SCALE UP 🔼
11445,0.0008144378662109,0.34930220246315,1,SCALE UP 🔼
11446,0.0017147064208984,6.737494945526123,2,SCALE UP 🔼
11453,0.006500244140625,0.2539684474468231,1,SCALE UP 🔼
11455,0.0012750625610351,0.09796103090047836,1,SCALE UP 🔼
11460,0.0007514953613281,0.18357719480991364,1,SCALE UP 🔼
11465,2.74200439453125,0.17201723158359528,1,REACTIVE UP ⚠️
11478,0.0015316009521484,0.10822855681180954,1,SCALE UP 🔼
11480,0.7135009765625,0.0,1,REACTIVE UP ⚠️
11485,0.024078369140625,0.1129813939332962,1,SCALE UP 🔼
11490,0.0119609832763671,2.4682915210723877,1,SCALE UP 🔼
11495,0.0018653869628906,0.11029006540775299,1,SCALE UP 🔼
11500,0.000828742980957,0.5479174852371216,1,SCALE UP 🔼
11505,0.0521087646484375,0.06788929551839828,1,SCALE UP 🔼
11564,0.0032501220703125,0.09978370368480682,1,SCALE UP 🔼
11565,0.1611328125,0.12954360246658325,1,MAINTAIN
11570,0.0032863616943359,0.08084798604249954,1,SCALE UP 🔼
11580,0.222747802734375,0.06285741925239563,1,REACTIVE UP ⚠️
11585,0.0473785400390625,0.07408007979393005,1,SCALE UP 🔼
11590,1.99200439453125,0.21255449950695038,1,REACTIVE UP ⚠️
11600,0.0191574096679687,0.03484605252742767,1,SCALE UP 🔼
11605,0.0002908706665039,0.234673872590065,1,SCALE UP 🔼
11614,0.0018253326416015,0.1048026829957962,1,SCALE UP 🔼
11620,0.0035991668701171,1.7290334701538086,1,SCALE UP 🔼
11625,0.04443359375,0.1162852868437767,1,SCALE UP 🔼
11645,0.0003185272216796,0.061032023280858994,1,SCALE UP 🔼
11685,0.0015888214111328,0.10155731439590454,1,SCALE UP 🔼
11690,1.822235107421875,0.07796087861061096,1,REACTIVE UP ⚠️
11725,0.5785045623779297,0.14898385107517242,1,REACTIVE UP ⚠️
11730,0.5757369995117188,0.0876859501004219,1,REACTIVE UP ⚠️
11745,0.0003662109375,0.07890990376472473,1,SCALE UP 🔼
11755,0.07635498046875,1.5744885206222534,1,SCALE UP 🔼
11775,4.45440673828125,0.5019646286964417,1,REACTIVE UP ⚠️
11798,7.260417938232422,0.5257532000541687,2,REACTIVE UP ⚠️
11805,0.0142364501953125,0.08108479529619217,1,SCALE UP 🔼
11810,0.0142326354980468,0.1483210325241089,1,SCALE UP 🔼
11815,0.0036888122558593,3.38081693649292,1,SCALE UP 🔼
11818,0.0032844543457031,6.240420818328857,2,SCALE UP 🔼
11830,1.0504684448242188,0.10145898908376694,1,REACTIVE UP ⚠️
11840,0.0005578994750976,0.09376367181539536,1,SCALE UP 🔼
11845,0.3795623779296875,0.09383780509233475,1,REACTIVE UP ⚠️
11847,0.0,0.0,1,MAINTAIN
11855,0.008819580078125,0.8131965398788452,1,SCALE UP 🔼
11885,0.0429916381835937,0.09519685804843903,1,SCALE UP 🔼
11895,1.7150115966796875,0.37494632601737976,1,REACTIVE UP ⚠️
11905,0.0080909729003906,0.0882808193564415,1,SCALE UP 🔼
11910,0.0035362243652343,0.0057325526140630245,1,SCALE UP 🔼
11920,0.028411865234375,0.0,1,REACTIVE UP ⚠️
11930,0.0069179534912109,1.6627099514007568,1,SCALE UP 🔼
11945,0.0001335144042968,0.11879716068506241,1,SCALE UP 🔼
11960,0.0006771087646484,0.08474409580230713,1,SCALE UP 🔼
11970,0.0229711532592773,0.0729164332151413,1,SCALE UP 🔼
11975,0.000772476196289,0.0533021055161953,1,SCALE UP 🔼
11980,0.00830078125,0.06471706926822662,1,SCALE UP 🔼
11991,0.0005207061767578,0.06843771040439606,1,SCALE UP 🔼
12003,0.0002021789550781,0.11477360874414444,1,SCALE UP 🔼
12025,0.0071611404418945,0.07091895490884781,1,SCALE UP 🔼
12045,4.6103515625,0.07386528700590134,1,REACTIVE UP ⚠️
12050,0.008554458618164,0.0509701669216156,1,SCALE UP 🔼
12055,0.203125,0.07081497460603714,1,REACTIVE UP ⚠️
12067,0.0009536743164062,0.1353364884853363,1,SCALE UP 🔼
12075,1.8128557205200195,3.055887460708618,1,SCALE UP 🔼
12090,0.048074722290039,0.08760710060596466,1,SCALE UP 🔼
12095,0.0070810317993164,0.23994502425193787,1,SCALE UP 🔼
12109,0.0038261413574218,0.07886557281017303,1,SCALE UP 🔼
12110,0.0007209777832031,1.5948578119277954,1,SCALE UP 🔼
12120,0.0006217956542968,0.0,1,REACTIVE UP ⚠️
12125,0.0499725341796875,0.16458533704280853,1,SCALE UP 🔼
12130,0.0033645629882812,0.12437998503446579,1,SCALE UP 🔼
12145,0.2107696533203125,0.08342825621366501,1,REACTIVE UP ⚠️
12166,8.392333984375e-05,0.05899530649185181,1,SCALE UP 🔼
12170,0.5682373046875,0.07319226115942001,1,REACTIVE UP ⚠️
12174,0.0015487670898437,0.08167476207017899,1,SCALE UP 🔼
12180,0.0002040863037109,0.35227516293525696,1,SCALE UP 🔼
12187,0.0013713836669921,0.14220115542411804,1,SCALE UP 🔼
12205,0.004364013671875,0.48213914036750793,1,SCALE UP 🔼
12210,0.0018806457519531,0.05784714221954346,1,SCALE UP 🔼
12240,0.0444269180297851,0.11709330976009369,1,SCALE UP 🔼
12254,0.026702880859375,0.1485893428325653,1,SCALE UP 🔼
12270,0.0044107437133789,0.09914208203554153,1,SCALE UP 🔼
12275,0.0,0.06655526161193848,1,SCALE UP 🔼
12300,0.0083427429199218,0.21191668510437012,1,SCALE UP 🔼
12304,0.0016441345214843,0.1587865948677063,1,SCALE UP 🔼
12310,0.0028114318847656,0.1513916254043579,1,SCALE UP 🔼
12325,0.0008506774902343,0.08549761772155762,1,SCALE UP 🔼
12340,0.2641382217407226,0.0803665742278099,1,REACTIVE UP ⚠️
12350,0.000258445739746,0.08902167528867722,1,SCALE UP 🔼
12356,0.0097808837890625,0.07680542021989822,1,SCALE UP 🔼
12360,0.0863876342773437,0.1340046226978302,1,SCALE UP 🔼
12406,0.0,0.3165220618247986,1,SCALE UP 🔼
12415,0.662841796875,0.07842976599931717,1,REACTIVE UP ⚠️
12420,0.0019340515136718,0.16667290031909943,1,SCALE UP 🔼
12430,0.0028038024902343,0.2181650996208191,1,SCALE UP 🔼
12436,0.0918388366699218,0.11834654211997986,1,SCALE UP 🔼
12443,0.0133781433105468,0.6173079609870911,1,SCALE UP 🔼
12457,0.0069122314453125,0.09496629983186722,1,SCALE UP 🔼
12459,0.02783203125,0.09729521721601486,1,SCALE UP 🔼
12460,6.653316497802734,0.16851161420345306,2,REACTIVE UP ⚠️
12465,0.0002593994140625,0.09861689060926437,1,SCALE UP 🔼
12480,0.023406982421875,0.07363782823085785,1,SCALE UP 🔼
12501,0.0007619857788085,0.11839648336172104,1,SCALE UP 🔼
12505,0.3415451049804687,5.037049293518066,2,SCALE UP 🔼
12520,0.0,0.08827189356088638,1,SCALE UP 🔼
12525,0.0469703674316406,0.10774368047714233,1,SCALE UP 🔼
12530,0.0023422241210937,0.06436511129140854,1,SCALE UP 🔼
12534,0.0031013488769531,0.40321606397628784,1,SCALE UP 🔼
12568,1.779327392578125,0.0,1,REACTIVE UP ⚠️
12580,1.900665283203125,0.13032428920269012,1,REACTIVE UP ⚠️
12596,0.0,0.07967472076416016,1,SCALE UP 🔼
12599,0.000946044921875,0.07752563059329987,1,SCALE UP 🔼
12600,0.0037078857421875,2.137416124343872,1,SCALE UP 🔼
12610,0.0007524490356445,1.100527286529541,1,SCALE UP 🔼
12615,0.0016078948974609,0.12813235819339752,1,SCALE UP 🔼
12621,0.01495361328125,0.08784770220518112,1,SCALE UP 🔼
12625,0.0233020782470703,0.09733672440052032,1,SCALE UP 🔼
12645,0.0005722045898437,0.0,1,REACTIVE UP ⚠️
12650,0.0009746551513671,0.0,1,REACTIVE UP ⚠️
12655,0.059326171875,0.09729713946580887,1,SCALE UP 🔼
12667,0.055938720703125,0.20457516610622406,1,SCALE UP 🔼
12675,0.0324249267578125,0.13255669176578522,1,SCALE UP 🔼
12678,0.003875732421875,0.09919977933168411,1,SCALE UP 🔼
12680,0.0195121765136718,0.07658687978982925,1,SCALE UP 🔼
12695,0.0272903442382812,0.1522536426782608,1,SCALE UP 🔼
12700,0.0018787384033203,0.12380499392747879,1,SCALE UP 🔼
12715,0.097015380859375,0.08926144987344742,1,MAINTAIN
12720,22.56866455078125,0.18882545828819275,5,REACTIVE UP ⚠️
12735,0.0563812255859375,0.11098574101924896,1,SCALE UP 🔼
12740,0.0077667236328125,0.0938015878200531,1,SCALE UP 🔼
12760,0.0144424438476562,0.18147751688957214,1,SCALE UP 🔼
12785,0.0,14.210160255432129,3,SCALE UP 🔼
12786,0.0067214965820312,0.25825947523117065,1,SCALE UP 🔼
12793,0.0044326782226562,0.16717039048671722,1,SCALE UP 🔼
12795,0.021240234375,0.14739568531513214,1,SCALE UP 🔼
12796,0.0125579833984375,0.13929535448551178,1,SCALE UP 🔼
12799,0.0027694702148437,0.08962661027908325,1,SCALE UP 🔼
12814,0.0006866455078125,0.11296219378709793,1,SCALE UP 🔼
12815,0.1929931640625,0.12623023986816406,1,MAINTAIN
12819,0.0093231201171875,0.11506180465221405,1,SCALE UP 🔼
12820,0.0097198486328125,0.09763003140687943,1,SCALE UP 🔼
12825,0.2993354797363281,0.0008848151774145663,1,REACTIVE UP ⚠️
12833,0.380950927734375,0.2790554463863373,1,MAINTAIN
12840,0.0104446411132812,0.20963528752326965,1,SCALE UP 🔼
12855,2.87841796875,0.14420416951179504,1,REACTIVE UP ⚠️
12860,6.5445556640625,0.3468957543373108,2,REACTIVE UP ⚠️
12864,0.0,0.303922176361084,1,SCALE UP 🔼
12865,9.250640869140624e-05,0.10970574617385864,1,SCALE UP 🔼
12868,0.0007123947143554,2.673478841781616,1,SCALE UP 🔼
12875,0.38922119140625,5.246310234069824,2,SCALE UP 🔼
12880,0.0049209594726562,0.08108186721801758,1,SCALE UP 🔼
12885,0.091644287109375,0.04539274796843529,1,REACTIVE UP ⚠️
12890,0.0033645629882812,0.08653358370065689,1,SCALE UP 🔼
12895,0.0048065185546875,0.14562757313251495,1,SCALE UP 🔼
12897,0.0008049011230468,0.0,1,REACTIVE UP ⚠️
12900,0.2222576141357422,0.2942703366279602,1,SCALE UP 🔼
12905,0.0527191162109375,0.20523574948310852,1,SCALE UP 🔼
12910,0.0406646728515625,0.17564783990383148,1,SCALE UP 🔼
12925,0.0050201416015625,0.032991111278533936,1,SCALE UP 🔼
12930,0.02911376953125,0.2147398591041565,1,SCALE UP 🔼
12934,0.1816215515136718,0.15370900928974152,1,MAINTAIN
12935,2.494384765625,0.1337011754512787,1,REACTIVE UP ⚠️
12940,0.014739990234375,0.10965372622013092,1,SCALE UP 🔼
12944,0.0022087097167968,0.08619964867830276,1,SCALE UP 🔼
12965,0.0003910064697265,0.14208312332630157,1,SCALE UP 🔼
12985,0.0094451904296875,1.6531922817230225,1,SCALE UP 🔼
12995,2.203338623046875,0.0991843119263649,1,REACTIVE UP ⚠️
13010,0.0151519775390625,0.08999727666378021,1,SCALE UP 🔼
13025,0.016998291015625,0.08508941531181335,1,SCALE UP 🔼
13030,0.0013465881347656,0.08547569811344147,1,SCALE UP 🔼
13040,0.0017910003662109,1.8807240724563599,1,SCALE UP 🔼
13046,0.0453300476074218,0.0993916317820549,1,SCALE UP 🔼
13065,0.1825819015502929,0.10402834415435791,1,MAINTAIN
13070,0.2490997314453125,0.08316460251808167,1,REACTIVE UP ⚠️
13075,0.0466804504394531,0.07692309468984604,1,SCALE UP 🔼
13100,0.0096330642700195,0.08985725045204163,1,SCALE UP 🔼
13130,0.0,0.23353791236877441,1,SCALE UP 🔼
13133,0.0,0.29010629653930664,1,SCALE UP 🔼
13135,0.129638671875,0.12048894166946411,1,MAINTAIN
13140,9.5367431640625e-07,0.08265852928161621,1,SCALE UP 🔼
13143,0.0106658935546875,0.03436647728085518,1,SCALE UP 🔼
13145,3.51708984375,0.09962569922208786,1,REACTIVE UP ⚠️
13150,8.7738037109375e-05,0.22720856964588165,1,SCALE UP 🔼
13163,0.0083847045898437,0.09230179339647293,1,SCALE UP 🔼
13175,0.014373779296875,0.09399182349443436,1,SCALE UP 🔼
13178,0.0,2.73610520362854,1,SCALE UP 🔼
13195,0.0298452377319335,0.07266942411661148,1,SCALE UP 🔼
13196,0.000319480895996,0.08069746196269989,1,SCALE UP 🔼
13200,0.043182373046875,0.07389909029006958,1,SCALE UP 🔼
13205,0.0110626220703125,0.10601487010717392,1,SCALE UP 🔼
13210,0.705810546875,0.13677814602851868,1,REACTIVE UP ⚠️
13215,4.403343200683594,0.10399933159351349,1,REACTIVE UP ⚠️
13260,1.2476158142089844,0.10450655966997147,1,REACTIVE UP ⚠️
13275,0.0007200241088867,0.11974933743476868,1,SCALE UP 🔼
13280,0.0008344650268554,0.5853986740112305,1,SCALE UP 🔼
13295,0.0003070831298828,3.3543052673339844,1,SCALE UP 🔼
13305,0.005192756652832,1.055357813835144,1,SCALE UP 🔼
13310,0.04071044921875,0.07792185992002487,1,SCALE UP 🔼
13323,0.0,0.07688983529806137,1,SCALE UP 🔼
13330,0.736175537109375,0.17591723799705505,1,REACTIVE UP ⚠️
13339,0.0011348724365234,0.07628121972084045,1,SCALE UP 🔼
13350,0.0186729431152343,0.16957387328147888,1,SCALE UP 🔼
13365,0.00018310546875,0.08092621713876724,1,SCALE UP 🔼
13370,0.1064186096191406,0.6903226971626282,1,SCALE UP 🔼
13380,1.3575439453125,0.06123112887144089,1,REACTIVE UP ⚠️
13388,0.055673599243164,0.06900911778211594,1,SCALE UP 🔼
13390,0.0029096603393554,0.11754827201366425,1,SCALE UP 🔼
13410,0.0374984741210937,0.1694365292787552,1,SCALE UP 🔼
13411,0.009918212890625,1.090450406074524,1,SCALE UP 🔼
13425,4.104425430297852,0.11935767531394958,1,REACTIVE UP ⚠️
13430,0.0003490447998046,0.05238622426986694,1,SCALE UP 🔼
13435,0.0004863739013671,0.09907232224941254,1,SCALE UP 🔼
13445,0.283447265625,0.1285017728805542,1,REACTIVE UP ⚠️
13460,0.0007781982421875,3.07257080078125,1,SCALE UP 🔼
13469,0.0067672729492187,0.07698245346546173,1,SCALE UP 🔼
13471,0.312225341796875,0.08907434344291687,1,REACTIVE UP ⚠️
13475,0.017669677734375,0.31452807784080505,1,SCALE UP 🔼
13505,0.0330810546875,0.12292934209108353,1,SCALE UP 🔼
13520,0.0003862380981445,0.0,1,REACTIVE UP ⚠️
13535,0.504638671875,0.33650660514831543,1,MAINTAIN
13540,0.0916976928710937,0.10755924135446548,1,MAINTAIN
13545,7.819915771484375,0.10739422589540482,2,REACTIVE UP ⚠️
13575,0.0001516342163085,0.11640951037406921,1,SCALE UP 🔼
13580,0.0004005432128906,0.3422943651676178,1,SCALE UP 🔼
13585,0.04010009765625,0.16942143440246582,1,SCALE UP 🔼
13597,0.0029563903808593,5.833788871765137,2,SCALE UP 🔼
13605,0.06317138671875,0.0748344138264656,1,MAINTAIN
13609,0.0,0.0787234976887703,1,SCALE UP 🔼
13625,0.0001173019409179,0.1001935601234436,1,SCALE UP 🔼
13690,0.042755126953125,0.15381349623203278,1,SCALE UP 🔼
13700,0.823822021484375,0.1597730964422226,1,REACTIVE UP ⚠️
13725,0.1327056884765625,0.07627275586128235,1,MAINTAIN
13730,0.64593505859375,0.07981287688016891,1,REACTIVE UP ⚠️
13731,0.0002822875976562,0.10831812024116516,1,SCALE UP 🔼
13735,0.0015296936035156,0.8414684534072876,1,SCALE UP 🔼
13745,0.0039052963256835,0.13672204315662384,1,SCALE UP 🔼
13755,0.0569305419921875,0.5787509083747864,1,SCALE UP 🔼
13756,0.0025415420532226,0.12614844739437103,1,SCALE UP 🔼
13760,0.0043106079101562,0.08882641047239304,1,SCALE UP 🔼
13785,0.012481689453125,0.05534413084387779,1,SCALE UP 🔼
13800,0.0023097991943359,0.12133095413446426,1,SCALE UP 🔼
13810,0.0158777236938476,0.17582836747169495,1,SCALE UP 🔼
13813,0.0,0.1588899940252304,1,SCALE UP 🔼
13835,0.11041259765625,0.10399556159973145,1,MAINTAIN
13840,0.20263671875,0.07718691229820251,1,REACTIVE UP ⚠️
13855,0.0006122589111328,0.08819231390953064,1,SCALE UP 🔼
13860,0.0597057342529296,0.11102434247732162,1,SCALE UP 🔼
13870,0.0027322769165039,0.23443277180194855,1,SCALE UP 🔼
13880,0.0175094604492187,0.26525014638900757,1,SCALE UP 🔼
13920,0.074462890625,0.14352695643901825,1,SCALE UP 🔼
13925,0.0,0.2409961223602295,1,SCALE UP 🔼
13935,0.0054073333740234,0.10520895570516586,1,SCALE UP 🔼
13937,0.0,0.14899007976055145,1,SCALE UP 🔼
13960,0.0040855407714843,0.15029264986515045,1,SCALE UP 🔼
13980,0.1040019989013671,0.17106154561042786,1,SCALE UP 🔼
13984,0.0,0.17840340733528137,1,SCALE UP 🔼
13990,0.24822998046875,0.15157443284988403,1,MAINTAIN
14005,0.0004405975341796,0.09283078461885452,1,SCALE UP 🔼
14009,0.0,0.17786620557308197,1,SCALE UP 🔼
14029,0.0,0.08836285769939423,1,SCALE UP 🔼
14035,0.2540740966796875,0.3221801817417145,1,SCALE UP 🔼
14045,1.21954345703125,0.18690213561058044,1,REACTIVE UP ⚠️
14068,0.0017824172973632,0.0913873240351677,1,SCALE UP 🔼
14070,0.025217056274414,0.09941460937261581,1,SCALE UP 🔼
14085,0.0092010498046875,0.3233940005302429,1,SCALE UP 🔼
14095,0.0715103149414062,1.1861791610717773,1,SCALE UP 🔼
14104,0.0022392272949218,0.1791050136089325,1,SCALE UP 🔼
14110,0.0398712158203125,0.18757349252700806,1,SCALE UP 🔼
14125,0.0321197509765625,0.10276250541210175,1,SCALE UP 🔼
14135,0.0098381042480468,0.15865321457386017,1,SCALE UP 🔼
14160,1.7816085815429688,0.028348062187433243,1,REACTIVE UP ⚠️
14170,0.0059280395507812,0.2072603404521942,1,SCALE UP 🔼
14180,0.0820236206054687,0.11967165023088455,1,SCALE UP 🔼
14193,0.002899169921875,0.1190531849861145,1,SCALE UP 🔼
14215,1.54296875,1.763039469718933,1,MAINTAIN
14230,0.4224090576171875,0.16205942630767822,1,REACTIVE UP ⚠️
14235,0.0034942626953125,0.20163017511367798,1,SCALE UP 🔼
14240,0.3092994689941406,0.09647921472787857,1,REACTIVE UP ⚠️
14245,0.6502685546875,1.4124419689178467,1,SCALE UP 🔼
14255,0.0318050384521484,0.3368361294269562,1,SCALE UP 🔼
14275,0.0278663635253906,0.07943077385425568,1,SCALE UP 🔼
14290,0.14630126953125,0.38617512583732605,1,SCALE UP 🔼
14306,0.0005512237548828,0.6749227643013,1,SCALE UP 🔼
14330,0.0031156539916992,0.0,1,REACTIVE UP ⚠️
14350,0.0145683288574218,0.17929084599018097,1,SCALE UP 🔼
14351,0.0014305114746093,0.27409836649894714,1,SCALE UP 🔼
14395,0.0030403137207031,0.04936544969677925,1,SCALE UP 🔼
14425,0.1566457748413086,0.13045063614845276,1,MAINTAIN
14460,0.0087451934814453,0.03310706838965416,1,SCALE UP 🔼
14470,2.9447021484375,0.0626845583319664,1,REACTIVE UP ⚠️
14471,0.0011749267578125,0.11848856508731842,1,SCALE UP 🔼
14480,0.02227783203125,0.1927787810564041,1,SCALE UP 🔼
14500,1.2615966796875,0.08599630743265152,1,REACTIVE UP ⚠️
14505,0.025033950805664,2.393311023712158,1,SCALE UP 🔼
14520,0.339202880859375,0.07091783732175827,1,REACTIVE UP ⚠️
14530,0.0014839172363281,0.1249493807554245,1,SCALE UP 🔼
14580,0.0385856628417968,1.2882981300354004,1,SCALE UP 🔼
14610,0.0538330078125,0.09168605506420135,1,SCALE UP 🔼
14645,0.0027904510498046,0.24436596035957336,1,SCALE UP 🔼
14653,0.0052452087402343,0.10330168157815933,1,SCALE UP 🔼
14655,0.0016593933105468,0.13428203761577606,1,SCALE UP 🔼
14686,0.0,0.13384529948234558,1,SCALE UP 🔼
14695,0.0013332366943359,0.0796804204583168,1,SCALE UP 🔼
14705,0.4282093048095703,0.04693492501974106,1,REACTIVE UP ⚠️
14710,0.0001811981201171,0.12033621221780777,1,SCALE UP 🔼
14715,0.0006923675537109,0.11219125241041183,1,SCALE UP 🔼
14725,0.047607421875,0.04663784056901932,1,MAINTAIN
14740,0.0183048248291015,0.4208069443702698,1,SCALE UP 🔼
14760,2.8079681396484375,0.06122852489352226,1,REACTIVE UP ⚠️
14765,0.142364501953125,0.11641092598438263,1,MAINTAIN
14770,0.0002937316894531,0.15476779639720917,1,SCALE UP 🔼
14778,0.0,0.0828278511762619,1,SCALE UP 🔼
14780,0.18511962890625,1.9844294786453247,1,SCALE UP 🔼
14785,0.0003814697265625,0.1803027093410492,1,SCALE UP 🔼
14795,0.1311187744140625,0.091701939702034,1,MAINTAIN
14842,0.0064992904663085,0.08826275914907455,1,SCALE UP 🔼
14845,0.0213851928710937,0.21754410862922668,1,SCALE UP 🔼
14861,0.0008049011230468,0.0719890296459198,1,SCALE UP 🔼
14864,0.060699462890625,0.1961466670036316,1,SCALE UP 🔼
14865,0.104736328125,0.08686869591474533,1,MAINTAIN
14875,0.0001640319824218,0.0932069644331932,1,SCALE UP 🔼
14890,0.0419921875,0.13941211998462677,1,SCALE UP 🔼
14965,0.01043701171875,0.052214834839105606,1,SCALE UP 🔼
14977,0.0037660598754882,0.17400389909744263,1,SCALE UP 🔼
14980,0.0001020431518554,0.08736111223697662,1,SCALE UP 🔼
14995,0.0124664306640625,0.11198534816503525,1,SCALE UP 🔼
15000,0.0002384185791015,0.10730594396591187,1,SCALE UP 🔼
15010,0.0034980773925781,0.07540060579776764,1,SCALE UP 🔼
15045,0.1857757568359375,0.07488036900758743,1,REACTIVE UP ⚠️
15068,0.1250896453857422,0.1519019901752472,1,SCALE UP 🔼
15078,0.0025596618652343,0.12283024936914444,1,SCALE UP 🔼
15080,0.658447265625,0.08630722761154175,1,REACTIVE UP ⚠️
15090,0.0035820007324218,0.23853202164173126,1,SCALE UP 🔼
15110,0.0969085693359375,0.18789900839328766,1,SCALE UP 🔼
15135,0.0263595581054687,0.12860222160816193,1,SCALE UP 🔼
15140,0.006591796875,0.5829755067825317,1,SCALE UP 🔼
15155,0.8074951171875,0.09576479345560074,1,REACTIVE UP ⚠️
15160,0.054290771484375,0.16713306307792664,1,SCALE UP 🔼
15210,0.2973670959472656,0.11426625400781631,1,REACTIVE UP ⚠️
15230,0.0004196166992187,0.0852128341794014,1,SCALE UP 🔼
15252,0.0008649826049804,0.6681807041168213,1,SCALE UP 🔼
15270,10.5101318359375,0.1425609141588211,3,REACTIVE UP ⚠️
15295,0.0006027221679687,0.34237393736839294,1,SCALE UP 🔼
15296,0.15106201171875,0.07334468513727188,1,REACTIVE UP ⚠️
15310,0.0052566528320312,0.16122597455978394,1,SCALE UP 🔼
15315,4.6893310546875,6.653707027435303,2,SCALE UP 🔼
15330,0.1097259521484375,0.10248750448226929,1,MAINTAIN
15331,0.0045394897460937,0.21836541593074799,1,SCALE UP 🔼
15360,0.087158203125,0.1540532410144806,1,SCALE UP 🔼
15365,0.0885772705078125,3.4657580852508545,1,SCALE UP 🔼
15375,0.0325202941894531,0.1731436848640442,1,SCALE UP 🔼
15400,0.10784912109375,0.09526801109313965,1,MAINTAIN
15403,0.143310546875,0.1497497856616974,1,MAINTAIN
15405,0.4062881469726562,0.16612274944782257,1,REACTIVE UP ⚠️
15410,0.233642578125,0.0,1,REACTIVE UP ⚠️
15425,0.1116914749145507,0.12758231163024902,1,MAINTAIN
15431,0.0005302429199218,0.26006007194519043,1,SCALE UP 🔼
15435,0.0154266357421875,0.425479918718338,1,SCALE UP 🔼
15440,0.0061721801757812,0.2819267511367798,1,SCALE UP 🔼
15445,2.27762222290039,0.09525702893733978,1,REACTIVE UP ⚠️
15460,0.000192642211914,0.035754550248384476,1,SCALE UP 🔼
15465,0.2177867889404297,0.09333471208810806,1,REACTIVE UP ⚠️
15475,0.229191780090332,0.04437720775604248,1,REACTIVE UP ⚠️
15490,0.0241909027099609,1.4287203550338745,1,SCALE UP 🔼
15500,0.0026016235351562,0.03998635709285736,1,SCALE UP 🔼
15520,0.0080528259277343,0.2852678596973419,1,SCALE UP 🔼
15525,0.1542987823486328,0.2920490503311157,1,SCALE UP 🔼
15630,0.0802154541015625,0.12548954784870148,1,SCALE UP 🔼
15635,12.844284057617188,0.03158962354063988,3,REACTIVE UP ⚠️
15660,3.052001953125,0.21658939123153687,1,REACTIVE UP ⚠️
15715,0.030548095703125,0.23068496584892273,1,SCALE UP 🔼
15725,2.5177001953125,0.2291896641254425,1,REACTIVE UP ⚠️
15755,0.0009222030639648,10.519200325012207,3,SCALE UP 🔼
15758,0.0,2.3546206951141357,1,SCALE UP 🔼
15790,0.0324039459228515,0.19449207186698914,1,SCALE UP 🔼
15810,0.25146484375,2.1861612796783447,1,SCALE UP 🔼
15815,0.0010986328125,0.10437729954719543,1,SCALE UP 🔼
15855,0.078277587890625,0.4235120117664337,1,SCALE UP 🔼
15860,4.672859191894531,0.08076605945825577,1,REACTIVE UP ⚠️
15869,0.0,0.2662551701068878,1,SCALE UP 🔼
15870,1.1864299774169922,0.16592706739902496,1,REACTIVE UP ⚠️
15890,0.1190032958984375,0.144954115152359,1,SCALE UP 🔼
15905,0.0333709716796875,2.380811929702759,1,SCALE UP 🔼
15915,0.22247314453125,0.05090607702732086,1,REACTIVE UP ⚠️
15920,0.0002651214599609,0.9240610599517822,1,SCALE UP 🔼
15960,0.1014404296875,0.13409140706062317,1,SCALE UP 🔼
15965,0.0086288452148437,0.11698144674301147,1,SCALE UP 🔼
15970,0.0243988037109375,0.23783735930919647,1,SCALE UP 🔼
15975,0.0482521057128906,0.03658538684248924,1,MAINTAIN
15986,0.0011157989501953,0.2270180732011795,1,SCALE UP 🔼
15990,2.34832763671875,0.06146375834941864,1,REACTIVE UP ⚠️
16001,0.0,0.10944561660289764,1,SCALE UP 🔼
16005,0.000345230102539,0.09214003384113312,1,SCALE UP 🔼
16010,0.000192642211914,0.07992418855428696,1,SCALE UP 🔼
16015,0.0104627609252929,2.007040023803711,1,SCALE UP 🔼
16020,0.0002145767211914,0.0837346613407135,1,SCALE UP 🔼
16025,3.386577606201172,0.09403612464666367,1,REACTIVE UP ⚠️
16030,0.0033597946166992,0.035004667937755585,1,SCALE UP 🔼
16040,0.0025177001953125,0.08341430872678757,1,SCALE UP 🔼
16050,0.4250259399414062,0.07227655500173569,1,REACTIVE UP ⚠️
16055,0.0625839233398437,2.505497932434082,1,SCALE UP 🔼
16110,0.4057693481445312,0.08917379379272461,1,REACTIVE UP ⚠️
16129,6.67572021484375e-05,0.08312563598155975,1,SCALE UP 🔼
16155,0.0455789566040039,0.39713943004608154,1,SCALE UP 🔼
16170,0.06500244140625,0.09240397065877914,1,SCALE UP 🔼
16185,1.47625732421875,0.3587927222251892,1,REACTIVE UP ⚠️
16190,0.0751571655273437,0.07951339334249496,1,MAINTAIN
16200,0.0041494369506835,0.18100452423095703,1,SCALE UP 🔼
16225,0.0022010803222656,0.16788995265960693,1,SCALE UP 🔼
16265,0.0036964416503906,1.255827784538269,1,SCALE UP 🔼
16270,0.0244140625,0.15689244866371155,1,SCALE UP 🔼
16345,0.0399398803710937,0.08435376733541489,1,SCALE UP 🔼
16395,0.0095062255859375,0.11283507943153381,1,SCALE UP 🔼
16420,1.08306884765625,0.08152942359447479,1,REACTIVE UP ⚠️
16424,0.0011844635009765,0.05157793313264847,1,SCALE UP 🔼
16425,7.644898414611816,0.0844268649816513,2,REACTIVE UP ⚠️
16430,0.0384998321533203,0.08661984652280807,1,SCALE UP 🔼
16445,0.1099090576171875,0.9695739150047302,1,SCALE UP 🔼
16460,0.0016536712646484,0.06761463731527328,1,SCALE UP 🔼
16465,0.0341463088989257,5.778414726257324,2,SCALE UP 🔼
16480,0.36865234375,0.10811486840248108,1,REACTIVE UP ⚠️
16490,0.0942878723144531,0.17463883757591248,1,SCALE UP 🔼
16495,0.61395263671875,0.02830023504793644,1,REACTIVE UP ⚠️
16535,0.009246826171875,0.11831685900688171,1,SCALE UP 🔼
16545,0.0543136596679687,0.10785976052284241,1,SCALE UP 🔼
16560,0.44989013671875,0.2600211799144745,1,MAINTAIN
16565,0.000986099243164,0.6049750447273254,1,SCALE UP 🔼
16570,43.26678466796875,0.141819566488266,9,REACTIVE UP ⚠️
16577,0.0,0.1589852124452591,1,SCALE UP 🔼
16585,0.0384063720703125,0.3116264343261719,1,SCALE UP 🔼
16586,0.021453857421875,0.09726466983556747,1,SCALE UP 🔼
16610,0.2913818359375,31.837297439575195,7,SCALE UP 🔼
16630,0.006941795349121,0.11163514107465744,1,SCALE UP 🔼
16635,0.0916748046875,0.15993493795394897,1,SCALE UP 🔼
16645,0.01800537109375,0.05393113195896149,1,SCALE UP 🔼
16655,0.14910888671875,0.33408644795417786,1,SCALE UP 🔼
16686,0.0,0.0,1,MAINTAIN
16700,0.143768310546875,0.15144649147987366,1,MAINTAIN
16715,0.057830810546875,0.11064445972442627,1,SCALE UP 🔼
16735,0.043701171875,0.22476568818092346,1,SCALE UP 🔼
16739,0.0025787353515625,0.04718926176428795,1,SCALE UP 🔼
16750,0.0017051696777343,0.0,1,REACTIVE UP ⚠️
16765,0.3084869384765625,0.13977982103824615,1,REACTIVE UP ⚠️
16770,0.000284194946289,0.13383051753044128,1,SCALE UP 🔼
16772,0.0002174377441406,0.08793125301599503,1,SCALE UP 🔼
16776,0.0048065185546875,0.0896487757563591,1,SCALE UP 🔼
16800,0.02703857421875,0.23873679339885712,1,SCALE UP 🔼
16805,144.7611083984375,0.16221684217453003,29,REACTIVE UP ⚠️
16807,0.0004758834838867,0.16297902166843414,1,SCALE UP 🔼
16825,0.029266357421875,0.11579335480928421,1,SCALE UP 🔼
16845,0.0326519012451171,0.10828319191932678,1,SCALE UP 🔼
16869,0.1826171875,106.77765655517578,22,SCALE UP 🔼
16870,0.844635009765625,0.16474919021129608,1,REACTIVE UP ⚠️
16875,0.0004463195800781,0.15093794465065002,1,SCALE UP 🔼
16884,0.0265216827392578,0.1280421018600464,1,SCALE UP 🔼
16885,27.470703125,0.2513542175292969,6,REACTIVE UP ⚠️
16890,0.026153564453125,0.0,1,REACTIVE UP ⚠️
16895,0.021514892578125,0.09951863437891006,1,SCALE UP 🔼
16910,0.01751708984375,0.10722102969884872,1,SCALE UP 🔼
16940,0.0005607604980468,19.575979232788086,4,SCALE UP 🔼
16970,0.0121498107910156,0.09576988220214844,1,SCALE UP 🔼
16980,0.0058012008666992,0.0,1,REACTIVE UP ⚠️
16985,0.1355361938476562,0.20177766680717468,1,SCALE UP 🔼
17020,1.1417236328125,0.09407998621463776,1,REACTIVE UP ⚠️
17029,0.0,0.0,1,MAINTAIN
17040,0.0110893249511718,0.16857805848121643,1,SCALE UP 🔼
17060,0.0274009704589843,0.1281382441520691,1,SCALE UP 🔼
17085,0.0009517669677734,1.1458944082260132,1,SCALE UP 🔼
17090,0.0083770751953125,0.0882231667637825,1,SCALE UP 🔼
17095,6.9994354248046875,0.02145346999168396,2,REACTIVE UP ⚠️
17125,0.04949951171875,0.1233537420630455,1,SCALE UP 🔼
17145,0.0216960906982421,0.04199730604887009,1,SCALE UP 🔼
17150,0.1307373046875,0.008074569515883923,1,REACTIVE UP ⚠️
17156,0.0017337799072265,7.490174770355225,2,SCALE UP 🔼
17160,0.639404296875,0.0718037337064743,1,REACTIVE UP ⚠️
17180,0.0136985778808593,0.10714401304721832,1,SCALE UP 🔼
17190,0.0174598693847656,0.22495804727077484,1,SCALE UP 🔼
17210,1.4176025390625,0.07211652398109436,1,REACTIVE UP ⚠️
17215,0.0381317138671875,0.11782698333263397,1,SCALE UP 🔼
17220,0.0010910034179687,0.19979889690876007,1,SCALE UP 🔼
17235,0.0029830932617187,0.1515529900789261,1,SCALE UP 🔼
17240,0.0048227310180664,1.4605307579040527,1,SCALE UP 🔼
17250,0.0113372802734375,0.136324942111969,1,SCALE UP 🔼
17255,0.0279712677001953,0.052479591220617294,1,SCALE UP 🔼
17260,0.0492630004882812,0.10549820214509964,1,SCALE UP 🔼
17275,0.0014305114746093,0.09442392736673355,1,SCALE UP 🔼
17310,1.6680145263671875,0.15789739787578583,1,REACTIVE UP ⚠️
17324,0.0,0.10820606350898743,1,SCALE UP 🔼
17355,0.0007343292236328,0.05951037257909775,1,SCALE UP 🔼
17365,0.14697265625,0.07919143885374069,1,MAINTAIN
17385,0.156097412109375,1.3026353120803833,1,SCALE UP 🔼
17410,0.0013208389282226,0.09472998976707458,1,SCALE UP 🔼
17455,3.8265380859375,0.08129885792732239,1,REACTIVE UP ⚠️
17480,0.011505126953125,0.16002888977527618,1,SCALE UP 🔼
17487,0.0,0.20496807992458344,1,SCALE UP 🔼
17490,0.059356689453125,0.17428572475910187,1,SCALE UP 🔼
17500,0.05926513671875,3.1262052059173584,1,SCALE UP 🔼
17512,0.0020256042480468,0.08928162604570389,1,SCALE UP 🔼
17515,0.5841064453125,0.07667156308889389,1,REACTIVE UP ⚠️
17521,0.6983680725097656,0.12209493666887283,1,REACTIVE UP ⚠️
17525,0.0853271484375,0.10110624879598618,1,MAINTAIN
17530,0.232086181640625,0.14856643974781036,1,MAINTAIN
17536,0.0011672973632812,0.5021661520004272,1,SCALE UP 🔼
17540,0.0002603530883789,0.5904588103294373,1,SCALE UP 🔼
17570,0.1009521484375,0.15010954439640045,1,SCALE UP 🔼
17575,0.0414276123046875,0.27484795451164246,1,SCALE UP 🔼
17580,0.03350830078125,0.02314731851220131,1,MAINTAIN
17585,0.003829002380371,0.10555081069469452,1,SCALE UP 🔼
17590,0.6458587646484375,0.2237687110900879,1,REACTIVE UP ⚠️
17600,0.0239973068237304,0.11622723937034607,1,SCALE UP 🔼
17601,0.0,0.10563667118549347,1,SCALE UP 🔼
17610,0.0053138732910156,0.05684947967529297,1,SCALE UP 🔼
17611,0.0131607055664062,0.5603683590888977,1,SCALE UP 🔼
17615,0.0059690475463867,0.10075979679822922,1,SCALE UP 🔼
17619,0.0015068054199218,0.08409792929887772,1,SCALE UP 🔼
17620,0.0504684448242187,0.08535724878311157,1,SCALE UP 🔼
17625,0.1235818862915039,0.08907637000083923,1,MAINTAIN
17636,0.025115966796875,0.06138034909963608,1,SCALE UP 🔼
17658,0.0,0.08247943222522736,1,SCALE UP 🔼
17674,1.28448486328125,0.12237203121185303,1,REACTIVE UP ⚠️
17692,0.0,0.1835583746433258,1,SCALE UP 🔼
17731,4.548065185546875,0.10630548745393753,1,REACTIVE UP ⚠️
17770,0.4022369384765625,0.11438992619514465,1,REACTIVE UP ⚠️
17779,0.0,1.0039687156677246,1,SCALE UP 🔼
17785,0.0823974609375,0.08348902314901352,1,MAINTAIN
17810,0.0495071411132812,3.869752883911133,1,SCALE UP 🔼
17815,5.2341718673706055,0.4430849254131317,2,REACTIVE UP ⚠️
17825,0.0063056945800781,0.12130365520715714,1,SCALE UP 🔼
17860,0.007049560546875,0.14339131116867065,1,SCALE UP 🔼
17870,0.0557708740234375,0.12036165595054626,1,SCALE UP 🔼
17894,0.0,2.669396162033081,1,SCALE UP 🔼
17919,6.688484191894531,0.09856599569320679,2,REACTIVE UP ⚠️
17920,6.141357421875,0.09001350402832031,2,REACTIVE UP ⚠️
17935,0.0286026000976562,0.09807363897562027,1,SCALE UP 🔼
17940,0.000685691833496,0.10156165063381195,1,SCALE UP 🔼
17964,0.0043258666992187,4.16848611831665,1,SCALE UP 🔼
17965,31.11639404296875,4.445698261260986,7,REACTIVE UP ⚠️
17995,0.01171875,0.10442207008600235,1,SCALE UP 🔼
18006,0.0044479370117187,0.11433238536119461,1,SCALE UP 🔼
18007,0.0299224853515625,0.14708109200000763,1,SCALE UP 🔼
18010,8.296966552734375e-05,15.220298767089844,4,SCALE UP 🔼
18021,0.0,0.04255146533250809,1,SCALE UP 🔼
18022,0.0,0.09481772035360336,1,SCALE UP 🔼
18025,0.0,0.10104984790086746,1,SCALE UP 🔼
18028,0.1435279846191406,0.08231940865516663,1,MAINTAIN
18034,0.6890487670898438,0.0,1,REACTIVE UP ⚠️
18035,0.14959716796875,0.02201909013092518,1,REACTIVE UP ⚠️
18036,0.0013389587402343,0.0931098610162735,1,SCALE UP 🔼
18045,0.396484375,0.21288859844207764,1,MAINTAIN
18060,1.5880584716796875,0.8886591196060181,1,MAINTAIN
18076,0.0027618408203125,0.0997602716088295,1,SCALE UP 🔼
18092,0.0005817413330078,0.057680435478687286,1,SCALE UP 🔼
18095,0.0223541259765625,0.4154253900051117,1,SCALE UP 🔼
18100,0.0037155151367187,1.37131929397583,1,SCALE UP 🔼
18102,0.0024185180664062,0.08222295343875885,1,SCALE UP 🔼
18111,0.0015754699707031,0.0,1,REACTIVE UP ⚠️
18135,0.742523193359375,0.09419963508844376,1,REACTIVE UP ⚠️
18140,0.0020828247070312,0.10040691494941711,1,SCALE UP 🔼
18165,0.111236572265625,0.03084995411336422,1,REACTIVE UP ⚠️
18166,0.0140151977539062,0.06981731206178665,1,SCALE UP 🔼
18173,0.30908203125,0.9262993335723877,1,SCALE UP 🔼
18180,6.322998046875,0.17380736768245697,2,REACTIVE UP ⚠️
18185,0.0068292617797851,0.23507767915725708,1,SCALE UP 🔼
18205,0.0246734619140625,0.061076998710632324,1,SCALE UP 🔼
18210,0.54779052734375,0.3480457663536072,1,MAINTAIN
18215,0.4949293136596679,6.235174179077148,2,SCALE UP 🔼
18220,0.01763916015625,0.09661882370710373,1,SCALE UP 🔼
18225,0.9578323364257812,0.09660627692937851,1,REACTIVE UP ⚠️
18240,15.531463623046877,0.7984725832939148,4,REACTIVE UP ⚠️
18250,0.0778055191040039,0.48264604806900024,1,SCALE UP 🔼
18270,0.5364990234375,0.0,1,REACTIVE UP ⚠️
18280,0.0013999938964843,0.9188565611839294,1,SCALE UP 🔼
18285,0.0018768310546875,13.649483680725098,3,SCALE UP 🔼
18295,0.0036907196044921,0.09857553988695145,1,SCALE UP 🔼
18312,0.0007915496826171,0.5067283511161804,1,SCALE UP 🔼
18316,0.001021385192871,0.10601483285427094,1,SCALE UP 🔼
18355,0.0094785690307617,0.0083715645596385,1,MAINTAIN
18380,0.123321533203125,0.0,1,REACTIVE UP ⚠️
18392,0.0038909912109375,0.09376160055398941,1,SCALE UP 🔼
18410,0.5126953125,0.036391060799360275,1,REACTIVE UP ⚠️
18435,5.699353218078613,0.03583475202322006,2,REACTIVE UP ⚠️
18450,0.000436782836914,0.19197489321231842,1,SCALE UP 🔼
18465,0.0262451171875,0.014178384095430374,1,MAINTAIN
18475,0.0380401611328125,0.5860912203788757,1,SCALE UP 🔼
18485,0.0612258911132812,4.379082679748535,1,SCALE UP 🔼
18489,0.0003843307495117,0.21577930450439453,1,SCALE UP 🔼
18509,0.0001049041748046,0.10418055206537247,1,SCALE UP 🔼
18515,0.14129638671875,0.06373851001262665,1,REACTIVE UP ⚠️
18540,0.0,0.17797541618347168,1,SCALE UP 🔼
18545,0.4093780517578125,0.0,1,REACTIVE UP ⚠️
18555,0.6712646484375,0.14011318981647491,1,REACTIVE UP ⚠️
18585,0.11883544921875,0.22928330302238464,1,SCALE UP 🔼
18595,0.006148338317871,0.07749006897211075,1,SCALE UP 🔼
18600,0.0005378723144531,0.647775411605835,1,SCALE UP 🔼
18610,11.6729736328125,0.5093398690223694,3,REACTIVE UP ⚠️
18615,2.30657958984375,0.24132895469665527,1,REACTIVE UP ⚠️
18620,0.0015249252319335,0.09861011803150177,1,SCALE UP 🔼
18655,0.0008926391601562,0.10977165400981903,1,SCALE UP 🔼
18660,0.0069608688354492,16.58177375793457,4,SCALE UP 🔼
18665,0.397369384765625,1.630043625831604,1,SCALE UP 🔼
18675,0.003814697265625,0.15696094930171967,1,SCALE UP 🔼
18680,1.6351318359375,0.10277433693408966,1,REACTIVE UP ⚠️
18685,0.19482421875,0.14116504788398743,1,MAINTAIN
18690,0.224639892578125,0.043615859001874924,1,REACTIVE UP ⚠️
18701,0.0104150772094726,0.0,1,REACTIVE UP ⚠️
18715,0.0051498413085937,1.7289907932281494,1,SCALE UP 🔼
18731,0.0014266967773437,0.24668246507644653,1,SCALE UP 🔼
18755,0.3787117004394531,0.25642356276512146,1,MAINTAIN
18770,0.086517333984375,0.0,1,REACTIVE UP ⚠️
18785,0.1107177734375,0.055946074426174164,1,MAINTAIN
18813,0.0036392211914062,0.16514068841934204,1,SCALE UP 🔼
18820,0.000314712524414,0.3941578269004822,1,SCALE UP 🔼
18835,0.0068550109863281,0.15959948301315308,1,SCALE UP 🔼
18861,0.0097732543945312,0.10410436242818832,1,SCALE UP 🔼
18863,0.53302001953125,0.04833542928099632,1,REACTIVE UP ⚠️
18880,0.0149917602539062,0.050886064767837524,1,SCALE UP 🔼
18895,0.0027999877929687,0.08582834154367447,1,SCALE UP 🔼
18900,0.0019493103027343,0.06025935336947441,1,SCALE UP 🔼
18910,0.0016937255859375,0.4525972902774811,1,SCALE UP 🔼
18915,0.004277229309082,0.0757250264286995,1,SCALE UP 🔼
18920,0.01593017578125,0.04816064611077309,1,SCALE UP 🔼
18930,0.081024169921875,0.07522937655448914,1,MAINTAIN
18950,0.0006093978881835,0.07581187039613724,1,SCALE UP 🔼
18965,0.6545066833496094,0.09162639826536179,1,REACTIVE UP ⚠️
18980,0.2984695434570312,0.0921875461935997,1,REACTIVE UP ⚠️
19005,0.0010833740234375,0.14865851402282715,1,SCALE UP 🔼
19017,0.0058021545410156,0.07253581285476685,1,SCALE UP 🔼
19040,0.084869384765625,0.5429905652999878,1,SCALE UP 🔼
19045,0.0094776153564453,0.31666991114616394,1,SCALE UP 🔼
19050,18.125244140625,0.08994338661432266,4,REACTIVE UP ⚠️
19055,0.0002202987670898,0.09837044775485992,1,SCALE UP 🔼
19065,0.03753662109375,0.1517336368560791,1,SCALE UP 🔼
19070,0.01080322265625,0.0932527706027031,1,SCALE UP 🔼
19075,4.71068000793457,16.463760375976562,4,SCALE UP 🔼
19085,0.92120361328125,0.11732068657875061,1,REACTIVE UP ⚠️
19090,0.063720703125,0.15224774181842804,1,SCALE UP 🔼
19095,0.0640869140625,0.12876956164836884,1,SCALE UP 🔼
19124,0.0221128463745117,3.618638515472412,1,SCALE UP 🔼
19125,0.0077972412109375,0.3508749306201935,1,SCALE UP 🔼
19165,0.3006591796875,0.1308603733778,1,REACTIVE UP ⚠️
19170,0.0036449432373046,0.14112569391727448,1,SCALE UP 🔼
19190,0.0001077651977539,0.09571933001279831,1,SCALE UP 🔼
19199,0.0,0.0,1,MAINTAIN
19200,0.0004863739013671,0.16587290167808533,1,SCALE UP 🔼
19215,0.2806205749511719,0.12581312656402588,1,REACTIVE UP ⚠️
19220,0.0161962509155273,0.08663058280944824,1,SCALE UP 🔼
19240,0.0208740234375,0.08544282615184784,1,SCALE UP 🔼
19245,0.0022354125976562,0.01886580139398575,1,SCALE UP 🔼
19254,0.0058851242065429,0.25801730155944824,1,SCALE UP 🔼
19290,0.0005378723144531,0.10176128149032593,1,SCALE UP 🔼
19295,0.0039224624633789,0.10531159490346909,1,SCALE UP 🔼
19310,0.02935791015625,0.0787353515625,1,SCALE UP 🔼
19330,1.3525390625,0.05706659331917763,1,REACTIVE UP ⚠️
19348,0.1798334121704101,0.052437398582696915,1,REACTIVE UP ⚠️
19350,0.7914276123046875,0.0946742370724678,1,REACTIVE UP ⚠️
19355,0.8993301391601562,0.11557800322771072,1,REACTIVE UP ⚠️
19360,0.001072883605957,1.1447973251342773,1,SCALE UP 🔼
19380,2.141845703125,0.3547750413417816,1,REACTIVE UP ⚠️
19390,0.0110054016113281,0.7494325637817383,1,SCALE UP 🔼
19395,0.0330810546875,0.7331671118736267,1,SCALE UP 🔼
19410,0.006439208984375,0.09511604905128479,1,SCALE UP 🔼
19415,0.1035919189453125,1.6043719053268433,1,SCALE UP 🔼
19416,0.0008220672607421,0.09873230010271072,1,SCALE UP 🔼
19420,0.0013647079467773,0.07430878281593323,1,SCALE UP 🔼
19435,0.0003957748413085,0.04377558454871178,1,SCALE UP 🔼
19445,0.0004768371582031,0.22647397220134735,1,SCALE UP 🔼
19470,0.0203351974487304,0.041663724929094315,1,SCALE UP 🔼
19475,8.106231689453125e-05,0.08979657292366028,1,SCALE UP 🔼
19500,0.1196746826171875,0.11389444768428802,1,MAINTAIN
19505,2.07568359375,0.11927354335784912,1,REACTIVE UP ⚠️
19515,0.1571044921875,0.14878050982952118,1,MAINTAIN
19520,4.377777099609375,0.003568583633750677,1,REACTIVE UP ⚠️
19530,0.0123233795166015,0.19567540287971497,1,SCALE UP 🔼
19535,0.1671524047851562,1.83428955078125,1,SCALE UP 🔼
19540,0.012939453125,0.2132919728755951,1,SCALE UP 🔼
19543,0.0084114074707031,3.5534143447875977,1,SCALE UP 🔼
19545,0.084228515625,0.07632956653833389,1,MAINTAIN
19555,0.00543212890625,0.2242279350757599,1,SCALE UP 🔼
19560,0.03173828125,0.0,1,REACTIVE UP ⚠️
19565,0.0069046020507812,0.15197835862636566,1,SCALE UP 🔼
19580,5.183235168457031,0.14615148305892944,2,REACTIVE UP ⚠️
19585,0.0665349960327148,0.08744853734970093,1,SCALE UP 🔼
19596,0.5405759811401367,0.11702987551689148,1,REACTIVE UP ⚠️
19600,0.05859375,0.06734075397253036,1,MAINTAIN
19605,0.07122802734375,4.491872310638428,1,SCALE UP 🔼
19614,0.0005168914794921,0.08223403990268707,1,SCALE UP 🔼
19615,0.0013198852539062,0.6195855736732483,1,SCALE UP 🔼
19619,0.0014266967773437,0.12229346483945847,1,SCALE UP 🔼
19622,0.0112247467041015,0.21113793551921844,1,SCALE UP 🔼
19625,0.0025815963745117,0.0,1,REACTIVE UP ⚠️
19630,0.017242431640625,0.0767480656504631,1,SCALE UP 🔼
19660,0.009307861328125,0.07440034300088882,1,SCALE UP 🔼
19666,0.0,0.08952561765909195,1,SCALE UP 🔼
19675,0.0148162841796875,0.08044645935297012,1,SCALE UP 🔼
19680,0.0750732421875,0.06831017881631851,1,MAINTAIN
19687,1.1762313842773438,0.16787408292293549,1,REACTIVE UP ⚠️
19690,24.160400390625,0.16475430130958557,5,REACTIVE UP ⚠️
19695,0.0005683898925781,0.13336622714996338,1,SCALE UP 🔼
19702,0.0009841918945312,0.15690883994102478,1,SCALE UP 🔼
19705,0.10595703125,1.008589267730713,1,SCALE UP 🔼
19741,0.0007438659667968,45.389984130859375,10,SCALE UP 🔼
19743,0.0040435791015625,0.1549454778432846,1,SCALE UP 🔼
19770,0.0001153945922851,0.10468872636556625,1,SCALE UP 🔼
19785,0.02313232421875,0.18180763721466064,1,SCALE UP 🔼
19791,0.0094985961914062,0.0,1,REACTIVE UP ⚠️
19800,0.3480911254882812,0.0,1,REACTIVE UP ⚠️
19820,0.3743133544921875,0.07895584404468536,1,REACTIVE UP ⚠️
19835,0.0003013610839843,0.1230873093008995,1,SCALE UP 🔼
19855,0.0362396240234375,0.07860398292541504,1,SCALE UP 🔼
19865,0.0275840759277343,0.45016029477119446,1,SCALE UP 🔼
19875,0.0665512084960937,0.1946704387664795,1,SCALE UP 🔼
19900,0.0010452270507812,0.10146311670541763,1,SCALE UP 🔼
19908,0.001251220703125,0.11935048550367355,1,SCALE UP 🔼
19909,0.0,0.10751475393772125,1,SCALE UP 🔼
19925,0.000457763671875,0.18956835567951202,1,SCALE UP 🔼
19930,0.0035581588745117,0.04605719819664955,1,SCALE UP 🔼
19935,0.0047178268432617,0.14092135429382324,1,SCALE UP 🔼
19955,0.0465831756591796,0.105533167719841,1,SCALE UP 🔼
19975,6.961822509765625e-05,0.08275309205055237,1,SCALE UP 🔼
19985,0.0125885009765625,0.17954304814338684,1,SCALE UP 🔼
19990,0.084869384765625,0.09259577840566635,1,MAINTAIN
20000,0.0,0.1344597041606903,1,SCALE UP 🔼
20005,0.0015077590942382,0.10152117162942886,1,SCALE UP 🔼
20010,0.0105743408203125,0.1282431185245514,1,SCALE UP 🔼
20025,0.0008802413940429,0.1786230355501175,1,SCALE UP 🔼
20040,0.0182552337646484,0.25895488262176514,1,SCALE UP 🔼
20055,1.019287109375,0.1403058022260666,1,REACTIVE UP ⚠️
20074,0.0034475326538085,0.1261284053325653,1,SCALE UP 🔼
20075,0.0010013580322265,0.11293309926986694,1,SCALE UP 🔼
20085,0.0021657943725585,0.10770584642887115,1,SCALE UP 🔼
20130,0.2655029296875,1.046844482421875,1,SCALE UP 🔼
20140,0.0037059783935546,0.10323267430067062,1,SCALE UP 🔼
20145,0.5462646484375,0.09673614054918289,1,REACTIVE UP ⚠️
20165,0.0024967193603515,0.09493672102689743,1,SCALE UP 🔼
20210,0.0002803802490234,0.30148380994796753,1,SCALE UP 🔼
20216,0.0003824234008789,0.07292152941226959,1,SCALE UP 🔼
20220,0.654876708984375,0.5414327383041382,1,MAINTAIN
20230,0.087432861328125,0.10929197818040848,1,SCALE UP 🔼
20242,0.0006656646728515,0.09103792905807495,1,SCALE UP 🔼
20250,0.1391448974609375,0.10936000943183899,1,MAINTAIN
20252,0.0318832397460937,0.5754978060722351,1,SCALE UP 🔼
20260,0.010040283203125,0.20434173941612244,1,SCALE UP 🔼
20285,5.65692138671875,0.08799662441015244,2,REACTIVE UP ⚠️
20292,0.079233169555664,0.20109966397285461,1,SCALE UP 🔼
20305,6.29425048828125e-05,0.09736804664134979,1,SCALE UP 🔼
20315,0.0129919052124023,0.10191195458173752,1,SCALE UP 🔼
20320,0.002227783203125,3.9387643337249756,1,SCALE UP 🔼
20342,0.0920639038085937,0.1301838755607605,1,SCALE UP 🔼
20380,0.0077171325683593,0.10324746370315552,1,SCALE UP 🔼
20388,0.0077095031738281,0.0892578512430191,1,SCALE UP 🔼
20394,0.000986099243164,0.060399509966373444,1,SCALE UP 🔼
20420,0.0037574768066406,0.22998884320259094,1,SCALE UP 🔼
20429,0.0015678405761718,0.0940091609954834,1,SCALE UP 🔼
20435,0.0122451782226562,0.0964079424738884,1,SCALE UP 🔼
20440,1.529271125793457,0.08657927811145782,1,REACTIVE UP ⚠️
20445,0.0136184692382812,0.07581990212202072,1,SCALE UP 🔼
20455,0.065826416015625,0.00852095615118742,1,REACTIVE UP ⚠️
20465,1.2090301513671875,0.10996734350919724,1,REACTIVE UP ⚠️
20482,0.0012016296386718,1.1139410734176636,1,SCALE UP 🔼
20484,0.0085830688476562,0.09334257990121841,1,SCALE UP 🔼
20505,0.677032470703125,0.13573642075061798,1,REACTIVE UP ⚠️
20515,0.0131378173828125,1.1059060096740723,1,SCALE UP 🔼
20540,2.061767578125,0.08753601461648941,1,REACTIVE UP ⚠️
20554,0.01898193359375,0.12910236418247223,1,SCALE UP 🔼
20555,0.01007080078125,0.5930131077766418,1,SCALE UP 🔼
20559,0.0014381408691406,0.1005464494228363,1,SCALE UP 🔼
20565,0.000288963317871,1.7030564546585083,1,SCALE UP 🔼
20570,0.0001478195190429,0.09502459317445755,1,SCALE UP 🔼
20574,0.0,0.05476276949048042,1,SCALE UP 🔼
20595,0.1207122802734375,0.18134929239749908,1,SCALE UP 🔼
20615,0.121337890625,0.09046382457017899,1,MAINTAIN
20625,0.096588134765625,0.006014518905431032,1,REACTIVE UP ⚠️
20660,0.02764892578125,0.08877633512020111,1,SCALE UP 🔼
20664,0.0015640258789062,0.15013888478279114,1,SCALE UP 🔼
20665,0.17779541015625,0.1580376774072647,1,MAINTAIN
20680,0.0068740844726562,0.16332407295703888,1,SCALE UP 🔼
20682,0.0048847198486328,0.06989125162363052,1,SCALE UP 🔼
20684,0.001413345336914,0.0854719951748848,1,SCALE UP 🔼
20705,0.0557861328125,0.272096186876297,1,SCALE UP 🔼
20720,0.104522705078125,0.07672300189733505,1,MAINTAIN
20726,0.1167640686035156,0.08799513429403305,1,MAINTAIN
20730,0.0230941772460937,0.06604111939668655,1,SCALE UP 🔼
20738,0.0010700225830078,0.13509675860404968,1,SCALE UP 🔼
20740,0.4892578125,0.17223505675792694,1,REACTIVE UP ⚠️
20745,0.1924324035644531,0.17841854691505432,1,MAINTAIN
20750,0.000864028930664,0.0956030935049057,1,SCALE UP 🔼
20770,0.0013179779052734,0.11182686686515808,1,SCALE UP 🔼
20785,0.03631591796875,0.45435407757759094,1,SCALE UP 🔼
20790,4.7552490234375,0.24274641275405884,1,REACTIVE UP ⚠️
20813,0.0,0.07271385937929153,1,SCALE UP 🔼
20815,7.080810546875,0.07452470064163208,2,REACTIVE UP ⚠️
20820,0.0065689086914062,0.18993651866912842,1,SCALE UP 🔼
20850,0.4822616577148437,3.2756261825561523,1,SCALE UP 🔼
20852,0.0015392303466796,0.0901913270354271,1,SCALE UP 🔼
20865,0.1780891418457031,5.752697467803955,2,SCALE UP 🔼
20875,0.03759765625,0.08111297339200974,1,SCALE UP 🔼
20880,0.3106765747070312,0.6697114706039429,1,SCALE UP 🔼
20885,0.0001344680786132,0.0,1,REACTIVE UP ⚠️
20890,0.1613998413085937,0.25801897048950195,1,SCALE UP 🔼
20900,0.0003366470336914,0.11770574748516083,1,SCALE UP 🔼
20905,0.1264572143554687,0.32832786440849304,1,SCALE UP 🔼
20920,0.0936508178710937,0.0845588967204094,1,MAINTAIN
20922,0.0001821517944335,0.15212342143058777,1,SCALE UP 🔼
20930,0.077880859375,0.06953174620866776,1,MAINTAIN
20945,0.0001487731933593,0.13188910484313965,1,SCALE UP 🔼
20952,0.0005311965942382,0.22948303818702698,1,SCALE UP 🔼
20955,0.0,0.11906080693006516,1,SCALE UP 🔼
20959,0.0007133483886718,0.11263059079647064,1,SCALE UP 🔼
20960,0.0014448165893554,0.08131612092256546,1,SCALE UP 🔼
20975,0.02581787109375,0.05285610631108284,1,SCALE UP 🔼
20990,0.0035905838012695,0.06769861280918121,1,SCALE UP 🔼
20995,0.131988525390625,0.0730639174580574,1,MAINTAIN
21005,0.0035810470581054,0.14033150672912598,1,SCALE UP 🔼
21010,0.1575965881347656,0.16601912677288055,1,MAINTAIN
21015,0.0001039505004882,0.07535973936319351,1,SCALE UP 🔼
21030,0.0001544952392578,0.19930407404899597,1,SCALE UP 🔼
21035,6.136131286621094,0.10004246979951859,2,REACTIVE UP ⚠️
21036,0.0003681182861328,0.22488518059253693,1,SCALE UP 🔼
21061,0.0,0.13969942927360535,1,SCALE UP 🔼
21066,0.0011253356933593,0.18225403130054474,1,SCALE UP 🔼
21085,0.0013484954833984,4.536829948425293,1,SCALE UP 🔼
21095,0.0,0.10054530948400497,1,SCALE UP 🔼
21100,0.0144195556640625,0.0821896493434906,1,SCALE UP 🔼
21105,0.1003379821777343,0.08572956919670105,1,MAINTAIN
21108,0.0008497238159179,0.09050340950489044,1,SCALE UP 🔼
21110,0.0734710693359375,0.0,1,REACTIVE UP ⚠️
21140,2.4257774353027344,0.10583942383527756,1,REACTIVE UP ⚠️
21141,2.86102294921875e-06,0.17937421798706055,1,SCALE UP 🔼
21145,0.0014114379882812,0.09317182004451752,1,SCALE UP 🔼
21177,0.0006599426269531,0.15239354968070984,1,SCALE UP 🔼
21180,0.110015869140625,1.9812341928482056,1,SCALE UP 🔼
21185,0.0250396728515625,0.17032985389232635,1,SCALE UP 🔼
21190,0.0044822692871093,0.1640465259552002,1,SCALE UP 🔼
21195,15.06640625,0.13139468431472778,4,REACTIVE UP ⚠️
21197,0.0081195831298828,0.2202298790216446,1,SCALE UP 🔼
21200,0.017333984375,0.006014406681060791,1,REACTIVE UP ⚠️
21203,0.0011444091796875,0.0879686027765274,1,SCALE UP 🔼
21205,0.0,11.682875633239746,3,SCALE UP 🔼
21211,0.1870880126953125,0.11142744868993759,1,MAINTAIN
21225,0.0010433197021484,0.09435897320508957,1,SCALE UP 🔼
21235,0.1072454452514648,0.0417986735701561,1,REACTIVE UP ⚠️
21240,0.0693359375,0.16077306866645813,1,SCALE UP 🔼
21249,0.0016803741455078,0.0,1,REACTIVE UP ⚠️
21255,2.297515869140625,0.13447114825248718,1,REACTIVE UP ⚠️
21280,0.045842170715332,0.18671448528766632,1,SCALE UP 🔼
21300,0.2223548889160156,0.27638867497444153,1,SCALE UP 🔼
21305,0.7112503051757812,0.18587104976177216,1,REACTIVE UP ⚠️
21315,1.39947509765625,1.348154902458191,1,MAINTAIN
21325,0.0833368301391601,0.137269526720047,1,SCALE UP 🔼
21336,0.0369644165039062,0.29155734181404114,1,SCALE UP 🔼
21355,0.0078792572021484,0.8718032836914062,1,SCALE UP 🔼
21375,0.0097732543945312,1.1186634302139282,1,SCALE UP 🔼
21385,16.4154052734375,0.05535686016082764,4,REACTIVE UP ⚠️
21405,0.0118026733398437,0.12196166813373566,1,SCALE UP 🔼
21411,0.0001106262207031,0.07081031799316406,1,SCALE UP 🔼
21430,0.0032615661621093,0.17450012266635895,1,SCALE UP 🔼
21445,0.0450439453125,10.180140495300293,3,SCALE UP 🔼
21455,19.200439453125,0.06735042482614517,4,REACTIVE UP ⚠️
21460,0.0016059875488281,0.09530825167894363,1,SCALE UP 🔼
21470,0.271636962890625,0.08633448928594589,1,REACTIVE UP ⚠️
21475,0.0699272155761718,0.1184784322977066,1,SCALE UP 🔼
21498,0.09912109375,10.56845760345459,3,SCALE UP 🔼
21505,0.0025434494018554,0.060530588030815125,1,SCALE UP 🔼
21510,0.130615234375,0.35201650857925415,1,SCALE UP 🔼
21515,0.0345897674560546,0.16681407392024994,1,SCALE UP 🔼
21525,0.002471923828125,0.1744389683008194,1,SCALE UP 🔼
21527,0.0035820007324218,0.0,1,REACTIVE UP ⚠️
21537,14.21435546875,0.2683336138725281,3,REACTIVE UP ⚠️
21545,0.0002050399780273,0.19171734154224396,1,SCALE UP 🔼
21557,0.0,0.13284680247306824,1,SCALE UP 🔼
21570,0.0080413818359375,0.11312104016542435,1,SCALE UP 🔼
21573,0.0060615539550781,5.427397727966309,2,SCALE UP 🔼
21580,0.016082763671875,0.09711243212223053,1,SCALE UP 🔼
21585,0.0043182373046875,0.08630827814340591,1,SCALE UP 🔼
21593,0.0262641906738281,0.1008446216583252,1,SCALE UP 🔼
21605,0.0960187911987304,0.1057746484875679,1,MAINTAIN
21610,0.0006990432739257,0.04428347572684288,1,SCALE UP 🔼
21617,0.0017814636230468,0.13160941004753113,1,SCALE UP 🔼
21620,2.20458984375,0.08438476175069809,1,REACTIVE UP ⚠️
21630,0.0769205093383789,0.1553800255060196,1,SCALE UP 🔼
21634,0.0,0.08136195689439774,1,SCALE UP 🔼
21700,0.0009403228759765,0.08317452669143677,1,SCALE UP 🔼
21710,0.9620475769042968,1.844097375869751,1,SCALE UP 🔼
21720,0.0814208984375,0.1246362030506134,1,SCALE UP 🔼
21750,0.0019607543945312,0.09938106685876846,1,SCALE UP 🔼
21755,0.004730224609375,0.09123833477497101,1,SCALE UP 🔼
21765,0.178253173828125,1.0127228498458862,1,SCALE UP 🔼
21775,2.075592041015625,0.1212959885597229,1,REACTIVE UP ⚠️
21780,0.794921875,0.057415541261434555,1,REACTIVE UP ⚠️
21790,0.0031566619873046,0.11605041474103928,1,SCALE UP 🔼
21800,0.0018024444580078,0.2136637270450592,1,SCALE UP 🔼
21815,0.086181640625,1.932896375656128,1,SCALE UP 🔼
21820,0.7787704467773438,0.6808742880821228,1,MAINTAIN
21823,0.0,0.08875641226768494,1,SCALE UP 🔼
21830,0.0030097961425781,0.08238019049167633,1,SCALE UP 🔼
21840,0.5694427490234375,0.14137010276317596,1,REACTIVE UP ⚠️
21855,0.0002374649047851,0.6952488422393799,1,SCALE UP 🔼
21861,0.0012931823730468,0.0567106157541275,1,SCALE UP 🔼
21870,3.8276538848876953,0.0893438532948494,1,REACTIVE UP ⚠️
21885,0.0001296997070312,0.5322918891906738,1,SCALE UP 🔼
21900,1.5325927734375,0.05919996649026871,1,REACTIVE UP ⚠️
21940,0.0074291229248046,0.03024556301534176,1,SCALE UP 🔼
21945,0.0246734619140625,3.208843469619751,1,SCALE UP 🔼
21951,0.0007295608520507,0.07907971739768982,1,SCALE UP 🔼
21960,0.0002222061157226,1.518548607826233,1,SCALE UP 🔼
21970,0.0002927780151367,0.12204733490943909,1,SCALE UP 🔼
21980,0.002206802368164,0.06957947462797165,1,SCALE UP 🔼
21997,0.0009956359863281,0.041607122868299484,1,SCALE UP 🔼
21998,0.0012893676757812,0.08950798958539963,1,SCALE UP 🔼
22015,0.0271987915039062,0.033596690744161606,1,SCALE UP 🔼
22025,0.0001049041748046,0.11657454073429108,1,SCALE UP 🔼
22040,0.0001020431518554,0.0731235072016716,1,SCALE UP 🔼
22045,0.0012588500976562,0.019636688753962517,1,SCALE UP 🔼
22050,0.57366943359375,0.11028417199850082,1,REACTIVE UP ⚠️
22070,0.42462158203125,0.04140748456120491,1,REACTIVE UP ⚠️
22090,0.8106765747070312,0.13151070475578308,1,REACTIVE UP ⚠️
22100,0.0135498046875,0.09096620976924896,1,SCALE UP 🔼
22102,0.0006084442138671,0.5118716955184937,1,SCALE UP 🔼
22105,3.008087158203125,0.397426038980484,1,REACTIVE UP ⚠️
22110,0.144287109375,0.7019873261451721,1,SCALE UP 🔼
22139,0.0302209854125976,0.08571618795394897,1,SCALE UP 🔼
22143,0.1393890380859375,0.1312839239835739,1,MAINTAIN
22150,0.1784820556640625,2.1057121753692627,1,SCALE UP 🔼
22155,0.03143310546875,0.26847293972969055,1,SCALE UP 🔼
22165,0.2080631256103515,0.10609077662229538,1,MAINTAIN
22175,0.024200439453125,0.20281252264976501,1,SCALE UP 🔼
22185,0.0060081481933593,0.23848360776901245,1,SCALE UP 🔼
22205,0.0009994506835937,0.0,1,REACTIVE UP ⚠️
22210,7.05718994140625e-05,0.28599637746810913,1,SCALE UP 🔼
22220,0.3213577270507812,0.09415353089570999,1,REACTIVE UP ⚠️
22235,0.0168666839599609,0.1032617911696434,1,SCALE UP 🔼
22240,0.0,0.0898684561252594,1,SCALE UP 🔼
22255,0.2138175964355468,0.04634091258049011,1,REACTIVE UP ⚠️
22258,9.34600830078125e-05,0.34716716408729553,1,SCALE UP 🔼
22260,0.0093002319335937,0.12583869695663452,1,SCALE UP 🔼
22277,0.0092010498046875,0.12043549120426178,1,SCALE UP 🔼
22280,0.7587890625,0.24886897206306458,1,REACTIVE UP ⚠️
22295,1.3734970092773438,0.058256763964891434,1,REACTIVE UP ⚠️
22296,0.005615234375,0.09185285121202469,1,SCALE UP 🔼
22300,9.853050231933594,0.09012674540281296,2,REACTIVE UP ⚠️
22306,0.0007390975952148,0.7290232181549072,1,SCALE UP 🔼
22335,0.016693115234375,1.0806527137756348,1,SCALE UP 🔼
22340,0.15087890625,0.07492377609014511,1,REACTIVE UP ⚠️
22357,0.0012321472167968,7.346604347229004,2,SCALE UP 🔼
22365,0.5812835693359375,0.0840490385890007,1,REACTIVE UP ⚠️
22375,1.0788536071777344,0.05126075819134712,1,REACTIVE UP ⚠️
22385,35.267333984375,0.16478680074214935,8,REACTIVE UP ⚠️
22390,0.0964956283569336,0.14376315474510193,1,SCALE UP 🔼
22396,0.0,0.5675190687179565,1,SCALE UP 🔼
22400,0.0183143615722656,0.9101051092147827,1,SCALE UP 🔼
22405,0.0038824081420898,22.572553634643555,5,SCALE UP 🔼
22419,0.0017986297607421,0.1458827406167984,1,SCALE UP 🔼
22430,2.0465087890625,0.08575011789798737,1,REACTIVE UP ⚠️
22445,0.07611083984375,0.036919377744197845,1,REACTIVE UP ⚠️
22450,0.003570556640625,0.19213683903217316,1,SCALE UP 🔼
22485,0.0038919448852539,0.0,1,REACTIVE UP ⚠️
22489,0.0040054321289062,1.9429152011871338,1,SCALE UP 🔼
22490,0.5306396484375,0.1522471159696579,1,REACTIVE UP ⚠️
22495,1.8218994140625,0.03713151440024376,1,REACTIVE UP ⚠️
22502,0.000823974609375,0.10222145915031433,1,SCALE UP 🔼
22513,0.0014801025390625,0.0,1,REACTIVE UP ⚠️
22515,0.0004749298095703,0.5254485011100769,1,SCALE UP 🔼
22520,4.2925567626953125,1.4908443689346313,1,REACTIVE UP ⚠️
22535,0.000432014465332,0.07056388258934021,1,SCALE UP 🔼
22550,0.0134735107421875,0.07192134857177734,1,SCALE UP 🔼
22560,0.0065746307373046,0.0,1,REACTIVE UP ⚠️
22565,0.0137939453125,2.5691914558410645,1,SCALE UP 🔼
22577,0.0,0.17388325929641724,1,SCALE UP 🔼
22585,0.027923583984375,0.10031179338693619,1,SCALE UP 🔼
22590,0.0005998611450195,0.1069982573390007,1,SCALE UP 🔼
22595,0.274627685546875,0.0671527087688446,1,REACTIVE UP ⚠️
22600,0.3833770751953125,0.0,1,REACTIVE UP ⚠️
22603,1.9073486328125e-06,0.08583685755729675,1,SCALE UP 🔼
22624,0.0009994506835937,0.19684000313282013,1,SCALE UP 🔼
22635,0.0001115798950195,0.3308103680610657,1,SCALE UP 🔼
22647,0.0,0.4203341007232666,1,SCALE UP 🔼
22650,0.19940185546875,0.05834723263978958,1,REACTIVE UP ⚠️
22675,0.326416015625,0.06337949633598328,1,REACTIVE UP ⚠️
22676,0.0,0.08496178686618805,1,SCALE UP 🔼
22685,10.6573486328125,0.15233969688415527,3,REACTIVE UP ⚠️
22690,0.0081024169921875,0.29771384596824646,1,SCALE UP 🔼
22702,0.2096328735351562,0.35963013768196106,1,SCALE UP 🔼
22720,0.010284423828125,0.09120747447013855,1,SCALE UP 🔼
22735,0.0053672790527343,10.774469375610352,3,SCALE UP 🔼
22737,0.0417098999023437,0.07963644713163376,1,SCALE UP 🔼
22750,0.0212860107421875,0.32439932227134705,1,SCALE UP 🔼
22765,0.0039052963256835,0.0932222232222557,1,SCALE UP 🔼
22780,0.0054931640625,0.10258442163467407,1,SCALE UP 🔼
22790,0.000345230102539,0.0,1,REACTIVE UP ⚠️
22805,0.029541015625,0.19676542282104492,1,SCALE UP 🔼
22825,0.0288009643554687,0.09300980716943741,1,SCALE UP 🔼
22830,0.0015316009521484,0.1169339269399643,1,SCALE UP 🔼
22835,0.42352294921875,0.10500668734312057,1,REACTIVE UP ⚠️
22855,0.106201171875,0.0559825636446476,1,MAINTAIN
22865,0.0447254180908203,0.22005198895931244,1,SCALE UP 🔼
22890,0.0005865097045898,0.10066892951726913,1,SCALE UP 🔼
22895,0.0001192092895507,0.48474860191345215,1,SCALE UP 🔼
22900,0.0063705444335937,0.1940128356218338,1,SCALE UP 🔼
22925,0.011754035949707,0.10149975121021271,1,SCALE UP 🔼
22927,0.0008401870727539,0.2011321634054184,1,SCALE UP 🔼
22930,0.0013046264648437,0.16434462368488312,1,SCALE UP 🔼
22931,0.0001277923583984,0.1823836863040924,1,SCALE UP 🔼
22945,2.1554040908813477,0.10826632380485535,1,REACTIVE UP ⚠️
22947,0.0169582366943359,0.07107184827327728,1,SCALE UP 🔼
22950,0.062530517578125,0.12096097320318222,1,SCALE UP 🔼
22970,0.0483207702636718,0.10435979813337326,1,SCALE UP 🔼
22975,0.0018043518066406,2.1957573890686035,1,SCALE UP 🔼
23000,0.0006818771362304,0.10233495384454727,1,SCALE UP 🔼
23015,0.0073146820068359,0.1607649177312851,1,SCALE UP 🔼
23045,0.4819259643554687,0.1287739872932434,1,REACTIVE UP ⚠️
23055,0.0045127868652343,0.12379402667284012,1,SCALE UP 🔼
23065,0.0028495788574218,0.1307736039161682,1,SCALE UP 🔼
23075,0.2579803466796875,0.0989588275551796,1,REACTIVE UP ⚠️
23080,0.0001239776611328,0.46712636947631836,1,SCALE UP 🔼
23093,0.0018024444580078,0.09308446198701859,1,SCALE UP 🔼
23095,0.0022621154785156,0.08733419328927994,1,SCALE UP 🔼
23100,0.0878572463989257,0.253795325756073,1,SCALE UP 🔼
23115,0.0755863189697265,0.10735789686441422,1,SCALE UP 🔼
23125,0.0557813644409179,0.13475368916988373,1,SCALE UP 🔼
23127,0.0683212280273437,0.0850474089384079,1,SCALE UP 🔼
23145,0.0030097961425781,0.15885920822620392,1,SCALE UP 🔼
23152,0.0009708404541015,0.12977449595928192,1,SCALE UP 🔼
23160,0.0031089782714843,0.09928786754608154,1,SCALE UP 🔼
23180,0.008697509765625,0.1299724280834198,1,SCALE UP 🔼
23210,0.75933837890625,0.08632827550172806,1,REACTIVE UP ⚠️
23215,0.0001993179321289,0.08507225662469864,1,SCALE UP 🔼
23225,0.0047063827514648,0.09276284277439117,1,SCALE UP 🔼
23230,0.099609375,0.1269075572490692,1,SCALE UP 🔼
23232,0.0,0.5879603028297424,1,SCALE UP 🔼
23240,0.1806182861328125,0.08942561596632004,1,REACTIVE UP ⚠️
23260,0.1003875732421875,0.09329169243574142,1,MAINTAIN
23265,0.296417236328125,0.16114315390586853,1,MAINTAIN
23270,0.0004835128784179,0.0822012647986412,1,SCALE UP 🔼
23285,3.17822265625,0.22437894344329834,1,REACTIVE UP ⚠️
23286,0.0085611343383789,0.17584869265556335,1,SCALE UP 🔼
23302,0.0,0.2978004217147827,1,SCALE UP 🔼
23325,0.1444091796875,0.08160024881362915,1,MAINTAIN
23355,0.434814453125,1.9401428699493408,1,SCALE UP 🔼
23380,0.0920677185058593,0.0808078721165657,1,MAINTAIN
23385,0.0007152557373046,0.0898040160536766,1,SCALE UP 🔼
23387,0.0,0.2104979008436203,1,SCALE UP 🔼
23400,0.068817138671875,0.5204412341117859,1,SCALE UP 🔼
23405,0.0023097991943359,0.11773312836885452,1,SCALE UP 🔼
23410,2.975128173828125,0.09714236855506897,1,REACTIVE UP ⚠️
23425,5.79052734375,0.07953666895627975,2,REACTIVE UP ⚠️
23436,0.0,0.147283136844635,1,SCALE UP 🔼
23455,0.0023813247680664,0.06828024238348007,1,SCALE UP 🔼
23500,0.0748443603515625,2.2587740421295166,1,SCALE UP 🔼
23505,0.0007972717285156,4.819839954376221,1,SCALE UP 🔼
23513,0.0055217742919921,0.07517262548208237,1,SCALE UP 🔼
23515,0.0005340576171875,0.06851965188980103,1,SCALE UP 🔼
23542,0.0006647109985351,0.1317124217748642,1,SCALE UP 🔼
23543,0.0,0.009554875083267689,1,SCALE UP 🔼
23545,0.000166893005371,0.07042405009269714,1,SCALE UP 🔼
23550,14.71014404296875,0.08952323347330093,3,REACTIVE UP ⚠️
23552,0.0086021423339843,0.08249960094690323,1,SCALE UP 🔼
23554,0.0206298828125,0.08046050369739532,1,SCALE UP 🔼
23565,0.0534906387329101,0.041200000792741776,1,MAINTAIN
23569,0.0016803741455078,9.42935848236084,2,SCALE UP 🔼
23570,0.0534229278564453,0.08628235012292862,1,SCALE UP 🔼
23585,0.001530647277832,0.14668643474578857,1,SCALE UP 🔼
23605,1.3612060546875,0.11863192170858383,1,REACTIVE UP ⚠️
23615,0.2296600341796875,0.05813680589199066,1,REACTIVE UP ⚠️
23625,0.015472412109375,0.0,1,REACTIVE UP ⚠️
23630,0.0325927734375,0.07987616956233978,1,SCALE UP 🔼
23635,1.0633468627929688,1.2865809202194214,1,SCALE UP 🔼
23636,0.0005092620849609,0.28310611844062805,1,SCALE UP 🔼
23645,0.0809516906738281,0.16027453541755676,1,SCALE UP 🔼
23646,0.0193901062011718,0.029525693506002426,1,SCALE UP 🔼
23671,0.0,0.8788264393806458,1,SCALE UP 🔼
23675,0.0414581298828125,0.10806937515735626,1,SCALE UP 🔼
23683,0.003662109375,0.15250515937805176,1,SCALE UP 🔼
23685,0.0005035400390625,0.10278170555830002,1,SCALE UP 🔼
23705,0.095703125,0.041178978979587555,1,REACTIVE UP ⚠️
23708,0.006474494934082,0.1166902557015419,1,SCALE UP 🔼
23715,0.0001535415649414,0.11061561107635498,1,SCALE UP 🔼
23721,0.0006055831909179,0.08439916372299194,1,SCALE UP 🔼
23725,0.0242919921875,0.17364968359470367,1,SCALE UP 🔼
23740,0.0004310607910156,0.0803353413939476,1,SCALE UP 🔼
23755,0.953369140625,0.05135094001889229,1,REACTIVE UP ⚠️
23780,0.145111083984375,0.05569321662187576,1,REACTIVE UP ⚠️
23790,0.1206722259521484,0.10734178125858307,1,MAINTAIN
23805,10.384674072265623,0.08044333755970001,3,REACTIVE UP ⚠️
23814,0.0096588134765625,1.125139832496643,1,SCALE UP 🔼
23835,0.0002241134643554,0.19769461452960968,1,SCALE UP 🔼
23852,0.0143508911132812,0.19521453976631165,1,SCALE UP 🔼
23865,0.0829582214355468,8.794049263000488,2,SCALE UP 🔼
23866,0.0013504028320312,0.08745023608207703,1,SCALE UP 🔼
23880,0.0011940002441406,0.036707788705825806,1,SCALE UP 🔼
23883,0.017669677734375,0.14774338901042938,1,SCALE UP 🔼
23890,0.0182323455810546,0.21256500482559204,1,SCALE UP 🔼
23900,0.0101852416992187,0.03165655955672264,1,SCALE UP 🔼
23910,0.0020647048950195,0.09679899364709854,1,SCALE UP 🔼
23924,0.0028610229492187,0.08850927650928497,1,SCALE UP 🔼
23930,0.053466796875,0.09612656384706497,1,SCALE UP 🔼
23955,0.0019960403442382,0.1446741819381714,1,SCALE UP 🔼
23960,0.0003747940063476,0.0,1,REACTIVE UP ⚠️
23963,0.0036697387695312,0.08487652987241745,1,SCALE UP 🔼
23977,0.0006122589111328,0.12651516497135162,1,SCALE UP 🔼
23980,0.0112009048461914,0.08820059150457382,1,SCALE UP 🔼
24010,0.8206939697265625,0.16032291948795319,1,REACTIVE UP ⚠️
24055,3.4310302734375,0.030964940786361694,1,REACTIVE UP ⚠️
24060,16.275787353515625,0.15663044154644012,4,REACTIVE UP ⚠️
24110,3.95599365234375,0.0956353023648262,1,REACTIVE UP ⚠️
24115,2.0267791748046875,0.8787452578544617,1,REACTIVE UP ⚠️
24148,0.0017757415771484,2.961320400238037,1,SCALE UP 🔼
24170,9.8896484375,18.796701431274414,4,SCALE UP 🔼
24185,0.7587890625,3.078965902328491,1,SCALE UP 🔼
24203,0.0006313323974609,1.8459559679031372,1,SCALE UP 🔼
24214,0.0,0.07111959904432297,1,SCALE UP 🔼
24220,0.2005119323730468,5.630002021789551,2,SCALE UP 🔼
24245,0.0,0.0,1,MAINTAIN
24250,2.808837890625,0.16727390885353088,1,REACTIVE UP ⚠️
24260,3.1796875,0.07445227354764938,1,REACTIVE UP ⚠️
24275,0.1028671264648437,0.2639198303222656,1,SCALE UP 🔼
24277,0.0007104873657226,0.0,1,REACTIVE UP ⚠️
24283,0.0008068084716796,1.5300434827804565,1,SCALE UP 🔼
24285,0.0861053466796875,2.3673224449157715,1,SCALE UP 🔼
24290,0.0707626342773437,0.1501084864139557,1,SCALE UP 🔼
24295,0.0010833740234375,0.053306642919778824,1,SCALE UP 🔼
24305,0.0033912658691406,0.09107397496700287,1,SCALE UP 🔼
24310,0.0207977294921875,0.1516890823841095,1,SCALE UP 🔼
24320,0.013458251953125,0.005795159377157688,1,REACTIVE UP ⚠️
24324,0.0007476806640625,0.05216648057103157,1,SCALE UP 🔼
24328,0.0,0.09661874175071716,1,SCALE UP 🔼
24330,0.652069091796875,0.05892809480428696,1,REACTIVE UP ⚠️
24340,0.3361282348632812,0.05651396885514259,1,REACTIVE UP ⚠️
24345,1.206438064575195,0.04335557296872139,1,REACTIVE UP ⚠️
24385,0.0425949096679687,0.09298186004161835,1,SCALE UP 🔼
24389,3.676429748535156,0.7084915637969971,1,REACTIVE UP ⚠️
24390,0.01055908203125,0.36238551139831543,1,SCALE UP 🔼
24400,0.0692138671875,1.4113928079605103,1,SCALE UP 🔼
24403,0.0,0.10593588650226593,1,SCALE UP 🔼
24415,0.1897125244140625,4.233134746551514,1,SCALE UP 🔼
24425,0.0654468536376953,0.12545250356197357,1,SCALE UP 🔼
24435,0.0082855224609375,0.1843995302915573,1,SCALE UP 🔼
24445,0.0004806518554687,0.015075065195560455,1,SCALE UP 🔼
24455,5.058197021484375,0.2718673050403595,2,REACTIVE UP ⚠️
24475,0.0030345916748046,0.0,1,REACTIVE UP ⚠️
24500,0.0073013305664062,0.07599114626646042,1,SCALE UP 🔼
24506,0.0,0.08394365757703781,1,SCALE UP 🔼
24515,0.0283107757568359,3.9592254161834717,1,SCALE UP 🔼
24525,0.0013151168823242,0.08682557940483093,1,SCALE UP 🔼
24530,0.0006904602050781,0.027264239266514778,1,SCALE UP 🔼
24535,0.1826171875,0.0737190917134285,1,REACTIVE UP ⚠️
24550,0.0557060241699218,0.1075439378619194,1,SCALE UP 🔼
24555,0.0247802734375,0.11648506671190262,1,SCALE UP 🔼
24558,0.0005035400390625,0.08912645280361176,1,SCALE UP 🔼
24565,0.4134521484375,0.1756213903427124,1,REACTIVE UP ⚠️
24569,0.0753936767578125,0.11290591955184937,1,SCALE UP 🔼
24575,0.003936767578125,0.10481404513120651,1,SCALE UP 🔼
24585,59.87109375,0.025529202073812485,12,REACTIVE UP ⚠️
24613,0.0999069213867187,0.3701546788215637,1,SCALE UP 🔼
24627,0.02130126953125,0.13019199669361115,1,SCALE UP 🔼
24631,0.0,0.09340906143188477,1,SCALE UP 🔼
24650,0.0853958129882812,40.277992248535156,9,SCALE UP 🔼
24655,0.0012531280517578,0.13340650498867035,1,SCALE UP 🔼
24660,0.0,0.07745791971683502,1,SCALE UP 🔼
24675,0.1569061279296875,0.09045298397541046,1,MAINTAIN
24755,0.0017547607421875,0.15575982630252838,1,SCALE UP 🔼
24760,11.62355136871338,0.0,3,REACTIVE UP ⚠️
24775,0.02349853515625,0.08121626079082489,1,SCALE UP 🔼
24780,0.0065460205078125,0.21433967351913452,1,SCALE UP 🔼
24785,0.0009708404541015,0.11287423968315125,1,SCALE UP 🔼
24795,0.017120361328125,5.831117630004883,2,SCALE UP 🔼
24815,0.00146484375,0.0,1,REACTIVE UP ⚠️
24854,0.0014667510986328,0.11335835605859756,1,SCALE UP 🔼
24860,0.000105857849121,0.08352851867675781,1,SCALE UP 🔼
24875,0.1847457885742187,0.09941530972719193,1,MAINTAIN
24880,1.10906982421875,0.041976071894168854,1,REACTIVE UP ⚠️
24885,0.0012359619140625,0.022145498543977737,1,SCALE UP 🔼
24894,8.79058837890625,0.0775780975818634,2,REACTIVE UP ⚠️
24920,0.48480224609375,0.21441857516765594,1,REACTIVE UP ⚠️
24930,0.2364501953125,0.8926349878311157,1,SCALE UP 🔼
24935,0.0087127685546875,0.0,1,REACTIVE UP ⚠️
24940,0.0,6.249162673950195,2,SCALE UP 🔼
24945,0.0027694702148437,0.487903892993927,1,SCALE UP 🔼
24965,0.024810791015625,0.3011692762374878,1,SCALE UP 🔼
24980,1.83966064453125,0.14406809210777283,1,REACTIVE UP ⚠️
24990,0.0548019409179687,0.04730704426765442,1,MAINTAIN
25000,0.0217571258544921,0.0,1,REACTIVE UP ⚠️
25005,0.0010910034179687,0.1035040095448494,1,SCALE UP 🔼
25010,0.0308647155761718,1.5925577878952026,1,SCALE UP 🔼
25020,0.0099334716796875,0.11732446402311325,1,SCALE UP 🔼
25025,0.339996337890625,0.1305328607559204,1,REACTIVE UP ⚠️
25030,0.21697998046875,0.029363257810473442,1,REACTIVE UP ⚠️
25040,0.0028667449951171,0.09898127615451813,1,SCALE UP 🔼
25045,0.0017547607421875,0.09348779916763306,1,SCALE UP 🔼
25050,0.0003309249877929,0.3489326536655426,1,SCALE UP 🔼
25055,0.10870361328125,0.26666706800460815,1,SCALE UP 🔼
25070,3.374473571777344,0.03746737912297249,1,REACTIVE UP ⚠️
25080,0.0211210250854492,0.10051631182432175,1,SCALE UP 🔼
25087,0.0,0.08452347666025162,1,SCALE UP 🔼
25095,0.0018796920776367,0.2024870365858078,1,SCALE UP 🔼
25110,0.0007352828979492,2.5385138988494873,1,SCALE UP 🔼
25130,0.034515380859375,0.1069968119263649,1,SCALE UP 🔼
25145,0.0004329681396484,0.14146144688129425,1,SCALE UP 🔼
25150,0.0030698776245117,0.08784802258014679,1,SCALE UP 🔼
25205,0.000711441040039,0.13053686916828156,1,SCALE UP 🔼
25234,0.0002393722534179,0.0772237777709961,1,SCALE UP 🔼
25250,0.0001964569091796,0.09081853926181793,1,SCALE UP 🔼
25265,0.0016098022460937,0.15754127502441406,1,SCALE UP 🔼
25275,0.0032587051391601,0.09307947009801865,1,SCALE UP 🔼
25310,0.8800048828125,0.07393472641706467,1,REACTIVE UP ⚠️
25320,0.4536895751953125,0.06267836689949036,1,REACTIVE UP ⚠️
25395,14.39666748046875,0.13036562502384186,3,REACTIVE UP ⚠️
25405,0.3145523071289062,0.09647562354803085,1,REACTIVE UP ⚠️
25410,0.0004253387451171,0.8143900036811829,1,SCALE UP 🔼
25415,0.0600128173828125,0.47733932733535767,1,SCALE UP 🔼
25435,0.01580810546875,15.135346412658691,4,SCALE UP 🔼
25445,0.1640625,0.4390457272529602,1,SCALE UP 🔼
25450,0.0186538696289062,0.16633078455924988,1,SCALE UP 🔼
25455,0.04241943359375,0.21727603673934937,1,SCALE UP 🔼
25495,0.27069091796875,0.05500365421175957,1,REACTIVE UP ⚠️
25530,0.0010852813720703,0.0,1,REACTIVE UP ⚠️
25555,0.7784423828125,0.06890179216861725,1,REACTIVE UP ⚠️
25590,0.0001945495605468,0.14257808029651642,1,SCALE UP 🔼
25605,0.0396251678466796,0.3071919083595276,1,SCALE UP 🔼
25610,0.268463134765625,0.07628370076417923,1,REACTIVE UP ⚠️
25620,3.66748046875,0.5952726602554321,1,REACTIVE UP ⚠️
25635,0.295842170715332,0.12942998111248016,1,REACTIVE UP ⚠️
25643,2.8289794921875,0.1201559528708458,1,REACTIVE UP ⚠️
25660,0.11077880859375,0.30100542306900024,1,SCALE UP 🔼
25690,0.2635574340820312,2.1618969440460205,1,SCALE UP 🔼
25695,0.0023937225341796,0.2516196668148041,1,SCALE UP 🔼
25760,0.0006542205810546,2.439441680908203,1,SCALE UP 🔼
25775,0.6500244140625,0.2038111835718155,1,REACTIVE UP ⚠️
25776,0.0,0.3097706139087677,1,SCALE UP 🔼
25785,0.0055618286132812,0.0,1,REACTIVE UP ⚠️
25800,0.1493492126464843,0.13552290201187134,1,MAINTAIN
25845,0.238983154296875,0.3678879737854004,1,SCALE UP 🔼
25850,0.0123214721679687,0.07896681874990463,1,SCALE UP 🔼
25855,0.028472900390625,0.0552428737282753,1,SCALE UP 🔼
25865,0.017425537109375,0.24045096337795258,1,SCALE UP 🔼
25885,0.162109375,0.31679990887641907,1,SCALE UP 🔼
25905,0.01812744140625,0.04911315441131592,1,SCALE UP 🔼
25915,0.1135711669921875,0.11654200404882431,1,MAINTAIN
25918,0.0731201171875,0.09965790063142776,1,SCALE UP 🔼
25925,0.0002689361572265,0.1509394645690918,1,SCALE UP 🔼
25930,0.0019378662109375,0.13191862404346466,1,SCALE UP 🔼
25950,2.1888885498046875,0.12779463827610016,1,REACTIVE UP ⚠️
25970,0.0996246337890625,0.14729617536067963,1,SCALE UP 🔼
25975,7.33837890625,0.07821446657180786,2,REACTIVE UP ⚠️
25980,0.21270751953125,0.06428100913763046,1,REACTIVE UP ⚠️
26000,0.000925064086914,1.6191352605819702,1,SCALE UP 🔼
26020,0.0002517700195312,0.15638117492198944,1,SCALE UP 🔼
26025,0.0019607543945312,4.920104026794434,1,SCALE UP 🔼
26040,0.0095977783203125,0.2647264301776886,1,SCALE UP 🔼
26045,0.0237922668457031,0.09484970569610596,1,SCALE UP 🔼
26060,0.0015993118286132,0.15830063819885254,1,SCALE UP 🔼
26083,0.6129188537597656,0.08322727680206299,1,REACTIVE UP ⚠️
26103,0.1072874069213867,0.0,1,REACTIVE UP ⚠️
26105,0.0145397186279296,0.12025506049394608,1,SCALE UP 🔼
26122,8.20159912109375e-05,0.07901471108198166,1,SCALE UP 🔼
26130,2.5890111923217773,0.5326698422431946,1,REACTIVE UP ⚠️
26145,0.57861328125,0.16781143844127655,1,REACTIVE UP ⚠️
26170,0.0002479553222656,0.018682774156332016,1,SCALE UP 🔼
26185,0.0024604797363281,0.0798235759139061,1,SCALE UP 🔼
26195,0.0064220428466796,1.8906413316726685,1,SCALE UP 🔼
26202,0.5211639404296875,0.5383492112159729,1,MAINTAIN
26225,0.0009012222290039,0.11063514649868011,1,SCALE UP 🔼
26235,0.0019454956054687,0.036647144705057144,1,SCALE UP 🔼
26249,0.0177497863769531,0.07831592112779617,1,SCALE UP 🔼
26275,9.289260864257812,0.4183633625507355,2,REACTIVE UP ⚠️
26295,0.0087776184082031,0.10398387908935547,1,SCALE UP 🔼
26305,0.36456298828125,0.08199633657932281,1,REACTIVE UP ⚠️
26312,0.0,0.08948060870170593,1,SCALE UP 🔼
26335,23.36489486694336,7.894810199737549,5,REACTIVE UP ⚠️
26340,0.000126838684082,0.0275189820677042,1,SCALE UP 🔼
26390,0.0005989074707031,0.39130476117134094,1,SCALE UP 🔼
26400,0.000187873840332,0.08903036266565323,1,SCALE UP 🔼
26430,0.0046157836914062,14.579867362976074,3,SCALE UP 🔼
26435,0.0293178558349609,0.06199299544095993,1,SCALE UP 🔼
26441,0.0452384948730468,0.05264090746641159,1,MAINTAIN
26445,0.145751953125,0.06284156441688538,1,REACTIVE UP ⚠️
26450,0.0119781494140625,0.08176904171705246,1,SCALE UP 🔼
26475,0.3665237426757812,0.19862541556358337,1,MAINTAIN
26489,0.0298023223876953,0.0,1,REACTIVE UP ⚠️
26490,0.0153961181640625,0.197789266705513,1,SCALE UP 🔼
26495,0.7178421020507812,0.09070003777742386,1,REACTIVE UP ⚠️
26520,0.0036163330078125,0.490101158618927,1,SCALE UP 🔼
26535,0.0823974609375,0.0,1,REACTIVE UP ⚠️
26550,0.0055465698242187,0.0646539181470871,1,SCALE UP 🔼
26555,0.0,0.6674762964248657,1,SCALE UP 🔼
26580,0.0031471252441406,0.12548331916332245,1,SCALE UP 🔼
26655,0.0624160766601562,0.21684366464614868,1,SCALE UP 🔼
26665,0.061345100402832,0.04580197110772133,1,MAINTAIN
26680,0.011688232421875,0.07487048208713531,1,SCALE UP 🔼
26688,0.0005321502685546,0.05052237957715988,1,SCALE UP 🔼
26704,0.0,0.21590392291545868,1,SCALE UP 🔼
26710,0.0101165771484375,0.19613774120807648,1,SCALE UP 🔼
26715,0.0001153945922851,0.05707655847072601,1,SCALE UP 🔼
26725,0.0004348754882812,0.08085436373949051,1,SCALE UP 🔼
26740,0.0304985046386718,0.07163101434707642,1,SCALE UP 🔼
26745,0.0004434585571289,0.09156922996044159,1,SCALE UP 🔼
26765,1.2216796875,0.139544278383255,1,REACTIVE UP ⚠️
26770,0.22894287109375,0.12775707244873047,1,MAINTAIN
26775,0.0027236938476562,0.14683173596858978,1,SCALE UP 🔼
26840,0.023468017578125,0.0677422508597374,1,SCALE UP 🔼
26855,0.0019311904907226,1.0818686485290527,1,SCALE UP 🔼
26865,0.0739240646362304,0.2908767759799957,1,SCALE UP 🔼
26870,0.1324234008789062,0.09700343012809753,1,MAINTAIN
26875,0.0026741027832031,0.1010468602180481,1,SCALE UP 🔼
26885,0.0031242370605468,0.1769261658191681,1,SCALE UP 🔼
26938,0.43975830078125,0.04349047318100929,1,REACTIVE UP ⚠️
26965,0.0090522766113281,0.19864729046821594,1,SCALE UP 🔼
26970,50.67600917816162,0.11700735241174698,11,REACTIVE UP ⚠️
27035,0.0043935775756835,0.10496751219034195,1,SCALE UP 🔼
27055,3.5059814453125,0.5324276089668274,1,REACTIVE UP ⚠️
27060,0.0018310546875,0.12266738712787628,1,SCALE UP 🔼
27080,0.2464599609375,32.59231185913086,7,SCALE UP 🔼
27085,0.004791259765625,0.10894801467657089,1,SCALE UP 🔼
27095,0.013092041015625,2.9936306476593018,1,SCALE UP 🔼
27100,0.12469482421875,0.07985948771238327,1,MAINTAIN
27105,22.727783203125,0.30594566464424133,5,REACTIVE UP ⚠️
27115,0.0537691116333007,0.0,1,REACTIVE UP ⚠️
27119,0.1382350921630859,0.09154556691646576,1,MAINTAIN
27135,0.0209465026855468,0.25352615118026733,1,SCALE UP 🔼
27162,0.0232048034667968,18.25248146057129,4,SCALE UP 🔼
27170,0.03375244140625,0.11484229564666748,1,SCALE UP 🔼
27175,0.24072265625,0.07100804150104523,1,REACTIVE UP ⚠️
27180,0.1476383209228515,0.21573883295059204,1,SCALE UP 🔼
27185,0.0081634521484375,0.1352718621492386,1,SCALE UP 🔼
27205,7.19952392578125,0.0,2,REACTIVE UP ⚠️
27215,0.094482421875,0.3083527982234955,1,SCALE UP 🔼
27235,0.142822265625,0.10519520938396454,1,MAINTAIN
27305,3.1787109375,0.21312221884727478,1,REACTIVE UP ⚠️
27315,14.38958740234375,4.456491947174072,3,REACTIVE UP ⚠️
27330,1.44744873046875,0.06240004301071167,1,REACTIVE UP ⚠️
27333,0.0,0.21999916434288025,1,SCALE UP 🔼
27355,0.01812744140625,3.275954484939575,1,SCALE UP 🔼
27378,0.0008678436279296,6.730994701385498,2,SCALE UP 🔼
27395,0.0012073516845703,1.1105540990829468,1,SCALE UP 🔼
27410,0.0007581710815429,0.03786051273345947,1,SCALE UP 🔼
27430,0.025390625,0.12339811027050018,1,SCALE UP 🔼
27435,0.115478515625,0.16619914770126343,1,SCALE UP 🔼
27440,0.048797607421875,0.36347776651382446,1,SCALE UP 🔼
27450,0.0004024505615234,0.0,1,REACTIVE UP ⚠️
27465,1.290069580078125,0.09157060831785202,1,REACTIVE UP ⚠️
27485,0.0589599609375,0.17396855354309082,1,SCALE UP 🔼
27505,0.04217529296875,0.06274290382862091,1,SCALE UP 🔼
27510,0.0517578125,0.0,1,REACTIVE UP ⚠️
27573,0.2796363830566406,1.0521998405456543,1,SCALE UP 🔼
27595,0.0666656494140625,0.13949377834796906,1,SCALE UP 🔼
27641,0.0004863739013671,0.12014037370681763,1,SCALE UP 🔼
27652,0.0009679794311523,0.10451684892177582,1,SCALE UP 🔼
27660,0.0220947265625,0.2658291459083557,1,SCALE UP 🔼
27670,0.030893325805664,0.11926046013832092,1,SCALE UP 🔼
27695,0.0001907348632812,0.08426268398761749,1,SCALE UP 🔼
27706,0.0014724731445312,0.07955775409936905,1,SCALE UP 🔼
27727,0.0014057159423828,0.1434101015329361,1,SCALE UP 🔼
27735,0.0656585693359375,0.09654490649700165,1,SCALE UP 🔼
27750,0.0057449340820312,0.06464719772338867,1,SCALE UP 🔼
27765,1.000701904296875,0.08063950389623642,1,REACTIVE UP ⚠️
27775,0.0126838684082031,0.074809230864048,1,SCALE UP 🔼
27800,0.0089588165283203,0.13715948164463043,1,SCALE UP 🔼
27805,4.92022705078125,0.0746939405798912,1,REACTIVE UP ⚠️
27816,0.0007781982421875,0.9725459218025208,1,SCALE UP 🔼
27830,2.942485809326172,0.08898307383060455,1,REACTIVE UP ⚠️
27840,0.0008220672607421,0.09640530496835709,1,SCALE UP 🔼
27855,0.0071182250976562,3.0453853607177734,1,SCALE UP 🔼
27860,0.231903076171875,0.08771837502717972,1,REACTIVE UP ⚠️
27861,0.0,2.3179397583007812,1,SCALE UP 🔼
27885,14.67681884765625,0.08230940252542496,3,REACTIVE UP ⚠️
27890,0.0013427734375,0.08441425859928131,1,SCALE UP 🔼
27910,0.018402099609375,0.3433781564235687,1,SCALE UP 🔼
27925,0.0087528228759765,0.09336481988430023,1,SCALE UP 🔼
27940,0.1249656677246093,9.342935562133789,2,SCALE UP 🔼
27950,0.0848731994628906,0.07847852259874344,1,MAINTAIN
27955,0.154296875,0.09152466803789139,1,MAINTAIN
27956,0.00811767578125,0.026231039315462112,1,SCALE UP 🔼
27960,0.0720329284667968,0.24118489027023315,1,SCALE UP 🔼
27970,0.166351318359375,0.14586985111236572,1,MAINTAIN
27980,0.0052070617675781,0.20410865545272827,1,SCALE UP 🔼
27987,0.0004234313964843,0.08921899646520615,1,SCALE UP 🔼
27995,0.0024757385253906,0.11538854241371155,1,SCALE UP 🔼
28005,0.0071077346801757,0.22380635142326355,1,SCALE UP 🔼
28010,0.0002965927124023,0.036120884120464325,1,SCALE UP 🔼
28067,0.0,0.07977155596017838,1,SCALE UP 🔼
28069,0.0002689361572265,0.08043571561574936,1,SCALE UP 🔼
28075,0.0644550323486328,0.08138495683670044,1,SCALE UP 🔼
28077,0.001129150390625,0.060884617269039154,1,SCALE UP 🔼
28085,0.031097412109375,0.035113319754600525,1,MAINTAIN
28095,0.0582122802734375,0.12473314255475998,1,SCALE UP 🔼
28110,0.3361129760742187,0.14562876522541046,1,REACTIVE UP ⚠️
28115,0.016571044921875,0.09053587913513184,1,SCALE UP 🔼
28120,0.0,0.10890981554985046,1,SCALE UP 🔼
28129,0.0249614715576171,0.14915910363197327,1,SCALE UP 🔼
28170,0.001739501953125,0.3622213900089264,1,SCALE UP 🔼
28185,0.0186901092529296,0.09648173302412033,1,SCALE UP 🔼
28193,0.0093994140625,0.08262690156698227,1,SCALE UP 🔼
28204,0.00274658203125,0.16275285184383392,1,SCALE UP 🔼
28210,0.0074262619018554,0.13934382796287537,1,SCALE UP 🔼
28225,0.0191659927368164,0.10354980081319809,1,SCALE UP 🔼
28231,0.0,0.10415644943714142,1,SCALE UP 🔼
28240,0.02093505859375,0.0909499004483223,1,SCALE UP 🔼
28250,0.3428878784179687,0.0865042582154274,1,REACTIVE UP ⚠️
28260,0.015472412109375,0.20171280205249786,1,SCALE UP 🔼
28270,0.0007743835449218,0.1580963432788849,1,SCALE UP 🔼
28290,0.14703369140625,0.1160881519317627,1,MAINTAIN
28291,0.0007686614990234,0.3808373510837555,1,SCALE UP 🔼
28295,0.0465106964111328,0.11094029992818832,1,SCALE UP 🔼
28319,0.0011482238769531,0.07846006751060486,1,SCALE UP 🔼
28328,0.0011940002441406,0.2874027490615845,1,SCALE UP 🔼
28330,0.04302978515625,0.16310493648052216,1,SCALE UP 🔼
28348,0.0251026153564453,0.12076915055513382,1,SCALE UP 🔼
28360,0.022247314453125,0.0914759635925293,1,SCALE UP 🔼
28370,0.013284683227539,0.08499287068843842,1,SCALE UP 🔼
28385,0.0058765411376953,0.19424456357955933,1,SCALE UP 🔼
28390,3.5152587890625,0.18370704352855682,1,REACTIVE UP ⚠️
28415,0.0006933212280273,0.11324243992567062,1,SCALE UP 🔼
28420,0.5463447570800781,0.1036568358540535,1,REACTIVE UP ⚠️
28425,0.0965423583984375,0.09332220256328583,1,MAINTAIN
28437,0.0668277740478515,3.495277166366577,1,SCALE UP 🔼
28449,0.0,0.17743763327598572,1,SCALE UP 🔼
28450,0.01800537109375,0.5130507946014404,1,SCALE UP 🔼
28455,3.4391326904296875,0.20574182271957397,1,REACTIVE UP ⚠️
28465,0.0056991577148437,0.15756908059120178,1,SCALE UP 🔼
28467,0.6287841796875,0.0,1,REACTIVE UP ⚠️
28468,0.0,0.10918167978525162,1,SCALE UP 🔼
28490,0.0002822875976562,3.0090906620025635,1,SCALE UP 🔼
28495,0.896484375,0.0781048908829689,1,REACTIVE UP ⚠️
28521,0.2279376983642578,0.6143017411231995,1,SCALE UP 🔼
28527,0.0006980895996093,0.036337513476610184,1,SCALE UP 🔼
28540,0.0931339263916015,0.09439118951559067,1,MAINTAIN
28585,0.0001049041748046,0.54090815782547,1,SCALE UP 🔼
28630,0.0999069213867187,0.3312215507030487,1,SCALE UP 🔼
28635,0.020477294921875,0.15902690589427948,1,SCALE UP 🔼
28640,0.0017547607421875,0.12912237644195557,1,SCALE UP 🔼
28665,0.0038108825683593,0.09231877326965332,1,SCALE UP 🔼
28670,0.0084686279296875,0.0971948653459549,1,SCALE UP 🔼
28681,0.0805606842041015,0.17618560791015625,1,SCALE UP 🔼
28684,0.009368896484375,0.1607161909341812,1,SCALE UP 🔼
28690,0.0003614425659179,0.14391666650772095,1,SCALE UP 🔼
28700,0.0057010650634765,0.10077720135450363,1,SCALE UP 🔼
28710,0.0053691864013671,0.1350192129611969,1,SCALE UP 🔼
28735,4.542160987854004,0.08987485617399216,1,REACTIVE UP ⚠️
28740,0.0067062377929687,0.19776903092861176,1,SCALE UP 🔼
28743,0.048445701599121,0.25032487511634827,1,SCALE UP 🔼
28765,0.0001649856567382,0.11302291601896286,1,SCALE UP 🔼
28768,0.1533660888671875,3.918342351913452,1,SCALE UP 🔼
28790,0.6500244140625,0.097328782081604,1,REACTIVE UP ⚠️
28794,0.6118173599243164,0.14921776950359344,1,REACTIVE UP ⚠️
28800,0.23370361328125,0.06812381744384766,1,REACTIVE UP ⚠️
28810,1.059326171875,0.2268710434436798,1,REACTIVE UP ⚠️
28814,0.0031471252441406,0.5181792378425598,1,SCALE UP 🔼
28815,0.27008056640625,0.5148527026176453,1,SCALE UP 🔼
28830,0.39453125,0.2580628991127014,1,MAINTAIN
28834,0.06146240234375,0.819054365158081,1,SCALE UP 🔼
28865,1.5357666015625,0.09228622168302536,1,REACTIVE UP ⚠️
28868,0.0197067260742187,0.20575672388076782,1,SCALE UP 🔼
28872,0.0898895263671875,0.4216943383216858,1,SCALE UP 🔼
28880,0.1846923828125,0.16452531516551971,1,MAINTAIN
28885,0.152099609375,1.2586952447891235,1,SCALE UP 🔼
28905,0.175537109375,0.10314541310071945,1,MAINTAIN
28909,0.0008888244628906,0.12171140313148499,1,SCALE UP 🔼
28915,0.0026206970214843,0.2290475219488144,1,SCALE UP 🔼
28916,0.0,0.20625869929790497,1,SCALE UP 🔼
28940,0.04473876953125,0.27440810203552246,1,SCALE UP 🔼
28950,0.0005779266357421,0.08802683651447296,1,SCALE UP 🔼
28955,2.92291259765625,0.0629168376326561,1,REACTIVE UP ⚠️
28965,0.29998779296875,0.06859009712934494,1,REACTIVE UP ⚠️
29000,15.16845703125,0.12349468469619751,4,REACTIVE UP ⚠️
29015,0.0179100036621093,0.03614015504717827,1,SCALE UP 🔼
29020,0.0027494430541992,2.0901989936828613,1,SCALE UP 🔼
29026,0.001251220703125,0.3619585931301117,1,SCALE UP 🔼
29040,0.1131391525268554,18.024187088012695,4,SCALE UP 🔼
29050,0.0197553634643554,0.1241212710738182,1,SCALE UP 🔼
29061,0.0055389404296875,0.04106768220663071,1,SCALE UP 🔼
29080,0.0319385528564453,0.1441056728363037,1,SCALE UP 🔼
29085,0.1553382873535156,0.17484675347805023,1,MAINTAIN
29098,2.0100326538085938,0.0,1,REACTIVE UP ⚠️
29115,0.0074901580810546,0.10744602233171463,1,SCALE UP 🔼
29145,0.0576801300048828,0.10602890700101852,1,SCALE UP 🔼
29165,0.0,0.16025245189666748,1,SCALE UP 🔼
29180,0.0036191940307617,1.547143816947937,1,SCALE UP 🔼
29190,0.0102081298828125,0.0,1,REACTIVE UP ⚠️
29195,0.72509765625,0.13369478285312653,1,REACTIVE UP ⚠️
29210,0.21484375,0.07951194792985916,1,REACTIVE UP ⚠️
29260,0.004134178161621,0.06337523460388184,1,SCALE UP 🔼
29270,2.492828369140625,0.027146652340888977,1,REACTIVE UP ⚠️
29285,0.1067543029785156,0.4888107478618622,1,SCALE UP 🔼
29295,0.3013153076171875,0.2740233540534973,1,MAINTAIN
29305,0.74468994140625,0.09154986590147018,1,REACTIVE UP ⚠️
29325,0.0017814636230468,2.240009307861328,1,SCALE UP 🔼
29330,0.205718994140625,0.13477106392383575,1,MAINTAIN
29355,7.17578125,0.3384436368942261,2,REACTIVE UP ⚠️
29371,0.0,0.6580847501754761,1,SCALE UP 🔼
29373,5.2978515625,0.0926213338971138,2,REACTIVE UP ⚠️
29376,8.296966552734375e-05,0.22087803483009338,1,SCALE UP 🔼
29380,1.2384052276611328,6.067286968231201,2,SCALE UP 🔼
29410,0.005523681640625,0.10912807285785675,1,SCALE UP 🔼
29450,0.0017824172973632,4.15450382232666,1,SCALE UP 🔼
29470,0.0164508819580078,0.14417734742164612,1,SCALE UP 🔼
29485,0.0007553100585937,0.9943463802337646,1,SCALE UP 🔼
29525,0.0443115234375,0.0,1,REACTIVE UP ⚠️
29535,3.281402587890625,0.0952148288488388,1,REACTIVE UP ⚠️
29563,0.0013694763183593,0.0,1,REACTIVE UP ⚠️
29570,0.0073909759521484,0.0796297937631607,1,SCALE UP 🔼
29580,0.0004386901855468,0.06523167341947556,1,SCALE UP 🔼
29585,0.0002174377441406,1.9032199382781982,1,SCALE UP 🔼
29650,12.83966827392578,0.1347692757844925,3,REACTIVE UP ⚠️
29670,1.2173919677734375,0.03309870883822441,1,REACTIVE UP ⚠️
29678,0.1894378662109375,0.09630388766527176,1,MAINTAIN
29680,0.0352935791015625,0.05973295122385025,1,SCALE UP 🔼
29702,0.0021886825561523,10.707767486572266,3,SCALE UP 🔼
29705,1.4414215087890625,1.1967743635177612,1,MAINTAIN
29720,0.07196044921875,0.1935412883758545,1,SCALE UP 🔼
29725,0.0975189208984375,0.11973124742507935,1,SCALE UP 🔼
29730,2.706878662109375,0.0827133059501648,1,REACTIVE UP ⚠️
29760,3.30596923828125,0.6600271463394165,1,REACTIVE UP ⚠️
29765,0.1389131546020507,0.12070617824792862,1,MAINTAIN
29770,0.51416015625,0.19610238075256348,1,REACTIVE UP ⚠️
29790,0.0229682922363281,2.1386821269989014,1,SCALE UP 🔼
29795,0.0001230239868164,3.002906322479248,1,SCALE UP 🔼
29805,0.000157356262207,0.08560367673635483,1,SCALE UP 🔼
29808,0.3383102416992187,0.5060445070266724,1,SCALE UP 🔼
29810,0.0232048034667968,0.09876692295074463,1,SCALE UP 🔼
29815,0.0038719177246093,0.0,1,REACTIVE UP ⚠️
29816,11.31689453125,0.0,3,REACTIVE UP ⚠️
29825,0.0104713439941406,0.36767542362213135,1,SCALE UP 🔼
29829,0.0011234283447265,0.11525005847215652,1,SCALE UP 🔼
29830,0.0002412796020507,0.1653103232383728,1,SCALE UP 🔼
29845,31.8817138671875,7.8006696701049805,7,REACTIVE UP ⚠️
29865,0.010528564453125,0.06715132296085358,1,SCALE UP 🔼
29880,0.0153274536132812,0.15805880725383759,1,SCALE UP 🔼
29886,0.0172433853149414,0.15210804343223572,1,SCALE UP 🔼
29905,0.0088653564453125,22.087135314941406,5,SCALE UP 🔼
29910,0.0068874359130859,0.0,1,REACTIVE UP ⚠️
29934,0.0036735534667968,0.06085595488548279,1,SCALE UP 🔼
29945,0.1680908203125,0.248480886220932,1,SCALE UP 🔼
29948,0.0,0.19686831533908844,1,SCALE UP 🔼
29973,0.0001392364501953,0.0,1,REACTIVE UP ⚠️
30006,0.0,0.06398993730545044,1,SCALE UP 🔼
30040,0.0028610229492187,0.2627393305301666,1,SCALE UP 🔼
30042,0.0014266967773437,0.11563465744256973,1,SCALE UP 🔼
30055,0.0019912719726562,0.09401095658540726,1,SCALE UP 🔼
30075,0.2537288665771484,0.0,1,REACTIVE UP ⚠️
30080,4.5363922119140625,0.05172814056277275,1,REACTIVE UP ⚠️
30085,0.1570587158203125,0.09776648879051208,1,MAINTAIN
30100,1.1813812255859375,0.11899621784687042,1,REACTIVE UP ⚠️
30110,0.481201171875,0.34565210342407227,1,MAINTAIN
30131,0.0006484985351562,1.7923542261123657,1,SCALE UP 🔼
30140,0.283203125,0.21435095369815826,1,MAINTAIN
30143,0.0012550354003906,1.0859647989273071,1,SCALE UP 🔼
30145,0.0122404098510742,0.576148509979248,1,SCALE UP 🔼
30155,0.06048583984375,0.09803985059261322,1,SCALE UP 🔼
30165,0.173675537109375,0.11981593817472458,1,MAINTAIN
30175,0.0002326965332031,0.08318450301885605,1,SCALE UP 🔼
30185,1.4236469268798828,0.08309082686901093,1,REACTIVE UP ⚠️
30191,0.0002450942993164,0.22510531544685364,1,SCALE UP 🔼
30199,0.0005073547363281,0.270863801240921,1,SCALE UP 🔼
30203,0.0281448364257812,0.009060611948370934,1,REACTIVE UP ⚠️
30205,4.629133224487305,1.372829556465149,1,REACTIVE UP ⚠️
30215,0.0093860626220703,0.09446585923433304,1,SCALE UP 🔼
30220,0.3835945129394531,0.09227073192596436,1,REACTIVE UP ⚠️
30228,0.0,0.0973421037197113,1,SCALE UP 🔼
30230,0.0425357818603515,5.024136066436768,2,SCALE UP 🔼
30250,0.0002632141113281,0.24233068525791168,1,SCALE UP 🔼
30255,0.0053138732910156,0.3317641317844391,1,SCALE UP 🔼
30258,0.0,0.08865482360124588,1,SCALE UP 🔼
30260,0.0003795623779296,0.09797000139951706,1,SCALE UP 🔼
30270,0.013458251953125,0.06612204760313034,1,SCALE UP 🔼
30281,0.0,0.06418082863092422,1,SCALE UP 🔼
30300,2.3486328125,0.05504406988620758,1,REACTIVE UP ⚠️
30310,0.08758544921875,0.09433017671108246,1,MAINTAIN
30313,1.4123039245605469,0.1117139607667923,1,REACTIVE UP ⚠️
30315,1.7794189453125,0.04458210989832878,1,REACTIVE UP ⚠️
30331,0.015716552734375,1.7830840349197388,1,SCALE UP 🔼
30335,0.784423828125,0.14991426467895508,1,REACTIVE UP ⚠️
30370,4.72314453125,0.9193518757820129,1,REACTIVE UP ⚠️
30376,0.0592670440673828,1.195136547088623,1,SCALE UP 🔼
30385,0.048065185546875,0.051285143941640854,1,MAINTAIN
30395,0.0020551681518554,0.7041796445846558,1,SCALE UP 🔼
30429,0.0007476806640625,3.3797543048858643,1,SCALE UP 🔼
30435,0.083251953125,0.28012198209762573,1,SCALE UP 🔼
30436,0.0105133056640625,0.2780399024486542,1,SCALE UP 🔼
30440,0.010711669921875,0.060609910637140274,1,SCALE UP 🔼
30450,0.3518543243408203,0.05136046186089516,1,REACTIVE UP ⚠️
30471,0.0008783340454101,0.08135786652565002,1,SCALE UP 🔼
30495,0.0086669921875,0.11161104589700699,1,SCALE UP 🔼
30515,0.0011186599731445,0.06542591750621796,1,SCALE UP 🔼
30520,0.13311767578125,0.3955930173397064,1,SCALE UP 🔼
30525,0.0005865097045898,0.04929444566369057,1,SCALE UP 🔼
30530,0.0328140258789062,0.019733130931854248,1,MAINTAIN
30550,0.001408576965332,0.08194002509117126,1,SCALE UP 🔼
30560,11.709747314453123,0.14751054346561432,3,REACTIVE UP ⚠️
30570,0.808349609375,0.10355675965547562,1,REACTIVE UP ⚠️
30585,0.1724357604980468,0.09896136075258255,1,MAINTAIN
30590,3.920074462890625,0.053249090909957886,1,REACTIVE UP ⚠️
30621,0.0,7.332493305206299,2,SCALE UP 🔼
30635,6.6072998046875,0.7158830165863037,2,REACTIVE UP ⚠️
30636,0.0001411437988281,0.22181564569473267,1,SCALE UP 🔼
30660,0.0192413330078125,5.039560794830322,2,SCALE UP 🔼
30670,0.1835479736328125,0.08436479419469833,1,REACTIVE UP ⚠️
30675,1.8240966796875,4.466474533081055,1,SCALE UP 🔼
30680,0.018707275390625,0.11271414160728455,1,SCALE UP 🔼
30705,0.0014019012451171,0.09229262918233871,1,SCALE UP 🔼
30710,1.9552001953125,0.09937653690576553,1,REACTIVE UP ⚠️
30720,0.0531387329101562,2.2951080799102783,1,SCALE UP 🔼
30730,0.0201263427734375,0.0024853129871189594,1,REACTIVE UP ⚠️
30735,0.0226192474365234,0.104042649269104,1,SCALE UP 🔼
30755,0.02069091796875,1.5535476207733154,1,SCALE UP 🔼
30763,4.6094512939453125,0.07840098440647125,1,REACTIVE UP ⚠️
30795,0.0711822509765625,0.20791776478290558,1,SCALE UP 🔼
30820,8.38494873046875,0.06242689490318298,2,REACTIVE UP ⚠️
30825,0.00714111328125,0.08836326748132706,1,SCALE UP 🔼
30845,0.0,2.500369071960449,1,SCALE UP 🔼
30850,0.000274658203125,0.1074751690030098,1,SCALE UP 🔼
30855,0.0796871185302734,5.543348789215088,2,SCALE UP 🔼
30858,0.0079803466796875,0.025871891528367996,1,SCALE UP 🔼
30865,0.0013923645019531,0.07827069610357285,1,SCALE UP 🔼
30925,0.0017986297607421,0.0,1,REACTIVE UP ⚠️
30940,0.0672149658203125,0.14846371114253998,1,SCALE UP 🔼
30985,0.0002946853637695,0.0,1,REACTIVE UP ⚠️
30986,2.464569091796875,0.06812996417284012,1,REACTIVE UP ⚠️
31000,0.0001783370971679,0.08957120031118393,1,SCALE UP 🔼
31004,0.0001096725463867,0.08824232220649719,1,SCALE UP 🔼
31005,0.0079374313354492,0.08172005414962769,1,SCALE UP 🔼
31010,0.311737060546875,1.715796947479248,1,SCALE UP 🔼
31044,0.0,0.10535787791013718,1,SCALE UP 🔼
31050,0.0032424926757812,0.09942171722650528,1,SCALE UP 🔼
31055,0.5811767578125,0.05685599148273468,1,REACTIVE UP ⚠️
31075,0.0149688720703125,0.3818899989128113,1,SCALE UP 🔼
31135,0.0018196105957031,0.0,1,REACTIVE UP ⚠️
31155,0.0001583099365234,0.12794825434684753,1,SCALE UP 🔼
31165,0.0089874267578125,0.5624015927314758,1,SCALE UP 🔼
31180,0.4430370330810547,0.09818027168512344,1,REACTIVE UP ⚠️
31205,0.0338897705078125,0.14338761568069458,1,SCALE UP 🔼
31215,0.125,0.0795573890209198,1,MAINTAIN
31235,0.0516357421875,0.10991344600915909,1,SCALE UP 🔼
31241,0.0008802413940429,0.43699339032173157,1,SCALE UP 🔼
31245,0.8327608108520508,0.128389373421669,1,REACTIVE UP ⚠️
31249,0.0024337768554687,0.1905442476272583,1,SCALE UP 🔼
31265,0.0287933349609375,0.2085157334804535,1,SCALE UP 🔼
31275,0.0008049011230468,0.131154403090477,1,SCALE UP 🔼
31280,0.047515869140625,0.7371188402175903,1,SCALE UP 🔼
31282,0.000615119934082,0.11284338682889938,1,SCALE UP 🔼
31293,0.0005369186401367,0.11638399213552475,1,SCALE UP 🔼
31320,0.038330078125,0.2184174656867981,1,SCALE UP 🔼
31330,0.0014677047729492,0.20001178979873657,1,SCALE UP 🔼
31340,0.04083251953125,0.04607109725475311,1,MAINTAIN
31350,0.1063766479492187,0.11075874418020248,1,MAINTAIN
31370,0.0055608749389648,0.11902570724487305,1,SCALE UP 🔼
31375,0.0216608047485351,0.09900084882974625,1,SCALE UP 🔼
31420,0.0099649429321289,0.13416220247745514,1,SCALE UP 🔼
31425,0.8346023559570312,0.16466164588928223,1,REACTIVE UP ⚠️
31440,12.0548095703125,0.1845635324716568,3,REACTIVE UP ⚠️
31460,0.028900146484375,0.11074761301279068,1,SCALE UP 🔼
31470,0.0164794921875,0.12471926212310791,1,SCALE UP 🔼
31472,0.0001029968261718,0.8205177187919617,1,SCALE UP 🔼
31485,0.02801513671875,12.231682777404785,3,SCALE UP 🔼
31490,0.011199951171875,0.11866900324821472,1,SCALE UP 🔼
31495,0.001688003540039,0.1000756248831749,1,SCALE UP 🔼
31500,0.0,0.18758158385753632,1,SCALE UP 🔼
31504,0.0017681121826171,0.08609850704669952,1,SCALE UP 🔼
31510,0.080078125,0.0205251295119524,1,REACTIVE UP ⚠️
31523,0.0031547546386718,0.0920550674200058,1,SCALE UP 🔼
31530,0.0095577239990234,0.11423597484827042,1,SCALE UP 🔼
31534,0.0446014404296875,0.112935870885849,1,SCALE UP 🔼
31540,0.0018291473388671,0.1526671200990677,1,SCALE UP 🔼
31574,0.0016059875488281,0.06777550280094147,1,SCALE UP 🔼
31575,0.6600418090820312,0.146614670753479,1,REACTIVE UP ⚠️
31585,0.5783309936523438,0.14585810899734497,1,REACTIVE UP ⚠️
31590,0.03656005859375,0.12467517703771591,1,SCALE UP 🔼
31600,0.0797653198242187,0.07913743704557419,1,MAINTAIN
31610,0.1156997680664062,0.5805776119232178,1,SCALE UP 🔼
31615,0.0101003646850585,0.6688545942306519,1,SCALE UP 🔼
31616,0.0033464431762695,0.11967206001281738,1,SCALE UP 🔼
31620,2.362060546875,0.3095703125,1,REACTIVE UP ⚠️
31635,0.0068206787109375,0.21247543394565582,1,SCALE UP 🔼
31638,0.000187873840332,0.08926411718130112,1,SCALE UP 🔼
31707,0.0007305145263671,0.12463468313217163,1,SCALE UP 🔼
31710,0.004800796508789,1.5653722286224365,1,SCALE UP 🔼
31735,0.1373291015625,0.09559646248817444,1,MAINTAIN
31745,10.50899887084961,0.09221519529819489,3,REACTIVE UP ⚠️
31765,0.137298583984375,0.061820901930332184,1,REACTIVE UP ⚠️
31775,0.042266845703125,0.08719774335622787,1,SCALE UP 🔼
31785,0.1544189453125,0.2610536217689514,1,SCALE UP 🔼
31799,0.0416421890258789,8.255227088928223,2,SCALE UP 🔼
31805,0.0013446807861328,0.1926056444644928,1,SCALE UP 🔼
31820,0.0279998779296875,0.10186872631311417,1,SCALE UP 🔼
31825,0.0066146850585937,0.1777716875076294,1,SCALE UP 🔼
31830,2.2313232421875,0.06710149347782135,1,REACTIVE UP ⚠️
31870,0.5072593688964844,0.2848685085773468,1,MAINTAIN
31885,0.96514892578125,0.11378724128007889,1,REACTIVE UP ⚠️
31890,0.0265922546386718,0.09147588163614273,1,SCALE UP 🔼
31895,0.1372261047363281,1.6324622631072998,1,SCALE UP 🔼
31896,0.0626392364501953,0.46254512667655945,1,SCALE UP 🔼
31905,0.0025405883789062,0.6125583648681641,1,SCALE UP 🔼
31930,0.0039548873901367,0.13458316028118134,1,SCALE UP 🔼
31940,0.088113784790039,0.18677766621112823,1,SCALE UP 🔼
31950,22.49310302734375,0.19693374633789062,5,REACTIVE UP ⚠️
31955,0.497955322265625,0.09534923732280731,1,REACTIVE UP ⚠️
31970,0.0012874603271484,0.049447014927864075,1,SCALE UP 🔼
31972,0.0013542175292968,0.15239547193050385,1,SCALE UP 🔼
31976,0.0456733703613281,18.016658782958984,4,SCALE UP 🔼
31985,4.48797607421875,0.4160161018371582,1,REACTIVE UP ⚠️
32005,0.0935287475585937,0.06588771939277649,1,MAINTAIN
32031,0.0404052734375,0.06435100734233856,1,SCALE UP 🔼
32055,0.1243896484375,0.1525832861661911,1,SCALE UP 🔼
32075,0.0060749053955078,2.704803228378296,1,SCALE UP 🔼
32080,0.0017852783203125,0.13686878979206085,1,SCALE UP 🔼
32095,0.01416015625,0.10899761319160461,1,SCALE UP 🔼
32100,1.18487548828125,0.25554561614990234,1,REACTIVE UP ⚠️
32104,0.000432014465332,0.08628686517477036,1,SCALE UP 🔼
32105,0.0148029327392578,0.0,1,REACTIVE UP ⚠️
32120,0.0495986938476562,0.06725245714187622,1,SCALE UP 🔼
32140,0.98309326171875,1.038263201713562,1,MAINTAIN
32165,0.0334625244140625,0.13226746022701263,1,SCALE UP 🔼
32195,0.1219139099121093,0.10049571841955185,1,MAINTAIN
32208,0.0,0.11222303658723831,1,SCALE UP 🔼
32211,0.0018825531005859,0.9845340847969055,1,SCALE UP 🔼
32214,0.0,0.0611671581864357,1,SCALE UP 🔼
32235,0.0067043304443359,0.19961318373680115,1,SCALE UP 🔼
32250,0.0076169967651367,0.08981966972351074,1,SCALE UP 🔼
32259,0.0012130737304687,0.02745944820344448,1,SCALE UP 🔼
32260,0.0907745361328125,0.06861080229282379,1,MAINTAIN
32275,0.0810661315917968,0.05705082044005394,1,MAINTAIN
32295,0.0112152099609375,0.12937487661838531,1,SCALE UP 🔼
32305,0.0530433654785156,0.08271940797567368,1,SCALE UP 🔼
32310,0.0043144226074218,0.1400950700044632,1,SCALE UP 🔼
32315,0.587890625,0.14334215223789215,1,REACTIVE UP ⚠️
32345,0.0013351440429687,0.12572358548641205,1,SCALE UP 🔼
32378,0.001626968383789,0.12980979681015015,1,SCALE UP 🔼
32390,0.95703125,0.08252186328172684,1,REACTIVE UP ⚠️
32395,13.94940185546875,0.6841309070587158,3,REACTIVE UP ⚠️
32420,0.0,0.0698590874671936,1,SCALE UP 🔼
32430,0.5353775024414062,0.09268022328615189,1,REACTIVE UP ⚠️
32437,8.96453857421875e-05,0.8718785643577576,1,SCALE UP 🔼
32460,0.1121196746826171,17.99522590637207,4,SCALE UP 🔼
32491,0.071990966796875,0.09045836329460144,1,SCALE UP 🔼
32495,2.4213638305664062,0.5468605756759644,1,REACTIVE UP ⚠️
32525,0.0095672607421875,0.16731660068035126,1,SCALE UP 🔼
32530,0.0039443969726562,0.24917852878570557,1,SCALE UP 🔼
32535,0.0181636810302734,0.2832818329334259,1,SCALE UP 🔼
32556,0.00225830078125,2.029160261154175,1,SCALE UP 🔼
32565,0.0060749053955078,0.06724132597446442,1,SCALE UP 🔼
32605,0.0002861022949218,0.10188275575637817,1,SCALE UP 🔼
32615,0.0029811859130859,0.09633807092905045,1,SCALE UP 🔼
32625,0.390472412109375,0.0,1,REACTIVE UP ⚠️
32635,0.057769775390625,0.0,1,REACTIVE UP ⚠️
32640,0.0525932312011718,0.12676329910755157,1,SCALE UP 🔼
32652,2.86102294921875e-06,0.16850648820400238,1,SCALE UP 🔼
32665,0.029876708984375,0.40593457221984863,1,SCALE UP 🔼
32685,1.88909912109375,0.08560891449451447,1,REACTIVE UP ⚠️
32695,0.011199951171875,0.09242460131645203,1,SCALE UP 🔼
32705,0.04864501953125,0.15947189927101135,1,SCALE UP 🔼
32710,0.020904541015625,0.18694455921649933,1,SCALE UP 🔼
32717,0.00128173828125,1.4900187253952026,1,SCALE UP 🔼
32720,0.1618795394897461,0.05859502777457237,1,REACTIVE UP ⚠️
32730,7.834220886230469,0.12291137874126434,2,REACTIVE UP ⚠️
32775,0.0003871917724609,0.13175974786281586,1,SCALE UP 🔼
32785,0.123046875,0.09427883476018906,1,MAINTAIN
32790,0.0485458374023437,0.1556565910577774,1,SCALE UP 🔼
32814,0.0029945373535156,9.390176773071289,2,SCALE UP 🔼
32827,0.0,0.18557895720005035,1,SCALE UP 🔼
32828,0.0009708404541015,0.3003517985343933,1,SCALE UP 🔼
32830,0.03985595703125,0.20661039650440216,1,SCALE UP 🔼
32840,0.0058574676513671,0.05753565579652786,1,SCALE UP 🔼
32845,4.08343505859375,0.0,1,REACTIVE UP ⚠️
32850,2.16259765625,0.10790092498064041,1,REACTIVE UP ⚠️
32851,1.2620697021484375,0.1414419263601303,1,REACTIVE UP ⚠️
32860,0.0028800964355468,0.0992482528090477,1,SCALE UP 🔼
32865,0.0010700225830078,4.023335933685303,1,SCALE UP 🔼
32875,0.0002880096435546,1.43083918094635,1,SCALE UP 🔼
32880,0.0004606246948242,1.8176724910736084,1,SCALE UP 🔼
32890,0.018798828125,0.18175016343593597,1,SCALE UP 🔼
32895,0.0065689086914062,0.13597305119037628,1,SCALE UP 🔼
32910,0.0025835037231445,0.0,1,REACTIVE UP ⚠️
32911,0.0006036758422851,0.006081960629671812,1,SCALE UP 🔼
32940,0.0020294189453125,0.04211732745170593,1,SCALE UP 🔼
32955,0.0370798110961914,0.1329573690891266,1,SCALE UP 🔼
32960,0.0002565383911132,0.09344477206468582,1,SCALE UP 🔼
32975,1.494140625,0.07374515384435654,1,REACTIVE UP ⚠️
32990,1.6282281875610352,0.05168168619275093,1,REACTIVE UP ⚠️
33014,0.0,0.19862015545368195,1,SCALE UP 🔼
33030,0.0024967193603515,0.11743142455816269,1,SCALE UP 🔼
33045,0.1552581787109375,1.5037227869033813,1,SCALE UP 🔼
33050,0.0106048583984375,1.622378945350647,1,SCALE UP 🔼
33060,0.05126953125,0.2496062070131302,1,SCALE UP 🔼
33085,0.0303573608398437,0.09136735647916794,1,SCALE UP 🔼
33090,0.0301551818847656,0.25955888628959656,1,SCALE UP 🔼
33115,0.0010490417480468,0.0,1,REACTIVE UP ⚠️
33120,11.906570434570312,0.0027938380371779203,3,REACTIVE UP ⚠️
33140,0.7905006408691406,0.09057381004095078,1,REACTIVE UP ⚠️
33165,0.0987529754638671,0.10411001741886139,1,MAINTAIN
33170,0.0039024353027343,0.1000518649816513,1,SCALE UP 🔼
33185,0.34515380859375,7.101725101470947,2,SCALE UP 🔼
33205,0.1077651977539062,0.6856721043586731,1,SCALE UP 🔼
33230,0.09246826171875,0.16828882694244385,1,SCALE UP 🔼
33250,0.710662841796875,0.10889565944671631,1,REACTIVE UP ⚠️
33273,0.0007972717285156,0.3383120596408844,1,SCALE UP 🔼
33300,0.00018310546875,0.0,1,REACTIVE UP ⚠️
33315,0.0049381256103515,0.16424204409122467,1,SCALE UP 🔼
33330,13.7200927734375,0.6132792830467224,3,REACTIVE UP ⚠️
33335,0.04443359375,0.090534508228302,1,SCALE UP 🔼
33340,0.0062112808227539,0.1085161343216896,1,SCALE UP 🔼
33355,0.43701171875,0.0,1,REACTIVE UP ⚠️
33360,8.240947723388672,16.821237564086914,4,SCALE UP 🔼
33365,3.4601898193359375,0.13109318912029266,1,REACTIVE UP ⚠️
33375,0.66253662109375,0.11475241929292679,1,REACTIVE UP ⚠️
33380,0.3045654296875,0.39327096939086914,1,SCALE UP 🔼
33385,3.18438720703125,5.042618274688721,2,SCALE UP 🔼
33404,0.001007080078125,1.7748372554779053,1,SCALE UP 🔼
33415,0.002105712890625,0.6311028003692627,1,SCALE UP 🔼
33420,0.0003280639648437,0.363206148147583,1,SCALE UP 🔼
33425,0.118927001953125,2.196648597717285,1,SCALE UP 🔼
33426,0.0023384094238281,0.0,1,REACTIVE UP ⚠️
33445,2.0200347900390625,0.0,1,REACTIVE UP ⚠️
33454,0.0036964416503906,0.0782998725771904,1,SCALE UP 🔼
33460,0.0034847259521484,0.1994985044002533,1,SCALE UP 🔼
33470,0.0010843276977539,0.02201700396835804,1,SCALE UP 🔼
33475,0.0013694763183593,1.536105751991272,1,SCALE UP 🔼
33510,0.0095367431640625,0.06321515142917633,1,SCALE UP 🔼
33520,0.0171089172363281,0.07004033774137497,1,SCALE UP 🔼
33523,0.2082138061523437,0.0834856927394867,1,REACTIVE UP ⚠️
33525,0.9751358032226562,0.027249140664935112,1,REACTIVE UP ⚠️
33535,0.0149803161621093,0.0,1,REACTIVE UP ⚠️
33545,0.4066314697265625,0.0802324041724205,1,REACTIVE UP ⚠️
33552,0.0,0.2445201873779297,1,SCALE UP 🔼
33565,0.00244140625,0.7823881506919861,1,SCALE UP 🔼
33569,0.0,0.06500137597322464,1,SCALE UP 🔼
33590,0.16448974609375,0.4317736327648163,1,SCALE UP 🔼
33600,1.3660240173339844,0.15667235851287842,1,REACTIVE UP ⚠️
33610,0.0556869506835937,0.1356746405363083,1,SCALE UP 🔼
33615,0.032958984375,0.17064757645130157,1,SCALE UP 🔼
33620,0.0021286010742187,0.19609883427619934,1,SCALE UP 🔼
33643,0.61810302734375,1.3293235301971436,1,SCALE UP 🔼
33670,0.082275390625,0.1674329787492752,1,SCALE UP 🔼
33707,0.0005731582641601,0.10384673625230789,1,SCALE UP 🔼
33710,0.0174407958984375,0.059539515525102615,1,SCALE UP 🔼
33715,0.0007209777832031,0.6431009769439697,1,SCALE UP 🔼
33761,0.0,0.06910879164934158,1,SCALE UP 🔼
33778,0.6991195678710938,0.07576383650302887,1,REACTIVE UP ⚠️
33781,0.0017738342285156,0.12719093263149261,1,SCALE UP 🔼
33795,0.11492919921875,0.08786595612764359,1,MAINTAIN
33805,0.068206787109375,0.09943684935569763,1,SCALE UP 🔼
33815,0.234832763671875,0.6750622987747192,1,SCALE UP 🔼
33830,0.0003290176391601,0.08144858479499817,1,SCALE UP 🔼
33835,1.14697265625,0.18085573613643646,1,REACTIVE UP ⚠️
33850,0.7132568359375,0.1789884716272354,1,REACTIVE UP ⚠️
33861,3.528594970703125e-05,0.26840776205062866,1,SCALE UP 🔼
33885,0.0033798217773437,0.024202503263950348,1,SCALE UP 🔼
33905,0.5122261047363281,1.054011344909668,1,SCALE UP 🔼
33920,0.2988739013671875,0.6438370943069458,1,SCALE UP 🔼
33925,0.2606391906738281,0.08878987282514572,1,REACTIVE UP ⚠️
33930,0.5830001831054688,0.0850900188088417,1,REACTIVE UP ⚠️
33935,0.832763671875,0.5345917344093323,1,MAINTAIN
33945,0.1026458740234375,0.2870210111141205,1,SCALE UP 🔼
33955,0.0013847351074218,0.2528618574142456,1,SCALE UP 🔼
33964,7.62939453125e-06,0.8102524280548096,1,SCALE UP 🔼
33975,0.012237548828125,0.7309044599533081,1,SCALE UP 🔼
33985,0.47607421875,0.15614399313926697,1,REACTIVE UP ⚠️
34015,0.0006103515625,0.03963887318968773,1,SCALE UP 🔼
34045,0.0078277587890625,0.06482947617769241,1,SCALE UP 🔼
34070,1.0720443725585938,0.058987174183130264,1,REACTIVE UP ⚠️
34075,0.00543212890625,0.4163261950016022,1,SCALE UP 🔼
34095,0.12933349609375,0.11714879423379898,1,MAINTAIN
34100,0.0052642822265625,0.06352704763412476,1,SCALE UP 🔼
34108,0.0008468627929687,0.9808472990989685,1,SCALE UP 🔼
34115,0.019439697265625,0.09350533038377762,1,SCALE UP 🔼
34130,0.0077362060546875,0.15001973509788513,1,SCALE UP 🔼
34155,0.0781059265136718,0.10964169353246689,1,SCALE UP 🔼
34157,0.0008916854858398,0.09437225759029388,1,SCALE UP 🔼
34170,0.2715969085693359,0.07691018283367157,1,REACTIVE UP ⚠️
34175,0.00042724609375,0.09727061539888382,1,SCALE UP 🔼
34185,0.0016393661499023,0.12947429716587067,1,SCALE UP 🔼
34190,5.1734619140625,0.08967692404985428,2,REACTIVE UP ⚠️
34192,0.0034523010253906,0.360230952501297,1,SCALE UP 🔼
34195,1.534402847290039,0.0618557408452034,1,REACTIVE UP ⚠️
34210,1.5934295654296875,0.15812905132770538,1,REACTIVE UP ⚠️
34215,0.0059108734130859,3.72751784324646,1,SCALE UP 🔼
34217,0.0014858245849609,0.12544530630111694,1,SCALE UP 🔼
34218,10.71044921875,1.1929444074630737,3,REACTIVE UP ⚠️
34220,4.02099609375,1.3730307817459106,1,REACTIVE UP ⚠️
34225,0.0,0.10439550131559372,1,SCALE UP 🔼
34227,0.0,0.0,1,MAINTAIN
34255,0.008162498474121,11.034493446350098,3,SCALE UP 🔼
34260,0.774169921875,3.6240530014038086,1,SCALE UP 🔼
34262,0.0044631958007812,0.0,1,REACTIVE UP ⚠️
34270,0.001540184020996,0.17779624462127686,1,SCALE UP 🔼
34295,0.8756103515625,0.06950594484806061,1,REACTIVE UP ⚠️
34300,0.0013027191162109,0.2850869297981262,1,SCALE UP 🔼
34306,0.0,0.0,1,MAINTAIN
34308,0.0006074905395507,0.06836545467376709,1,SCALE UP 🔼
34320,0.0156450271606445,1.2582063674926758,1,SCALE UP 🔼
34325,4.61895751953125,0.09044407308101654,1,REACTIVE UP ⚠️
34330,0.0006790161132812,0.05559376999735832,1,SCALE UP 🔼
34355,0.100830078125,0.056049201637506485,1,MAINTAIN
34386,0.0,0.16860967874526978,1,SCALE UP 🔼
34395,0.0026817321777343,3.1319026947021484,1,SCALE UP 🔼
34407,0.000986099243164,0.08809314668178558,1,SCALE UP 🔼
34420,0.059814453125,0.12992030382156372,1,SCALE UP 🔼
34440,0.0490951538085937,0.1661543995141983,1,SCALE UP 🔼
34453,0.0007858276367187,0.15694521367549896,1,SCALE UP 🔼
34470,0.0674514770507812,0.0,1,REACTIVE UP ⚠️
34475,0.016326904296875,0.16962739825248718,1,SCALE UP 🔼
34480,0.0065803527832031,0.1115453690290451,1,SCALE UP 🔼
34502,0.0015907287597656,0.2752360701560974,1,SCALE UP 🔼
34513,0.30181884765625,0.22932879626750946,1,MAINTAIN
34520,0.0023193359375,0.014725209213793278,1,SCALE UP 🔼
34530,0.0058670043945312,0.1289500892162323,1,SCALE UP 🔼
34550,0.0179290771484375,0.10296788811683655,1,SCALE UP 🔼
34570,0.0003366470336914,0.3089090585708618,1,SCALE UP 🔼
34580,0.0017023086547851,0.09961740672588348,1,SCALE UP 🔼
34585,0.0002384185791015,0.038010574877262115,1,SCALE UP 🔼
34600,0.165069580078125,0.10160884261131287,1,MAINTAIN
34605,0.2349853515625,0.07858769595623016,1,REACTIVE UP ⚠️
34615,0.0,0.0845954492688179,1,SCALE UP 🔼
34620,0.0052719116210937,0.044213321059942245,1,SCALE UP 🔼
34634,0.0,0.19179680943489075,1,SCALE UP 🔼
34665,0.0097846984863281,0.2724571228027344,1,SCALE UP 🔼
34675,0.4476318359375,0.07788585871458054,1,REACTIVE UP ⚠️
34680,0.039931297302246,0.05350394546985626,1,SCALE UP 🔼
34685,0.0,0.08855480700731277,1,SCALE UP 🔼
34715,0.0015735626220703,0.10170672833919525,1,SCALE UP 🔼
34725,0.5830526351928711,0.45240113139152527,1,MAINTAIN
34740,0.03216552734375,0.10102920979261398,1,SCALE UP 🔼
34775,0.4349327087402344,0.08282358944416046,1,REACTIVE UP ⚠️
34795,0.004425048828125,0.0800335481762886,1,SCALE UP 🔼
34800,0.02630615234375,0.6571506261825562,1,SCALE UP 🔼
34810,0.0346183776855468,0.17366182804107666,1,SCALE UP 🔼
34815,0.39990234375,0.4121425449848175,1,MAINTAIN
34825,0.3330078125,0.07655036449432373,1,REACTIVE UP ⚠️
34865,0.0001029968261718,0.12552981078624725,1,SCALE UP 🔼
34890,4.04150390625,0.14358612895011902,1,REACTIVE UP ⚠️
34895,0.07818603515625,0.38958895206451416,1,SCALE UP 🔼
34900,0.0,0.36908966302871704,1,SCALE UP 🔼
34915,0.0005388259887695,0.07700803875923157,1,SCALE UP 🔼
34945,0.0092010498046875,2.6032445430755615,1,SCALE UP 🔼
34950,0.2730979919433594,0.13979186117649078,1,MAINTAIN
34955,0.01165771484375,0.09200649708509445,1,SCALE UP 🔼
34962,0.09393310546875,0.08275268971920013,1,MAINTAIN
34965,0.001708984375,0.09124554693698883,1,SCALE UP 🔼
34978,0.0005903244018554,0.18615937232971191,1,SCALE UP 🔼
34980,0.0009021759033203,0.09296173602342606,1,SCALE UP 🔼
34990,0.0068073272705078,0.17898890376091003,1,SCALE UP 🔼
35010,0.2517242431640625,0.07192178815603256,1,REACTIVE UP ⚠️
35015,4.0110931396484375,0.09319474548101425,1,REACTIVE UP ⚠️
35050,0.0113372802734375,0.08051881939172745,1,SCALE UP 🔼
35055,2.1107053756713867,0.10325007885694504,1,REACTIVE UP ⚠️
35065,0.0333595275878906,0.27372604608535767,1,SCALE UP 🔼
35075,0.0002651214599609,2.989428758621216,1,SCALE UP 🔼
35095,1.2581195831298828,0.08490049839019775,1,REACTIVE UP ⚠️
35105,0.472412109375,1.6361134052276611,1,SCALE UP 🔼
35115,1.8266143798828125,0.13309472799301147,1,REACTIVE UP ⚠️
35120,6.38690185546875,0.0933513417840004,2,REACTIVE UP ⚠️
35130,0.5221109390258789,0.920279860496521,1,SCALE UP 🔼
35135,0.0016994476318359,0.4552142322063446,1,SCALE UP 🔼
35140,0.3843994140625,1.3591690063476562,1,SCALE UP 🔼
35145,0.0,5.007687568664551,2,SCALE UP 🔼
35160,1.8677978515625,0.651457667350769,1,REACTIVE UP ⚠️
35165,0.0078868865966796,0.021211829036474228,1,SCALE UP 🔼
35170,0.3036346435546875,0.4180790185928345,1,SCALE UP 🔼
35175,0.0328941345214843,0.09040874242782593,1,SCALE UP 🔼
35180,0.0006790161132812,1.5063984394073486,1,SCALE UP 🔼
35195,0.333984375,0.09849578142166138,1,REACTIVE UP ⚠️
35210,0.0236320495605468,0.31063392758369446,1,SCALE UP 🔼
35215,0.0079202651977539,0.07777106761932373,1,SCALE UP 🔼
35220,0.0973968505859375,0.07701287418603897,1,MAINTAIN
35245,0.042022705078125,0.13563214242458344,1,SCALE UP 🔼
35263,0.0025062561035156,0.09283828735351562,1,SCALE UP 🔼
35265,0.0048599243164062,0.059512220323085785,1,SCALE UP 🔼
35270,0.0,0.14925667643547058,1,SCALE UP 🔼
35288,0.0008115768432617,0.1567070037126541,1,SCALE UP 🔼
35305,0.0106277465820312,0.018623940646648407,1,SCALE UP 🔼
35325,0.087738037109375,0.07942476123571396,1,MAINTAIN
35345,0.4763622283935547,0.15329979360103607,1,REACTIVE UP ⚠️
35350,0.213836669921875,0.13068857789039612,1,MAINTAIN
35355,0.06591796875,0.1042642891407013,1,SCALE UP 🔼
35370,0.0723218917846679,0.13172698020935059,1,SCALE UP 🔼
35385,2.55963134765625,0.5112335681915283,1,REACTIVE UP ⚠️
35395,2.064779281616211,0.29916098713874817,1,REACTIVE UP ⚠️
35405,0.0715370178222656,0.21408149600028992,1,SCALE UP 🔼
35410,0.0020599365234375,0.20390650629997253,1,SCALE UP 🔼
35435,0.0006427764892578,2.2917187213897705,1,SCALE UP 🔼
35455,0.0010356903076171,1.8367371559143066,1,SCALE UP 🔼
35460,0.0011348724365234,0.20605023205280304,1,SCALE UP 🔼
35500,0.0075836181640625,0.0890289917588234,1,SCALE UP 🔼
35525,0.1201963424682617,0.1737709790468216,1,SCALE UP 🔼
35565,0.0023517608642578,0.0,1,REACTIVE UP ⚠️
35570,0.0101966857910156,0.0,1,REACTIVE UP ⚠️
35575,5.767822265625,0.07602054625749588,2,REACTIVE UP ⚠️
35580,0.0264816284179687,0.2911125719547272,1,SCALE UP 🔼
35590,0.0046873092651367,0.17275863885879517,1,SCALE UP 🔼
35605,0.0,0.08798430860042572,1,SCALE UP 🔼
35615,0.244140625,4.318068981170654,1,SCALE UP 🔼
35620,0.1096038818359375,0.10916685312986374,1,MAINTAIN
35623,0.0024909973144531,0.08727175742387772,1,SCALE UP 🔼
35637,0.7158203125,0.07805070281028748,1,REACTIVE UP ⚠️
35645,0.0003824234008789,0.32130980491638184,1,SCALE UP 🔼
35660,0.0380439758300781,0.0,1,REACTIVE UP ⚠️
35664,0.0,0.08136745542287827,1,SCALE UP 🔼
35675,0.0679054260253906,0.699739933013916,1,SCALE UP 🔼
35705,0.4911766052246094,0.18792666494846344,1,REACTIVE UP ⚠️
35731,0.212554931640625,0.11998387426137924,1,MAINTAIN
35735,0.0736083984375,0.05309385433793068,1,MAINTAIN
35745,0.543121337890625,0.1582150161266327,1,REACTIVE UP ⚠️
35770,0.1283416748046875,0.4813341200351715,1,SCALE UP 🔼
35771,0.0,0.31938305497169495,1,SCALE UP 🔼
35775,1.1332855224609375,0.186123788356781,1,REACTIVE UP ⚠️
35780,0.0029487609863281,0.5216137766838074,1,SCALE UP 🔼
35795,0.0001335144042968,0.21604302525520325,1,SCALE UP 🔼
35800,0.149749755859375,0.06400636583566666,1,REACTIVE UP ⚠️
35810,0.165496826171875,1.1062743663787842,1,SCALE UP 🔼
35817,0.0277881622314453,0.08131431043148041,1,SCALE UP 🔼
35820,0.1812458038330078,0.12775549292564392,1,MAINTAIN
35825,0.0,0.29728713631629944,1,SCALE UP 🔼
35833,0.0011329650878906,0.2622077167034149,1,SCALE UP 🔼
35860,0.507354736328125,0.0659785270690918,1,REACTIVE UP ⚠️
35865,19.87750244140625,0.266645222902298,4,REACTIVE UP ⚠️
35871,0.0,0.09028780460357666,1,SCALE UP 🔼
35907,7.915496826171875e-05,0.09113051742315292,1,SCALE UP 🔼
35910,0.0013313293457031,0.5306907296180725,1,SCALE UP 🔼
35920,0.0323486328125,15.261707305908203,4,SCALE UP 🔼
35925,0.0015106201171875,0.07798544317483902,1,SCALE UP 🔼
35940,0.0830078125,0.22541707754135132,1,SCALE UP 🔼
35941,0.0040054321289062,0.19648383557796478,1,SCALE UP 🔼
35956,0.0,0.15178604423999786,1,SCALE UP 🔼
35962,13.43145751953125,0.0,3,REACTIVE UP ⚠️
35970,1.1944580078125,0.1916598677635193,1,REACTIVE UP ⚠️
35975,0.0516357421875,0.1195378452539444,1,SCALE UP 🔼
36000,0.024810791015625,0.05929908528923988,1,SCALE UP 🔼
36015,1.194091796875,6.956751823425293,2,SCALE UP 🔼
36055,0.08843994140625,0.6975511908531189,1,SCALE UP 🔼
36085,0.11474609375,0.121988445520401,1,MAINTAIN
36095,1.61865234375,0.10697799921035767,1,REACTIVE UP ⚠️
36124,0.1399993896484375,1.243356704711914,1,SCALE UP 🔼
36130,0.0051460266113281,0.24665094912052155,1,SCALE UP 🔼
36155,0.6336669921875,0.14023229479789734,1,REACTIVE UP ⚠️
36156,0.0049591064453125,1.223008632659912,1,SCALE UP 🔼
36180,0.1812057495117187,0.19486142694950104,1,MAINTAIN
36200,0.0036201477050781,0.18653392791748047,1,SCALE UP 🔼
36219,0.0063257217407226,0.37780413031578064,1,SCALE UP 🔼
36220,1.6581802368164062,0.07357769459486008,1,REACTIVE UP ⚠️
36255,0.041015625,0.36938750743865967,1,SCALE UP 🔼
36260,1.676513671875,0.10349692404270172,1,REACTIVE UP ⚠️
36280,0.32373046875,0.07001318037509918,1,REACTIVE UP ⚠️
36310,0.2999267578125,0.9511657953262329,1,SCALE UP 🔼
36320,0.0003643035888671,0.09989801794290543,1,SCALE UP 🔼
36325,1.2266845703125,1.2778350114822388,1,MAINTAIN
36330,1.2918701171875,0.32591262459754944,1,REACTIVE UP ⚠️
36345,0.0692138671875,0.32369759678840637,1,SCALE UP 🔼
36346,0.0,0.041328515857458115,1,SCALE UP 🔼
36364,0.0,1.713469386100769,1,SCALE UP 🔼
36375,0.0059633255004882,1.0500935316085815,1,SCALE UP 🔼
36395,1.2163543701171875,0.15872159600257874,1,REACTIVE UP ⚠️
36405,0.013092041015625,0.0793890655040741,1,SCALE UP 🔼
36410,0.0004634857177734,0.04945055767893791,1,SCALE UP 🔼
36415,0.0049057006835937,0.015900515019893646,1,SCALE UP 🔼
36430,7.474365234375,0.9576570987701416,2,REACTIVE UP ⚠️
36434,0.0154170989990234,0.13480237126350403,1,SCALE UP 🔼
36453,0.0360050201416015,0.08043038100004196,1,SCALE UP 🔼
36455,0.0001440048217773,0.06969191133975983,1,SCALE UP 🔼
36499,0.0011005401611328,5.062162399291992,2,SCALE UP 🔼
36509,0.0013847351074218,0.022413963451981544,1,SCALE UP 🔼
36510,0.0005264282226562,0.10999923199415207,1,SCALE UP 🔼
36515,0.0900115966796875,0.08375038951635361,1,MAINTAIN
36530,0.03497314453125,0.08794965595006943,1,SCALE UP 🔼
36550,0.0229396820068359,0.12347590178251266,1,SCALE UP 🔼
36555,0.0005140304565429,0.058056920766830444,1,SCALE UP 🔼
36610,0.0026636123657226,0.19464334845542908,1,SCALE UP 🔼
36625,0.1579971313476562,0.11176339536905289,1,MAINTAIN
36631,0.0005264282226562,0.11399645358324051,1,SCALE UP 🔼
36635,0.36358642578125,0.010046718642115593,1,REACTIVE UP ⚠️
36640,0.0253658294677734,0.07253135740756989,1,SCALE UP 🔼
36645,3.2641067504882812,0.21591031551361084,1,REACTIVE UP ⚠️
36650,0.34307861328125,0.07852019369602203,1,REACTIVE UP ⚠️
36685,2.726593017578125,0.38815242052078247,1,REACTIVE UP ⚠️
36690,0.01910400390625,0.06592463701963425,1,SCALE UP 🔼
36715,1.82098388671875,3.650649309158325,1,SCALE UP 🔼
36749,0.0,0.3620019853115082,1,SCALE UP 🔼
36795,0.363006591796875,1.85648512840271,1,SCALE UP 🔼
36800,0.178802490234375,0.11863445490598679,1,MAINTAIN
36809,0.0070066452026367,1.6394354104995728,1,SCALE UP 🔼
36810,0.0085296630859375,0.022861309349536896,1,SCALE UP 🔼
36815,0.0009994506835937,0.382321298122406,1,SCALE UP 🔼
36830,0.076263427734375,0.11579716205596924,1,SCALE UP 🔼
36835,0.6064453125,0.07092778384685516,1,REACTIVE UP ⚠️
36855,0.0011844635009765,0.12512388825416565,1,SCALE UP 🔼
36860,0.0790557861328125,0.06106443703174591,1,MAINTAIN
36865,0.0145502090454101,0.1327565759420395,1,SCALE UP 🔼
36870,0.161773681640625,0.5155482292175293,1,SCALE UP 🔼
36890,0.0037670135498046,0.07658205181360245,1,SCALE UP 🔼
36905,3.1580810546875,0.19146385788917542,1,REACTIVE UP ⚠️
36915,0.00457763671875,0.06973447650671005,1,SCALE UP 🔼
36920,0.13458251953125,0.19930949807167053,1,SCALE UP 🔼
36925,0.220458984375,0.04308795928955078,1,REACTIVE UP ⚠️
36930,0.03472900390625,2.5238828659057617,1,SCALE UP 🔼
36950,2.1812591552734375,0.06149524077773094,1,REACTIVE UP ⚠️
36955,0.39404296875,0.22926758229732513,1,MAINTAIN
36960,1.69189453125,0.3832371234893799,1,REACTIVE UP ⚠️
36970,1.89599609375,0.14243067800998688,1,REACTIVE UP ⚠️
36972,0.0018253326416015,1.233356237411499,1,SCALE UP 🔼
36980,0.5769338607788086,0.4175525903701782,1,MAINTAIN
37015,0.0260009765625,1.8061059713363647,1,SCALE UP 🔼
37020,0.0142974853515625,2.388474941253662,1,SCALE UP 🔼
37038,0.0143661499023437,0.09862903505563736,1,SCALE UP 🔼
37040,0.3082275390625,0.41074374318122864,1,SCALE UP 🔼
37045,5.059326171875,0.10334394127130508,2,REACTIVE UP ⚠️
37050,0.0,0.06179622933268547,1,SCALE UP 🔼
37080,0.0024394989013671,0.0,1,REACTIVE UP ⚠️
37095,0.0020580291748046,0.3573386073112488,1,SCALE UP 🔼
37120,0.452728271484375,3.7003533840179443,1,SCALE UP 🔼
37122,0.0,0.08740340918302536,1,SCALE UP 🔼
37125,0.0001792907714843,0.06682053953409195,1,SCALE UP 🔼
37215,0.0089263916015625,0.11137847602367401,1,SCALE UP 🔼
37280,0.0046062469482421,0.4773945212364197,1,SCALE UP 🔼
37315,0.0197601318359375,0.0,1,REACTIVE UP ⚠️
37316,0.0,0.07970157265663147,1,SCALE UP 🔼
37320,0.0,0.17682678997516632,1,SCALE UP 🔼
37325,0.0425796508789062,0.15488950908184052,1,SCALE UP 🔼
37365,0.0333137512207031,0.07132270932197571,1,SCALE UP 🔼
37370,1.5413818359375,0.04891355708241463,1,REACTIVE UP ⚠️
37385,3.00567626953125,0.20618502795696259,1,REACTIVE UP ⚠️
37415,0.8916015625,0.14993344247341156,1,REACTIVE UP ⚠️
37420,0.0072736740112304,0.13612650334835052,1,SCALE UP 🔼
37425,9.132568359375,1.5249371528625488,2,REACTIVE UP ⚠️
37435,0.0155410766601562,3.3333659172058105,1,SCALE UP 🔼
37470,0.3264112472534179,0.6884687542915344,1,SCALE UP 🔼
37480,1.0720539093017578,0.0970543697476387,1,REACTIVE UP ⚠️
37483,0.0001840591430664,6.222460746765137,2,SCALE UP 🔼
37485,0.0097160339355468,0.110271155834198,1,SCALE UP 🔼
37490,0.0482940673828125,0.2544446587562561,1,SCALE UP 🔼
37510,0.151214599609375,0.8535053133964539,1,SCALE UP 🔼
37515,0.346343994140625,0.10171250253915787,1,REACTIVE UP ⚠️
37543,0.0,0.09465868026018143,1,SCALE UP 🔼
37545,0.0198898315429687,0.09040210396051407,1,SCALE UP 🔼
37571,0.0102996826171875,0.19903019070625305,1,SCALE UP 🔼
37600,0.04290771484375,0.38309571146965027,1,SCALE UP 🔼
37605,0.0318603515625,0.08375843614339828,1,SCALE UP 🔼
37620,0.007843017578125,0.0,1,REACTIVE UP ⚠️
37641,0.0359344482421875,0.06103714555501938,1,SCALE UP 🔼
37650,0.0126171112060546,0.08479954302310944,1,SCALE UP 🔼
37655,0.0037765502929687,0.0781521126627922,1,SCALE UP 🔼
37660,0.23406982421875,0.09459906816482544,1,REACTIVE UP ⚠️
37665,0.085601806640625,0.0756053701043129,1,MAINTAIN
37680,1.804443359375,0.0935404822230339,1,REACTIVE UP ⚠️
37705,0.0274200439453125,0.06930973380804062,1,SCALE UP 🔼
37715,0.1285114288330078,0.25249266624450684,1,SCALE UP 🔼
37725,0.110504150390625,0.1539316028356552,1,SCALE UP 🔼
37770,0.0169677734375,1.4195204973220825,1,SCALE UP 🔼
37776,0.0016098022460937,0.10820692777633667,1,SCALE UP 🔼
37785,0.7271833419799805,0.2073621153831482,1,REACTIVE UP ⚠️
37795,0.0003490447998046,0.16785703599452972,1,SCALE UP 🔼
37823,0.0198841094970703,0.10592430830001831,1,SCALE UP 🔼
37830,1.2890625,0.09815067797899246,1,REACTIVE UP ⚠️
37855,0.2563858032226562,0.7168466448783875,1,SCALE UP 🔼
37864,0.0,0.10538438707590103,1,SCALE UP 🔼
37905,0.0001697540283203,0.09085728973150253,1,SCALE UP 🔼
37935,0.03277587890625,0.963676929473877,1,SCALE UP 🔼
37940,0.0721797943115234,0.2728631794452667,1,SCALE UP 🔼
37966,0.008707046508789,0.07815058529376984,1,SCALE UP 🔼
37970,1.1158447265625,0.07575205713510513,1,REACTIVE UP ⚠️
37975,1.072265625,0.10009028762578964,1,REACTIVE UP ⚠️
37980,0.0447998046875,0.09985237568616867,1,SCALE UP 🔼
38000,0.0092906951904296,0.07526889443397522,1,SCALE UP 🔼
38016,0.0102157592773437,0.9541358947753906,1,SCALE UP 🔼
38040,0.0369873046875,1.2927964925765991,1,SCALE UP 🔼
38050,0.0832710266113281,0.16333897411823273,1,SCALE UP 🔼
38065,0.0125732421875,0.05585075542330742,1,SCALE UP 🔼
38090,4.299407958984375,0.08200332522392273,1,REACTIVE UP ⚠️
38098,0.0002899169921875,0.03810085728764534,1,SCALE UP 🔼
38105,0.0220947265625,0.14730890095233917,1,SCALE UP 🔼
38115,0.0020828247070312,0.12619170546531677,1,SCALE UP 🔼
38138,0.0819854736328125,3.5105395317077637,1,SCALE UP 🔼
38143,0.0,0.08237572759389877,1,SCALE UP 🔼
38145,0.1954383850097656,0.076338991522789,1,REACTIVE UP ⚠️
38151,0.0,0.05498477816581726,1,SCALE UP 🔼
38165,0.055419921875,0.21300208568572998,1,SCALE UP 🔼
38175,2.7392578125,0.1555788367986679,1,REACTIVE UP ⚠️
38195,0.0161933898925781,0.25910407304763794,1,SCALE UP 🔼
38201,0.390380859375,0.07180707901716232,1,REACTIVE UP ⚠️
38210,5.575927734375,0.11901440471410751,2,REACTIVE UP ⚠️
38225,0.0110015869140625,2.11509370803833,1,SCALE UP 🔼
38235,0.0056390762329101,0.07831524312496185,1,SCALE UP 🔼
38240,0.141916275024414,0.4109935164451599,1,SCALE UP 🔼
38246,0.0055503845214843,4.270567417144775,1,SCALE UP 🔼
38254,0.0106201171875,0.10051541030406952,1,SCALE UP 🔼
38260,0.3452301025390625,0.04491060599684715,1,REACTIVE UP ⚠️
38265,0.0142669677734375,0.1788337081670761,1,SCALE UP 🔼
38267,0.5438232421875,0.06847546994686127,1,REACTIVE UP ⚠️
38278,0.0050888061523437,0.0,1,REACTIVE UP ⚠️
38280,0.0084114074707031,0.539013683795929,1,SCALE UP 🔼
38290,0.0009412765502929,0.1271820217370987,1,SCALE UP 🔼
38300,0.0027389526367187,0.5169195532798767,1,SCALE UP 🔼
38310,0.0,0.08878417313098907,1,SCALE UP 🔼
38340,0.0019741058349609,0.05687085911631584,1,SCALE UP 🔼
38355,0.0019416809082031,0.14877472817897797,1,SCALE UP 🔼
38360,0.0305767059326171,0.050586726516485214,1,SCALE UP 🔼
38370,0.0002670288085937,0.08043146878480911,1,SCALE UP 🔼
38380,0.0127372741699218,0.08557888865470886,1,SCALE UP 🔼
38390,0.025604248046875,0.04525597393512726,1,SCALE UP 🔼
38410,0.0024909973144531,0.18345201015472412,1,SCALE UP 🔼
38420,0.03887939453125,0.06873016804456711,1,SCALE UP 🔼
38425,0.0026750564575195,0.10494052618741989,1,SCALE UP 🔼
38445,0.1424751281738281,0.11237918585538864,1,MAINTAIN
38460,0.001108169555664,0.1889888048171997,1,SCALE UP 🔼
38485,0.010101318359375,0.11974955350160599,1,SCALE UP 🔼
38490,0.0027542114257812,0.10430380702018738,1,SCALE UP 🔼
38500,0.0018472671508789,0.214748352766037,1,SCALE UP 🔼
38510,0.0043678283691406,0.08667954802513123,1,SCALE UP 🔼
38525,1.203338623046875,0.21493777632713318,1,REACTIVE UP ⚠️
38530,0.4034271240234375,0.16249717772006989,1,REACTIVE UP ⚠️
38570,1.0730552673339844,0.09258390218019485,1,REACTIVE UP ⚠️
38576,0.0016403198242187,0.07162738591432571,1,SCALE UP 🔼
38580,0.186279296875,1.6461986303329468,1,SCALE UP 🔼
38585,0.204833984375,0.5444052219390869,1,SCALE UP 🔼
38586,0.0,1.073161005973816,1,SCALE UP 🔼
38605,1.164703369140625,0.10786621272563934,1,REACTIVE UP ⚠️
38610,0.0,0.26947838068008423,1,SCALE UP 🔼
38620,0.00640869140625,0.20868772268295288,1,SCALE UP 🔼
38630,5.3192138671875,0.05497921630740166,2,REACTIVE UP ⚠️
38635,0.0139617919921875,0.923498272895813,1,SCALE UP 🔼
38640,0.0091705322265625,0.17555636167526245,1,SCALE UP 🔼
38650,0.072174072265625,0.1799829602241516,1,SCALE UP 🔼
38665,0.0105876922607421,4.078892707824707,1,SCALE UP 🔼
38680,0.8234729766845703,0.10162118822336197,1,REACTIVE UP ⚠️
38685,1.0943603515625,0.02507311850786209,1,REACTIVE UP ⚠️
38700,0.1864013671875,0.27893269062042236,1,SCALE UP 🔼
38727,0.0001735687255859,0.10944084078073502,1,SCALE UP 🔼
38738,0.0001335144042968,0.41468876600265503,1,SCALE UP 🔼
38740,0.026458740234375,1.1022263765335083,1,SCALE UP 🔼
38745,0.0034561157226562,0.22735315561294556,1,SCALE UP 🔼
38759,0.0016422271728515,0.07576826959848404,1,SCALE UP 🔼
38780,0.002044677734375,0.08709903806447983,1,SCALE UP 🔼
38830,0.0013160705566406,0.12361196428537369,1,SCALE UP 🔼
38848,0.0146045684814453,0.028478194028139114,1,SCALE UP 🔼
38850,0.0008697509765625,0.08652741461992264,1,SCALE UP 🔼
38855,0.5395698547363281,0.11670792102813721,1,REACTIVE UP ⚠️
38860,0.1213302612304687,0.10297958552837372,1,MAINTAIN
38884,0.0081539154052734,0.008831826038658619,1,MAINTAIN
38885,0.0012273788452148,0.05621906369924545,1,SCALE UP 🔼
38888,0.0022544860839843,0.5495281219482422,1,SCALE UP 🔼
38900,0.0050868988037109,0.1623210310935974,1,SCALE UP 🔼
38915,0.05841064453125,0.10109210759401321,1,SCALE UP 🔼
38920,0.0070266723632812,0.06408662348985672,1,SCALE UP 🔼
38925,0.314453125,0.07162269949913025,1,REACTIVE UP ⚠️
38930,0.0911226272583007,0.09481862187385559,1,MAINTAIN
38940,0.1445770263671875,0.10013508051633835,1,MAINTAIN
38941,0.0,0.05113601312041283,1,SCALE UP 🔼
38965,0.1482086181640625,0.31695109605789185,1,SCALE UP 🔼
38975,0.0038480758666992,0.15270176529884338,1,SCALE UP 🔼
38985,0.012939453125,0.19059675931930542,1,SCALE UP 🔼
38995,0.04779052734375,0.08268743008375168,1,SCALE UP 🔼
39055,0.0376558303833007,0.20702320337295532,1,SCALE UP 🔼
39065,0.0962371826171875,0.10781365633010864,1,MAINTAIN
39070,0.0024890899658203,0.12737150490283966,1,SCALE UP 🔼
39075,0.2571134567260742,0.13232482969760895,1,MAINTAIN
39080,0.0853939056396484,0.11153487861156464,1,SCALE UP 🔼
39083,0.02545166015625,0.1759948581457138,1,SCALE UP 🔼
39090,0.1229248046875,0.08510439842939377,1,MAINTAIN
39095,0.0487060546875,0.28404852747917175,1,SCALE UP 🔼
39100,0.0017452239990234,0.15004225075244904,1,SCALE UP 🔼
39108,0.093292236328125,0.10497324913740158,1,MAINTAIN
39155,0.0367965698242187,0.19133906066417694,1,SCALE UP 🔼
39165,0.0076904296875,0.11664416640996933,1,SCALE UP 🔼
39175,0.000314712524414,0.07832252979278564,1,SCALE UP 🔼
39189,0.0,0.1852840930223465,1,SCALE UP 🔼
39195,0.0011157989501953,0.14154072105884552,1,SCALE UP 🔼
39205,0.0079822540283203,0.08922340720891953,1,SCALE UP 🔼
39215,0.0004310607910156,0.08795030415058136,1,SCALE UP 🔼
39230,0.2322120666503906,0.07132016122341156,1,REACTIVE UP ⚠️
39238,26.51869201660156,0.07068461179733276,6,REACTIVE UP ⚠️
39250,0.21221923828125,0.13348093628883362,1,MAINTAIN
39255,0.0068092346191406,0.10734773427248001,1,SCALE UP 🔼
39260,0.0751724243164062,0.2543119192123413,1,SCALE UP 🔼
39275,0.0033111572265625,15.394701957702637,4,SCALE UP 🔼
39290,0.65234375,0.25776711106300354,1,REACTIVE UP ⚠️
39297,0.1369400024414062,0.07952004671096802,1,MAINTAIN
39300,0.1068344116210937,0.15744714438915253,1,SCALE UP 🔼
39302,0.0,0.07738897204399109,1,SCALE UP 🔼
39310,0.05401611328125,0.5576079487800598,1,SCALE UP 🔼
39315,2.2755279541015625,0.2300354391336441,1,REACTIVE UP ⚠️
39326,0.0001802444458007,0.16087152063846588,1,SCALE UP 🔼
39327,0.0006036758422851,0.08438141644001007,1,SCALE UP 🔼
39335,6.6375732421875,0.12970183789730072,2,REACTIVE UP ⚠️
39343,0.22296142578125,1.1109168529510498,1,SCALE UP 🔼
39360,1.10577392578125,0.07427912205457687,1,REACTIVE UP ⚠️
39370,6.4849853515625e-05,0.14236676692962646,1,SCALE UP 🔼
39380,0.0012111663818359,4.135605812072754,1,SCALE UP 🔼
39385,0.0010204315185546,0.24850137531757355,1,SCALE UP 🔼
39398,0.0623321533203125,0.7539788484573364,1,SCALE UP 🔼
39403,0.0889062881469726,0.07698357850313187,1,MAINTAIN
39406,0.0002155303955078,0.0795636773109436,1,SCALE UP 🔼
39410,0.1617240905761718,0.0,1,REACTIVE UP ⚠️
39415,0.0158071517944335,0.12262068688869476,1,SCALE UP 🔼
39420,0.0031089782714843,0.13811445236206055,1,SCALE UP 🔼
39439,0.001749038696289,0.10229846835136414,1,SCALE UP 🔼
39465,0.0244140625,0.21702077984809875,1,SCALE UP 🔼
39474,0.0100135803222656,0.021126696839928627,1,SCALE UP 🔼
39475,0.9505615234375,0.06926063448190689,1,REACTIVE UP ⚠️
39480,0.3683395385742187,0.09777405858039856,1,REACTIVE UP ⚠️
39515,0.0016021728515625,0.11167153716087341,1,SCALE UP 🔼
39520,0.0321254730224609,0.09875766187906265,1,SCALE UP 🔼
39545,0.0047607421875,0.7664873600006104,1,SCALE UP 🔼
39553,0.0,0.37711721658706665,1,SCALE UP 🔼
39564,0.007781982421875,0.08398900181055069,1,SCALE UP 🔼
39575,0.3515357971191406,0.12070496380329132,1,REACTIVE UP ⚠️
39585,0.084320068359375,0.08228681981563568,1,MAINTAIN
39595,0.0007696151733398,0.01811310648918152,1,SCALE UP 🔼
39605,0.0032854080200195,0.12884876132011414,1,SCALE UP 🔼
39610,0.097198486328125,0.4010254144668579,1,SCALE UP 🔼
39625,0.0023088455200195,0.15463131666183472,1,SCALE UP 🔼
39626,0.0003242492675781,0.08202055096626282,1,SCALE UP 🔼
39635,5.53240966796875,0.07789070159196854,2,REACTIVE UP ⚠️
39645,0.0019826889038085,0.15868259966373444,1,SCALE UP 🔼
39649,8.678436279296875e-05,0.06273584067821503,1,SCALE UP 🔼
39650,9.822845458984376e-05,0.07516931742429733,1,SCALE UP 🔼
39655,0.0053939819335937,5.18151330947876,2,SCALE UP 🔼
39665,0.0850152969360351,0.14697858691215515,1,SCALE UP 🔼
39670,0.0030097961425781,0.14152339100837708,1,SCALE UP 🔼
39695,1.2732086181640625,0.0890195369720459,1,REACTIVE UP ⚠️
39705,0.0061283111572265,0.08463969081640244,1,SCALE UP 🔼
39706,0.0003328323364257,0.01164211519062519,1,SCALE UP 🔼
39708,6.961822509765625e-05,0.08693474531173706,1,SCALE UP 🔼
39715,0.0020675659179687,1.2808541059494019,1,SCALE UP 🔼
39719,2.631500244140625,0.07510709762573242,1,REACTIVE UP ⚠️
39720,0.0439529418945312,0.129188671708107,1,SCALE UP 🔼
39740,0.0067138671875,0.0,1,REACTIVE UP ⚠️
39744,0.0080413818359375,0.09179060161113739,1,SCALE UP 🔼
39745,0.0056991577148437,1.9180152416229248,1,SCALE UP 🔼
39750,0.014373779296875,0.13683858513832092,1,SCALE UP 🔼
39762,0.0002098083496093,0.09409480541944504,1,SCALE UP 🔼
39775,0.0037479400634765,0.051528047770261765,1,SCALE UP 🔼
39785,0.9416351318359376,0.173316091299057,1,REACTIVE UP ⚠️
39790,0.0136566162109375,0.1736660599708557,1,SCALE UP 🔼
39795,0.10040283203125,0.12473420053720474,1,SCALE UP 🔼
39800,0.00152587890625,0.09229197353124619,1,SCALE UP 🔼
39810,0.0143213272094726,0.859133243560791,1,SCALE UP 🔼
39815,4.374755859375,0.11104710400104523,1,REACTIVE UP ⚠️
39820,12.668914794921877,0.13067422807216644,3,REACTIVE UP ⚠️
39826,0.0001907348632812,0.08671189099550247,1,SCALE UP 🔼
39865,0.0589599609375,0.1038319393992424,1,SCALE UP 🔼
39885,0.0701026916503906,3.5501868724823,1,SCALE UP 🔼
39895,0.0004787445068359,12.609785079956055,3,SCALE UP 🔼
39900,1.67919921875,0.12921515107154846,1,REACTIVE UP ⚠️
39910,0.3331756591796875,0.20671813189983368,1,MAINTAIN
39925,0.1680831909179687,0.1519756317138672,1,MAINTAIN
39930,0.0692653656005859,0.0,1,REACTIVE UP ⚠️
39935,0.0,0.7681560516357422,1,SCALE UP 🔼
39945,0.0016689300537109,0.42282718420028687,1,SCALE UP 🔼
39950,0.0085172653198242,0.23651233315467834,1,SCALE UP 🔼
39970,2.767547607421875,0.21969085931777954,1,REACTIVE UP ⚠️
39980,1.3043880462646484,0.026969417929649353,1,REACTIVE UP ⚠️
40004,0.0006074905395507,0.0,1,REACTIVE UP ⚠️
40006,0.0005178451538085,0.07166987657546997,1,SCALE UP 🔼
40010,1.975341796875,2.5697498321533203,1,SCALE UP 🔼
40020,0.0157241821289062,1.7301970720291138,1,SCALE UP 🔼
40060,0.0550918579101562,0.05469081178307533,1,MAINTAIN
40065,0.0067672729492187,0.04971887171268463,1,SCALE UP 🔼
40070,0.0014152526855468,1.9310892820358276,1,SCALE UP 🔼
40080,0.35760498046875,0.0,1,REACTIVE UP ⚠️
40095,0.0017833709716796,0.20684634149074554,1,SCALE UP 🔼
40105,0.0048370361328125,0.09635988622903824,1,SCALE UP 🔼
40140,0.057586669921875,0.17804916203022003,1,SCALE UP 🔼
40164,0.0070381164550781,0.324809193611145,1,SCALE UP 🔼
40165,0.0283527374267578,0.047707684338092804,1,SCALE UP 🔼
40170,0.0016984939575195,0.092818982899189,1,SCALE UP 🔼
40182,0.0082683563232421,0.1690918505191803,1,SCALE UP 🔼
40185,0.024383544921875,0.11403118073940277,1,SCALE UP 🔼
40190,0.1134033203125,0.0643443763256073,1,MAINTAIN
40206,0.0002717971801757,0.13541433215141296,1,SCALE UP 🔼
40208,0.0037879943847656,0.16794373095035553,1,SCALE UP 🔼
40215,0.0136184692382812,0.17019623517990112,1,SCALE UP 🔼
40234,0.008087158203125,0.21526704728603363,1,SCALE UP 🔼
40235,0.0062227249145507,0.07697410136461258,1,SCALE UP 🔼
40240,0.0279445648193359,0.10073360800743103,1,SCALE UP 🔼
40250,0.1065673828125,0.11179079115390778,1,MAINTAIN
40255,0.7607421875,0.09154094755649567,1,REACTIVE UP ⚠️
40265,0.0773162841796875,0.20169997215270996,1,SCALE UP 🔼
40275,0.0118331909179687,0.12393166869878769,1,SCALE UP 🔼
40280,0.0081777572631835,0.20866183936595917,1,SCALE UP 🔼
40285,0.0027694702148437,0.7895562052726746,1,SCALE UP 🔼
40308,0.0188522338867187,0.16683371365070343,1,SCALE UP 🔼
40315,0.0048580169677734,0.09666848182678223,1,SCALE UP 🔼
40330,0.0115203857421875,0.12016484886407852,1,SCALE UP 🔼
40345,0.545745849609375,0.09480930864810944,1,REACTIVE UP ⚠️
40350,0.0217056274414062,0.15795978903770447,1,SCALE UP 🔼
40355,0.0016288757324218,0.10446617752313614,1,SCALE UP 🔼
40360,0.0026130676269531,0.09915318340063095,1,SCALE UP 🔼
40370,0.00335693359375,0.5313879251480103,1,SCALE UP 🔼
40375,0.0034046173095703,0.09775649756193161,1,SCALE UP 🔼
40380,4.1602935791015625,0.03429717570543289,1,REACTIVE UP ⚠️
40390,0.3797454833984375,0.10715535283088684,1,REACTIVE UP ⚠️
40410,0.0005722045898437,0.08875512331724167,1,SCALE UP 🔼
40412,0.029205322265625,0.13214987516403198,1,SCALE UP 🔼
40415,0.1014041900634765,2.6929538249969482,1,SCALE UP 🔼
40449,0.0,0.38652896881103516,1,SCALE UP 🔼
40455,0.0,0.10707316547632217,1,SCALE UP 🔼
40460,0.0004196166992187,0.10539743304252625,1,SCALE UP 🔼
40485,10.13763427734375,0.15535259246826172,3,REACTIVE UP ⚠️
40516,0.0,0.30150073766708374,1,SCALE UP 🔼
40529,0.0010051727294921,0.08954491466283798,1,SCALE UP 🔼
40530,0.0124359130859375,0.0891888365149498,1,SCALE UP 🔼
40553,0.0243492126464843,7.56447696685791,2,SCALE UP 🔼
40575,0.30841064453125,0.09730507433414459,1,REACTIVE UP ⚠️
40610,0.009185791015625,0.014983851462602615,1,SCALE UP 🔼
40635,0.3359022140502929,0.1106410026550293,1,REACTIVE UP ⚠️
40640,0.1161727905273437,0.10631418973207474,1,MAINTAIN
40645,0.220489501953125,0.4087192118167877,1,SCALE UP 🔼
40650,7.43865966796875e-05,0.08675207197666168,1,SCALE UP 🔼
40660,0.1529788970947265,0.336654931306839,1,SCALE UP 🔼
40670,1.01837158203125,0.17561368644237518,1,REACTIVE UP ⚠️
40680,0.0029106140136718,0.28517791628837585,1,SCALE UP 🔼
40695,0.0181608200073242,0.0,1,REACTIVE UP ⚠️
40709,0.0,0.19635231792926788,1,SCALE UP 🔼
40718,0.0028543472290039,0.8941972851753235,1,SCALE UP 🔼
40735,0.0115814208984375,0.07575034350156784,1,SCALE UP 🔼
40754,0.0005369186401367,0.15844053030014038,1,SCALE UP 🔼
40775,0.0223159790039062,0.04994870349764824,1,SCALE UP 🔼
40785,0.0003023147583007,0.08749641478061676,1,SCALE UP 🔼
40805,0.0090312957763671,0.07508526742458344,1,SCALE UP 🔼
40820,0.0172233581542968,0.08190059661865234,1,SCALE UP 🔼
40850,0.1247406005859375,0.09122658520936966,1,MAINTAIN
40860,0.2714004516601562,0.11560570448637009,1,REACTIVE UP ⚠️
40870,0.0171775817871093,0.14283978939056396,1,SCALE UP 🔼
40880,0.1568450927734375,0.08158060908317566,1,MAINTAIN
40900,0.3705692291259765,0.18709933757781982,1,MAINTAIN
40915,0.0,0.31811580061912537,1,SCALE UP 🔼
40931,0.0026321411132812,0.1306137889623642,1,SCALE UP 🔼
40945,3.2529525756835938,0.20257467031478882,1,REACTIVE UP ⚠️
40950,0.1724166870117187,0.3850339651107788,1,SCALE UP 🔼
40961,0.0063686370849609,0.08768061548471451,1,SCALE UP 🔼
40980,0.01153564453125,0.09120175987482071,1,SCALE UP 🔼
40991,0.0265407562255859,1.940070390701294,1,SCALE UP 🔼
40998,0.0003843307495117,0.2549966871738434,1,SCALE UP 🔼
41020,0.0008354187011718,0.08059726655483246,1,SCALE UP 🔼
41025,6.4849853515625e-05,0.08915609121322632,1,SCALE UP 🔼
41030,0.1163330078125,0.09517581015825272,1,MAINTAIN
41045,0.0166397094726562,0.003171305637806654,1,REACTIVE UP ⚠️
41049,0.0206413269042968,0.1298593133687973,1,SCALE UP 🔼
41058,0.0002985000610351,0.10801434516906738,1,SCALE UP 🔼
41059,0.0050640106201171,0.20110397040843964,1,SCALE UP 🔼
41060,0.0008792877197265,0.09417754411697388,1,SCALE UP 🔼
41065,0.2049560546875,0.05001870170235634,1,REACTIVE UP ⚠️
41078,0.0296401977539062,0.08584378659725189,1,SCALE UP 🔼
41079,0.0,0.08967700600624084,1,SCALE UP 🔼
41080,0.0008678436279296,0.0890471488237381,1,SCALE UP 🔼
41085,0.0148200988769531,0.2610534429550171,1,SCALE UP 🔼
41100,0.0926361083984375,0.1291750967502594,1,SCALE UP 🔼
41110,0.0008440017700195,0.14057312905788422,1,SCALE UP 🔼
41125,0.0345325469970703,0.09004424512386322,1,SCALE UP 🔼
41132,0.0019149780273437,0.10466141253709793,1,SCALE UP 🔼
41140,0.026947021484375,0.16511568427085876,1,SCALE UP 🔼
41145,0.0598526000976562,0.0835707038640976,1,SCALE UP 🔼
41155,0.56610107421875,0.11140108853578568,1,REACTIVE UP ⚠️
41160,0.010385513305664,0.13782088458538055,1,SCALE UP 🔼
41164,0.2377443313598632,0.1630760282278061,1,MAINTAIN
41171,0.0084877014160156,0.1994074583053589,1,SCALE UP 🔼
41175,2.88958740234375,0.5373827219009399,1,REACTIVE UP ⚠️
41177,0.0,0.1345801204442978,1,SCALE UP 🔼
41180,0.0171451568603515,0.27926182746887207,1,SCALE UP 🔼
41191,0.01324462890625,0.10455288738012314,1,SCALE UP 🔼
41200,0.1219081878662109,2.429508686065674,1,SCALE UP 🔼
41220,0.126800537109375,0.07990317791700363,1,MAINTAIN
41235,0.0001382827758789,0.143964022397995,1,SCALE UP 🔼
41245,0.0061264038085937,0.10325507819652557,1,SCALE UP 🔼
41250,9.664306640625,0.19979563355445862,2,REACTIVE UP ⚠️
41255,0.0345001220703125,0.12840084731578827,1,SCALE UP 🔼
41262,0.13336181640625,0.07709295302629471,1,MAINTAIN
41265,0.0457763671875,0.08850830048322678,1,SCALE UP 🔼
41275,15.254150390625,9.067014694213867,4,MAINTAIN
41280,0.57861328125,0.16712772846221924,1,REACTIVE UP ⚠️
41285,0.0145530700683593,0.1923750638961792,1,SCALE UP 🔼
41290,0.028167724609375,0.16751839220523834,1,SCALE UP 🔼
41300,0.0018196105957031,10.27231502532959,3,SCALE UP 🔼
41304,0.0,0.3466058671474457,1,SCALE UP 🔼
41310,0.0131072998046875,0.11163659393787384,1,SCALE UP 🔼
41319,0.0011501312255859,0.08390443027019501,1,SCALE UP 🔼
41340,10.585693359375,0.16540788114070892,3,REACTIVE UP ⚠️
41355,0.0237464904785156,0.17284968495368958,1,SCALE UP 🔼
41367,0.9909439086914062,0.0,1,REACTIVE UP ⚠️
41370,0.0063676834106445,0.10236818343400955,1,SCALE UP 🔼
41380,0.525360107421875,9.896740913391113,2,SCALE UP 🔼
41395,0.0036659240722656,0.10843303054571152,1,SCALE UP 🔼
41405,0.0007085800170898,0.5564594268798828,1,SCALE UP 🔼
41410,0.0004863739013671,0.06606858968734741,1,SCALE UP 🔼
41415,0.5030517578125,0.5153372287750244,1,MAINTAIN
41470,8.392333984375e-05,0.013434643857181072,1,SCALE UP 🔼
41480,0.0129756927490234,0.10006794333457947,1,SCALE UP 🔼
41495,0.0081939697265625,0.0379304364323616,1,SCALE UP 🔼
41500,0.8869171142578125,0.551537036895752,1,MAINTAIN
41505,0.0055770874023437,0.05708354339003563,1,SCALE UP 🔼
41510,0.4337158203125,0.05330445244908333,1,REACTIVE UP ⚠️
41515,0.0007839202880859,0.09107879549264908,1,SCALE UP 🔼
41560,0.02935791015625,0.8579971194267273,1,SCALE UP 🔼
41564,0.0,0.05330054461956024,1,SCALE UP 🔼
41595,10.494873046875,0.46833735704421997,3,REACTIVE UP ⚠️
41630,0.0062370300292968,0.021955130621790886,1,SCALE UP 🔼
41640,0.0002880096435546,0.23017928004264832,1,SCALE UP 🔼
41645,0.7884292602539062,0.07341225445270538,1,REACTIVE UP ⚠️
41650,0.03509521484375,4.850710868835449,1,SCALE UP 🔼
41652,0.0044403076171875,0.16237370669841766,1,SCALE UP 🔼
41655,0.081329345703125,0.0766955018043518,1,MAINTAIN
41660,0.3649368286132812,0.7580941915512085,1,SCALE UP 🔼
41665,0.3513946533203125,0.1361987441778183,1,REACTIVE UP ⚠️
41670,0.000227928161621,0.0,1,REACTIVE UP ⚠️
41681,0.0073909759521484,0.16260308027267456,1,SCALE UP 🔼
41740,0.131256103515625,0.498780757188797,1,SCALE UP 🔼
41765,0.0014801025390625,0.30494415760040283,1,SCALE UP 🔼
41770,0.0247802734375,0.09942734241485596,1,SCALE UP 🔼
41780,0.135650634765625,0.0,1,REACTIVE UP ⚠️
41790,0.0932540893554687,0.1778775304555893,1,SCALE UP 🔼
41795,0.0016965866088867,0.10998871922492981,1,SCALE UP 🔼
41800,0.0767822265625,0.11860913038253784,1,SCALE UP 🔼
41815,0.0460739135742187,0.2031586617231369,1,SCALE UP 🔼
41830,0.027313232421875,0.0449371412396431,1,SCALE UP 🔼
41845,0.0017967224121093,0.08818431943655014,1,SCALE UP 🔼
41850,0.16845703125,0.14370761811733246,1,MAINTAIN
41855,0.3096485137939453,0.10242342203855515,1,REACTIVE UP ⚠️
41870,0.080291748046875,0.10640371590852737,1,SCALE UP 🔼
41880,0.045166015625,0.08800050616264343,1,SCALE UP 🔼
41900,0.1341552734375,0.2020350843667984,1,SCALE UP 🔼
41935,0.447296142578125,0.34622156620025635,1,MAINTAIN
41942,0.1049795150756836,0.15150442719459534,1,SCALE UP 🔼
41970,0.0786170959472656,0.12055026739835739,1,SCALE UP 🔼
41975,0.018768310546875,0.19368113577365875,1,SCALE UP 🔼
41985,0.0157279968261718,0.4486813247203827,1,SCALE UP 🔼
41988,0.0015506744384765,0.17274320125579834,1,SCALE UP 🔼
41995,0.0002326965332031,0.14744241535663605,1,SCALE UP 🔼
42005,0.0140533447265625,0.11634416878223419,1,SCALE UP 🔼
42010,2.299041748046875,0.1286405473947525,1,REACTIVE UP ⚠️
42015,0.0030727386474609,0.1536565124988556,1,SCALE UP 🔼
42055,0.0080413818359375,0.06695221364498138,1,SCALE UP 🔼
42060,0.97760009765625,0.08176904171705246,1,REACTIVE UP ⚠️
42065,0.0066757202148437,1.7016671895980835,1,SCALE UP 🔼
42082,0.0002317428588867,0.09311168640851974,1,SCALE UP 🔼
42095,0.5945358276367188,0.08299647271633148,1,REACTIVE UP ⚠️
42105,1.5476608276367188,0.8741827607154846,1,MAINTAIN
42110,0.0054225921630859,0.08130022138357162,1,SCALE UP 🔼
42115,2.1900405883789062,0.03593968227505684,1,REACTIVE UP ⚠️
42130,0.066864013671875,0.4952046871185303,1,SCALE UP 🔼
42135,0.8115348815917969,1.1098625659942627,1,SCALE UP 🔼
42148,0.024261474609375,0.10886577516794205,1,SCALE UP 🔼
42150,0.03143310546875,1.5895367860794067,1,SCALE UP 🔼
42160,0.9580078125,0.09898106753826141,1,REACTIVE UP ⚠️
42165,0.1036529541015625,0.7380597591400146,1,SCALE UP 🔼
42170,0.0067825317382812,0.07282747328281403,1,SCALE UP 🔼
42175,0.0005989074707031,0.081663116812706,1,SCALE UP 🔼
42177,0.0002679824829101,0.7446848154067993,1,SCALE UP 🔼
42185,0.18731689453125,0.1701779067516327,1,MAINTAIN
42195,0.60491943359375,0.1692601889371872,1,REACTIVE UP ⚠️
42205,0.0660400390625,0.04645448550581932,1,MAINTAIN
42215,0.00054931640625,0.07450049370527267,1,SCALE UP 🔼
42220,0.004302978515625,0.19165819883346558,1,SCALE UP 🔼
42235,0.0297555923461914,0.6358380317687988,1,SCALE UP 🔼
42240,0.0003376007080078,0.1333872377872467,1,SCALE UP 🔼
42245,0.0005950927734375,0.09867308288812637,1,SCALE UP 🔼
42255,0.0001697540283203,0.09675727039575577,1,SCALE UP 🔼
42280,0.3391275405883789,0.07106155157089233,1,REACTIVE UP ⚠️
42285,0.0040407180786132,0.06995081901550293,1,SCALE UP 🔼
42290,0.4471435546875,0.06851600855588913,1,REACTIVE UP ⚠️
42291,0.0004959106445312,0.07833997905254364,1,SCALE UP 🔼
42300,0.0187034606933593,0.4690088927745819,1,SCALE UP 🔼
42320,0.1099805831909179,0.05072314292192459,1,REACTIVE UP ⚠️
42333,0.0001897811889648,0.43891435861587524,1,SCALE UP 🔼
42344,0.0013818740844726,0.08104322850704193,1,SCALE UP 🔼
42350,0.0002346038818359,0.09806903451681137,1,SCALE UP 🔼
42385,0.0005197525024414,0.18584701418876648,1,SCALE UP 🔼
42390,0.1793441772460937,0.08242329955101013,1,REACTIVE UP ⚠️
42407,0.0,0.058755043894052505,1,SCALE UP 🔼
42420,0.01190185546875,0.11913591623306274,1,SCALE UP 🔼
42425,2.36981201171875,0.14608252048492432,1,REACTIVE UP ⚠️
42430,0.8401327133178711,0.27200615406036377,1,REACTIVE UP ⚠️
42436,0.0001163482666015,0.1064511090517044,1,SCALE UP 🔼
42440,0.0436019897460937,0.07570905983448029,1,SCALE UP 🔼
42465,0.3656005859375,2.054492712020874,1,SCALE UP 🔼
42475,4.6233367919921875,0.8376894593238831,1,REACTIVE UP ⚠️
42490,7.343292236328125e-05,0.1417733132839203,1,SCALE UP 🔼
42494,0.0004348754882812,0.17992118000984192,1,SCALE UP 🔼
42495,0.0002565383911132,0.37042108178138733,1,SCALE UP 🔼
42497,0.0032005310058593,3.2181313037872314,1,SCALE UP 🔼
42498,0.0001487731933593,0.1693734973669052,1,SCALE UP 🔼
42500,0.0022697448730468,0.06997865438461304,1,SCALE UP 🔼
42505,0.0003089904785156,0.09340236335992813,1,SCALE UP 🔼
42515,0.0001153945922851,0.09383833408355713,1,SCALE UP 🔼
42523,0.0002117156982421,0.0,1,REACTIVE UP ⚠️
42525,6.961822509765625e-05,0.0661994144320488,1,SCALE UP 🔼
42526,0.0001592636108398,0.08067845553159714,1,SCALE UP 🔼
42530,0.0021095275878906,0.07773350179195404,1,SCALE UP 🔼
42535,0.1395263671875,0.06779757887125015,1,REACTIVE UP ⚠️
42560,0.0038261413574218,0.0,1,REACTIVE UP ⚠️
42570,0.0283355712890625,0.08466936647891998,1,SCALE UP 🔼
42573,4.100799560546875e-05,0.0982455387711525,1,SCALE UP 🔼
42580,0.0030670166015625,0.20685334503650665,1,SCALE UP 🔼
42585,0.0051155090332031,0.08099174499511719,1,SCALE UP 🔼
42605,0.0022811889648437,0.11737149208784103,1,SCALE UP 🔼
42621,0.1400299072265625,0.07638370245695114,1,MAINTAIN
42624,0.0,0.08987469226121902,1,SCALE UP 🔼
42635,0.0545501708984375,0.10274010896682739,1,SCALE UP 🔼
42660,11.22503662109375,0.14929144084453583,3,REACTIVE UP ⚠️
42670,0.0005722045898437,0.23300974071025848,1,SCALE UP 🔼
42677,0.027587890625,0.1207536980509758,1,SCALE UP 🔼
42688,0.0017280578613281,0.13577182590961456,1,SCALE UP 🔼
42690,0.0348167419433593,7.772242546081543,2,SCALE UP 🔼
42720,0.0053482055664062,0.15266160666942596,1,SCALE UP 🔼
42738,0.0103569030761718,0.14114423096179962,1,SCALE UP 🔼
42760,1.5441131591796875,0.09307224303483963,1,REACTIVE UP ⚠️
42770,0.0002098083496093,0.1112043708562851,1,SCALE UP 🔼
42780,0.0024366378784179,0.0,1,REACTIVE UP ⚠️
42785,0.0004510879516601,0.18451035022735596,1,SCALE UP 🔼
42820,1.2431640625,1.4549814462661743,1,MAINTAIN
42850,0.2528839111328125,0.17375552654266357,1,MAINTAIN
42865,0.0006122589111328,0.09441572427749634,1,SCALE UP 🔼
42867,0.0028610229492187,0.0,1,REACTIVE UP ⚠️
42875,0.0345230102539062,1.1145484447479248,1,SCALE UP 🔼
42885,0.2194671630859375,0.1969355344772339,1,MAINTAIN
42888,0.3548583984375,0.0856083482503891,1,REACTIVE UP ⚠️
42895,0.0050888061523437,0.08391746878623962,1,SCALE UP 🔼
42905,0.0067977905273437,0.0866486132144928,1,SCALE UP 🔼
42925,0.11480712890625,0.2277204543352127,1,SCALE UP 🔼
42940,0.042205810546875,0.3595801889896393,1,SCALE UP 🔼
42951,0.0,0.09176851063966751,1,SCALE UP 🔼
42962,0.0007810592651367,0.19029244780540466,1,SCALE UP 🔼
42965,0.0109481811523437,0.27157023549079895,1,SCALE UP 🔼
42980,0.0065994262695312,0.09167863428592682,1,SCALE UP 🔼
42990,0.86279296875,0.06592345237731934,1,REACTIVE UP ⚠️
43015,0.02301025390625,0.08740067481994629,1,SCALE UP 🔼
43045,9.345458984375,0.11276056617498398,2,REACTIVE UP ⚠️
43050,0.0102710723876953,0.0969378724694252,1,SCALE UP 🔼
43075,0.0010490417480468,0.9105085134506226,1,SCALE UP 🔼
43080,0.0217151641845703,0.23384951055049896,1,SCALE UP 🔼
43090,0.0048141479492187,4.284642219543457,1,SCALE UP 🔼
43125,0.0019254684448242,0.10330872982740402,1,SCALE UP 🔼
43130,0.0493927001953125,0.10243222862482071,1,SCALE UP 🔼
43140,0.0022659301757812,0.09255554527044296,1,SCALE UP 🔼
43145,0.1297607421875,0.22100390493869781,1,SCALE UP 🔼
43150,0.000457763671875,0.10975707322359085,1,SCALE UP 🔼
43155,0.131683349609375,0.1791541427373886,1,SCALE UP 🔼
43165,0.0063686370849609,0.1230573058128357,1,SCALE UP 🔼
43170,0.0217819213867187,0.20832358300685883,1,SCALE UP 🔼
43175,0.0,0.10929852724075317,1,SCALE UP 🔼
43197,0.00018310546875,0.1410205066204071,1,SCALE UP 🔼
43205,1.703876495361328,0.09562456607818604,1,REACTIVE UP ⚠️
43215,0.0809173583984375,0.13935355842113495,1,SCALE UP 🔼
43235,0.0051498413085937,0.07996651530265808,1,SCALE UP 🔼
43237,0.0003261566162109,0.0889504924416542,1,SCALE UP 🔼
43240,7.343292236328125e-05,1.3136279582977295,1,SCALE UP 🔼
43245,3.04345703125,0.15539997816085815,1,REACTIVE UP ⚠️
43250,0.3919887542724609,0.09093126654624939,1,REACTIVE UP ⚠️
43265,8.20159912109375e-05,0.0856107696890831,1,SCALE UP 🔼
43280,0.0427665710449218,0.08630464226007462,1,SCALE UP 🔼
43285,0.021881103515625,2.127659320831299,1,SCALE UP 🔼
43290,0.0075569152832031,0.3741495609283447,1,SCALE UP 🔼
43295,0.0186958312988281,0.0935564711689949,1,SCALE UP 🔼
43300,0.0031547546386718,0.11676039546728134,1,SCALE UP 🔼
43305,1.385009765625,0.10498154163360596,1,REACTIVE UP ⚠️
43325,0.0,0.0,1,MAINTAIN
43338,0.04791259765625,0.1688528209924698,1,SCALE UP 🔼
43355,0.0345458984375,0.09478098899126053,1,SCALE UP 🔼
43365,0.0052442550659179,1.1507519483566284,1,SCALE UP 🔼
43375,0.0089263916015625,0.08132358640432358,1,SCALE UP 🔼
43385,1.46832275390625,0.09405814111232758,1,REACTIVE UP ⚠️
43404,0.0019989013671875,0.10419510304927826,1,SCALE UP 🔼
43405,2.024749755859375,0.08681218326091766,1,REACTIVE UP ⚠️
43410,0.0030574798583984,0.1631767600774765,1,SCALE UP 🔼
43415,0.487060546875,1.0966426134109497,1,SCALE UP 🔼
43422,0.0005321502685546,0.052705615758895874,1,SCALE UP 🔼
43485,0.0018367767333984,1.6604406833648682,1,SCALE UP 🔼
43486,0.0018482208251953,0.08778293430805206,1,SCALE UP 🔼
43490,1.048919677734375,0.4584333896636963,1,REACTIVE UP ⚠️
43500,0.0562362670898437,0.04113399237394333,1,MAINTAIN
43507,0.0003080368041992,0.1255655139684677,1,SCALE UP 🔼
43515,0.023895263671875,0.2228391319513321,1,SCALE UP 🔼
43522,0.001779556274414,0.8036014437675476,1,SCALE UP 🔼
43536,0.0008544921875,0.1214086040854454,1,SCALE UP 🔼
43546,0.0668258666992187,0.05255397409200668,1,MAINTAIN
43549,0.0,0.10537905246019363,1,SCALE UP 🔼
43550,0.0548095703125,0.04425010830163956,1,MAINTAIN
43565,0.0149078369140625,0.10296067595481873,1,SCALE UP 🔼
43575,1.940032958984375,0.13945451378822327,1,REACTIVE UP ⚠️
43595,0.0129508972167968,0.06871345639228821,1,SCALE UP 🔼
43604,7.43865966796875e-05,0.13036566972732544,1,SCALE UP 🔼
43605,0.007659912109375,0.07537394016981125,1,SCALE UP 🔼
43610,0.1784133911132812,1.639018177986145,1,SCALE UP 🔼
43615,0.0034809112548828,0.08167339861392975,1,SCALE UP 🔼
43625,0.1116943359375,0.12121092528104782,1,MAINTAIN
43637,0.0141448974609375,0.12086667120456696,1,SCALE UP 🔼
43640,0.00262451171875,0.20475098490715027,1,SCALE UP 🔼
43646,0.0,0.07210506498813629,1,SCALE UP 🔼
43650,0.0026092529296875,0.1723361611366272,1,SCALE UP 🔼
43655,0.0627250671386718,0.10111082345247269,1,SCALE UP 🔼
43660,0.10089111328125,0.08666373789310455,1,MAINTAIN
43665,2.0269775390625,0.08174752444028854,1,REACTIVE UP ⚠️
43680,0.0143890380859375,0.051597993820905685,1,SCALE UP 🔼
43695,0.703033447265625,0.16374441981315613,1,REACTIVE UP ⚠️
43700,0.02716064453125,0.1686156541109085,1,SCALE UP 🔼
43715,0.026824951171875,1.5688713788986206,1,SCALE UP 🔼
43725,0.7904205322265625,0.08931311964988708,1,REACTIVE UP ⚠️
43730,0.064697265625,0.7070709466934204,1,SCALE UP 🔼
43735,0.0057077407836914,0.09438509494066238,1,SCALE UP 🔼
43789,0.0,0.10067015886306763,1,SCALE UP 🔼
43805,0.0054244995117187,0.5419652462005615,1,SCALE UP 🔼
43825,0.058868408203125,0.13726526498794556,1,SCALE UP 🔼
43840,0.00579833984375,0.07240834832191467,1,SCALE UP 🔼
43845,0.0002326965332031,0.07733266055583954,1,SCALE UP 🔼
43855,0.263671875,0.07498455047607422,1,REACTIVE UP ⚠️
43885,0.0853271484375,0.0704507902264595,1,MAINTAIN
43911,0.0015335083007812,0.07994968444108963,1,SCALE UP 🔼
43918,0.0,0.05947132036089897,1,SCALE UP 🔼
43920,0.0024652481079101,0.40816959738731384,1,SCALE UP 🔼
43926,0.03106689453125,0.21192598342895508,1,SCALE UP 🔼
43931,0.0,0.09847923368215561,1,SCALE UP 🔼
43932,0.00091552734375,0.1451137363910675,1,SCALE UP 🔼
43935,0.0791139602661132,0.09577655047178268,1,SCALE UP 🔼
43950,0.0714950561523437,0.12302133440971375,1,SCALE UP 🔼
43968,0.0006904602050781,0.07756034284830093,1,SCALE UP 🔼
43970,0.0001735687255859,0.07354389876127243,1,SCALE UP 🔼
43975,0.0028419494628906,0.14978636801242828,1,SCALE UP 🔼
43990,4.5439453125,0.18857073783874512,1,REACTIVE UP ⚠️
44014,0.0031995773315429,0.08870015293359756,1,SCALE UP 🔼
44025,0.01898193359375,0.08201894909143448,1,SCALE UP 🔼
44030,0.0999755859375,0.0894964262843132,1,MAINTAIN
44060,0.50244140625,3.280620574951172,1,SCALE UP 🔼
44065,0.0013790130615234,0.09356828778982162,1,SCALE UP 🔼
44075,0.1535797119140625,0.10739760100841522,1,MAINTAIN
44083,0.0002307891845703,0.1728595495223999,1,SCALE UP 🔼
44085,0.0002288818359375,0.5459674596786499,1,SCALE UP 🔼
44106,0.0008373260498046,0.0,1,REACTIVE UP ⚠️
44110,0.0168991088867187,0.2649484872817993,1,SCALE UP 🔼
44115,0.0061054229736328,0.11992435902357101,1,SCALE UP 🔼
44130,0.0125656127929687,0.10078222304582596,1,SCALE UP 🔼
44150,0.0023994445800781,0.053281307220458984,1,SCALE UP 🔼
44160,0.0891876220703125,0.07103407382965088,1,MAINTAIN
44165,0.0010509490966796,0.1578558385372162,1,SCALE UP 🔼
44180,0.0001249313354492,0.09858516603708267,1,SCALE UP 🔼
44205,0.1297760009765625,0.0854712650179863,1,MAINTAIN
44216,0.068115234375,0.14848648011684418,1,SCALE UP 🔼
44220,0.0002822875976562,0.1048302873969078,1,SCALE UP 🔼
44225,0.010772705078125,0.1654578298330307,1,SCALE UP 🔼
44250,0.2526512145996094,0.2143014669418335,1,MAINTAIN
44303,0.0035562515258789,0.142689049243927,1,SCALE UP 🔼
44325,17.255615234375,0.07395202666521072,4,REACTIVE UP ⚠️
44329,0.0011749267578125,0.09804262965917587,1,SCALE UP 🔼
44330,0.37939453125,0.32708606123924255,1,MAINTAIN
44340,0.0006656646728515,0.1516573131084442,1,SCALE UP 🔼
44350,0.0876502990722656,6.960783958435059,2,SCALE UP 🔼
44355,0.0008153915405273,0.11655083298683167,1,SCALE UP 🔼
44360,0.615234375,0.43479061126708984,1,MAINTAIN
44365,0.0076103210449218,0.09029752016067505,1,SCALE UP 🔼
44380,2.0386962890625,0.16963587701320648,1,REACTIVE UP ⚠️
44405,0.8045158386230469,0.0,1,REACTIVE UP ⚠️
44410,0.0013923645019531,0.5693108439445496,1,SCALE UP 🔼
44415,0.0537872314453125,0.16051317751407623,1,SCALE UP 🔼
44425,0.0450439453125,1.7771066427230835,1,SCALE UP 🔼
44430,0.2696037292480469,0.7768526673316956,1,SCALE UP 🔼
44435,0.0003595352172851,0.010367095470428467,1,SCALE UP 🔼
44460,0.0048065185546875,0.14969535171985626,1,SCALE UP 🔼
44464,0.0024948120117187,0.21339361369609833,1,SCALE UP 🔼
44465,0.004669189453125,0.1822827011346817,1,SCALE UP 🔼
44475,0.0027809143066406,0.15342718362808228,1,SCALE UP 🔼
44480,0.0752220153808593,0.038014043122529984,1,MAINTAIN
44485,0.2239770889282226,0.08881145715713501,1,REACTIVE UP ⚠️
44490,5.7109375,0.10469504445791245,2,REACTIVE UP ⚠️
44505,0.1298828125,0.05237911641597748,1,REACTIVE UP ⚠️
44525,0.0250625610351562,0.22933240234851837,1,SCALE UP 🔼
44535,0.1153678894042968,0.2531237304210663,1,SCALE UP 🔼
44569,0.0,5.875243186950684,2,SCALE UP 🔼
44570,0.0001440048217773,0.22632180154323578,1,SCALE UP 🔼
44580,1.4110565185546875,0.1862993836402893,1,REACTIVE UP ⚠️
44605,0.000772476196289,0.19541369378566742,1,SCALE UP 🔼
44620,0.9750280380249025,0.08154331892728806,1,REACTIVE UP ⚠️
44625,0.8751220703125,0.0,1,REACTIVE UP ⚠️
44630,0.22216796875,1.4778028726577759,1,SCALE UP 🔼
44635,1.447265625,0.0949719175696373,1,REACTIVE UP ⚠️
