minute,cpu_avg,cpu_max,mem_avg,assigned_mem
5,0.036865234375,0.14501953125,0.020843505859375,0.0313720703125
10,0.021791934967041016,0.001186370849609375,0.04013776779174805,0.4122352600097656
17,0.014948844909667969,0.00464630126953125,0.026827494303385418,0.0010318756103515
20,0.08338610331217448,0.01605224609375,0.048820813496907554,0.1651210784912082
25,0.0856326421101888,0.04083251953125,0.030260086059570312,0.0077056884765625
30,0.08650620778401692,0.02032470703125,0.03173224131266276,0.007904052734375
35,0.005891482035319011,0.0011653900146484375,0.003196080525716146,0.0057010650634765
50,0.28240108489990234,0.102294921875,0.12227694193522136,0.7803115844726562
60,0.28383668263753253,0.00031948089599609375,1.189766565958659,3.6002197265625
80,0.2838694254557292,0.0007448196411132812,1.1900087992350261,0.0043296813964843
100,0.03929964701334635,0.0135345458984375,1.0781399408976238,0.0027580261230468
105,0.2619953155517578,0.0144500732421875,0.06571420033772786,0.3096771240234334
110,0.26638158162434894,0.03948974609375,0.06871255238850911,0.0235977172851562
120,0.2373510996500651,0.0333251953125,0.061550140380859375,0.0150146484375
125,0.9831981658935547,0.028961181640625,0.08181126912434895,0.8069763183593688
130,0.9855117797851562,0.046630859375,0.07887713114420573,0.0234375
135,0.9782787958780924,0.0009174346923828125,0.0777883529663086,0.0023517608642576997
145,0.007767677307128906,0.0084381103515625,0.0019280115763346355,0.00732421875
150,0.0011339187622070312,0.0005035400390625,0.004325548807779948,0.038864135742187195
155,0.0129241943359375,0.0645751953125,0.007002512613932292,0.0137939453124999
160,0.012978871663411459,0.019683837890625,0.007230122884114583,0.0073165893554687
165,0.014048258463541666,0.01190185546875,0.005326588948567708,0.0079803466796875
170,0.0021371841430664062,0.0002994537353515625,0.0027335484822591147,0.001220703125
175,0.0015548070271809895,0.001766204833984375,0.001804033915201823,0.0
200,0.05849679311116537,0.017730712890625,0.04541365305582682,0.0074691772460937
205,0.059955596923828125,0.013275146484375,0.0469824473063151,0.0075531005859375
219,0.06124750773111979,0.0002536773681640625,0.048895835876464844,0.13146400451659498
235,0.0056756337483723955,0.001800537109375,0.008114814758300781,0.0344352722167962
245,0.017489115397135418,0.0875244140625,0.010149955749511719,0.0226593017578125
250,0.016686757405598957,0.0137786865234375,0.009463628133138021,0.0074081420898437
252,0.014139175415039062,0.00415802001953125,0.0054912567138671875,0.000843048095703
263,0.002727508544921875,0.00623321533203125,0.0035998026529947915,0.011182785034179
265,0.002574284871419271,0.00476837158203125,0.0033785502115885415,0.0073776245117187
270,0.01951154073079427,0.0011043548583984375,0.26401329040527344,0.0
280,0.01884015401204427,0.0143585205078125,0.2632560729980469,0.0085601806640625
285,0.3174947102864583,0.028228759765625,0.4754473368326823,0.93487548828125
290,1.6921844482421875,0.0477294921875,1.0903511047363281,0.0
293,1.7899373372395833,0.01483154296875,1.1202939351399739,0.0
295,1.4913374582926433,0.00507354736328125,0.9078750610351562,0.0083465576171875
300,0.10036913553873698,0.00927734375,0.033344268798828125,0.0073928833007812
315,0.06780433654785156,0.375,0.12759908040364584,0.03277587890625
325,0.06877740224202473,0.0111083984375,0.12958145141601562,0.0195770263671874
330,0.07706610361735027,0.0012454986572265625,0.1893132527669271,0.0
335,0.011542320251464844,0.01617431640625,0.06426684061686198,0.00390625
340,0.6977787017822266,0.135986328125,0.09560203552246094,0.2218399047851528
350,0.6888256072998047,0.006927490234375,0.04706891377766927,0.0738525390625
355,0.6923783620198568,0.00787353515625,0.049784342447916664,0.016502380371093597
360,0.004992167154947917,0.00368499755859375,0.0164642333984375,0.0074920654296875
365,3.4655869801839194,0.113037109375,0.8541984558105469,3.325103759765625
385,3.4960619608561196,0.0013942718505859375,1.2063751220703125,0.0
390,3.6301352183024087,0.0377197265625,1.2277123133341472,0.1389522552490221
394,0.17032178243001303,0.0048675537109375,0.37791697184244794,0.006988525390625
396,0.13589954376220703,0.00629425048828125,0.02443250020345052,0.018062591552734
410,0.006218274434407552,0.007232666015625,0.016989707946777344,0.044921875
416,0.005521138509114583,0.0053558349609375,0.01684252421061198,0.0002851486206054
420,0.10919729868570964,0.0958251953125,0.019062042236328125,0.04296875
425,0.10498523712158203,0.003513336181640625,0.005238850911458333,0.0075531005859375
430,1.1339858373006184,0.00743865966796875,8.901237487792969,0.0074310302734375
435,1.3348296483357747,0.03204345703125,9.30102284749349,1.6203994750976562
439,1.335465431213379,0.008148193359375,9.300043423970541,0.0081024169921875
440,0.51123046875,0.00848388671875,1.213762601216634,0.0139694213867187
445,11.768058776855469,0.3447265625,8.11772886912028,35.03125
446,11.771989186604818,0.00043582916259765625,8.120607693990072,0.247516632080071
475,11.56742000579834,0.005889892578125,7.31105105082194,0.0
485,0.00772857666015625,0.002902984619140625,0.021034876505533855,0.10540771484375
495,0.9667275746663412,0.023834228515625,0.17413838704427084,0.9290313720703002
540,1.071348508199056,0.124267578125,0.2526985804239909,0.2327423095703125
555,1.158276875813802,0.0802001953125,0.27338695526123047,0.0074539184570312
560,0.3994057973225911,0.0716552734375,0.3709360758463542,0.0
575,0.29537709554036456,0.0007581710815429688,0.29349009195963544,0.0
580,0.29601287841796875,0.220703125,0.2619272867838542,0.0
585,0.09131431579589844,0.00518035888671875,0.0091400146484375,0.0071258544921875
593,0.09088897705078125,0.000476837158203125,0.010265350341796875,0.0234489440917962
595,0.058774312337239586,0.0657958984375,0.009660085042317709,0.0364761352539052
600,10.84965451558431,0.6611328125,6.818477630615234,27.75927734375
615,11.008682250976562,0.04986572265625,6.932192484537761,1.1471481323242188
635,11.225611368815104,0.1004638671875,7.000595728556315,0.1995010375976523
640,0.7470550537109375,0.0870361328125,0.45907147725423175,1.024261474609375
665,0.8062566121419271,0.016754150390625,0.3752390543619792,0.1841239929199149
672,0.5317700703938802,0.00022029876708984375,0.30060799916585285,0.000279426574707
679,0.2188889185587565,0.00038909912109375,0.0324090321858724,0.0002803802490234
690,0.022253990173339844,0.05859375,0.020311991373697918,0.06811141967773379
693,0.036438306172688804,0.0006504058837890625,0.03648090362548828,0.4190521240234288
695,0.038963635762532554,0.00395965576171875,0.038005828857421875,0.018062591552734
699,0.016862233479817707,0.0006837844848632812,0.017775535583496094,0.0069961547851562
700,0.008749643961588541,0.003269195556640625,0.004242261250813802,0.011643409729003
702,0.006303151448567708,0.00502777099609375,0.0027618408203125,0.0002784729003906
704,0.006289164225260417,9.441375732421875e-05,0.0028203328450520835,0.0002803802490234
710,1.07757568359375,0.0682373046875,0.18402735392252603,1.03143310546875
715,1.0800447463989258,0.00628662109375,0.187467892964681,0.004171371459960899
716,1.0800882975260417,0.00403594970703125,0.18746153513590494,0.0002765655517578
720,0.007181803385416667,0.0096893310546875,0.005025545756022136,0.0146026611328125
730,0.007837295532226562,0.04498291015625,0.0030078887939453125,0.0086593627929687
740,0.41539446512858075,0.115478515625,0.006539344787597656,0.0
760,0.41340287526448566,0.062744140625,0.009420077006022135,0.0557975769042959
770,0.41073131561279297,0.00435638427734375,0.008859634399414062,0.007232666015625
775,0.2251094182332357,0.018798828125,0.06664848327636719,0.401706695556634
790,0.22493680318196616,0.1002197265625,0.06381289164225261,0.0076370239257812
800,0.28684234619140625,0.0081024169921875,0.15314865112304688,0.0
815,0.0648638407389323,0.0001621246337890625,0.09182103474934895,0.0002727508544921
825,0.06279563903808594,0.0018825531005859375,0.09154637654622395,0.0070037841796874
835,0.0008033116658528646,0.00147247314453125,0.0038461685180664062,0.0593185424804687
840,0.0014527638753255208,0.0005359649658203125,0.0069090525309244795,0.0446891784667965
845,0.15489578247070312,0.019256591796875,0.05067761739095052,1.074310302734375
850,0.1611820856730143,0.0082550048828125,0.05124950408935547,0.0
874,0.16161219278971353,0.04150390625,0.048438707987467446,0.0065078735351562
875,0.013495127360026041,0.00251007080078125,0.03285566965738932,1.33203125
880,0.008372942606608072,0.04888916015625,0.04323927561442057,0.0964813232421875
882,0.007270495096842448,0.0,0.042926788330078125,0.0
885,0.0037482579549153647,0.0159912109375,0.017073313395182293,0.013885498046875
888,0.002532958984375,0.0081024169921875,0.00380706787109375,0.0069808959960937
890,0.003448486328125,0.0007505416870117188,0.007143656412760417,0.0416870117187488
905,0.4768473307291667,0.144287109375,0.45003509521484375,0.40625
920,0.4776420593261719,0.0005588531494140625,0.46715037027994794,0.11663818359375
935,0.5600967407226562,0.0172119140625,7.487251281738281,42.322265625
950,0.130828857421875,0.108642578125,7.066032409667969,0.09375
953,0.12957382202148438,0.0,7.048702875773112,0.0
955,0.10872141520182292,0.03350830078125,0.03429222106933594,0.1435623168945297
965,0.09107017517089844,0.017333984375,0.03249931335449219,0.1184158325195312
989,0.09169324239095052,0.012542724609375,0.034832000732421875,0.0155487060546875
991,0.029362042744954426,0.00872802734375,0.0261688232421875,0.001739501953125
993,0.001948992411295573,0.00719451904296875,0.0029013951619466147,0.0016822814941406
995,0.0021613438924153647,0.00710296630859375,0.0016946792602539062,0.007476806640625
1015,0.003586451212565104,0.0045013427734375,0.0038258234659830728,0.0
1020,0.0025113423665364585,0.0019321441650390625,0.0037202835083007812,0.0
1025,0.0018990834554036458,0.0010433197021484375,0.004251162211100261,0.035293579101562195
1040,0.044649759928385414,0.03363037109375,0.005864143371582031,0.109375
1055,0.04932594299316406,0.0194091796875,0.007663726806640625,0.0123291015625
1063,0.04923820495605469,0.00040721893310546875,0.0060418446858723955,0.0052108764648436
1070,0.005117098490397136,0.003818511962890625,0.002475102742513021,0.0703468322753886
1075,0.01923656463623047,0.106201171875,0.003731409708658854,0.03387451171875
1085,0.021791776021321613,0.0916748046875,0.0054569244384765625,0.0289306640625
1089,0.021550496419270832,0.0,0.0049381256103515625,0.0
1090,0.028711954752604168,0.0044403076171875,0.12094434102376302,1.717483520507778
1097,0.026085535685221355,0.00024509429931640625,0.11934153238932292,0.0009326934814452
1115,0.07781283060709636,0.0135040283203125,0.12902386983235678,0.039825439453125
1120,0.17304420471191406,0.04412841796875,0.11411507924397786,0.3997116088867187
1125,0.19300460815429688,0.0106353759765625,0.12561321258544922,0.055419921875
1146,0.14898808797200522,0.1072998046875,0.12016582489013672,0.016845703125
1150,0.03958702087402344,0.0106353759765625,0.03177515665690104,0.0585517883300775
1155,0.0589911142985026,0.04132080078125,0.051479339599609375,0.0
1160,0.05853970845540365,0.0687255859375,0.05375035603841146,0.0686492919921875
1170,0.04674053192138672,0.0005407333374023438,0.03816064198811849,0.0044097900390625
1172,0.007311820983886719,0.0,0.0067933400472005205,0.0127639770507809
1175,0.0008900960286458334,0.0055084228515625,0.0034503936767578125,0.191650390625
1180,0.0014403661092122395,0.00420379638671875,0.004142443339029948,0.0072174072265625
1181,0.0028320948282877603,0.00037860870361328125,0.004793802897135417,0.0577392578125
1185,0.002605438232421875,0.00513458251953125,0.0025316874186197915,0.0081329345703125
1195,0.019392649332682293,0.028900146484375,0.0029474894205729165,0.0083885192871091
1200,0.021874745686848957,0.00196075439453125,0.023676554361979168,0.0
1205,0.08153851826985677,0.021514892578125,0.055355072021484375,0.2443389892578125
1210,1.725118637084961,0.014434814453125,0.07688013712565105,0.10592651367184641
1212,1.721483866373698,0.00035762786865234375,0.055484771728515625,0.0
1220,1.6666920979817708,0.00628662109375,0.08447774251302083,0.205078125
1222,0.0095367431640625,0.00026035308837890625,0.0631256103515625,0.87646484375
1225,0.30567296346028644,0.0156097412109375,0.4097239176432292,1.177276611328125
1230,0.32914988199869794,0.0013256072998046875,0.6753762563069662,7.6315155029296875
1241,0.3257395426432292,0.00399017333984375,0.6740055084228516,0.0014724731445312
1245,0.029635111490885418,0.00146484375,0.32770856221516925,0.0
1250,0.009202957153320312,0.0004482269287109375,0.032566070556640625,0.9189910888671875
1254,0.008798599243164062,0.0,0.03245671590169271,0.0
1263,0.008529027303059896,1.71661376953125e-05,0.032150586446126304,0.0014858245849609
1265,0.020753224690755207,0.0833740234375,0.013321240743001303,0.0
1275,2.3954718907674155,0.015838623046875,2.6078999837239585,10.466532707214355
1295,2.395780881245931,0.0003795623779296875,2.6083192825317383,0.0
1302,2.3751885096232095,0.0018520355224609375,2.5950949986775718,0.0002737045288085
1305,0.10614204406738281,0.0141143798828125,0.03177960713704427,0.3188858032226538
1311,0.1073751449584961,0.003002166748046875,0.0314172108968099,0.0022459030151365
1320,0.17159493764241537,0.005035400390625,0.1787408192952474,0.7939605712890564
1322,0.06595738728841145,0.0003108978271484375,0.14743582407633463,0.0023422241210937
1325,0.06482092539469402,0.00302886962890625,0.14786434173583984,0.0039520263671875
1335,0.009418805440266928,0.0152435302734375,0.0034335454305013022,0.0
1338,0.019983927408854168,0.03521728515625,0.005588531494140625,0.011962890625
1340,0.11549631754557292,0.0185546875,0.08876673380533855,0.0
1355,2.7282333374023438,0.06005859375,0.38791529337565106,3.3870697021484375
1357,2.7176335652669272,0.0,0.3857564926147461,0.000823974609375
1360,2.7440223693847656,0.017913818359375,0.3495181401570638,0.2358798980712834
1365,0.12256399790445964,0.0005102157592773438,0.0481109619140625,0.013790130615234
1370,0.19852924346923828,0.043701171875,0.12331867218017578,0.0
1375,0.21213245391845703,0.0118865966796875,0.19454034169514975,0.0074234008789062
1382,1.5758902231852214,0.0838623046875,0.308746337890625,0.735076904296875
1385,1.5018596649169922,0.0091094970703125,0.23669942220052084,0.0164909362792968
1395,1.366650899251302,0.00970458984375,0.13232739766438803,0.061737060546875
1405,0.033215840657552086,0.03765869140625,0.03773053487141927,0.0
1418,0.0312811533610026,0.0,0.052485148111979164,1.4511737823485154
1425,0.2554728190104167,0.0789794921875,0.3084125518798828,0.0074234008789062
1431,0.22560628255208334,0.0080718994140625,0.28824933369954425,0.0009164810180664
1435,0.7669270833333334,0.0927734375,0.8727337519327799,1.703125
1445,0.5421765645345052,0.001110076904296875,0.6028388341267904,0.0078125
1450,0.5419619878133138,0.001789093017578125,0.6048154830932617,0.0083827972412105
1455,0.16142050425211588,0.016510009765625,0.08689594268798828,1.4924507141113075
1457,0.16149616241455078,0.00023174285888671875,0.08659553527832031,0.0
1465,0.18842760721842447,0.0155029296875,0.1180419921875,0.14384460449218658
1485,0.0441277821858724,0.00946044921875,0.038810412089029946,0.0416870117187488
1490,0.08709462483723958,0.01568603515625,0.08077621459960938,0.1678466796874999
1491,0.059990882873535156,0.00026226043701171875,0.047316551208496094,0.0
1493,0.043631553649902344,0.002056121826171875,0.042133331298828125,0.0002822875976562
1495,4.251310030619304,0.009796142578125,7.044146219889323,0.0
1530,14.435541152954102,0.6767578125,14.189969062805176,13.336090087890625
1540,14.439744313557943,0.05413818359375,14.196311950683594,0.020721435546875
1550,11.397478739420572,0.008453369140625,8.829915364583334,6.957710266113232
1555,1.2130324045817058,0.0008068084716796875,1.684469223022461,0.0072250366210936
1575,1.2098649342854817,0.0080718994140625,1.6833585103352864,0.0608367919921875
1578,0.0013790130615234375,0.0008869171142578125,0.0058612823486328125,0.0014915466308593
1584,0.0016797383626302083,0.00083160400390625,0.005671183268229167,0.03125
1590,0.057187398274739586,0.037841796875,0.040601094563802086,0.42718505859375
1595,0.5194842020670573,0.0654296875,0.3851083119710286,0.516632080078125
1600,0.5192394256591797,0.00714874267578125,0.3852698008219401,0.0017471313476562
1615,0.46403757731119794,0.0005950927734375,0.3499304453531901,0.0401153564453114
1625,0.06315104166666667,0.05560302734375,0.013113021850585938,0.0
1630,4.312354405721028,0.34912109375,3.2594966888427734,0.1357421875
1634,4.311444600423177,0.007293701171875,3.2549451192220054,0.006378173828125
1645,4.286477406819661,0.00714874267578125,3.2665351231892905,1.734375
1646,0.04051081339518229,0.14208984375,0.0211483637491862,0.0076828002929687
1655,0.040424346923828125,0.00443267822265625,0.021859169006347656,0.0074920654296875
1665,0.1834570566813151,0.0986328125,0.015527089436848959,0.1379928588867162
1710,0.18030802408854166,0.00147247314453125,0.014784495035807291,0.020599365234375
1717,0.1798426310221354,0.0,0.013757705688476562,0.0027866363525388
1720,0.0002536773681640625,0.0,0.0007212956746419271,0.0
1735,0.0018860499064127605,0.002544403076171875,0.0008611679077148438,0.00350284576416
1738,0.0026426315307617188,0.000308990478515625,0.0008490880330403646,0.0
1740,0.0030342737833658853,0.0006895065307617188,0.006284077962239583,0.0377044677734375
1748,0.002101898193359375,0.0044708251953125,0.0054473876953125,0.0
1750,0.015250205993652344,0.002986907958984375,0.0693957010904948,0.2691268920898396
1758,0.031425793965657554,0.00577545166015625,0.07658767700195312,0.0
1765,0.25247732798258465,0.2021484375,0.2580858866373698,0.0
1785,0.24946721394856772,0.0009508132934570312,0.20528284708658853,0.0
1810,0.39050928751627606,0.085205078125,0.2918802897135417,0.579376220703125
1820,0.19308090209960938,0.30712890625,0.125823974609375,0.0740966796875
1822,0.18463548024495444,0.00043773651123046875,0.1167144775390625,0.0985279083251928
1825,0.14307435353597006,0.056640625,0.026247342427571613,0.2421875
1828,0.11861292521158855,2.86102294921875e-06,0.010920842488606771,0.0
1835,0.13973585764567056,0.1046142578125,0.023819605509440105,0.15234375
1855,0.1586879094441732,0.0863037109375,0.09682687123616536,0.49603271484375
1865,0.7047672271728516,0.05291748046875,0.2786858876546224,0.2230739593505845
1868,0.6848068237304688,0.00365447998046875,0.2674420674641927,0.0
1870,0.5773665110270182,0.015716552734375,0.19698397318522134,0.011388778686523
1875,0.43717002868652344,0.03851318359375,0.6746368408203125,0.0
1885,0.4428456624348958,0.12060546875,0.6793677012125651,0.0421371459960937
1888,0.4811331431070964,0.003604888916015625,0.8258692423502604,1.14691162109375
1913,0.07537428538004558,0.00799560546875,0.1665652592976888,0.0012435913085937
1915,0.07807763417561848,0.04315185546875,0.1614542007446289,0.016895294189452598
1930,4.025081952412923,0.00485992431640625,0.3544931411743164,1.5722484588616579
1935,4.13504155476888,0.02264404296875,0.36336708068847656,0.175872802734375
1939,4.1232906977335615,0.0048980712890625,0.3607470194498698,0.016204833984375
1940,0.11049524943033855,0.0006132125854492188,0.01067956288655599,0.0078163146972654
1950,0.1084149678548177,0.017486572265625,0.0215152104695638,0.12335205078125
1955,0.1345218022664388,0.1190185546875,0.06437206268310547,0.1957778930664062
1970,0.13446553548177084,0.0,0.06358941396077473,0.0026054382324218
1975,0.17606608072916666,0.02392578125,0.06450939178466797,0.0848464965820296
1977,0.15282185872395834,0.0006971359252929688,0.02114391326904297,0.128479003906248
1978,0.15309619903564453,0.001613616943359375,0.021249135335286457,0.0056915283203125
1980,0.015233039855957031,0.04254150390625,0.017325083414713543,0.06243896484375
1986,0.01991717020670573,0.0008974075317382812,0.02550792694091797,0.0
1993,0.0196994145711263,0.0010738372802734375,0.025466283162434895,0.0002784729003906
2005,0.2594607671101888,0.0023345947265625,1.3035271962483723,7.293205261230396
2028,0.25229771931966144,0.005340576171875,1.295443852742513,0.0074539184570312
2043,0.2526588439941406,0.0042572021484375,1.2955350875854492,0.0014610290527343
2050,0.055667877197265625,0.03485107421875,0.009791374206542969,0.060539245605467994
2058,0.05629539489746094,0.03704833984375,0.010384877522786459,0.0067977905273437
2061,0.05601215362548828,0.003261566162109375,0.010296185811360678,0.000284194946289
2062,0.0017426808675130208,0.002841949462890625,0.0010557174682617188,0.0005750656127929
2080,0.0011717478434244792,0.0082855224609375,0.0033051172892252603,0.01751708984375
2090,0.5678249994913737,0.05462646484375,0.4569587707519531,0.0
2094,0.5757586161295573,0.007232666015625,0.4623362223307292,0.075439453125
2095,0.5757827758789062,0.0145263671875,0.46066538492838544,0.008880615234375
2110,0.022755940755208332,0.00749969482421875,0.010203043619791666,0.0190658569335934
2112,0.014588673909505209,0.00272369384765625,0.0047779083251953125,0.000274658203125
2113,0.013884226481119791,0.0,0.0033159255981445312,0.000274658203125
2139,0.00032711029052734375,0.0012760162353515625,0.00011571248372395833,0.0002822875976562
2140,0.000255584716796875,0.0007619857788085938,0.00030040740966796875,0.0014820098876953
2145,0.0004431406656901042,0.00897216796875,0.0006745656331380209,0.0017738342285156
2150,0.3953886032104492,0.04437255859375,0.033202807108561196,0.4042730331420898
2165,0.4512755076090495,0.038330078125,0.03887812296549479,0.1015625
2167,0.45108795166015625,0.0,0.03852303822835287,0.0
2170,0.05619112650553385,0.0067291259765625,0.006114959716796875,0.0006532669067382
2195,0.010005315144856771,0.00528717041015625,0.16533533732096353,1.14654541015625
2204,0.011293411254882812,0.0105133056640625,0.16555213928222656,0.0015125274658203
2210,0.03315544128417969,0.00299835205078125,0.34047794342041016,0.1869964599609374
2220,0.8619848887125651,0.1156005859375,0.4132140477498372,1.309814453125
2244,0.8614343007405599,0.00661468505859375,0.41302649180094403,0.0017356872558593
2245,1.0126635233561199,0.064453125,0.49284013112386066,0.0
2251,1.4579353332519531,0.0626220703125,0.9073095321655273,0.0
2255,1.4587558110555012,0.001865386962890625,0.9121538798014323,0.049293518066405605
2260,1.3797114690144856,0.08984375,0.7016398111979166,0.2109375
2265,0.27976449330647785,0.05670166015625,0.324432373046875,1.24855804443359
2295,0.3538087209065755,0.019561767578125,0.5340576171875,1.36328125
2303,0.25978851318359375,0.0030364990234375,0.4896920522054036,0.0014972686767578
2309,0.0759127934773763,0.00018978118896484375,0.21466286977132162,0.0009880065917968
2310,0.0014375050862630208,0.0012989044189453125,0.0014521280924479167,0.0121765136718746
2313,0.001369794209798177,0.00463104248046875,0.0016603469848632812,0.0014705657958984
2322,0.0014330546061197917,0.002559661865234375,0.001617431640625,0.0003252029418945
2323,0.0008694330851236979,0.00787353515625,0.00048351287841796875,0.0017471313476562
2325,0.8567269643147787,0.0693359375,0.855108896891276,0.009552001953125
2332,0.8570184707641602,0.00751495361328125,0.8557395935058594,0.002786636352539
2338,0.9276831944783529,0.053955078125,0.8687661488850912,1.1409606933593663
2340,0.08642355600992839,0.00244140625,0.09145037333170573,4.90484619140625
2345,0.09369277954101562,0.0787353515625,0.09414037068684895,0.0169601440429687
2370,0.022464752197265625,0.0,0.08094056447347005,0.0015068054199218
2375,0.03719647725423177,1.224609375,0.007362683614095052,0.030303955078125
2380,0.03983910878499349,0.0006952285766601562,0.03782844543457031,0.227937698364252
2385,0.04665724436442057,0.01776123046875,0.04059187571207682,0.013671875
2390,1.2251183191935222,0.044189453125,2.0903075536092124,0.0569076538085937
2395,1.2263212203979492,0.0015468597412109375,2.0691197713216147,0.0643177032470558
2415,1.2665039698282878,0.010772705078125,2.727285385131836,2.04827880859375
2417,0.05854225158691406,0.0002422332763671875,0.6736710866292318,0.001953125
2420,0.18767642974853516,0.04473876953125,0.7382685343424479,0.667572021484375
2425,0.6008796691894531,0.05926513671875,0.42608642578125,1.3941650390625
2430,0.6911986668904623,0.03094482421875,0.5429903666178385,0.49603271484375
2450,0.5792277654012045,0.002231597900390625,0.7011950810750326,10.750770568847656
2456,0.12054951985677083,0.0006198883056640625,0.3524783452351888,0.0
2460,0.03773053487141927,0.0140533447265625,0.2389033635457357,0.0390625
2470,0.00914605458577474,0.0043487548828125,0.00373077392578125,0.0014705657958984
2480,0.029519081115722656,0.003444671630859375,0.05181757609049479,0.412261962890625
2483,0.0224758783976237,0.0080413818359375,0.048739115397135414,0.0017604827880859
2493,2.6836509704589844,0.04949951171875,0.27580515543619794,1.3203125
2500,2.9477831522623696,0.12353515625,0.4026959737141927,0.0
2505,3.217046101888021,0.0611572265625,0.5388717651367188,0.0
2510,8.288152058919271,0.08203125,0.7174580891927084,2.7290573120116934
2514,8.003335316975912,0.00716400146484375,0.5425837834676107,0.0009584426879882
2520,7.765801747639974,0.014373779296875,0.48966630299886066,0.2867431640625
2521,0.03950373331705729,0.030731201171875,0.08860429128011067,0.016204833984375
2525,0.040728251139322914,0.018768310546875,0.0932464599609375,0.0362548828125
2530,0.009174346923828125,0.0131378173828125,0.010732014973958334,0.0072479248046875
2543,0.05914179484049479,0.006256103515625,0.027394612630208332,0.36511230468749756
2550,0.07168833414713542,0.071044921875,0.026514053344726562,0.0181503295898437
2554,0.07140032450358073,0.0088958740234375,0.025671005249023438,0.0014762878417968
2555,0.016464869181315105,0.00592803955078125,0.004535675048828125,0.0017871856689453
2556,0.0016021728515625,0.0101318359375,0.00089263916015625,0.0014610290527343
2557,0.0019079844156901042,0.0066070556640625,0.0009209314982096354,0.0067214965820312
2559,0.0008131663004557291,0.0,0.00051116943359375,0.0068740844726562
2560,0.6060673395792643,0.021392822265625,0.10528977711995442,0.6934471130370953
2565,0.6110296249389648,0.02862548828125,0.12102572123209636,0.0747337341308593
2570,13.795475323994955,0.140625,5.314481417338054,0.0071487426757812
2574,13.190877914428711,0.006988525390625,5.209623018900554,0.006866455078125
2585,13.186785380045572,0.0095062255859375,5.193921407063802,0.0028591156005859
2586,0.0027071634928385415,0.00220489501953125,0.0005009969075520834,0.0015010833740234
2588,0.0037282307942708335,0.00823974609375,0.0005884170532226562,0.0014877319335937
2589,0.011330922444661459,0.0091552734375,0.0006453196207682291,0.006866455078125
2590,0.03005536397298177,0.0347900390625,0.0055128733317057295,0.0412063598632808
2591,0.028870900472005207,0.0079193115234375,0.005942026774088542,0.0029430389404296
2592,0.02164459228515625,0.0101776123046875,0.005944569905598958,0.043121337890625
2594,0.003638585408528646,0.0086669921875,0.001274426778157552,0.006866455078125
2595,0.3318939208984375,0.01702880859375,0.04685815175374349,0.4850826263427633
2605,0.38207372029622394,0.1396484375,0.4332246780395508,0.0
2615,0.3814506530761719,0.010162353515625,0.43361155192057294,0.0029125213623046
2616,0.053324381510416664,0.007843017578125,0.3877003987630208,0.0015392303466796
2617,0.0027516682942708335,0.019439697265625,0.0017385482788085938,0.007781982421875
2618,0.0030221939086914062,0.0089111328125,0.0017973581949869792,0.0030422210693357996
2619,0.0031963984171549478,0.0059051513671875,0.0016721089680989583,0.0013351440429687
2620,0.0018205642700195312,0.002666473388671875,0.0020583470662434897,0.006317138671875
2625,0.00405120849609375,0.062255859375,0.002902984619140625,0.0241012573242187
2632,0.012523969014485678,0.00521087646484375,0.004299163818359375,0.0075740814208979995
2640,0.0164333979288737,0.022857666015625,0.013662338256835938,0.0574951171875
2650,0.016678810119628906,0.0491943359375,0.015302658081054688,0.02264404296875
2655,0.007823308308919271,0.013580322265625,0.014716466267903646,0.0050334930419921
2656,0.0039208730061848955,0.012908935546875,0.0045312245686848955,0.0017910003662109
2663,0.0019474029541015625,0.0078125,0.0016202926635742188,0.0017910003662109
2666,0.0016543070475260417,0.00473785400390625,0.0008535385131835938,0.0014457702636718
2675,0.41272449493408203,0.06396484375,0.10883140563964844,0.6483421325683549
2680,0.4115406672159831,0.0014495849609375,0.10881805419921875,0.0015010833740234
2685,0.4272441864013672,0.0889892578125,0.14090442657470703,0.2998237609863281
2686,0.01613171895345052,0.0077667236328125,0.032825469970703125,0.0014686584472656
2690,0.02708117167154948,0.03387451171875,0.039208412170410156,0.021354675292968597
2695,0.014121055603027344,0.018646240234375,0.014783223470052084,0.0395469665527343
2710,0.017905553181966145,0.052978515625,0.015950838724772137,0.0087909698486328
2715,0.05918312072753906,0.0931396484375,0.061974525451660156,0.0015010833740234
2716,0.056409200032552086,0.004302978515625,0.05435816446940104,0.0014629364013671
2720,0.7446384429931641,0.02484130859375,0.6005830764770508,1.799041748046875
2725,0.6928539276123047,0.001583099365234375,0.5495545069376627,0.03125
2735,0.6946729024251302,0.0151214599609375,0.550378163655599,0.0050277709960937
2760,0.009250640869140625,0.085205078125,0.004151662190755208,0.0078277587890625
2763,0.009398142496744791,0.00576019287109375,0.0027774175008138022,0.0074462890625
2765,0.010405222574869791,0.00617218017578125,0.005529721577962239,0.045013427734375
2770,0.23521804809570312,0.127685546875,0.04924360911051432,0.2965240478515624
2780,0.23472372690836588,0.0017490386962890625,0.0507958730061849,0.008514404296875
2795,0.5421298344930013,0.172119140625,0.07952880859375,0.18463134765625
2803,0.3105929692586263,0.0,0.04229195912679037,0.913410186767559
2805,0.5558369954427084,0.0673828125,0.2977902094523112,0.0
2820,0.2482757568359375,0.05853271484375,0.26663684844970703,0.0079498291015625
2825,0.2601979573567708,0.03570556640625,0.26031239827473956,0.0
2835,2.7543455759684243,0.05731201171875,2.961480458577474,0.0071258544921875
2837,2.751593907674154,0.00391387939453125,2.960385004679362,0.0014991760253906
2839,2.740554173787435,0.0097503662109375,2.9589722951253257,0.000798225402832
2840,0.005169232686360677,0.0010204315185546875,0.04200553894042969,0.45930480957030856
2863,0.18726571400960287,0.003704071044921875,0.04176171620686849,0.0
2867,0.18656158447265625,0.0088958740234375,0.04204781850179037,0.0017509460449218
2875,1.8735895156860352,0.0865478515625,0.3045206069946289,1.1669158935546875
2885,1.8370288213094075,0.018890380859375,1.4633560180664062,4.6470489501953125
2890,1.8378918965657551,0.0120391845703125,1.4642117818196614,0.0074996948242187
2902,0.14684581756591797,0.003326416015625,1.160300572713216,0.0002775192260742
2910,0.0025765101114908853,0.000946044921875,0.0040556589762369795,0.208251953125
2915,7.435128847757976,0.1099853515625,4.451681137084961,0.0
2920,7.4448808034261065,0.075439453125,4.455392201741536,0.0210113525390624
2921,7.447576522827148,0.0692138671875,4.453908284505208,0.0077362060546875
2922,0.015938440958658855,0.01971435546875,0.0053437550862630205,0.0016040802001953
2930,0.007784525553385417,0.0216064453125,0.0025691986083984375,0.01373291015625
2945,0.004296938578287761,0.0093536376953125,0.0020955403645833335,0.0031280517578124003
2950,0.008678754170735678,0.0582275390625,0.0020850499471028647,0.00390625
2960,0.006976127624511719,0.0006246566772460938,0.0029967625935872397,0.0071487426757812
2970,0.009321848551432291,0.0009136199951171875,0.01571178436279297,0.056945800781248807
2975,0.6916898091634115,0.0087738037109375,0.1967137654622396,1.606201171875
2980,0.6938959757486979,0.0008020401000976562,0.213043212890625,0.209655761718748
2985,1.9538218180338542,0.121826171875,1.0254720052083333,0.0
3008,1.266693115234375,0.008453369140625,0.8444134394327799,0.0021133422851562
3015,2.4337666829427085,0.1884765625,1.2291943232218425,2.421875
3016,1.1711254119873047,0.00885009765625,0.40365123748779297,0.0016822814941406
3035,1.1697607040405273,0.00396728515625,0.4037526448567708,0.0017910003662109
3040,0.0006860097249348959,0.0006160736083984375,0.001967748006184896,0.0066947937011715
3045,0.0005400975545247396,0.0007905960083007812,0.0018761952718098958,0.0017890930175781
3055,15.860923767089844,0.1640625,5.754229227701823,27.45703125
3060,15.862612088521322,0.0523681640625,5.754201889038086,0.0081024169921875
3063,15.863595326741537,0.00572967529296875,5.754138946533203,0.0017318725585937
3065,0.030904134114583332,0.008087158203125,0.027718861897786457,0.5731964111328125
3080,0.05680084228515625,0.021484375,0.047878265380859375,0.094757080078125
3084,0.06160863240559896,0.00063323974609375,0.050587972005208336,0.025955200195308
3085,0.08236185709635417,0.018463134765625,0.03213183085123698,0.08697509765625
3105,0.056592305501302086,0.0234375,0.011224746704101562,0.0052108764648437
3110,0.050809224446614586,0.001056671142578125,0.008864720662434896,0.0036182403564452
3115,0.0034351348876953125,0.003902435302734375,0.0038744608561197915,0.0
3125,0.019449234008789062,0.193359375,0.009553273518880209,0.0
3130,0.05111885070800781,0.0718994140625,0.011735916137695312,0.0234489440917962
3140,0.053698221842447914,0.00496673583984375,0.015268325805664062,0.1002960205078104
3155,0.06208483378092448,0.01934814453125,0.35764630635579425,1.624420166015625
3160,0.03479194641113281,0.023590087890625,0.38362979888916016,0.0002832412719726
3162,0.030928929646809895,0.0,0.37772464752197266,0.039081573486327
3170,0.2976633707682292,0.02716064453125,0.07565148671468098,0.2151641845703066
3171,0.29334481557210285,0.00238800048828125,0.04696814219156901,0.0002775192260742
3175,0.2965847651163737,0.002399444580078125,0.09939861297607422,0.28668212890625
3195,0.0062529246012369795,0.002483367919921875,0.05495166778564453,0.0
3200,0.03579425811767578,0.0433349609375,0.07435671488444011,0.125
3202,0.03291193644205729,0.00435638427734375,0.02254041035970052,0.0050754547119138
3210,0.03871027628580729,0.018646240234375,0.04334449768066406,0.3023262023925722
3220,0.19115098317464194,0.003551483154296875,0.12770462036132812,0.0
3235,0.19092496236165366,0.00589752197265625,0.12738927205403647,0.0061111450195312
3244,1.0550737380981445,0.0660400390625,0.24382972717285156,0.708389282226555
3245,0.8966464996337891,0.001064300537109375,0.2194798787434896,1.1672363281249887
3250,1.0036334991455078,0.001674652099609375,0.5325164794921875,3.08984375
3265,0.17352867126464844,0.04046630859375,0.61053466796875,1.340057373046875
3270,1.049329439798991,0.0731201171875,2.7213048934936523,0.0002813339233398
3275,0.951671282450358,0.0006427764892578125,2.474109967549642,0.384922027587879
3290,0.9230168660481771,0.00537109375,2.2850402196248374,0.1405181884765595
3295,0.1553500493367513,0.1640625,0.2142175038655599,0.5411376953125
3305,0.15310096740722656,0.0625,0.15175851186116537,0.0515670776367183
3310,0.1401637395222982,0.000896453857421875,0.1272548039754232,0.020027160644530497
3315,0.3656657536824544,0.05413818359375,0.591432253519694,0.0
3330,0.3608754475911458,0.02008056640625,0.588629404703776,0.0
3365,0.37077585856119794,0.02032470703125,0.5856348673502604,0.0043258666992184
3370,0.02300262451171875,0.04266357421875,0.038052876790364586,0.3070068359375
3373,0.021097819010416668,0.0028839111328125,0.03673426310221354,0.0002708435058593
3380,0.013741811116536459,0.00396728515625,0.03690783182779948,0.0037765502929682
3391,0.0042489369710286455,0.00617218017578125,0.0009590784708658854,0.0002708435058593
3395,0.006236076354980469,0.0007715225219726562,0.0033826828002929688,0.0
3410,0.006436983744303386,0.0548095703125,0.01734638214111328,0.6878623962402342
3420,0.008379300435384115,0.0132598876953125,0.018779754638671875,0.0643310546875
3435,0.05011558532714844,0.03387451171875,0.060134569803873696,0.3067283630371092
3458,0.05476029713948568,0.0005979537963867188,0.06956164042154948,0.0
3460,0.05340862274169922,0.0080718994140625,0.06938616434733073,0.0078887939453125
3471,0.009231885274251303,0.00461578369140625,0.025636037190755207,0.0002775192260742
3490,0.03593762715657552,0.011138916015625,0.004663785298665364,0.0281181335449212
3496,0.03533522288004557,1.239776611328125e-05,0.00334930419921875,0.0
3505,0.2701832453409831,0.03314208984375,0.6963682174682617,0.0333328247070304
3520,0.24558067321777344,0.02105712890625,0.7581580479939779,0.341314315795893
3529,0.24592304229736328,0.00250244140625,0.758210817972819,0.0002813339233398
3540,0.03163433074951172,0.02294921875,0.07223860422770183,0.0333328247070304
3548,0.021105130513509113,0.00441741943359375,0.007232348124186198,0.0006122589111327999
3560,0.023626963297526043,0.0201416015625,0.01819133758544922,0.0380210876464843
3565,0.0030438105265299478,0.001354217529296875,0.011311213175455729,0.0012950897216796
3575,0.0066623687744140625,0.01129150390625,0.012297948201497396,0.0
3595,0.01643085479736328,0.04376220703125,0.1093130111694336,1.0447998046875
3602,0.016521771748860676,0.003604888916015625,0.10914007822672527,0.0003004074096679
3605,0.022197723388671875,0.000713348388671875,0.13021564483642578,0.23188400268554019
3610,0.011226654052734375,0.04180908203125,0.02306207021077474,0.0060882568359375
3615,15.703782081604004,0.05963134765625,1.2028560638427734,5.163253784179683
3620,15.694578170776367,0.003047943115234375,1.1808802286783855,0.0006361007690429
3625,15.697516441345215,0.0053863525390625,1.2514979044596355,0.390716552734375
3675,0.12034765879313152,0.0127716064453125,0.11538441975911458,0.251861572265625
3678,0.12043603261311848,0.0092010498046875,0.11548932393391927,0.0014915466308593
3680,0.1477975845336914,0.03863525390625,0.06698131561279297,0.085811614990233
3690,0.03609053293863932,0.1097412109375,0.02538585662841797,0.01116943359375
3700,0.03796609242757162,0.0103912353515625,0.025876998901367188,0.01171875
3701,0.005934397379557292,0.0,0.0031627019246419272,0.0
3710,0.14067649841308594,0.0242919921875,0.016099929809570312,0.039047241210937195
3714,0.1386280059814453,0.00037479400634765625,0.015418052673339844,0.0029411315917968
3731,0.21747779846191406,0.03045654296875,0.04494825998942057,0.177337646484375
3735,0.07999229431152344,0.001155853271484375,0.03029632568359375,0.0025119781494138
3750,0.14237531026204428,0.0650634765625,0.09686342875162761,0.3070068359375
3755,0.06355857849121094,0.0007047653198242188,0.067291259765625,0.0014839172363281
3765,0.3525988260904948,0.025360107421875,0.6899267832438151,0.0
3775,0.29131444295247394,0.00034427642822265625,0.6233323415120443,0.0
3780,0.3073387145996094,0.01361083984375,0.626349131266276,0.0268898010253901
3800,0.020423253377278645,0.002849578857421875,0.024361928304036457,0.07135009765625
3810,0.03587786356608073,0.011199951171875,0.040079752604166664,0.0
3815,0.023330052693684895,0.014862060546875,0.05225245157877604,0.0833740234374992
3825,0.1217053731282552,0.0107574462890625,0.4645245869954427,2.219833374023416
3845,0.10513591766357422,0.0010433197021484375,0.4491583506266276,0.0034942626953125
3850,0.13071982065836588,0.029541015625,0.4459819793701172,0.074386596679687
3851,0.02924950917561849,0.00426483154296875,0.012999216715494791,0.0014629364013671
3858,0.029189427693684895,0.0,0.012613614400227865,0.0
3860,0.0005213419596354166,0.0019168853759765625,0.00040467580159505207,0.05072021484375
3862,0.0014845530192057292,0.001972198486328125,0.005333900451660156,7.804290771484375
3865,0.3401915232340495,0.0308837890625,2.8498757680257163,9.53338623046875
3870,0.3405405680338542,0.0005588531494140625,2.852954864501953,0.0968780517578125
3880,0.34862645467122394,0.11083984375,2.85060183207194,0.0184249877929687
3890,0.013844807942708334,0.000858306884765625,0.010544459025065104,0.0
3895,0.15257962544759116,0.0135955810546875,0.5036678314208984,3.214736938476538
3905,0.28321266174316406,0.0338134765625,1.2329635620117188,5.12567138671875
3916,0.2805614471435547,0.04376220703125,1.2295455932617188,0.0073623657226562
3920,0.15746370951334634,0.015869140625,0.7573585510253906,0.007659912109375
3925,2.833115259806315,0.1416015625,1.3798561096191406,0.0
3935,3.097010930379232,0.04266357421875,1.543363889058431,0.2578125
3942,3.0807453791300454,0.005279541015625,1.5195309321085613,0.0056533813476562
3943,0.26551659901936847,0.00229644775390625,0.16497262318929037,0.0056533813476562
3945,0.015842119852701824,0.00632476806640625,0.0355072021484375,0.0
3946,0.035952250162760414,0.030059814453125,0.055681864420572914,0.1406936645507799
3954,0.044011433919270836,0.03173828125,0.05655797322591146,0.007354736328125
3955,0.028714497884114582,0.002483367919921875,0.0216525395711263,0.0
3976,0.009859720865885416,0.0367431640625,0.0023323694864908853,0.0072021484375
3981,0.006978352864583333,0.00643157958984375,0.0016533533732096355,0.364990234375
3985,0.010228474934895834,0.0122833251953125,0.0021797815958658853,0.015586853027343599
3987,0.1945368448893229,0.048583984375,0.03311443328857422,0.0
3993,0.18922106424967447,0.002422332763671875,0.03280226389567057,0.0002813339233398
4005,0.1863377888997396,0.004364013671875,0.03303718566894531,0.006866455078125
4010,0.007216135660807292,0.0106964111328125,0.04957135518391927,0.0071563720703125
4017,0.008834203084309896,0.04388427734375,0.05059814453125,0.0069580078125
4025,0.20522944132486978,0.1126708984375,0.06656138102213542,0.1804046630859354
4030,0.199951171875,0.001220703125,0.030887603759765625,0.074844360351562
4045,0.7767817179361979,0.0797119140625,0.42423756917317706,0.0
4060,0.5820960998535156,0.0364990234375,0.40905125935872394,0.0141448974609374
4063,0.5815836588541666,0.0255126953125,0.39676539103190106,0.0073318481445312
4065,0.012482325236002604,0.0105438232421875,0.025953928629557293,0.1117324829101562
4080,0.022109349568684895,0.04522705078125,0.054270426432291664,0.0
4085,0.02259508768717448,0.01953125,0.05495452880859375,0.0151901245117187
4090,0.013209660847981771,0.00032806396484375,0.031373023986816406,0.0
4095,0.003525416056315104,0.0011920928955078125,0.21387831370035806,5.5234375
4100,0.010842005411783854,0.05255126953125,0.21514606475830078,0.0157928466796875
4102,0.012233734130859375,0.045166015625,0.2161229451497396,0.0069808959960937
4110,0.010104497273763021,0.0014247894287109375,0.0038696924845377603,0.0015316009521484
4124,0.002613703409830729,0.00769805908203125,0.0015707015991210938,0.0073394775390625
4125,0.016074180603027344,0.0714111328125,0.009333610534667969,0.0487899780273437
4130,0.021735191345214844,0.048828125,0.010847727457682291,0.009704589843749799
4135,0.025732994079589844,0.0594482421875,0.012148539225260416,0.007232666015625
4140,0.016684850056966145,0.052001953125,0.005007425944010417,0.0063095092773437
4164,0.011209805806477865,0.00362396240234375,0.0034344991048177085,0.0019092559814453
4165,0.06951363881429036,0.021484375,0.01540374755859375,0.0796432495117168
4170,0.06371148427327473,0.00021457672119140625,0.013812065124511719,0.0002813339233398
4185,0.07442347208658855,0.078125,0.01543585459391276,0.0074234008789062
4195,0.013810475667317709,0.0071563720703125,0.0031092961629231772,0.0143280029296872
4199,0.7361170450846354,0.0082855224609375,0.0535742441813151,0.0
4210,7.880017598470052,0.0499267578125,12.664531071980795,82.138427734375
4213,7.8773196538289385,0.002532958984375,12.663414001464844,0.0002784729003906
4221,7.1554873784383135,0.00543975830078125,12.613200505574545,0.0079803466796875
4230,0.0006310145060221354,0.0008115768432617188,0.0005648930867513021,0.0024452209472656
4231,0.0005315144856770834,0.0,0.001472791035970052,0.0642824172973385
4235,0.0011698404947916667,0.05401611328125,0.0029834111531575522,0.0111541748046875
4244,0.0028559366861979165,0.008453369140625,0.0031003952026367188,0.0833740234375
4245,0.003787994384765625,0.01910400390625,0.003913561503092448,0.0084075927734375
4250,0.25167210896809894,0.088623046875,0.4213685989379883,0.0
4255,0.40953509012858075,0.003566741943359375,0.4680639902750651,0.1693334579467742
4260,0.5184052785237631,0.05804443359375,0.47840436299641925,0.0437393188476552
4266,0.269381841023763,0.0,0.05913416544596354,0.0015621185302734
4285,0.70489501953125,0.0491943359375,0.6290365854899088,0.0
4300,0.60601806640625,0.1060791015625,0.6189225514729818,0.0087432861328125
4305,0.6078662872314453,0.0006608963012695312,0.6348749796549479,1.3426513671875
4308,0.013400395711263021,0.01055908203125,0.01804828643798828,0.00390625
4315,0.025587081909179688,0.2255859375,0.026537259419759113,0.0867919921875
4320,0.0687421162923177,0.070068359375,0.04621601104736328,0.212158203125
4330,0.07732105255126953,0.017974853515625,0.060129801432291664,0.051326751708984
4335,0.06251112620035808,0.078125,0.05240631103515625,0.0151367187499999
4340,0.01804955800374349,0.0007276535034179688,0.17139689127604166,1.083984375
4345,0.016808827718098957,0.06591796875,0.15891265869140625,0.006927490234375
4350,0.08404858907063802,0.0736083984375,0.16228930155436197,0.0297603607177725
4355,0.5292669932047526,0.081787109375,0.24906094868977866,0.827789306640625
4357,0.5227921803792318,0.03826904296875,0.24867820739746094,0.007049560546875
4360,0.4847768147786458,0.08935546875,0.2822608947753906,0.0
4365,0.0715484619140625,0.0413818359375,0.053760528564453125,0.0693969726562488
4375,0.07060750325520833,0.00736236572265625,0.05363591512044271,0.0078277587890625
4378,0.03671137491861979,0.00460052490234375,0.018861134847005207,0.0191497802734375
4390,0.007755279541015625,0.04315185546875,0.007111867268880208,0.0066909790039062
4392,0.010028839111328125,0.016754150390625,0.006586710611979167,0.022430419921875
4397,0.006700197855631511,0.00027561187744140625,0.002040863037109375,0.0245475769042959
4400,0.0035969416300455728,0.00433349609375,0.0018717447916666667,0.0074539184570312
4405,0.006733894348144531,0.04833984375,0.004034678141276042,0.0155563354492187
4409,0.0073095957438151045,0.02471923828125,0.004067738850911458,0.007476806640625
4410,0.007783253987630208,0.03173828125,0.003554662068684896,0.0064620971679687
4420,0.002234776814778646,0.003528594970703125,0.002124150594075521,0.007659912109375
4432,0.0013573964436848958,0.0,0.001758257548014323,0.0
4440,0.008696873982747396,0.0494384765625,0.0028813680013020835,0.0109481811523437
4452,0.00841363271077474,0.002780914306640625,0.0017267862955729167,0.0002775192260742
4455,0.02445824940999349,0.0146484375,0.009279568990071615,0.0534896850585933
4458,0.1613601048787435,0.015899658203125,0.058719635009765625,0.31068420410155917
4460,0.16127681732177734,0.000270843505859375,0.059093475341796875,0.012107849121093599
4470,0.16646575927734375,0.1190185546875,0.05625279744466146,0.0230998992919921
4480,0.13312530517578125,0.05804443359375,0.26188023885091144,0.9375
4485,0.1433445612589518,0.0718994140625,0.26323572794596356,0.007293701171875
4488,0.12357298533121745,0.00018024444580078125,0.2584664026896159,0.0
4490,0.16040770212809244,0.08203125,0.02890809377034505,0.148681640625
4505,0.15103371938069662,0.0005445480346679688,0.030684471130371094,0.036125183105468
4523,0.1707007090250651,0.0004730224609375,0.04924201965332031,0.4911689758300656
4530,0.23500823974609375,0.3212890625,0.07051467895507812,0.251190185546875
4550,0.23590628306070963,0.000858306884765625,0.07670402526855469,0.17578125
4564,0.2153590520222982,1.430511474609375e-05,0.05816205342610677,0.0991287231445282
4565,0.31213855743408203,0.04656982421875,0.2524299621582031,0.8822784423828125
4580,0.4191201527913411,0.01190185546875,0.3808167775472005,1.01043701171875
4605,0.5396912892659506,0.00392913818359375,1.004346211751302,6.6595001220703125
4610,0.23162968953450522,0.00142669677734375,0.7638759613037109,0.0
4620,0.1229400634765625,0.0007648468017578125,0.6258589426676432,0.0006666183471679
4625,0.17931715647379556,0.0921630859375,0.25532086690266925,0.2956352233886699
4630,0.24608135223388672,0.07177734375,0.283843994140625,0.0074844360351562
4645,0.25399939219156903,0.0018463134765625,0.3048807779947917,0.1072616577148412
4650,0.07907613118489583,0.0008182525634765625,0.32426802317301434,1.9327850341796875
4655,0.010715802510579428,0.0015411376953125,0.2938992182413737,0.0067367553710937
4660,0.0030425389607747397,0.005889892578125,0.2730716069539388,0.0017776489257812
4664,0.0007454554239908854,0.0030975341796875,0.0006977717081705729,0.0042037963867187
4675,0.006368319193522136,0.0108642578125,0.005486488342285156,0.0488510131835933
4682,0.006198883056640625,0.00331878662109375,0.0052038828531901045,0.0003004074096679
4685,0.0067755381266276045,0.006927490234375,0.006403923034667969,0.0066909790039062
4701,0.0010979970296223958,0.00025177001953125,0.0014616648356119792,0.00390625
4705,0.24494075775146484,0.04339599609375,0.11488882700602214,0.49225616455077786
4715,0.7627070744832357,0.03125,0.44646485646565753,2.25527954101561
4720,2.583939870198568,0.080322265625,1.9038187662760417,5.00244140625
4721,2.3400532404581704,0.0054168701171875,1.7906080881754558,0.0018882751464843
4725,2.123534838358561,0.0697021484375,1.5415560404459636,0.3392372131347567
4737,0.3022457758585612,0.0,0.08403682708740234,0.0002727508544921
4740,0.30265172322591144,7.62939453125e-05,0.0879220962524414,0.0
4750,0.9437955220540365,0.05340576171875,0.2266836166381836,0.840362548828125
4755,1.6342404683430989,0.121337890625,0.32213083902994794,1.0640907287597636
4757,1.6337229410807292,0.0,0.3199726740519206,0.1219253540039052
4765,0.6995798746744791,0.03656005859375,0.1022500991821289,0.015045166015625
4780,0.010005950927734375,0.0094146728515625,0.008333524068196615,0.0078277587890625
4783,0.010224660237630209,0.00464630126953125,0.006389300028483073,0.000274658203125
4800,0.004117012023925781,0.02227783203125,0.01660760243733724,0.138031005859375
4801,0.003333409627278646,0.00388336181640625,0.015140215555826822,0.0002813339233398
4806,0.0033559799194335938,0.0001983642578125,0.015133857727050781,0.0039234161376949
4815,0.6473013559977213,0.0567626953125,0.3351920445760091,1.4227294921875
4824,0.6541566848754883,0.00031948089599609375,0.3351904551188151,0.0
4825,0.6755879720052084,0.02386474609375,0.47242259979248047,2.8901138305664062
4854,0.028615315755208332,0.0,0.24562803904215494,2.065628051757789
4865,0.09404500325520833,0.02593994140625,0.5833956400553385,0.0
4867,0.0723724365234375,0.0,0.4461790720621745,0.0037765502929686
4875,1.1759694417317708,0.423828125,0.8333536783854166,0.0
4880,1.1036580403645833,0.00848388671875,0.49578603108723956,0.0014781951904296
4905,1.1794230143229167,0.193115234375,0.5813166300455729,0.0
4908,0.07596969604492188,0.002727508544921875,0.08590888977050781,0.0002765655517578
4925,0.07606124877929688,0.003787994384765625,0.08595943450927734,0.0021018981933593
4931,2.594793955485026,0.020294189453125,1.667298952738444,13.187576293945312
4940,2.6009063720703125,0.0037841796875,1.6681305567423503,0.004148483276366999
4945,2.6878433227539062,0.028472900390625,1.7220325469970703,0.365936279296875
4950,0.10077158610026042,0.05023193359375,0.0566552480061849,0.0071945190429687
4960,0.09612528483072917,0.0166015625,0.057980855305989586,0.0132293701171874
4965,6.298098246256511,0.0614013671875,5.472516377766927,0.0
4967,6.290701866149902,0.00040531158447265625,5.4709672927856445,0.0002813339233398
4980,6.290251731872559,0.0011692047119140625,5.4695329666137695,0.0044631958007808
4994,0.00791327158610026,0.022674560546875,0.0019121170043945312,0.03125
4995,0.09765625,0.02984619140625,0.05950927734375,0.2665634155273417
5006,0.10022385915120442,0.0002574920654296875,0.05878671010335287,0.0
5008,0.09350013732910156,3.814697265625e-06,0.057660420735677086,0.0002803802490234
5010,0.022638320922851562,0.021392822265625,0.011080423990885416,0.0961761474609375
5015,0.0190280278523763,0.000942230224609375,0.011512438456217447,0.0028076171875
5020,0.022525787353515625,0.001636505126953125,0.030548731486002605,0.7203369140625
5030,0.011152903238932291,0.0557861328125,0.02176221211751302,0.016937255859375
5040,0.018022537231445312,0.0027923583984375,0.02320575714111328,0.0091409683227534
5050,0.016037623087565105,0.005767822265625,0.004813830057779948,0.0033836364746092
5051,0.008500417073567709,0.0003108978271484375,0.0025800069173177085,0.0017337799072265
5053,0.0018908182779947917,0.0018062591552734375,0.0006793340047200521,0.0032539367675781
5072,0.008524258931477865,0.008148193359375,0.0026652018229166665,0.1051826477050781
5075,0.014973004659016928,0.011383056640625,0.005944252014160156,0.0124969482421872
5080,0.027947425842285156,0.025634765625,0.007973670959472656,0.01312255859375
5095,0.04018243153889974,0.05963134765625,0.06640561421712239,0.778411865234375
5100,0.1760857899983724,0.018035888671875,0.13267072041829428,0.5684432983398385
5101,0.1665490468343099,0.1116943359375,0.13205273946126303,0.00787353515625
5102,0.1462742487589518,0.00323486328125,0.0710461934407552,0.0002775192260742
5106,0.0039215087890625,0.0,0.0015048980712890625,2.64208984375
5115,0.14919535319010416,0.107666015625,0.0049101511637369795,0.04296875
5125,0.15309906005859375,0.0001621246337890625,0.024534861246744793,0.1567268371581969
5150,0.33985646565755206,0.0997314453125,0.07250912984212239,0.2642211914062486
5165,0.22662925720214844,0.02874755859375,0.0914293924967448,0.1927528381347645
5170,0.22348340352376303,0.0127105712890625,0.07308387756347656,0.0128936767578124
5183,0.037020365397135414,0.003414154052734375,0.025162696838378906,0.0008144378662109
5200,0.0036668777465820312,0.0010547637939453125,0.014371871948242188,0.0652923583984364
5205,0.0046494801839192705,0.0010471343994140625,0.018232981363932293,0.27056884765625
5225,0.004854838053385417,0.00588226318359375,0.018698692321777344,0.009031295776367099
5235,0.01697508494059245,0.02874755859375,0.007288614908854167,0.0070114135742184
5240,0.023540496826171875,0.22705078125,0.003849665323893229,0.017608642578125
5245,0.0900115966796875,0.162841796875,0.021532694498697918,0.007049560546875
5250,0.07599194844563802,0.0082244873046875,0.020947774251302082,0.0070343017578125
5251,0.06757926940917969,0.0,0.05384635925292969,24.984878540039062
5260,0.03655815124511719,0.05035400390625,0.03781445821126302,0.0
5265,0.06458028157552083,0.0125274658203125,0.042444864908854164,0.0338706970214834
5280,0.06684144337972005,0.01483154296875,0.015492121378580729,0.048366546630858404
5290,0.8489046096801758,0.03704833984375,0.1504357655843099,1.396514892578125
5296,0.8202740351359049,0.0,0.14482402801513672,0.00299072265625
5300,0.8189945220947266,0.02484130859375,0.13855775197347006,0.0086822509765625
5301,0.0016040802001953125,0.016815185546875,0.0017792383829752605,0.001708984375
5305,0.0025924046834309897,0.0107574462890625,0.0034119288126627603,0.0095272064208984
5307,0.0017598470052083333,0.00319671630859375,0.0020345052083333335,0.0002737045288085
5320,0.0013329188028971355,0.0006351470947265625,0.002422968546549479,0.0051212310791015
5335,0.036457061767578125,0.024139404296875,0.00919500986735026,0.109405517578125
5340,0.04359149932861328,0.151123046875,0.010714848836263021,0.0080108642578125
5350,0.043442090352376304,0.0007581710815429688,0.010211626688639322,0.0014705657958984
5355,0.007578849792480469,0.00027942657470703125,0.0036249160766601562,0.0206298828125
5366,0.0005054473876953125,0.0088653564453125,0.0023978551228841147,0.0017356872558593
5368,0.0016762415568033855,0.03863525390625,0.003032684326171875,0.0075531005859375
5375,0.0014931360880533855,0.0003414154052734375,0.001434644063313802,0.0016155242919921
5385,0.04557037353515625,0.012969970703125,0.015415509541829428,0.007598876953125
5386,0.049724578857421875,0.067138671875,0.015827496846516926,0.0077667236328125
5390,0.1271998087565104,0.00982666015625,0.030364990234375,0.03125
5400,0.6441307067871094,0.04412841796875,0.13985443115234375,0.937957763671875
5410,0.6388041178385416,0.00043010711669921875,0.13884703318277994,0.0067367553710937
5415,0.5744667053222656,0.44384765625,0.12616189320882162,0.009796142578125
5420,0.025048573811848957,0.108154296875,0.004190762837727864,0.0075759887695312
5428,0.025876363118489582,0.04156494140625,0.004528045654296875,0.0072479248046875
5435,0.08276112874348958,0.04833984375,0.00824737548828125,0.129547119140625
5440,0.24149322509765625,0.020660400390625,0.02645111083984375,0.07846832275390239
5445,0.3442789713541667,0.06201171875,0.20692062377929688,0.0
5455,0.5118459065755209,0.6181640625,0.2617168426513672,0.28521728515625
5460,0.3820546468098958,0.0577392578125,0.25658226013183594,0.0
5480,0.2786795298258464,0.00046634674072265625,0.07738685607910156,0.032424926757812
5485,0.23877779642740884,0.0496826171875,0.1066118876139323,0.0
5495,0.19806893666585287,0.00019359588623046875,0.09194628397623698,0.0014724731445312
5500,1.3302981058756511,0.04949951171875,0.19838587443033853,1.1178398132324043
5525,1.1334279378255208,0.0072784423828125,0.1099408467610677,0.0089263916015625
5530,9.962171872456869,0.080810546875,3.016014734903971,0.0
5544,8.859509785970053,0.0082244873046875,2.913604418436686,0.98724365234375
5555,8.86361281077067,0.001186370849609375,3.0432939529418945,0.6450347900390625
5560,0.2785603205362956,0.0343017578125,0.19311110178629556,0.13008117675780942
5570,0.26932557423909503,0.1016845703125,0.20340283711751303,0.1915359497070312
5585,0.26899274190266925,0.025665283203125,0.07521375020345052,0.021148681640625
5595,0.026016871134440105,0.00656890869140625,0.020395278930664062,0.0076522827148437
5600,0.005457878112792969,0.0007085800170898438,0.004438082377115886,0.0013027191162109
5615,0.41096019744873047,0.03179931640625,0.047431627909342446,0.2202987670898385
5620,0.4876864751180013,0.06298828125,0.0754391352335612,0.0
5637,0.48771095275878906,0.00036334991455078125,0.07520675659179688,0.0033836364746092
5645,0.08632469177246094,0.0009822845458984375,0.05623435974121094,0.19591140747069602
5685,0.017853418986002605,0.0084381103515625,0.03934796651204427,0.07525634765625
5699,0.03170903523763021,0.0148773193359375,0.04068883260091146,0.006507873535156
5700,0.03196080525716146,0.001132965087890625,0.04381688435872396,0.4660148620605372
5705,0.023046493530273438,0.0005283355712890625,0.03178723653157552,0.0048370361328124
5715,0.009110132853190104,0.0,0.030501683553059895,0.0032310485839842
5730,1.1066430409749348,0.012481689453125,0.37820084889729816,1.8783950805663676
5732,1.1066576639811199,0.0029296875,0.3778387705485026,0.0002784729003906
5735,1.1071834564208984,0.0096435546875,0.378109614054362,0.0015621185302734
5750,0.0017515818277994792,0.00860595703125,0.004072507222493489,0.044708251953125
5755,1.2111822764078777,0.04833984375,0.0676727294921875,0.58203125
5760,1.2149241765340169,0.00434112548828125,0.12475077311197917,0.43487548828125
5772,1.2232414881388347,0.062255859375,0.12361399332682292,0.03662109375
5775,0.06177107493082682,0.11376953125,0.06255722045898438,0.0157585144042968
5780,0.08311907450358073,0.006072998046875,0.22336578369140625,1.4377212524413934
5795,0.07791328430175781,0.022796630859375,0.2233428955078125,0.0043792724609374
5805,0.03044891357421875,0.0086822509765625,0.2210820515950521,0.0017242431640625
5811,0.006413777669270833,0.0005273818969726562,0.0041421254475911455,0.0859375
5825,0.002464930216471354,0.00231170654296875,0.0018062591552734375,0.0014991760253906
5835,0.0028521219889322915,0.003875732421875,0.003472010294596354,0.0141143798828124
5840,0.03885459899902344,0.0643310546875,0.03714688618977865,0.020839691162109
5850,0.040669759114583336,0.021881103515625,0.04111289978027344,0.0257568359375
5852,0.039850870768229164,0.0017490386962890625,0.039160728454589844,0.0002737045288085
5854,0.004212697347005208,0.0005064010620117188,0.004937171936035156,0.0403156280517558
5860,0.00215911865234375,0.0007009506225585938,0.0012865066528320312,0.0018386840820312
5870,0.0020208358764648438,0.0006694793701171875,0.0012900034586588542,0.0002765655517578
5893,0.0003070831298828125,0.003879547119140625,0.0006078084309895834,0.0002737045288085
5899,0.0007521311442057291,0.000614166259765625,0.0016759236653645833,0.037628173828125
5900,0.0007947285970052084,0.001605987548828125,0.002005894978841146,0.0065078735351562
5910,0.04877758026123047,0.04962158203125,0.08636983235677083,0.4062423706054687
5915,0.05140082041422526,0.0007333755493164062,0.09595998128255208,0.091171264648435
5920,0.05247370402018229,0.0006799697875976562,0.1013644536336263,0.09031295776367
5925,0.0187225341796875,0.00518798828125,0.02023156483968099,0.0428428649902341
5930,0.42721303304036456,0.087158203125,0.6131588617960612,0.0
5965,0.43461863199869794,0.05682373046875,0.6105747222900391,0.02862548828125
5985,0.5260721842447916,0.0321044921875,0.637542724609375,0.0
5990,0.11896006266276042,0.02545166015625,0.042750040690104164,0.0344696044921875
6000,0.11118698120117188,0.0122222900390625,0.04060999552408854,0.0077667236328125
6004,0.006032307942708333,0.017486572265625,0.01061248779296875,0.007476806640625
6007,0.0030415852864583335,0.03656005859375,0.0023651123046875,0.0075607299804687
6015,0.027342478434244793,0.00514984130859375,0.028475443522135418,0.0890407562255838
6020,0.997650146484375,0.00555419921875,0.37355677286783856,9.620361328125
6041,0.9962549209594727,0.003353118896484375,0.37256717681884766,0.0002727508544921
6054,0.9722299575805664,0.0080413818359375,0.3455851872762044,0.0017318725585937
6065,0.0017290115356445312,0.0048675537109375,0.0012642542521158855,0.0073928833007812
6075,0.12553278605143228,0.05133056640625,0.07129732767740886,0.5411376953125
6093,0.13493633270263672,0.001129150390625,0.08466466267903645,0.33331298828125
6105,0.1350545883178711,0.0075225830078125,0.08417510986328125,0.004024505615234
6130,0.01138146718343099,0.001949310302734375,0.014669418334960938,0.0068721771240233
6140,0.0012111663818359375,0.00052642822265625,0.00183868408203125,0.014053344726562202
6160,0.0020805994669596353,0.00018978118896484375,0.002925872802734375,0.096406936645503
6165,1.6473906834920247,0.062744140625,0.30020904541015625,1.2888336181640523
6178,1.6472806930541992,0.002857208251953125,0.2995297114054362,0.0002756118774414
6193,1.6458673477172852,0.003753662109375,0.29797808329264325,0.0002803802490234
6195,0.04579003651936849,0.04351806640625,0.0025087992350260415,0.0
6200,0.04589144388834635,0.0088958740234375,0.0037813186645507812,0.0065078735351562
6210,0.050240516662597656,0.026123046875,0.011942227681477865,0.015625
6215,0.36235904693603516,0.039306640625,0.04232438405354818,0.0
6218,0.3632678985595703,0.04974365234375,0.04194418589274088,0.007568359375
6260,0.36119715372721356,0.002231597900390625,0.04584948221842448,0.582763671875
6270,0.004451433817545573,0.0009307861328125,0.013714154561360678,0.0
6285,0.004033088684082031,0.00302886962890625,0.013051668802897135,0.001544952392578
6290,0.006560961405436198,0.031036376953125,0.0021314620971679688,0.00653076171875
6310,0.0062096913655598955,0.0110015869140625,0.0019658406575520835,0.0078125
6325,0.19981829325358072,0.0648193359375,0.10734303792317708,0.402069091796875
6329,0.19493516286214194,0.00261688232421875,0.106201171875,0.0003376007080078
6345,0.3108975092569987,0.04864501953125,0.16605631510416666,0.6273193359375
6350,0.11746597290039062,0.0062255859375,0.0609893798828125,0.01171875
6351,0.11748218536376953,0.00395965576171875,0.06099478403727213,0.0002717971801757
6355,0.3081992467244466,0.018890380859375,0.09423287709554036,3.181610107421875
6360,0.3074353535970052,0.001018524169921875,0.1087948481241862,0.07110595703125
6375,0.30741119384765625,0.0005941390991210938,0.10888099670410156,0.0043411254882812
6380,0.12713114420572916,0.04254150390625,0.020743687947591145,0.0286598205566398
6385,0.1419048309326172,0.031982421875,0.01112524668375651,0.030694961547849897
6395,0.16199620564778647,0.0005054473876953125,0.10787455240885417,0.3364391326903932
6400,0.03513463338216146,0.0001926422119140625,0.10250027974446614,0.0002756118774414
6440,0.020879745483398438,0.03656005859375,0.1038815180460612,0.038360595703125
6445,4.486814498901367,0.0614013671875,0.8208834330240885,4.921875
6450,4.502023696899414,0.0007104873657226562,0.9616775512695312,0.0
6477,4.501819610595703,0.00403594970703125,0.9553909301757812,0.0078125
6479,0.01611328125,0.002391815185546875,0.1415135065714518,0.0002784729003906
6501,0.0010124842325846355,0.0030059814453125,0.0007190704345703125,0.0002765655517578
6503,0.0006618499755859375,0.01165771484375,0.0003344217936197917,0.0014419555664062
6508,0.0006834665934244791,0.003231048583984375,0.0003337860107421875,0.0002756118774414
6520,0.0028206507364908853,0.0098114013671875,0.0007435480753580729,0.001871109008789
6525,0.003266016642252604,0.00472259521484375,0.0015783309936523438,0.0078277587890625
6531,0.0030056635538736978,0.003147125244140625,0.0016082127888997395,0.0002765655517578
6540,0.7002890904744467,0.04632568359375,0.1212002436319987,0.6473922729492185
6543,0.6996984481811523,0.0,0.12157917022705078,0.08764266967772999
6550,5.114397684733073,0.15185546875,2.7522735595703125,13.57720947265625
6555,4.415455500284831,0.0045166015625,2.6339391072591147,0.0086822509765625
6561,4.415490468343099,0.0001430511474609375,2.6325292587280273,0.000274658203125
6562,0.0008630752563476562,0.003192901611328125,0.0018335978190104167,0.0002737045288085
6570,0.059531211853027344,0.016387939453125,0.07457224527994792,0.311248779296875
6585,0.05956872304280599,0.0008020401000976562,0.07509263356526692,0.0020065307617187
6586,0.059597015380859375,0.00765228271484375,0.07570330301920573,0.0041961669921875
6595,0.0025850931803385415,0.01812744140625,0.0019105275472005208,0.0026054382324218
6610,0.015084266662597656,0.017059326171875,0.09757741292317708,0.0
6621,0.01484521230061849,0.0,0.09696133931477864,0.0069656372070312
6629,0.013018608093261719,0.00507354736328125,0.09647941589355469,0.05255126953125
6635,1.8702589670817058,0.16650390625,0.19263394673665366,1.15814208984375
6640,1.871072769165039,0.024810791015625,0.19402694702148438,0.008056640625
6655,1.8707129160563152,0.0008697509765625,0.19419415791829428,0.0041713714599608005
6665,0.22637494405110678,0.0240478515625,0.24405860900878906,0.0
6680,0.23051007588704428,0.011993408203125,0.24701817830403647,0.02008056640625
6690,0.23119608561197916,0.0017223358154296875,0.24735705057779947,0.0036544799804686
6695,0.0072002410888671875,0.00048160552978515625,0.1683673858642578,0.0
6700,0.14667956034342447,0.072021484375,0.2709891001383464,0.0
6710,0.6914946238199869,0.030059814453125,0.3429253896077474,0.309291839599608
6715,0.6938056945800781,0.0238037109375,0.18032010396321616,0.0036125183105468
6720,0.5499293009440104,0.0055084228515625,0.07437642415364583,0.00799560546875
6724,0.004375775655110677,0.0004329681396484375,0.0018850962320963542,0.0011463165283203
6726,0.0006071726481119791,7.82012939453125e-05,0.0012728373209635417,0.0002727508544921
6740,0.035194714864095054,0.05682373046875,0.03357887268066406,0.4113044738769332
6743,0.03624089558919271,0.04107666015625,0.03408177693684896,0.0074462890625
6765,0.03638998667399088,0.0007791519165039062,0.03494962056477865,0.008514404296875
6775,0.0030148824055989585,0.0006456375122070312,0.01964569091796875,0.061683654785154
6785,0.13258997599283853,0.0972900390625,0.11045201619466145,1.385986328125
6815,0.14826838175455728,0.009857177734375,0.18085352579752603,1.0265197753906163
6822,0.14751497904459634,0.03607177734375,0.1636835734049479,0.0080108642578125
6823,0.017972946166992188,0.03948974609375,0.07298787434895833,0.0131988525390625
6824,0.006837209065755208,0.000339508056640625,0.005928993225097656,0.0253639221191379
6825,0.006703694661458333,0.00270843505859375,0.005210558573404948,0.0048294067382812
6830,0.045567830403645836,0.088134765625,0.0239559809366862,0.0703125
6839,0.041971842447916664,0.030426025390625,0.019959131876627605,0.0076141357421875
6850,0.10553741455078125,0.0701904296875,0.023036956787109375,0.0182380676269526
6868,0.06884384155273438,0.0142364501953125,0.0057163238525390625,0.0114498138427722
6870,0.07045873006184895,0.0110931396484375,0.0066680908203125,0.0053787231445312
6873,0.0061639149983723955,0.002719879150390625,0.0034583409627278647,0.0003290176391601
6880,0.5021136601765951,0.0406494140625,0.07678031921386719,0.3372421264648358
6885,0.5013818740844727,0.0008029937744140625,0.08399677276611328,0.0381793975830055
6901,0.5026985804239908,0.00024318695068359375,0.08394686381022136,0.0
6905,0.20687039693196616,0.06036376953125,0.4304647445678711,1.7131729125976412
6915,2.914221445719401,0.0672607421875,1.2959022521972656,0.0
6920,2.9132652282714844,0.005462646484375,1.2969106038411458,0.008026123046875
6930,3.351465861002604,0.05804443359375,1.3851483662923176,1.83154296875
6960,0.6443659464518229,0.000705718994140625,0.5201403299967448,0.104217529296872
6970,0.6440633138020834,0.001064300537109375,0.51934814453125,0.0
6975,0.0025355021158854165,0.0089874267578125,0.012696584065755209,0.018218994140625
6980,0.015950520833333332,0.008758544921875,0.04932530721028646,0.25
6995,0.042050679524739586,0.055908203125,0.0503546396891276,0.01171875
7010,0.04197216033935547,0.00016689300537109375,0.04675006866455078,0.0014476776123046
7020,0.029100418090820312,0.0005207061767578125,0.005322456359863281,0.012550354003903901
7025,0.0044422149658203125,0.025146484375,0.005741437276204427,0.013885498046875
7030,0.014851570129394531,0.0675048828125,0.021848042805989582,0.053955078125
7038,0.012203216552734375,0.0060577392578125,0.018099466959635418,0.0011329650878906
7050,0.0631103515625,0.010009765625,0.20245869954427084,0.714075088500967
7060,0.05361620585123698,0.0012683868408203125,0.194488525390625,0.0625
7080,0.05409940083821615,0.0079498291015625,0.19434642791748047,0.0007829666137695
7105,0.01486365000406901,0.0080718994140625,0.17668946584065756,1.261199951171875
7110,0.5940720240275065,0.0775146484375,0.9308042526245117,0.503082275390625
7113,0.593481699625651,0.0012836456298828125,0.9306459426879883,0.0018539428710937
7120,0.5930713017781576,0.0001850128173828125,0.8263546625773112,0.7503662109374784
7140,0.43677552541097003,0.038330078125,0.22650623321533203,0.0
7141,0.4529412587483724,0.0084228515625,0.25258445739746094,0.0
7155,0.4548104604085286,0.00617218017578125,0.37852923075358075,1.314117431640625
7166,0.03651618957519531,0.06060791015625,0.21669769287109375,0.0056915283203125
7170,0.13123067220052084,0.003047943115234375,0.20333290100097656,0.049934387207012
7180,0.12138684590657552,0.0141754150390625,0.028608322143554688,0.0711135864257806
7185,0.390628178914388,0.0107421875,0.0917498270670573,0.4671630859375
7190,0.28267637888590497,0.00040531158447265625,0.38646411895751953,1.034255027770996
7205,0.30466874440511066,0.1005859375,0.3910074234008789,0.1756439208984375
7210,0.03477636973063151,0.063720703125,0.32900206247965497,0.008056640625
7212,0.031830787658691406,6.961822509765625e-05,0.021619478861490887,0.000279426574707
7215,0.0049432118733723955,0.000698089599609375,0.0020090738932291665,0.0014762878417968
7217,0.012334187825520834,0.002269744873046875,0.021686236063639324,0.0
7230,2.8452348709106445,0.0546875,0.20286242167154947,3.4449920654296875
7245,2.84529177347819,0.005889892578125,0.20288213094075522,0.0017719268798828
7254,2.8365112940470376,0.000385284423828125,0.1850245793660482,0.14453125
7255,0.10022830963134766,0.020904541015625,0.0686330795288086,0.26092529296875
7256,0.10056336720784505,0.00453948974609375,0.09054946899414062,0.08251953125
7260,0.09938430786132812,0.0679931640625,0.08846028645833333,0.0085601806640625
7265,0.003009160359700521,0.00037288665771484375,0.08994038899739583,0.2618408203125
7270,0.0026356379191080728,0.0011348724365234375,0.06798903147379558,0.001413345336914
7285,0.0013068517049153645,0.0104522705078125,0.06827894846598308,0.0084686279296875
7290,0.0021015803019205728,0.000614166259765625,0.014382362365722656,0.129638671875
7299,0.02515093485514323,0.00399017333984375,0.041013081868489586,0.1374664306640592
7320,0.024222691853841145,0.001010894775390625,0.040517171223958336,0.0077896118164062
7330,0.16507085164388022,0.0648193359375,0.03894869486490885,0.0
7350,11.4084841410319,0.04345703125,1.4056504567464192,6.0022048950194895
7355,11.411591211954752,0.00041294097900390625,1.4086360931396484,0.0
7360,11.621450424194336,0.017120361328125,1.584821065266927,1.7432708740234375
7372,0.3550717035929362,0.00527191162109375,0.19131882985432944,0.0002784729003906
7375,0.4962759017944336,0.029937744140625,0.19788265228271484,0.25
7380,0.18467108408610025,0.109130859375,0.021473248799641926,0.050445556640625
7416,0.18454837799072266,0.00128936767578125,0.021492640177408855,0.0014686584472656
7435,0.040916124979654946,0.0064697265625,0.011958440144856771,0.0074920654296875
7443,0.0008958180745442709,0.002758026123046875,0.001388231913248698,0.0002813339233398
7450,0.1831191380818685,0.082275390625,0.26065731048583984,2.6700286865234375
7452,0.18238290150960287,0.0,0.25940895080566406,0.0002660751342773
7475,0.31529871622721356,0.21875,0.28131643931070965,0.09686279296875
7483,0.1330836613972982,0.000213623046875,0.022039413452148438,0.0002756118774414
7484,0.1330836613972982,0.0,0.022064208984375,0.0
7500,0.40267086029052734,0.0124664306640625,0.07642332712809245,0.0
7505,0.40266990661621094,0.000217437744140625,0.07641092936197917,0.0002813339233398
7553,0.40266990661621094,0.0,0.07638613382975261,0.016876220703125
7559,0.00030295054117838543,0.00696563720703125,0.0002683003743489583,0.0015087127685546
7570,4.617548942565918,0.09619140625,3.385868708292643,16.251254081726074
7574,4.6175537109375,0.0004968643188476562,3.3858728408813477,0.0015010833740234
7580,4.621879895528157,0.00722503662109375,3.386852582295736,0.0045728683471674995
7585,0.008737881978352865,0.00684356689453125,0.022147178649902344,0.0943756103515625
7590,0.2460333506266276,0.027984619140625,0.05019855499267578,0.1647872924804618
7600,0.4163036346435547,0.022979736328125,0.16057332356770834,0.5389175415039038
7610,2.2556591033935547,0.04833984375,0.320254643758138,0.7642936706542698
7645,2.0186707178751626,0.002574920654296875,0.29243914286295575,0.0
7651,1.8440656661987305,0.0056610107421875,0.18118572235107422,0.0017204284667968
7661,0.012532869974772135,0.0125579833984375,0.0030412673950195312,0.121917724609375
7665,0.019972483317057293,0.001621246337890625,0.005008379618326823,0.0123291015624992
7671,0.019921620686848957,0.007781982421875,0.004970868428548177,0.0017814636230468
7675,0.009402592976888021,0.00445556640625,0.013684908548990885,0.09998321533203039
7685,0.003012975056966146,0.0003604888916015625,0.01253668467203776,0.0453948974609358
7690,0.0042349497477213545,0.002376556396484375,0.017823537190755207,0.0259399414062496
7700,0.009965260823567709,0.011932373046875,0.010751088460286459,0.0404205322265616
7710,0.013125101725260416,0.0882568359375,0.011248270670572916,0.007904052734375
7715,0.059445699055989586,0.01837158203125,0.011742909749348959,0.0
7740,0.05238533020019531,0.000629425048828125,0.007710774739583333,0.0006732940673828
7750,0.0512841542561849,0.002277374267578125,0.008509318033854166,0.0177078247070308
7758,0.003681818644205729,0.007904052734375,0.002808252970377604,0.0015201568603515
7760,0.011105855305989584,0.0006189346313476562,0.03572273254394531,0.476684570312496
7800,0.01795164744059245,0.00750732421875,0.05735460917154948,0.0849723815917968
7805,0.02491474151611328,0.025146484375,0.07401529947916667,0.21832275390625
7810,0.025159200032552082,0.03411865234375,0.04430166880289713,0.0026054382324218
7872,0.017090479532877605,0.0049896240234375,0.02972571055094401,0.0434722900390625
7880,1.50214417775472,0.1708984375,0.36782360076904297,0.0014400482177734
7885,1.5455443064371746,0.0035858154296875,0.3858019510904948,0.3236503601074194
7900,1.5435800552368164,0.008819580078125,0.3776448567708333,0.0041656494140625
7915,3.461989084879557,0.127197265625,1.1717084248860676,0.0
7930,3.423494021097819,0.001979827880859375,1.1541188557942708,0.0195865631103492
7950,3.4777549107869468,0.151123046875,1.2110519409179688,0.0
7955,0.06736532847086589,0.004730224609375,0.062096595764160156,0.0052719116210937
7963,0.05476538340250651,0.000232696533203125,0.05883598327636719,0.015655517578125
7965,0.021063804626464844,0.0111236572265625,0.005041758219401042,0.028251647949218396
7970,0.020912806193033855,0.0010356903076171875,0.005047798156738281,0.0016937255859375
7982,0.02083555857340495,0.0,0.0046354929606119795,0.718994140625
7990,0.0023876825968424478,0.01824951171875,0.0006688435872395834,0.00262451171875
7995,0.0830370585123698,0.021209716796875,0.15275891621907553,0.504547119140625
8005,0.09477615356445312,0.02197265625,0.15378189086914062,0.0104217529296872
8015,0.0930341084798177,0.0006656646728515625,0.1595891316731771,0.15618896484375
8020,1.644391377766927,0.08984375,0.3443756103515625,1.7947998046875
8024,1.6334698994954426,0.00617218017578125,0.34359169006347656,0.0077590942382812
8025,1.6329091389973958,0.0007963180541992188,0.33760420481363934,0.0017166137695312
8030,0.005421956380208333,0.0521240234375,0.0018625259399414062,0.0063858032226562
8040,0.004633903503417969,0.000812530517578125,0.00180816650390625,0.0015029907226562
8045,0.004960695902506511,0.001117706298828125,0.0020551681518554688,0.0
8055,0.0007804234822591146,0.020660400390625,0.0009613037109375,0.0016155242919921
8060,0.010643959045410156,0.1180419921875,0.004380861918131511,0.015602111816406099
8065,0.021332422892252605,0.0035247802734375,0.05054887135823568,0.0184946060180641
8067,0.0772552490234375,0.040771484375,0.08804257710774739,0.0
8070,0.0729535420735677,0.0061187744140625,0.10666592915852864,0.113800048828125
8077,0.06283028920491536,0.0086669921875,0.060541788736979164,0.0026063919067381997
8080,0.035454750061035156,0.032958984375,0.06252797444661458,0.0079498291015625
8105,0.029910723368326824,0.0011806488037109375,0.04051399230957031,0.0014553070068359
8115,0.11324596405029297,0.03338623046875,0.07612037658691406,0.1527862548828125
8125,0.08859888712565105,0.03314208984375,0.03982830047607422,0.0201892852783203
8129,0.08857027689615886,0.00020313262939453125,0.0398248036702474,0.0015106201171875
8130,0.004351298014322917,0.000827789306640625,0.003916422526041667,0.0015201568603515
8134,0.0005826950073242188,0.0069122314453125,0.0006710688273111979,0.0017471313476562
8146,0.0005639394124348959,2.86102294921875e-06,0.08327547709147136,2.197666168212866
8147,0.0013529459635416667,0.009490966796875,0.08356920878092448,0.0033702850341796
8155,0.0034459431966145835,0.018096923828125,0.08570098876953125,0.013351440429686999
8160,0.06725279490152995,0.0089111328125,0.20119667053222656,0.0014457702636718
8163,0.06653308868408203,0.00022983551025390625,0.20079421997070312,0.0143280029296872
8165,0.06741778055826823,0.01873779296875,0.19875113169352213,0.0021562576293944
8175,0.03180917104085287,0.025909423828125,0.004741986592610677,0.0227966308593744
8185,0.032230377197265625,0.0007495880126953125,0.07340272267659505,0.30718994140625
8193,0.028738975524902344,0.0,0.07339064280192058,0.016876220703125
8260,0.0006669362386067709,0.001018524169921875,0.06952985127766927,0.0031890869140624003
8265,0.17276477813720703,0.00982666015625,0.4970696767171224,2.813812255859357
8270,0.20910104115804037,0.022796630859375,0.5133523941040039,0.07726287841796779
8275,0.21309852600097656,0.00036334991455078125,0.578528086344401,0.4095611572265556
8295,0.15496190388997397,0.142822265625,0.10299428304036458,0.086090087890625
8304,0.11932881673177083,0.0059814453125,0.08670934041341145,0.009674072265625
8315,0.34712855021158856,0.04150390625,0.05268096923828125,0.130531311035151
8320,0.7598177591959635,0.1845703125,0.2940317789713542,0.0068740844726562
8345,0.7600892384847006,0.00061798095703125,0.3597526550292969,0.294158935546875
8350,1.6866029103597004,0.208740234375,0.9051825205485026,3.0377902984619136
8360,1.1595001220703125,0.0007867813110351562,0.6431541442871094,0.0
8380,1.1587324142456055,0.0004444122314453125,0.5787534713745117,0.0226974487304684
8385,0.011937777201334635,0.04931640625,0.008178393046061197,0.0
8390,0.032082557678222656,0.0250244140625,0.011328697204589844,0.0193862915039058
8400,1.4600982666015625,0.1787109375,0.9093780517578125,3.372802734375
8405,1.4489116668701172,0.0011138916015625,0.9034976959228516,0.0056247711181638
8410,1.428964614868164,0.00496673583984375,0.9009037017822266,0.0020904541015624
8415,0.009917577107747396,0.098388671875,0.003173192342122396,0.016693115234375
8422,0.026220957438151043,0.012237548828125,0.01136016845703125,0.0
8435,1.3112284342447917,0.03106689453125,0.8902053833007812,57.472412109375
8445,2.017134348551432,0.0643310546875,1.7496719360351562,3.03125
8448,2.0003751118977866,0.0,1.740993817647298,0.0
8450,0.7179145812988281,0.0513916015625,0.8634201685587565,0.0
8455,0.2294769287109375,0.01654052734375,0.2461665471394857,0.916748046874992
8456,0.6028086344401041,0.022369384765625,0.6287485758463541,0.0
8470,0.6951904296875,0.04833984375,0.6340058644612631,0.0
8475,4.632080078125,0.1416015625,0.6439037322998047,2.3032073974609375
8480,4.2655283610026045,0.0059051513671875,0.27887852986653644,0.10903167724609221
8485,4.2393239339192705,0.60546875,0.28569602966308594,0.05230712890625
8490,0.1058807373046875,0.0941162109375,0.03522555033365885,0.0158233642578125
8505,0.10002676645914714,0.0139617919921875,0.018195152282714844,0.0107460021972654
8521,0.03214677174886068,0.05035400390625,0.004898389180501302,0.0076370239257812
8535,0.007864952087402344,0.083984375,0.0027697881062825522,0.0079193115234375
8540,0.0069929758707682295,0.0004978179931640625,0.0023860931396484375,0.0016498565673828
8550,0.009639104207356771,0.0011997222900390625,0.5428435007731119,7.578125
8552,0.020147323608398438,0.14306640625,0.5433673858642578,0.0076370239257812
8560,0.02094268798828125,0.029571533203125,0.5452423095703125,0.0078048706054687
8570,0.022771199544270832,0.1041259765625,0.005671183268229167,0.0074615478515625
8605,0.01141357421875,0.0704345703125,0.005312601725260417,0.0077667236328125
8635,0.48745981852213544,0.03887939453125,0.2555230458577474,2.2339630126953125
8640,0.4827130635579427,0.001190185546875,0.25603294372558594,0.0128231048583981
8648,0.4788716634114583,0.05609130859375,0.2551250457763672,0.0076522827148437
8650,0.0032663345336914062,0.0006198883056640625,0.01037756601969401,0.1192131042480444
8654,0.07318337758382161,0.008148193359375,0.01908143361409505,0.0
8655,0.07987817128499348,0.0675048828125,0.02028942108154297,0.0075225830078125
8656,0.07918103535970052,0.008758544921875,0.012994766235351562,0.006317138671875
8660,0.023299535115559895,0.05194091796875,0.0064538319905598955,0.0241470336914062
8665,0.03076616923014323,0.0533447265625,0.0075041453043619795,0.0146102905273437
8670,0.030172983805338543,0.0,0.007358233133951823,0.6045398712158058
8680,0.021311442057291668,0.10888671875,0.004672686258951823,0.0072784423828125
8685,0.204559326171875,0.114013671875,0.11963748931884766,0.0
8690,0.31555430094401044,0.0235595703125,0.1479466756184896,0.2798385620117166
8699,0.30952199300130206,0.0,0.1463953653971354,0.0
8705,9.075838724772135,1.271484375,3.7970301310221353,13.4970703125
8715,10.21484375,0.0892333984375,4.543337504069011,5.8828125
8730,10.452879587809244,0.023895263671875,4.569847106933594,0.2102203369140583
8745,1.7294909159342449,0.0179443359375,0.8641713460286459,0.2686843872070248
8755,0.5030301411946615,0.00371551513671875,0.09763654073079427,0.0402317047119085
8767,0.2649943033854167,0.0,0.07273165384928386,0.1526412963866904
8770,5.8666737874348955,0.0667724609375,4.740451812744141,11.32965087890625
8789,5.843209266662598,0.00029277801513671875,4.732262929280599,0.0031805038452145003
8790,5.8535769780476885,0.0078125,4.832391103108724,0.47869873046875
8795,0.011272748311360678,0.00614166259765625,0.10325431823730469,0.008392333984375
8800,0.011461893717447916,0.00371551513671875,0.10411262512207031,0.0159912109375
8815,0.0035832722981770835,0.000736236572265625,0.004756927490234375,0.013853073120115501
8820,0.0028950373331705728,0.0014667510986328125,0.013518015543619791,0.0
8825,0.010092735290527344,0.04632568359375,0.020936965942382812,0.0251235961914062
8842,0.007751782735188802,0.00031280517578125,0.0193328857421875,0.01092529296875
8865,0.008440017700195312,0.019561767578125,0.01050567626953125,0.008087158203125
8870,0.001704851786295573,0.002292633056640625,0.0031970342000325522,0.2133407592773437
8875,0.0025587081909179688,0.002819061279296875,0.0035556157430013022,0.0
8895,0.005812644958496094,0.0367431640625,0.0035937627156575522,0.0076904296875
8905,0.006686210632324219,0.0018138885498046875,0.01227569580078125,0.0
8915,0.006692568461100261,0.01611328125,0.012135823567708334,0.00726318359375
8917,0.004304567972819011,0.04571533203125,0.011684417724609375,0.007720947265625
8918,0.003930409749348958,0.029571533203125,0.0028330485026041665,0.0077285766601562
8920,0.07164255777994792,0.0186767578125,0.05934906005859375,0.38128662109375
8925,0.21663570404052734,0.021148681640625,0.3929554621378581,5.184700012206982
8945,0.22457027435302734,0.176025390625,0.4046131769816081,1.05694580078125
8970,0.15881888071695963,0.01690673828125,0.3509429295857747,0.0204162597656249
8980,0.012650807698567709,0.0041046142578125,0.017327626546223957,0.0079345703125
8985,0.005758921305338542,0.030517578125,0.006134033203125,0.0056076049804687
9000,0.015402475992838541,0.01361083984375,0.022585550944010418,0.066253662109375
9020,1.2772916158040364,0.0699462890625,0.5784556070963541,0.0
9050,1.4533602396647136,0.0135955810546875,0.7003911336263021,1.334381103515625
9075,1.4410947163899739,0.000385284423828125,0.6816991170247396,0.046875
9085,0.17868423461914062,0.0,0.12485535939534505,0.0007848739624023
9095,0.002178192138671875,0.002544403076171875,0.006698926289876302,0.0218009948730462
9115,0.048446337381998696,0.0968017578125,0.02135944366455078,0.2600975036621055
9120,0.9594271977742513,0.225830078125,0.4461402893066406,0.0014114379882812
9130,2.1382195154825845,0.02374267578125,1.7545255025227864,14.293975830078125
9138,2.09212589263916,0.00394439697265625,1.7386614481608074,0.01171875
9155,1.1851479212443035,0.0546875,1.3155358632405598,0.0
9160,0.005865414937337239,0.00156402587890625,0.02808825174967448,0.580413818359375
9175,0.6750520070393881,0.03497314453125,0.03675715128580729,0.0392131805419816
9190,0.9729696909586588,0.045654296875,0.13294092814127603,0.0
9203,0.9732615152994791,0.03778076171875,0.10795847574869792,0.0083160400390625
9210,0.9358571370442709,0.04962158203125,0.5301933288574219,2.1640625
9215,0.6341209411621094,0.0005769729614257812,0.4331194559733073,0.0119171142578124
9235,0.6346638997395834,0.0010356903076171875,0.4388357798258464,0.0528793334960923
9246,0.0023600260416666665,0.0,0.0074965159098307295,0.05328369140625
9251,0.0032018025716145835,0.00592041015625,0.007029533386230469,0.0015182495117187
9260,0.004800160725911458,0.016815185546875,0.006169319152832031,0.0
9267,0.007963180541992188,0.00033092498779296875,0.007725715637207031,0.07810592651367
9295,0.0071061452229817705,0.00110626220703125,0.008122762044270834,0.0104217529296874
9298,0.013556798299153646,0.00405120849609375,0.0023091634114583335,0.0200576782226557
9335,0.468170166015625,0.039306640625,0.4216423034667969,0.0
9340,0.5292091369628906,0.023101806640625,0.5666376749674479,0.0
9351,0.519720713297526,0.0072021484375,0.5685068766276041,0.012115478515625
9360,0.730614980061849,0.022125244140625,0.32442982991536456,1.0258026123046875
9365,4.038313547770183,0.0706787109375,2.0660425821940103,0.0
9375,4.03927739461263,0.002010345458984375,2.0662625630696616,0.0
9385,3.403728485107422,0.190673828125,1.8905499776204426,0.019622802734375
9400,0.8650830586751302,0.092529296875,0.7379468282063802,0.0
9405,0.8663514455159506,0.00141143798828125,0.795318603515625,0.2867431640625
9415,0.8910859425862631,0.04296875,0.8012345631917318,0.0584182739257806
9420,0.06131680806477865,0.001628875732421875,0.06690788269042969,0.004150390625
9423,0.05834833780924479,0.0,0.007391293843587239,0.0023841857910156
9425,0.0912030537923177,0.0194091796875,0.02214209238688151,0.0
9435,0.09702555338541667,0.008056640625,0.05373795827229818,0.0
9439,0.11918989817301433,0.002582550048828125,0.08777141571044922,0.0
9440,0.10261376698811848,0.0848388671875,0.07608191172281902,0.0798110961914061
9460,0.1026773452758789,0.0111541748046875,0.09359137217203777,0.0
9465,0.08190155029296875,0.00708770751953125,0.05993970235188802,0.0014781951904296
9468,0.007937431335449219,0.0050811767578125,0.05019378662109375,0.0015068054199218
9480,0.07631206512451172,0.00679779052734375,0.14416631062825522,0.6056556701660001
9485,0.1193393071492513,0.0132598876953125,0.17560513814290366,0.13671875
9490,0.1357294718424479,0.0704345703125,0.17921956380208334,0.026031494140625
9500,0.10106913248697917,0.00131988525390625,0.09319432576497395,0.5616531372070311
9515,0.05669053395589193,0.001110076904296875,0.06157239278157552,0.0014858245849609
9518,0.054839134216308594,0.108642578125,0.05942598978678385,0.00726318359375
9520,0.08372275034586589,0.0007677078247070312,0.3904438018798828,1.857997894287038
9522,0.08448282877604167,0.007965087890625,0.39033349355061847,0.000640869140625
9531,0.06979084014892578,0.0008668899536132812,0.388699213663737,0.0014858245849609
9535,0.018235206604003906,0.040771484375,0.0024579366048177085,0.0101661682128905
9541,0.017444610595703125,2.002716064453125e-05,0.002369562784830729,0.0017375946044921
9542,1.4510666529337566,0.03936767578125,0.29910119374593097,6.7220306396484375
9555,1.433698018391927,0.0004100799560546875,0.2971626917521159,0.0013027191162109
9585,1.4527648289998372,0.01007080078125,0.30814870198567706,0.046875
9590,0.019167264302571613,0.0005064010620117188,0.011436780293782553,0.0012893676757812
9599,0.019255320231119793,0.00025844573974609375,0.01132806142171224,0.007352828979492
9615,0.05063756306966146,0.0755615234375,0.04052321116129557,0.0
9630,0.05387719472249349,0.0018672943115234375,0.04275989532470703,0.005859375
9640,0.07558981577555339,0.0091705322265625,0.14841620127360025,0.341461181640625
9644,0.025206565856933594,0.00032520294189453125,0.10824298858642578,0.020843505859375
9660,0.039734840393066406,0.0009021759033203125,0.11690680185953777,0.063085556030265
9665,0.0308376948038737,0.0097808837890625,0.13214651743570963,0.5744647979736278
9670,0.030831019083658855,0.00315093994140625,0.13237698872884116,0.0014839172363281
9680,0.0241702397664388,0.326171875,0.1322158177693685,0.05218505859375
9685,0.011745770772298178,0.0039520263671875,0.012099901835123697,0.006011962890625
9695,0.012533187866210938,0.00550079345703125,0.0131378173828125,0.0080413818359375
9700,0.0020039876302083335,0.0048065185546875,0.0033785502115885415,0.0078887939453125
9710,0.0042883555094401045,0.04193115234375,0.004678090413411458,0.0157470703125
9715,0.003871917724609375,0.005462646484375,0.0036452611287434897,0.0072402954101562
9720,0.0037355422973632812,0.00299072265625,0.0038105646769205728,0.033599853515625
9745,0.012516975402832031,0.014739990234375,0.0038417180379231772,0.0117301940917965
9760,0.015365918477376303,0.06591796875,0.0049355824788411455,0.008056640625
9766,0.033681233723958336,0.0004558563232421875,0.02424939473470052,3.4361572265624734
9785,2.0117899576822915,0.1026611328125,1.2388814290364583,4.4539794921875
9790,2.1402800877889,0.03497314453125,1.2721853256225586,0.14264678955077978
9805,2.121570905049642,0.0014801025390625,1.2517420450846355,0.0011806488037109
9810,0.13190714518229166,0.0009479522705078125,0.03505770365397135,0.0014762878417968
9815,0.0005191167195638021,0.020904541015625,0.015796979268391926,0.06640625
9831,0.00045108795166015625,0.00022220611572265625,0.015625635782877605,0.00262451171875
9850,0.11076037089029948,0.150390625,0.04528204600016276,0.032051086425780896
9855,0.1931006113688151,0.25537109375,0.043594678243001304,0.1799545288085925
9860,0.24695269266764322,0.216552734375,0.06038951873779297,0.0
9865,0.22784932454427084,0.04608154296875,0.0956738789876302,0.0
9870,0.4149169921875,0.050537109375,0.2106908162434896,0.5641479492187428
9880,0.5864753723144531,0.04046630859375,0.38130442301432294,1.2699432373046875
9885,2.587029774983724,0.020263671875,0.7309214274088541,2.1340179443359375
9889,2.3172340393066406,0.0,0.6022109985351562,0.0
9895,2.098424275716146,0.1104736328125,0.41656748453776044,0.008087158203125
9900,0.020090738932291668,0.0682373046875,0.0035527547200520835,0.166748046875
9905,0.020090738932291668,0.0,0.0035527547200520835,0.0
9913,0.01476287841796875,0.03277587890625,0.0026156107584635415,0.0073471069335937
9920,0.0021349589029947915,0.00543212890625,0.002300262451171875,0.0084075927734375
9922,0.0021349589029947915,0.0,0.0023005803426106772,0.0015335083007812
9924,0.0871264139811198,0.008941650390625,0.07765992482503255,0.3251953125
9925,0.08636411031087239,0.0012683868408203125,0.0763409932454427,0.0007228851318359
9930,0.0893096923828125,0.0008182525634765625,0.08577696482340495,0.1481132507324188
9935,0.0034306844075520835,0.00319671630859375,0.009873390197753906,0.0
9939,0.014359792073567709,0.00762939453125,0.01618512471516927,0.0426464080810536
9960,0.02837689717610677,0.02679443359375,0.018905003865559895,0.05096435546875
9980,0.03321139017740885,0.001094818115234375,0.024358749389648438,0.1300506591796848
9982,0.022476832071940105,0.004150390625,0.018000284830729168,0.0092010498046875
10030,0.18271954854329428,0.128662109375,0.2676849365234375,1.0838623046875
10035,0.21588452657063803,0.05291748046875,0.2741279602050781,0.015632629394531097
10045,0.21782906850179037,0.00420379638671875,0.2752342224121094,0.0
10060,0.04322338104248047,0.00048065185546875,0.16251754760742188,1.18060302734375
10092,0.0264590581258138,0.00543212890625,0.15494219462076822,0.77630615234375
10100,0.024566014607747395,0.0006418228149414062,0.15480709075927734,0.0091171264648435
10103,0.02239545186360677,0.01123046875,0.005986213684082031,0.0017604827880859
10110,0.016134262084960938,0.046875,0.0023476282755533853,0.0
10125,0.022757848103841145,0.04266357421875,0.0055166880289713545,0.01800537109375
10140,0.022348721822102863,0.00018024444580078125,0.0052700042724609375,0.00262451171875
10141,0.012867927551269531,0.1533203125,0.0058727264404296875,0.00811767578125
10155,0.009973843892415365,0.126708984375,0.003077824910481771,0.00750732421875
10158,0.011308034261067709,0.00736236572265625,0.0058472951253255205,0.014705657958984
10160,0.5084393819173177,0.065673828125,0.8007564544677734,3.125
10165,0.5331589380900065,0.003597259521484375,0.8099161783854166,0.050841331481929694
10185,0.745189348856608,0.0103912353515625,0.9035399754842123,0.0
10202,0.2421579360961914,0.0,0.10713513692220052,0.0017528533935546
10235,0.21458752950032553,0.003448486328125,0.09740002950032552,0.0
10265,0.09753672281901042,0.108154296875,0.03997453053792318,0.0082550048828125
10280,0.09981759389241536,0.0012798309326171875,0.0417474110921224,0.0
10295,0.13546466827392578,0.019073486328125,0.12055206298828125,0.5072021484375
10315,0.0784756342569987,0.030364990234375,0.1199798583984375,0.1415176391601549
10330,0.11322275797526042,0.029510498046875,0.2288659413655599,0.7633590698242133
10345,0.0860287348429362,0.0007152557373046875,0.17754713694254556,0.3523826599121
10355,0.05002180735270182,0.00031375885009765625,0.14365673065185547,0.037384033203125
10370,0.021837234497070312,0.0012836456298828125,0.2113987604777018,1.1858367919921875
10382,0.012181282043457031,0.0,0.18306700388590494,0.0001630783081054
10405,0.009508450826009115,0.013275146484375,0.17955303192138672,0.0071258544921875
10410,0.27173105875651044,0.0134735107421875,0.04233074188232422,0.17602348327634199
10435,0.27509276072184247,0.0004968643188476562,0.08066813151041667,0.222587585449215
10450,1.3653395970662434,0.0909423828125,1.2053718566894531,0.1102294921875
10460,1.1020676294962566,0.00528717041015625,1.1805534362792969,0.0
10472,1.0993226369222004,0.0058441162109375,1.1424776713053386,0.0074844360351562
10475,0.5915711720784506,0.0364990234375,3.0154139200846353,17.63690185546875
10485,0.6016070048014323,0.000217437744140625,3.0959192911783853,0.0
10490,0.6497879028320312,0.03131103515625,3.137181599934896,0.0
10495,0.06980133056640625,0.01776123046875,0.13899930318196616,0.0026054382324218
10506,0.053591410319010414,0.05548095703125,0.04339027404785156,0.0068817138671875
10513,0.0048605600992838545,0.00026607513427734375,0.0019947687784830728,0.0046863555908202
10520,0.5136191050211588,0.04949951171875,0.039114952087402344,1.173248291015625
10535,0.5175126393636068,0.02813720703125,0.03876018524169922,0.003437042236328
10555,0.5179131825764974,0.006927490234375,0.038855552673339844,0.001504898071289
10559,0.0059808095296223955,0.0,0.0012299219767252605,0.0
10570,0.0012750625610351562,0.0058441162109375,0.027974764506022137,0.144683837890625
10580,0.0015700658162434895,0.000957489013671875,0.02953052520751953,0.0286598205566398
10608,0.001693407694498698,0.00027179718017578125,0.02953942616780599,0.0078125
10610,0.06517601013183594,0.0892333984375,0.05926354726155599,0.2081298828125
10615,0.06612777709960938,0.001338958740234375,0.06002934773763021,0.080078125
10630,0.06904665629069011,0.0041046142578125,0.06328996022542317,0.055809020996093195
10665,0.1738719940185547,0.001201629638671875,0.4953196843465169,6.593841552734311
10685,0.18083635965983072,0.01898193359375,0.5129613876342773,0.0
10690,0.20219294230143228,0.0340576171875,0.5372034708658854,0.1130218505859375
10695,0.038869222005208336,0.0086517333984375,0.052213033040364586,0.01953125
10715,0.0839831034342448,0.0982666015625,0.04494476318359375,0.07666015625
10720,0.08766460418701172,0.00641632080078125,0.0900259017944336,2.25439453125
10725,0.09497928619384766,0.00061798095703125,0.11223252614339192,0.38254547119139964
10755,0.7196995417277018,0.0460205078125,0.22122732798258463,0.8285293579101483
10760,0.7304668426513672,0.002246856689453125,0.15651734670003256,0.0385427474975526
10767,1.1872291564941406,0.022674560546875,0.4205058415730794,1.9103527069091595
10768,0.5087614059448242,0.0002651214599609375,0.2988322575887044,0.0016918182373046
10770,0.472259521484375,0.001007080078125,0.3143768310546875,0.2832794189453125
10778,0.020174662272135418,0.00048065185546875,0.02458508809407552,0.6995086669921764
10804,0.039139747619628906,0.0018463134765625,0.025964736938476562,0.010860443115230801
10811,0.060167948404947914,0.002197265625,0.022989590962727863,0.0
10820,0.057444254557291664,0.0789794921875,0.032486279805501304,0.050361633300780896
10825,0.039736429850260414,0.04144287109375,0.03206284840901693,0.0074920654296875
10830,0.1942291259765625,0.1163330078125,0.052958170572916664,0.324432373046875
10839,0.17966524759928384,0.00652313232421875,0.04285780588785807,0.0077056884765625
10845,0.17867247263590494,0.00276947021484375,0.04170672098795573,0.0006971359252929
10850,0.0009304682413736979,0.00125885009765625,0.000743865966796875,0.0024528503417968
10855,0.0010169347127278645,0.00547027587890625,0.0017719268798828125,0.0113115310668942
10885,0.014463424682617188,0.011138916015625,0.003897984822591146,0.0
10907,0.014338811238606771,0.0,0.003513971964518229,0.0012722015380859
10915,0.01532745361328125,0.0011005401611328125,0.007413546244303386,1.35498046875
10920,0.08404032389322917,0.028778076171875,0.023686726888020832,0.11744117736815819
10935,0.08410008748372395,0.002910614013671875,0.023928006490071613,0.0015869140625
10950,0.09404881795247395,0.02008056640625,0.03791268666585287,0.0
10951,0.014698028564453125,0.015869140625,0.01971721649169922,0.0017948150634765
10965,0.07811482747395833,0.11328125,0.036463419596354164,0.09375
10985,0.06717777252197266,0.000995635986328125,0.020918528238932293,0.0260543823242185
10990,0.08106835683186848,0.0826416015625,0.022480010986328125,0.015594482421875
10993,0.02898438771565755,0.002910614013671875,0.007506052652994792,0.0119590759277319
11000,0.5136305491129557,0.08642578125,0.3990275065104167,1.29547119140625
11002,0.5193386077880859,0.001178741455078125,0.4203910827636719,0.472412109375
11025,0.5128669738769531,0.0017795562744140625,0.42169857025146484,0.0
11028,0.027747472127278645,0.004302978515625,0.02674134572347005,0.0014705657958984
11045,0.0066445668538411455,0.0006990432739257812,0.00791009267171224,0.0268478393554674
11052,0.0019524892171223958,0.00348663330078125,0.0051657358805338545,0.0078125
11055,0.0075168609619140625,0.001796722412109375,0.016046524047851562,0.15754699707031
11060,0.019086201985677082,0.0052490234375,0.3398691813151042,3.32275390625
11065,0.019471486409505207,0.00388336181640625,0.3422139485677083,0.031448364257812195
11085,4.245730717976888,0.071044921875,0.7046229044596354,1.4551391601562176
11090,4.2385813395182295,0.00244140625,0.38049062093098956,0.0
11120,4.240439097086589,0.000438690185546875,0.3806813557942708,0.0
11130,0.05196253458658854,0.068115234375,0.016652425130208332,0.03076171875
11140,0.06691169738769531,0.00521087646484375,0.07857577006022136,0.4898338317870973
11145,0.10386212666829427,0.0010547637939453125,0.1034253438313802,0.0
11165,0.06180032094319662,0.0048065185546875,0.1153246561686198,0.125823974609375
11170,0.45992565155029297,0.1107177734375,0.41028912862141925,1.3037109375
11175,0.4441620508829753,0.0097808837890625,0.3997904459635417,0.0683326721191401
11180,0.4606488545735677,0.0135040283203125,0.3881263732910156,0.0375556945800777
11193,0.04154078165690104,0.0,0.027205467224121094,0.04693603515625
11200,0.05826695760091146,0.03277587890625,0.03242651621500651,0.1019287109375
11205,0.040390332539876304,0.0012531280517578125,0.02353350321451823,0.11063385009765539
11215,0.1438760757446289,0.024658203125,0.1025698979695638,0.3167572021484375
11220,0.9937041600545248,0.18701171875,0.37320613861083984,0.0079803466796875
11245,1.0940176645914714,0.01507568359375,0.6471532185872396,1.060455322265625
11248,0.9905319213867188,0.0,0.5683259963989258,0.0024871826171875
11255,0.1476008097330729,0.136962890625,0.3252979914347331,0.0
11272,0.04907576243082682,0.00028324127197265625,0.05097357432047526,0.0
11290,0.050126075744628906,0.0068359375,0.05122947692871094,0.0
11298,0.011118888854980469,0.00032138824462890625,0.0009969075520833333,0.0
11300,0.4136778513590495,0.0154876708984375,0.09905942281087239,0.9305953979492044
11306,0.4131202697753906,0.00289154052734375,0.09883181254069011,0.03729248046875
11315,0.4072182973225911,0.056396484375,0.10027694702148438,0.0084075927734375
11340,0.0028994878133138022,0.00048732757568359375,0.0018364588419596355,0.00738525390625
11350,0.007281303405761719,0.00039005279541015625,0.019715309143066406,0.1243400573730438
11365,0.015073458353678385,0.010894775390625,0.021071434020996094,0.019039154052734198
11367,0.01586469014485677,0.0244140625,0.02120208740234375,0.0015392303466796
11375,0.3886756896972656,0.0823974609375,0.7923514048258463,0.0
11395,2.3981946309407554,0.03179931640625,1.2726860046386719,3.16094970703125
11405,2.3991292317708335,0.0058441162109375,1.2751299540201824,0.008026123046875
11420,2.0301106770833335,0.02630615234375,0.49135716756184894,0.070037841796875
11429,0.09465535481770833,0.00026798248291015625,0.6801579793294271,4.685668945312464
11430,3.0414021809895835,0.091552734375,1.8482208251953125,0.0
11435,3.322809855143229,0.0128326416015625,1.9003480275472004,0.26776123046875
11440,3.239564895629883,0.001007080078125,1.2322190602620442,0.0608978271484375
11450,0.29132970174153644,0.00591278076171875,0.06284713745117188,0.0795803070068359
11451,0.0018266042073567708,0.00836181640625,0.0053882598876953125,0.0015239715576171
11458,0.003009796142578125,0.03314208984375,0.0070234934488932295,0.039794921875
11460,0.0031633377075195312,0.0007600784301757812,0.007211367289225261,0.0109348297119138
11465,0.0028422673543294272,0.002971649169921875,0.007122993469238281,0.0015163421630859
11470,0.9146769841512045,0.04339599609375,0.7218345006306967,3.11737060546875
11483,0.9147624969482422,0.00589752197265625,0.7207355499267578,0.0017642974853515
11485,1.1523456573486328,0.142333984375,0.7721099853515625,0.0
11490,0.2463703155517578,0.05322265625,0.05338287353515625,0.007843017578125
11495,0.2498467763264974,0.0081024169921875,0.056427955627441406,0.0254230499267569
11500,0.012634913126627604,0.001953125,0.00968774159749349,0.1248779296875
11505,0.004885037740071614,0.002025604248046875,0.008292833964029947,0.0009412765502929
11510,0.01826763153076172,0.04736328125,0.020898183186848957,0.0514984130859375
11569,0.018729209899902344,0.00585174560546875,0.01640637715657552,0.008392333984375
11570,0.07216389973958333,0.02252197265625,0.04871304829915365,0.21209716796875
11575,0.05588976542154948,0.0070648193359375,0.03517468770345052,0.0163421630859375
11585,0.12905565897623697,0.030670166015625,0.04299290974934896,0.0264701843261712
11590,0.09113756815592448,0.0721435546875,0.030195871988932293,0.0079517364501952
11595,0.7540435791015625,0.0830078125,0.033213297526041664,0.0
11605,0.6861801147460938,0.0005044937133789062,0.08336130777994792,1.17498779296875
11610,0.6704842249552408,0.0005512237548828125,0.06399726867675781,0.0015163421630859
11619,0.007091204325358073,0.0070343017578125,0.058677991231282554,0.0074539184570312
11625,0.0019051233927408855,0.013458251953125,0.0020087560017903647,0.0078163146972654
11630,0.016619364420572918,0.020477294921875,0.0036853154500325522,0.0208435058593744
11650,0.016117095947265625,0.0009069442749023438,0.0051492055257161455,0.0063552856445312
11690,0.015446980794270834,0.00701904296875,0.004739125569661458,0.0079803466796875
11695,0.6080474853515625,0.03570556640625,0.28089014689127606,2.40509033203125
11730,0.8007761637369791,0.001739501953125,3.950672149658203,0.0
11735,0.9921588897705078,0.01092529296875,4.1616058349609375,1.5078125
11750,0.3848692576090495,0.0008487701416015625,3.8840452829996743,0.0074539184570312
11760,0.2174860636393229,0.015655517578125,0.2162322998046875,0.02362060546875
11780,1.5103759765625,0.06085205078125,1.69677734375,10.351593017578125
11803,3.9303932189941406,0.013275146484375,1.8480806350708008,72.12895202636719
11810,3.909687042236328,0.0078887939453125,1.8456411361694336,0.0129699707031248
11815,2.4296290079752603,0.01849365234375,0.15470663706461588,0.0182380676269526
11820,0.01071929931640625,0.0167236328125,0.003916422526041667,0.0075531005859375
11823,0.007068634033203125,0.02716064453125,0.0033429463704427085,0.0085601806640625
11835,0.35248057047526044,0.0494384765625,0.10886891682942708,0.3761749267578048
11845,0.35143693288167316,0.00086212158203125,0.10858853658040364,0.0087776184082029
11850,0.47686290740966797,0.12939453125,0.22476768493652344,0.416259765625
11852,0.12670675913492838,3.814697265625e-06,0.11759503682454427,0.0
11860,0.12946065266927084,0.05242919921875,0.11805216471354167,0.0077590942382812
11890,0.017270406087239582,0.0121917724609375,0.09801991780598958,0.4807586669921875
11900,0.5889409383138021,0.030670166015625,1.336316426595052,0.0
11910,0.5886980692545573,0.00698089599609375,1.3358325958251953,0.0078163146972654
11915,0.5755462646484375,0.0040283203125,1.2419751485188801,0.0119400024414062
11925,0.013346354166666666,0.075927734375,0.005222320556640625,0.0
11935,0.012955347696940104,0.001247406005859375,0.05978838602701823,0.42449951171875
11950,0.011821111043294271,0.0011653900146484375,0.05700842539469401,0.001260757446289
11965,0.0025761922200520835,0.0081329345703125,0.05593331654866537,0.0067367553710937
11975,0.007927258809407553,0.001514434814453125,0.03843847910563151,0.1518402099609375
11980,0.008140246073404947,0.00035762786865234375,0.055417378743489586,0.06433868408203079
11985,0.010681470235188803,0.005645751953125,0.05710029602050781,0.05206298828125
11996,0.0031979878743489585,0.0081024169921875,0.019716262817382812,0.0017471313476562
12008,0.0030078887939453125,0.0005292892456054688,0.0026032129923502603,0.00390625
12030,0.0026280085245768228,0.0100860595703125,0.005871136983235677,0.0366554260253904
12050,1.5392382939656575,0.1129150390625,0.13773345947265625,0.6238183975219725
12055,1.5420223871866863,0.009033203125,0.14118067423502603,0.0203075408935542
12060,1.6073436737060547,0.04620361328125,0.14825312296549478,0.11279296875
12072,0.07087771097819011,0.000934600830078125,0.01841449737548828,0.0262069702148435
12080,0.6723114649454752,0.02972412109375,0.6143426895141602,0.0017452239990234
12095,0.6206280390421549,0.00079345703125,0.641529401143392,0.4306411743163956
12100,0.6226704915364584,0.00121307373046875,0.6454410552978516,0.03662109375
12114,0.01966063181559245,0.0079193115234375,0.04628753662109375,0.0017967224121093
12115,0.0038760503133138022,0.0008020401000976562,0.07204882303873698,0.24481201171875
12125,0.0017229715983072917,0.002170562744140625,0.0660387674967448,0.0013809204101562
12130,0.0171051025390625,0.0005779266357421875,0.1986074447631836,2.123832702636686
12135,0.017986297607421875,0.006439208984375,0.14563910166422525,0.04144287109375
12150,0.08803558349609375,0.012969970703125,0.41706403096516925,3.260986328125
12171,0.07140604654947917,8.869171142578125e-05,0.28434117635091144,0.011962890625
12175,0.25969696044921875,0.2724609375,0.3900744120279948,0.38580322265625
12179,0.1899566650390625,0.0079803466796875,0.11862246195475261,0.00152587890625
12185,0.18999671936035156,0.00397491455078125,0.11884180704752605,0.0015296936035156
12192,0.001041412353515625,0.0050201416015625,0.0007603963216145834,0.0025901794433593
12210,0.001979827880859375,0.0113067626953125,0.0013904571533203125,0.0043258666992187
12215,0.0025386810302734375,0.0086822509765625,0.002685546875,0.0074920654296875
12245,0.016890525817871094,0.002231597900390625,0.09929784138997395,3.2052001953125
12259,0.024336814880371094,0.0002899169921875,0.1017011006673177,0.052490234375
12275,0.02518018086751302,0.014984130859375,0.10121695200602214,0.000889778137207
12280,0.010371208190917969,0.0,0.0044816335042317705,0.0015926361083984
12305,0.004251162211100261,0.00872802734375,0.0017579396565755208,0.003049850463867
12309,0.0033289591471354165,0.0076446533203125,0.0007038116455078125,0.0017509460449218
12315,0.004266103108723958,0.00667572021484375,0.001056989034016927,0.0018310546875
12330,0.0017687479654947917,0.0039825439453125,0.0013723373413085938,0.0
12345,0.08926677703857422,0.00078582763671875,0.21021652221679688,1.5444412231444888
12355,0.08841578165690105,0.0013427734375,0.2100833257039388,0.00390625
12361,0.09139251708984375,0.0394287109375,0.2114400863647461,0.01507568359375
12365,0.032142321268717446,0.01641845703125,0.04336198170979818,0.13250732421875
12411,0.032056172688802086,0.0,0.0432891845703125,0.0
12420,0.2497431437174479,0.21826171875,0.055155436197916664,0.078094482421875
12425,0.22159194946289062,0.0009860992431640625,0.020266215006510418,0.0369873046875
12435,0.22252655029296875,0.00516510009765625,0.020483016967773438,0.0026016235351562
12441,0.032192230224609375,0.00408172607421875,0.007267951965332031,0.66192626953125
12448,0.036006927490234375,0.00592803955078125,0.010426521301269531,0.1102294921875
12462,0.03737640380859375,0.00921630859375,0.010406176249186197,0.00262451171875
12464,0.016040802001953125,0.0133209228515625,0.010956446329752604,0.0058822631835936
12465,2.229353586832682,0.0540771484375,1.4236879348754883,0.0014858245849609
12470,2.227135976155599,0.0011348724365234375,1.423588752746582,0.0015316009521484
12485,2.225660959879557,0.04681396484375,1.4250154495239258,0.0072250366210937
12506,0.008142789204915365,0.008209228515625,0.0034596125284830728,0.0015316009521484
12510,0.12190469106038411,0.05157470703125,0.1409470240275065,0.0081634521484375
12525,0.11410236358642578,0.0,0.13807042439778647,0.008941650390625
12530,0.12950515747070312,0.06787109375,0.145597775777181,0.0144348144531249
12535,0.016437530517578125,0.002696990966796875,0.008468310038248697,0.0
12539,0.0174713134765625,0.043701171875,0.00899505615234375,0.00689697265625
12573,0.5949236551920573,0.026947021484375,0.13852691650390625,7.9266357421875
12585,1.2276980082194011,0.12841796875,0.4947255452473958,1.75360107421875
12601,1.2266642252604167,0.0,0.5051310857137045,0.3130340576171875
12604,0.6338704427083334,0.00189208984375,0.3677832285563151,0.0014781951904296
12605,0.0015513102213541667,0.0112762451171875,0.012451807657877604,0.0084228515625
12615,0.0018021265665690105,0.0052642822265625,0.0017614364624023438,0.0014877319335937
12620,0.0020227432250976562,0.00638580322265625,0.0020119349161783853,0.0016059875488281
12626,0.005771319071451823,0.05877685546875,0.001884778340657552,0.0082855224609375
12630,0.013287862141927084,0.0606689453125,0.0033810933430989585,0.0080108642578125
12650,0.012942632039388021,0.0076446533203125,0.0034856796264648438,0.0017662048339843
12655,0.008282979329427084,0.0085296630859375,0.0029147466023763022,0.0
12660,0.02029101053873698,0.0751953125,0.0019524892171223958,0.0076446533203124
12672,0.03874651590983073,0.026885986328125,0.024389902750651043,0.42449951171875
12680,0.049229939778645836,0.00537872314453125,0.02928924560546875,0.065078735351562
12683,0.0307464599609375,0.007781982421875,0.028701146443684895,0.0009489059448242
12685,0.018604278564453125,0.009002685546875,0.05935351053873698,0.2799835205078124
12700,0.016892751057942707,0.013397216796875,0.05550034840901693,0.036369323730468396
12705,0.016227086385091145,0.006866455078125,0.05555375417073568,0.0080718994140625
12720,0.04206148783365885,0.05462646484375,0.01691595713297526,0.191009521484375
12725,7.555852890014648,0.10205078125,3.7412942250569663,0.0
12740,7.5740203857421875,0.0279541015625,3.7433687845865884,0.0104904174804685
12745,7.544270833333333,0.00579071044921875,3.779974619547526,0.208251953125
12765,0.026196797688802082,0.00417327880859375,0.055536905924479164,0.0
12790,0.007403055826822917,0.0,0.05324363708496094,0.6148757934570188
12791,0.007054646809895833,0.009857177734375,0.0019687016805013022,0.0014533996582031
12798,0.0037180582682291665,0.0455322265625,0.0011574427286783855,0.0072402954101562
12800,0.010798136393229166,0.0391845703125,0.0026559829711914062,0.0075454711914062
12801,0.012743631998697916,0.064697265625,0.003925323486328125,0.0079345703125
12804,0.012189229329427084,0.03509521484375,0.003498077392578125,0.0070953369140625
12819,0.005338033040364583,0.00034427642822265625,0.0020008087158203125,0.15625
12820,0.06548309326171875,0.05010986328125,0.0054569244384765625,0.0
12824,0.06766764322916667,0.022552490234375,0.0055967966715494795,0.0035057067871092
12825,0.0706787109375,0.026336669921875,0.008401234944661459,0.0075836181640625
12830,0.1061261494954427,0.03729248046875,0.20992279052734375,0.685546875
12838,0.23000208536783853,0.0083160400390625,0.26078033447265625,0.0
12845,0.23024368286132812,0.079345703125,0.2621625264485677,0.07733154296875
12860,1.0899378458658855,0.27294921875,0.6032435099283854,2.406005859375
12865,3.1444727579752603,0.0479736328125,1.7734667460123699,0.0
12869,3.1409912109375,0.0,1.7692263921101887,0.0003271102905273
12870,2.181549390157064,0.0005054473876953125,1.2218666076660156,0.00390625
12873,0.0002683003743489583,0.004730224609375,0.00038178761800130207,0.0014991760253906
12880,0.13000869750976562,0.1165771484375,0.0010223388671875,0.0
12885,0.13161818186442056,0.001953125,0.005887667338053386,0.043792724609375
12890,0.1619288126627604,0.1163330078125,0.008401234944661459,0.039047241210937195
12895,0.0333099365234375,0.00592803955078125,0.016315460205078125,0.0318603515625
12900,0.03327178955078125,0.0116119384765625,0.01258087158203125,0.0082855224609375
12902,0.0029919942220052085,0.003093719482421875,0.009887059529622396,0.0014915466308593
12905,0.07595634460449219,0.02789306640625,0.009533882141113281,0.002479553222656
12910,0.09192721048990886,0.04541015625,0.012162208557128906,0.0081024169921875
12915,0.10521380106608073,0.026092529296875,0.014276822408040365,0.018062591552734
12930,0.032801310221354164,0.0517578125,0.0072129567464192705,0.0071640014648437
12935,0.024932861328125,0.077880859375,0.0049559275309244795,0.007232666015625
12939,0.07191848754882812,0.0030517578125,0.004498799641927083,0.3793792724609328
12940,0.9017066955566406,0.0841064453125,1.1710039774576824,3.822509765625
12945,0.8969154357910156,0.0615234375,1.1697324117024739,0.0017833709716796
12949,0.8371111551920573,0.00531768798828125,1.168225606282552,0.0080108642578125
12970,0.0057799021402994795,0.00039768218994140625,0.0012054443359375,0.0031242370605468
12990,0.0040149688720703125,0.01763916015625,0.0013949076334635417,0.0035057067871092
13000,0.7377249399820963,0.0760498046875,0.5018272399902344,0.23280334472656058
13015,0.742645263671875,0.0635986328125,0.5024528503417969,0.007537841796875
13030,0.7451629638671875,0.02679443359375,0.5043055216471354,0.0078125
13035,0.011165618896484375,0.00553131103515625,0.0038248697916666665,0.0015335083007812
13045,0.0067119598388671875,0.003711700439453125,0.002986272176106771,0.0
13051,0.01615587870279948,0.017425537109375,0.0067596435546875,0.0
13070,0.0765676498413086,0.03167724609375,0.2075475056966146,0.7943115234375
13075,0.15900389353434244,0.02117919921875,0.23333168029785156,0.144195556640625
13080,0.1594540278116862,0.00547027587890625,0.2927970886230469,0.5063495635986236
13105,0.10180441538492839,0.0092010498046875,0.09390989939371745,0.0026054382324218
13135,0.01877117156982422,0.0,0.06771628061930339,0.0022392272949218
13138,0.0032110214233398438,0.0,0.002079645792643229,0.0015487670898437
13140,0.043212890625,0.018890380859375,0.2088632583618164,6.957275390625
13145,0.043213208516438804,2.86102294921875e-06,0.20902252197265625,0.0012493133544921
13148,0.046768506368001304,0.015777587890625,0.20969359079996744,0.0036125183105468
13150,1.1759188969930012,0.1209716796875,1.0037202835083008,1.314422607421875
13155,1.1759478251139324,0.00039196014404296875,1.0037066141764324,0.0052108764648436
13168,1.1751874287923176,0.0004482269287109375,1.0030530293782551,0.0
13180,0.007615407307942708,0.028594970703125,0.0010172526041666667,0.0413818359375
13183,0.007586161295572917,0.0,0.0010970433553059895,0.0555496215820308
13200,0.014739672342936197,0.00823974609375,0.013971964518229166,0.0910873413085918
13201,0.010054906209309896,0.004241943359375,0.013408025105794271,0.0014877319335937
13205,0.02444903055826823,0.04669189453125,0.06206099192301432,0.30364990234375
13210,0.0181881586710612,0.05706787109375,0.05082130432128906,0.0
13215,0.2533518473307292,0.095947265625,0.1625518798828125,0.0
13220,1.706738789876302,0.02484130859375,0.9790827433268229,11.249359130859375
13265,2.1189231872558594,0.03729248046875,1.266737937927246,1.0556097030639648
13280,1.8838930130004883,0.0068817138671875,1.1549669901529949,0.0015735626220703
13285,0.4163901011149089,0.0010662078857421875,0.28980350494384766,0.0
13300,0.0006205240885416666,0.001743316650390625,0.0010382334391276042,0.0038681030273437
13310,0.0021114349365234375,0.0078277587890625,0.006911913553873698,0.0263328552246087
13315,0.015403429667154947,0.024169921875,0.008866628011067709,0.0017528533935546
13328,0.015301068623860678,0.0,0.00836181640625,0.026123046875
13335,0.2589619954427083,0.080810546875,0.037487030029296875,0.2301177978515625
13344,0.24577013651529947,0.00690460205078125,0.03556187947591146,0.0016021728515625
13355,0.25199445088704425,0.0095062255859375,0.04109954833984375,0.0
13370,0.0066636403401692705,0.0007410049438476562,0.0060621897379557295,0.0010242462158203
13375,0.041758219401041664,0.0019435882568359375,0.014962514241536459,0.0391044616699206
13385,0.4880485534667969,0.0855712890625,0.1826044718424479,0.0
13393,0.5065453847249349,0.002079010009765625,0.2115793228149414,0.14043617248535029
13395,0.47204240163167316,0.00113677978515625,0.2066202163696289,0.11260986328125
13415,0.032027244567871094,0.00394439697265625,0.1304483413696289,0.3411865234375
13416,0.01677544911702474,0.0009031295776367188,0.10184160868326823,0.301910400390625
13430,1.3839473724365234,0.0911865234375,1.2930819193522136,4.9334259033203125
13435,1.371564229329427,0.00066375732421875,1.1964604059855144,0.01171875
13440,1.3684202829996746,0.0011615753173828125,1.1961183547973633,0.0017433166503906
13450,0.09476089477539062,0.05035400390625,0.05165576934814453,0.28125
13465,0.09490394592285156,0.0071868896484375,0.05159568786621094,0.001260757446289
13474,0.09699757893880208,0.012847900390625,0.051700592041015625,0.0017509460449218
13476,0.10659027099609375,0.0068511962890625,0.059818267822265625,1.0838623046874896
13480,0.11222076416015625,0.070556640625,0.10748863220214844,0.8291015625
13510,0.12099202473958333,0.078369140625,0.10762596130371094,0.0026054382324218
13525,0.01704565684000651,0.0005521774291992188,0.04865550994873047,0.0
13540,0.1793686548868815,0.0133819580078125,0.04267406463623047,0.27294921875
13545,0.19890753428141275,0.03125,0.1099850336710612,0.25238037109375
13550,2.8054173787434897,0.0843505859375,1.2428334554036458,0.0
13580,2.6372550328572593,0.0003509521484375,1.2009493509928386,0.0010852813720703
13585,2.606822649637858,0.0005331039428710938,1.1332521438598633,0.0046863555908202
13590,0.013550758361816406,0.009063720703125,0.012728055318196615,0.07534790039062439
13602,0.014485677083333334,0.0140533447265625,0.012804667154947916,0.0017833709716796
13610,0.03540929158528646,0.0006170272827148438,0.626527468363444,2.3215484619140416
13614,0.022042592366536457,0.0,0.6140944163004557,0.0162696838378905
13630,0.021096229553222656,0.0007476806640625,0.6142943700154623,0.01171875
13695,0.014290809631347656,0.077880859375,0.009959856669108072,0.0419921875
13705,0.28889815012613934,0.0272216796875,0.07401212056477864,0.610321044921875
13730,0.3330942789713542,0.026519775390625,0.07759571075439453,0.0338706970214834
13735,0.5341542561848959,0.14013671875,0.09092235565185547,0.050811767578125
13736,0.25964101155598956,2.86102294921875e-06,0.026836713155110676,0.0
13740,0.21591567993164062,0.00705718994140625,0.022983868916829426,0.0
13750,0.0019057591756184895,0.001010894775390625,0.0034809112548828125,0.05859375
13760,0.02078851064046224,0.00611114501953125,0.2196674346923828,0.0
13761,0.02112579345703125,0.0009975433349609375,0.223297119140625,0.0681381225585931
13765,0.021260897318522137,0.0013294219970703125,0.22493902842203775,0.0
13790,0.006444613138834636,0.0406494140625,0.009182929992675781,0.0
13805,0.0063673655192057295,0.0005865097045898438,0.007375081380208333,0.0546875
13815,0.010223070780436197,0.0141448974609375,0.004880269368489583,0.0202941894531248
13818,0.006062507629394531,0.0,0.010248184204101562,0.072937011718748
13840,0.04209677378336588,0.05218505859375,0.20234171549479166,1.17041015625
13845,0.10434977213541667,0.0634765625,0.4944864908854167,1.65283203125
13860,0.10455385843912761,0.001201629638671875,0.48967615763346356,0.0104217529296874
13865,0.08765157063802083,0.019561767578125,0.32258860270182294,2.0793285369873025
13875,0.021016756693522137,0.003459930419921875,0.029445648193359375,0.0308990478515625
13885,0.02664915720621745,0.015228271484375,0.03951263427734375,0.0462799072265625
13925,0.03156820933024088,0.05462646484375,0.022965749104817707,0.04693603515625
13930,0.030657450358072918,0.0,0.021517117818196613,0.0
13940,0.02662340799967448,0.0005865097045898438,0.020108540852864582,0.1024055480957005
13942,0.0018024444580078125,0.0,0.009684244791666666,0.0036125183105468
13965,0.0031642913818359375,0.0018215179443359375,0.010074297587076822,0.0017595291137687998
13985,0.03602917989095052,0.04901123046875,0.005620638529459636,0.0307922363281248
13989,0.03602917989095052,0.0,0.0055878957112630205,0.0008230209350585
13995,0.11741065979003906,0.04296875,0.010560353597005209,0.022617340087889397
14010,0.08289019266764323,0.0006504058837890625,0.006083488464355469,0.0
14014,0.08289019266764323,0.0,0.006083170572916667,0.0
14034,0.0001468658447265625,0.0,0.0007162094116210938,0.0015411376953125
14040,0.08469136555989583,0.0106658935546875,0.3653068542480469,3.1474924087523997
14050,0.4912058512369792,0.0088653564453125,0.505285898844401,0.5743713378906191
14073,0.4917999903361003,0.0002155303955078125,0.5080893834431967,0.0418968200683578
14075,0.4155143102010091,0.0011730194091796875,0.15478070576985678,0.0
14090,0.012066841125488281,0.009185791015625,0.020134607950846355,0.0294227600097654
14100,0.0353094736735026,0.010162353515625,0.023496627807617188,0.03411865234375
14109,0.027650197347005207,0.008148193359375,0.011819839477539062,0.0017967224121093
14115,0.03787358601888021,0.00484466552734375,0.1368579864501953,0.39111328125
14130,0.024743398030598957,0.017303466796875,0.13516807556152344,0.017261505126953
14140,0.027276357014973957,0.001781463623046875,0.13934612274169922,0.06640625
14165,0.607855478922526,0.05584716796875,0.5169197718302408,0.0
14175,0.5991249084472656,0.001094818115234375,0.5301440556844076,0.560302734375
14185,0.6231867472330729,0.029998779296875,0.5426050821940104,0.0
14198,0.030283610026041668,0.0005521774291992188,0.03588740030924479,0.015621185302734
14220,0.5426305135091146,0.1141357421875,0.03672154744466146,0.125
14235,0.6560923258463541,0.019775390625,0.0951830546061198,0.27825927734375
14240,0.6562906901041666,0.015869140625,0.09494908650716145,0.0
14245,0.24506759643554688,0.013458251953125,0.10464859008789062,0.2370948791503838
14250,0.32102076212565106,0.1156005859375,0.05589421590169271,1.457763671875
14260,0.3304576873779297,0.01873779296875,0.07888412475585938,0.11444091796875
14280,0.2366466522216797,0.00568389892578125,0.0567633310953776,0.050525665283202
14295,0.06865755716959636,0.097900390625,0.04167747497558594,0.078094482421875
14311,0.05823961893717448,0.002452850341796875,0.01770464579264323,0.0053176879882812
14335,0.04998938242594401,0.0045623779296875,0.012295405069986979,0.0
14355,0.006078402201334636,0.002460479736328125,0.0125885009765625,0.0495033264160142
14356,0.006371498107910156,0.0043792724609375,0.012825647989908854,0.0015087127685546
14400,0.006346384684244792,0.00492095947265625,0.012674967447916666,0.0071640014648436
14430,0.05370553334554037,0.112060546875,0.0026191075642903647,0.0132122039794921
14465,0.056143760681152344,0.0005931854248046875,0.017792701721191406,0.067558288574217
14475,1.0366977055867512,0.01953125,1.1317822138468425,3.747802734375
14476,0.9848740895589193,0.00392913818359375,1.1300849914550781,0.0018043518066406
14485,0.9893849690755209,0.024169921875,1.116324742635091,0.0068206787109374
14505,0.4283498128255208,0.064697265625,0.12797228495279947,0.882568359375
14510,0.4363028208414714,0.002964019775390625,0.13145828247070312,0.0272407531738273
14525,0.5419445037841797,0.0562744140625,0.21570460001627603,0.0
14535,0.12190691630045573,0.003265380859375,0.08983898162841797,0.0017356872558593
14585,0.12642415364583334,0.00933837890625,0.10825888315836589,0.10064697265625
14615,0.031300862630208336,0.023223876953125,0.025350252787272137,0.0128173828125
14650,0.03173637390136719,0.0009822845458984375,0.028581937154134113,0.0286598205566398
14658,0.020622889200846355,0.00035858154296875,0.00809319814046224,0.0687332153320296
14660,0.003231684366861979,0.0006122589111328125,0.006750424702962239,0.046875
14691,0.0023015340169270835,0.0,0.0031944910685221353,0.0009975433349609
14700,0.0009975433349609375,0.001987457275390625,0.005707105000813802,0.0
14710,0.14318084716796875,0.02679443359375,0.04138787587483724,0.32647705078125
14715,0.14324124654134116,0.00021076202392578125,0.041633923848470054,0.0010852813720703
14720,0.14302762349446616,0.0007143020629882812,0.038254102071126304,0.0054702758789061
14730,0.016160329182942707,0.15234375,0.02293109893798828,0.0
14745,0.0222015380859375,0.0089874267578125,0.06024042765299479,0.1503124237060518
14765,0.9579601287841797,0.0149383544921875,0.0709530512491862,0.0527086257934428
14770,0.9895458221435547,0.03125,0.05707263946533203,0.038520812988280195
14775,0.9835421244303385,0.0012111663818359375,0.019720077514648438,0.0
14783,0.04755274454752604,0.0,0.17528851826985678,1.2567558288573792
14785,0.06180445353190104,0.0595703125,0.18619855244954428,0.0977783203125
14790,0.061833699544270836,0.0014514923095703125,0.18649578094482422,0.0051116943359374
14800,0.10553995768229167,0.02545166015625,0.06655565897623698,0.0
14847,0.04599984486897787,0.0003871917724609375,0.04848066965738932,0.0453014373779286
14850,0.053001085917154946,0.0144195556640625,0.06602827707926433,0.09177017211913949
14866,0.009563128153483072,0.00634002685546875,0.019359906514485676,0.0015468597412109
14869,0.027629852294921875,0.02801513671875,0.019637425740559895,0.039962768554687195
14870,0.05541356404622396,0.03289794921875,0.025667826334635418,0.301025390625
14880,0.05519994099934896,0.0006923675537109375,0.025499661763509113,0.0010356903076171
14895,0.04896418253580729,0.0595703125,0.02525615692138672,0.0
14970,0.017531077067057293,0.02117919921875,0.0015885035196940105,0.0019397735595703
14982,0.01873175303141276,0.0040130615234375,0.0055389404296875,0.0161762237548824
14985,0.00476837158203125,0.0011768341064453125,0.0047588348388671875,0.0014419555664062
15000,0.005444844563802083,0.0052642822265625,0.03696378072102865,0.22758483886718558
15005,0.004268964131673177,0.0008411407470703125,0.033102989196777344,0.0017528533935546
15015,0.0054009755452473955,0.00286102294921875,0.03313922882080078,0.0011863708496092
15050,0.06317075093587239,0.01690673828125,0.013239224751790365,0.06561279296875
15073,0.10478782653808594,0.00490570068359375,0.13828404744466147,0.5420551300048698
15083,0.10447502136230469,0.0062255859375,0.13808282216389975,0.0005512237548828
15085,0.2620321909586589,0.177734375,0.2019052505493164,0.375
15095,0.2215296427408854,0.002166748046875,0.07684040069580078,0.0016098022460936
15115,0.2529792785644531,0.1151123046875,0.07879447937011719,0.009651184082031
15140,0.04228337605794271,0.0055389404296875,0.0042273203531901045,0.0
15145,0.043286641438802086,0.013336181640625,0.004451751708984375,0.00262451171875
15160,0.28014882405598956,0.017120361328125,0.06244214375813802,0.559478759765625
15165,0.289459228515625,0.0584716796875,0.061393419901529946,0.01171875
15215,0.3863843282063802,0.00543975830078125,0.24871603647867838,0.0
15235,0.11735916137695312,0.0006055831909179688,0.18951098124186197,0.0050258636474604995
15257,0.09955056508382161,0.003421783447265625,0.18870671590169272,0.001108169555664
15275,3.5038054784139,0.0848388671875,2.0021451314290366,0.0
15300,3.50386651357015,0.00040340423583984375,2.002940813700358,0.0259399414062496
15301,3.5539321899414062,0.04571533203125,2.007940928141276,0.03814697265625
15315,0.05230712890625,0.030914306640625,0.019018809000651043,0.0
15320,1.615216573079427,0.178466796875,1.1137199401855469,3.58245849609375
15335,1.6014378865559895,0.03369140625,1.1118005116780598,0.0160503387451164
15336,1.6011988321940105,0.000324249267578125,1.1021353403727214,0.032417297363278794
15365,0.06714121500651042,0.0562744140625,0.015623092651367188,0.0
15370,0.060091654459635414,0.00366973876953125,0.03154754638671875,0.1818923950195272
15380,0.06941858927408855,0.0005207061767578125,0.06932703653971355,0.216102600097648
15405,0.07631556193033855,0.05755615234375,0.1194903055826823,0.2520790100097654
15408,0.0945599873860677,0.02239990234375,0.1128997802734375,0.1041259765624992
15410,0.2191492716471354,0.020843505859375,0.22739410400390625,0.583160400390625
15415,0.26108042399088544,0.0819091796875,0.171875,0.0175323486328122
15430,0.25054073333740234,0.00339508056640625,0.21728960673014322,1.2050628662109375
15436,0.11528809865315755,0.0111541748046875,0.06276512145996094,0.0015945434570312
15440,0.042549451192220054,0.00736236572265625,0.08806419372558594,0.10235595703125
15445,0.007376352945963542,0.042236328125,0.031384785970052086,0.0104217529296875
15450,0.7664070129394531,0.04571533203125,0.4646771748860677,3.9062042236328125
15465,0.7613290150960287,0.00096893310546875,0.4352124532063802,0.00262451171875
15470,0.8318672180175781,0.04290771484375,0.4752661387125651,0.50390625
15480,0.14905707041422525,0.029571533203125,0.050796190897623696,0.045562744140623904
15495,0.15705649058024088,0.0634765625,0.053409576416015625,0.016815185546875
15505,0.0853281021118164,0.0012569427490234375,0.013720830281575521,0.0078582763671872
15525,0.011615117390950521,0.02471923828125,0.015510876973470053,0.09637069702148429
15530,0.05498441060384115,0.0104522705078125,0.17702865600585938,1.548828125
15635,0.08085568745930989,0.02874755859375,0.18390528361002603,0.041656494140625
15640,4.359599431355794,0.0423583984375,2.4535929361979165,10.59979248046875
15665,5.32550048828125,0.375,2.4112879435221353,2.109375
15720,5.3089447021484375,0.0438232421875,2.403608957926432,0.0
15730,1.8667500813802083,0.091796875,0.5626742045084635,0.0
15760,0.8497234980265299,0.00484466552734375,0.44489161173502606,0.04296875
15763,0.8395407994588217,0.0,0.4441836675008138,0.0
15795,0.011108716328938803,0.025848388671875,0.015560468037923178,0.0683326721191401
15815,0.09462292989095052,0.0108184814453125,0.04185644785563151,0.1401367187499968
15820,0.09498914082845052,0.00334930419921875,0.042538960774739586,0.0048828125
15860,0.11028035481770833,0.030975341796875,0.04503504435221354,0.1055908203125
15865,1.5840784708658855,0.126953125,6.490423520406087,21.67217922210693
15874,1.5837122599283855,0.0,6.4907026290893555,1.2606048583984375
15875,1.9530963897705078,0.0369873046875,6.606265068054199,0.5450706481933489
15895,0.43514442443847656,0.01788330078125,0.1651897430419922,0.13494873046875
15910,0.44626808166503906,0.01123046875,0.26066335042317706,0.3123779296875
15920,0.12494913736979167,0.014251708984375,0.17603302001953125,0.178802490234375
15925,0.08536974589029948,0.001094818115234375,0.14119688669840494,0.0
15965,0.10805956522623698,0.03741455078125,0.04650274912516276,0.013664245605468599
15970,0.03677813212076823,0.007537841796875,0.009528160095214844,0.0117645263671872
15975,0.04482269287109375,0.001560211181640625,0.04912503560384115,0.1761474609374976
15980,0.027093251546223957,0.0154876708984375,0.09824117024739583,1.082275390625
15991,0.024588902791341145,0.00025844573974609375,0.09108225504557292,0.0203075408935542
15995,0.7992318471272787,0.024566650390625,0.1757837931315104,0.5583801269531137
16006,0.7831478118896484,0.0,0.12496630350748698,0.0094413757324215
16010,0.7828909556070963,0.0005846023559570312,0.13727251688639322,0.04168701171875
16015,0.000179290771484375,0.0003490447998046875,0.013676325480143229,0.0104217529296875
16020,0.0036668777465820312,0.00043201446533203125,0.022858301798502605,0.0424432754516511
16025,0.003623326619466146,0.0007276535034179688,0.010357220967610678,0.0040359497070312
16030,1.1324183146158855,0.05047607421875,0.33199183146158856,1.734100341796875
16035,1.1300506591796875,0.0011157989501953125,0.3258463541666667,0.0677413940429681
16045,1.1308183670043945,0.0073699951171875,0.3355194727579753,0.05206298828125
16055,0.1436344782511393,0.0135955810546875,0.08502197265625,0.0
16060,0.1633758544921875,0.03399658203125,0.11845461527506511,0.1793212890625
16115,0.29779307047526044,0.0143585205078125,0.12146727244059245,0.0
16134,0.15614000956217447,0.000240325927734375,0.049766858418782554,0.0017375946044921
16160,0.15047168731689453,0.0008306503295898438,0.03509998321533203,7.46197509765625
16175,0.03688271840413412,0.000637054443359375,0.19890467325846353,0.6960678100585761
16190,0.5289462407430013,0.0863037109375,0.46244049072265625,0.0364761352539052
16195,0.5388056437174479,0.04083251953125,0.4441830317179362,0.0070114135742184
16205,0.5185213088989258,0.0011501312255859375,0.26881663004557294,0.0
16230,0.027169227600097656,0.0008029937744140625,0.008221944173177084,0.1784210205078112
16270,0.0033489863077799478,0.0133209228515625,0.004841804504394531,0.0
16275,0.010103861490885416,0.02581787109375,0.004628499348958333,0.0045089721679686
16350,0.022683461507161457,0.0066986083984375,0.17481231689453125,0.721435546875
16400,0.02462005615234375,0.05841064453125,0.17501004536946616,0.0024757385253906
16425,0.37750498453776044,0.072021484375,0.35686810811360675,1.09375
16429,0.3645865122477214,0.00382232666015625,0.1835629145304362,0.0015640258789062
16430,2.909717241923014,0.0079803466796875,2.1925834019978843,16.863281249999837
16435,2.5615275700887046,0.00240325927734375,2.0136534372965493,0.01757144927978
16450,2.597769101460775,0.003173828125,2.032902717590332,0.0
16465,0.050020853678385414,0.00040149688720703125,0.08889929453531902,0.0
16470,0.048569679260253906,0.00226593017578125,0.1342004140218099,0.193233489990233
16485,0.13481744130452475,0.217529296875,0.20941925048828125,0.313720703125
16495,0.1656955083211263,0.03973388671875,0.1600774129231771,0.0390625
16500,0.3589642842610677,0.04180908203125,0.120849609375,0.0547142028808578
16540,0.23916244506835938,0.018157958984375,0.034098307291666664,0.0360107421875
16550,0.22583770751953125,0.018341064453125,0.042938232421875,0.123046875
16565,0.17115020751953125,0.025360107421875,0.133087158203125,0.0
16570,0.1683966318766276,0.007476806640625,0.1255467732747396,0.0017566680908203
16575,14.572553634643555,0.0826416015625,4.541455586751302,18.075439453125
16582,14.422590255737305,0.0,4.446879069010417,0.2544078826904232
16590,14.435063680013021,0.0225830078125,4.450307210286458,0.012474060058593599
16591,0.019953409830729168,0.0794677734375,0.010014851888020834,0.00390625
16615,0.1170806884765625,0.140869140625,0.09330495198567708,0.29095458984375
16635,0.10659249623616536,0.00287628173828125,0.0978558858235677,0.039081573486327
16640,0.12999947865804037,0.1058349609375,0.09861119588216145,0.011993408203125
16650,0.03887399037679037,0.06494140625,0.010893503824869791,0.0
16660,0.08626302083333333,0.0633544921875,0.005382537841796875,0.0170364379882809
16691,0.055704752604166664,0.0,0.003971099853515625,0.0
16705,0.097625732421875,0.014984130859375,0.10778172810872395,0.40118408203125
16720,0.06719970703125,0.01593017578125,0.1091779073079427,0.0
16740,0.08176676432291667,0.0723876953125,0.11881478627522786,0.03955078125
16744,0.034703572591145836,0.0080108642578125,0.013958613077799479,0.0010814666748046
16755,0.015995025634765625,0.007843017578125,0.01013787587483724,0.0010814666748046
16770,0.10425694783528645,0.04071044921875,0.024745941162109375,0.1166915893554676
16775,0.10349210103352864,0.0015106201171875,0.025151888529459637,0.0055313110351562
16777,0.10299619038899739,0.00054168701171875,0.024965922037760418,0.0052490234375
16781,0.0017693837483723958,0.0094451904296875,0.0008398691813151041,0.03607177734375
16805,0.010687510172526041,0.05731201171875,0.0042463938395182295,0.04168701171875
16810,48.26431783040365,0.30615234375,36.571560541788735,116.119384765625
16812,48.26287428538004,0.0083770751953125,36.57180722554525,0.0017585754394531
16830,48.26361687978109,0.0982666015625,36.57529640197754,0.0650634765625
16850,0.0207980473836263,0.010101318359375,0.05764961242675781,0.77313232421875
16874,0.08151181538899739,0.0140380859375,0.06371307373046875,0.0293579101562496
16875,0.3533013661702474,0.021575927734375,0.09392166137695312,0.1809310913085922
16880,0.34256617228190106,0.0019683837890625,0.04456456502278646,0.083251953125
16889,0.2905343373616536,0.003635406494140625,0.05753326416015625,0.1417236328125
16890,9.165890375773111,1.22265625,4.333904266357422,15.349609375
16895,9.174459457397461,0.1048583984375,4.344287872314453,0.0416259765625
16900,9.17279052734375,0.0247802734375,4.335530598958333,0.0599365234375
16915,0.021728515625,0.016326904296875,0.022883097330729168,0.0052490234375
16945,0.013197580973307291,0.00044727325439453125,0.012467702229817709,0.083740234375
16975,0.010075887044270834,0.00057220458984375,0.016539255777994793,0.169353485107417
16985,0.006170590718587239,0.0012359619140625,0.016811052958170574,0.008392333984375
16990,0.051162401835123696,0.00286102294921875,0.24905872344970703,0.0
17025,0.42768700917561847,0.0599365234375,0.8358074824015299,4.7906494140625
17034,0.42575327555338544,0.0,0.8341890970865885,0.0355339050292965
17045,0.38427098592122394,0.0018024444580078125,0.6051772435506185,0.0
17065,0.012830098470052084,0.02984619140625,0.031131426493326824,0.165496826171875
17090,0.013147354125976562,0.0009126663208007812,0.03393268585205078,0.0113983154296874
17095,0.012243270874023438,0.02130126953125,0.031467437744140625,0.0043182373046874
17100,2.3362547556559243,0.018310546875,0.5954093933105469,2.2098846435546298
17130,2.3524373372395835,0.0970458984375,0.5933659871419271,0.0
17150,2.356877009073893,0.001850128173828125,0.5947278340657552,0.01277923583984
17155,0.06731096903483073,0.041748046875,0.020175933837890625,0.067718505859375
17161,0.051389058430989586,0.003482818603515625,0.02059491475423177,0.010265350341796799
17165,0.2572917938232422,0.093994140625,0.07753308614095052,0.353759765625
17185,0.2182788848876953,0.00254058837890625,0.07218360900878906,0.2062683105468732
17195,0.22352091471354166,0.002422332763671875,0.07449976603190105,0.0
17215,0.4829203287760417,0.1004638671875,0.19922510782877603,0.984375
17220,0.49106470743815106,0.018402099609375,0.19034830729166666,0.019065856933593597
17225,0.48560841878255206,0.00125885009765625,0.18874104817708334,0.0104217529296874
17240,0.014068603515625,0.0142364501953125,0.0049285888671875,0.00262451171875
17245,0.0029656092325846353,0.00582122802734375,0.004025777180989583,0.0064449310302733005
17255,0.006381034851074219,0.002887725830078125,0.006365458170572917,0.0
17260,0.014710426330566406,0.024169921875,0.010157903035481771,0.0036125183105468
17265,0.029523849487304688,0.0142059326171875,0.012314478556315104,0.018945693969725598
17280,0.026221593221028645,0.002292633056640625,0.008378982543945312,0.0
17315,0.5729026794433594,0.082275390625,0.28247706095377606,0.0
17329,0.556481679280599,0.0,0.27864710489908856,0.0136108398437496
17360,0.5562496185302734,0.0006265640258789062,0.2784461975097656,0.0
17370,0.04923566182454427,0.05810546875,0.008586883544921875,0.330078125
17390,0.10126813252766927,0.002407073974609375,0.4256324768066406,0.0
17415,0.10146363576253255,0.0015087127685546875,0.4274158477783203,0.05859375
17460,1.327985445658366,0.0653076171875,0.9137744903564453,0.0
17485,1.2797880172729492,0.02099609375,0.4971974690755208,0.0019397735595703
17492,1.2793477376302083,0.0,0.4951976140340169,0.0398635864257803
17495,0.02362060546875,0.02508544921875,0.005048433939615886,0.084381103515625
17505,0.039540608723958336,0.01678466796875,0.007949511210123697,0.0679931640625
17517,0.04021581013997396,0.008087158203125,0.008077621459960938,0.0014705657958984
17520,0.21513239542643228,0.01995849609375,0.03824297587076823,0.69207763671875
17526,0.4281667073567708,0.00717926025390625,0.0744616190592448,0.0
17530,0.4559338887532552,0.1669921875,0.08893521626790364,0.062744140625
17535,0.3385938008626302,0.027069091796875,0.06544812520345052,0.199676513671875
17541,0.10619354248046875,0.00025844573974609375,0.029874165852864582,0.030109405517577
17545,0.07783794403076172,0.0006170272827148438,0.015668869018554688,0.01171875
17575,0.034126599629720054,0.05828857421875,0.0058892567952473955,0.05377197265625
17580,0.047546704610188804,0.0479736328125,0.010277430216471354,0.0
17585,0.058629353841145836,0.02142333984375,0.012166341145833334,0.0
17590,0.026254971822102863,0.003292083740234375,0.015458424886067709,0.065155029296875
17595,0.22773202260335287,0.03643798828125,0.04233678181966146,0.1610565185546872
17605,0.2245616912841797,0.0054168701171875,0.04524548848470052,0.0
17606,0.2232853571573893,0.0,0.040491739908854164,0.0066146850585936
17615,0.009770393371582031,0.0007009506225585938,0.011474609375,0.0510559082031236
17616,0.006158192952473958,0.0002498626708984375,0.0063622792561848955,0.0
17620,0.008147875467936197,0.0072174072265625,0.010597546895345053,0.1271171569824218
17624,0.006878852844238281,0.0071258544921875,0.004624366760253906,0.001657485961914
17625,0.01931476593017578,0.003604888916015625,0.02803516387939453,0.10200500488281179
17630,0.05851904551188151,0.014068603515625,0.051955223083496094,0.0458221435546875
17641,0.06638876597086589,0.023895263671875,0.05271752675374349,0.0036468505859374
17663,0.04956595102945963,0.0,0.03029600779215495,0.23332786560058139
17679,0.4365336100260417,0.009307861328125,0.12005233764648438,0.45746612548826404
17697,0.42816162109375,0.0,0.11907386779785156,0.0267715454101546
17736,1.944183349609375,0.004669189453125,0.6290899912516276,1.7284240722655726
17775,1.6501007080078125,0.014678955078125,0.5417766571044922,0.1269989013671846
17784,1.6501007080078125,0.0,0.5417035420735677,0.0010814666748046
17790,0.1615447998046875,0.02093505859375,0.03534825642903646,0.022247314453125
17815,0.04396820068359375,0.00286102294921875,0.020336151123046875,0.06560897827148279
17820,1.7886921564737956,0.053955078125,0.9812555313110352,0.0053825378417956
17830,1.763328234354655,0.0005350112915039062,0.9849735895792643,0.24729919433593558
17865,1.7491757074991863,0.00138092041015625,1.0205163955688477,0.19134521484375
17875,0.023042043050130207,0.023101806640625,0.06296284993489583,0.0
17899,0.020940144856770832,0.0,0.05450725555419922,0.0015449523925781
17924,2.2480850219726562,0.0114593505859375,0.5341431299845377,1.7964630126953125
17925,4.276613871256511,0.13330078125,2.010998090108236,5.3697509765625
17940,4.2861480712890625,0.0079193115234375,2.0437533060709634,0.322174072265625
17945,2.056881904602051,0.008087158203125,1.5133927663167317,0.0017509460449218
17969,0.011204719543457031,0.003131866455078125,0.033744494120279946,0.016048431396484198
17970,10.373801867167154,0.1065673828125,5.6969601313273115,0.026054382324218
18000,10.377479553222656,0.04681396484375,5.696890195210774,0.00390625
18011,10.377520243326822,0.03350830078125,5.696573257446289,0.0015907287597656
18012,0.015363057454427084,0.0411376953125,0.0014864603678385417,0.0131855010986325
18015,0.011484464009602865,0.00019741058349609375,0.001262982686360677,0.000411033630371
18026,0.010001818339029947,0.0,0.0010039011637369792,0.0010814666748046
18027,2.765655517578125e-05,0.0,0.00011984507242838542,0.0060806274414062
18030,0.0,0.0010013580322265625,0.007563273111979167,1.575355529785141
18033,0.04784266153971354,0.0012664794921875,0.017131487528483074,1.389350891113206
18039,0.2775255839029948,0.002613067626953125,0.05249341328938802,0.163249969482378
18040,0.3273913065592448,0.0535888671875,0.06992467244466145,0.2032470703125
18041,0.2799949645996094,0.00383758544921875,0.06040255228678385,0.0018157958984375
18050,0.18247350056966147,0.0924072265625,0.11305300394694011,0.582763671875
18065,0.6619606018066406,0.04071044921875,0.2898565928141276,1.2213134765625
18081,0.6624348958333334,0.00695037841796875,0.2900972366333008,0.0010814666748046
18097,0.5304673512776693,0.00775909423828125,0.20242087046305338,0.0010814666748046
18100,0.008565902709960938,0.01617431640625,0.0033540725708007812,0.008754730224609
18105,0.008883794148763021,0.0040435791015625,0.0037625630696614585,0.00848388671875
18107,0.009496053059895834,0.0068359375,0.0057913462320963545,0.017333984375
18116,0.0025698343912760415,0.0071868896484375,0.0033051172892252603,0.0010814666748046
18140,0.24883906046549478,0.045166015625,0.4982150395711263,1.8125
18145,0.24872716267903647,0.002208709716796875,0.49587217966715497,0.0010814666748046
18170,0.28528086344401044,0.018798828125,0.5003579457600912,0.017833709716796
18171,0.042444864908854164,0.002132415771484375,0.005756060282389323,0.017938613891600598
18178,0.1447779337565104,0.2763671875,0.011196454366048178,0.016845703125
18185,2.2153650919596353,0.07861328125,0.9828914006551107,8.4415283203125
18190,2.2129697799682617,0.0024566650390625,0.9858042399088541,0.017896652221679
18210,2.118166923522949,0.0006847381591796875,0.9883524576822916,0.0
18215,0.19309775034586588,0.03338623046875,0.07162729899088542,0.2025604248046875
18220,0.35579776763916016,0.05694580078125,0.10925006866455078,1.838218688964842
18225,0.35345300038655597,0.00044918060302734375,0.8939638137817383,2.652099609375
18230,0.4901336034138997,0.00537872314453125,1.168566068013509,1.9478607177734162
18245,5.502311706542969,0.072021484375,4.815584818522136,0.0
18255,5.522367159525554,0.001705169677734375,4.2009836832682295,2.103607177734375
18275,5.381922721862793,0.095458984375,3.9422632853190103,0.0
18285,0.20523484547932944,0.008697509765625,0.2543843587239583,0.0067367553710936
18290,0.17992528279622397,0.00061798095703125,0.07713826497395833,0.0051956176757808
18300,0.002322514851888021,0.009246826171875,0.02093505859375,0.078125
18317,0.0021197001139322915,0.008392333984375,0.02063306172688802,0.0015983581542968
18321,0.001834551493326823,0.00030422210693359375,0.01982434590657552,0.0703125
18360,0.0037638346354166665,0.0123291015625,0.02531750996907552,0.0830078125
18385,0.04460716247558594,0.014892578125,0.25858306884765625,0.0
18397,0.045563697814941406,0.000324249267578125,0.2614326477050781,0.046863555908202
18415,0.2133026123046875,0.0499267578125,0.29865392049153644,0.0
18440,2.071979840596517,0.05194091796875,1.1245142618815105,0.0014533996582031
18455,2.070828437805176,0.001255035400390625,1.1220938364664714,0.0075836181640624
18470,1.908678372701009,0.023834228515625,1.073860804239909,0.0
18480,0.021574020385742188,0.0123291015625,0.01713879903157552,0.0
18490,0.041837056477864586,0.011810302734375,0.026053746541341145,0.3863525390625
18494,0.03321679433186849,0.00067901611328125,0.013287226359049479,0.0085906982421875
18514,0.02057170867919922,0.000255584716796875,0.010732014973958334,0.001443862915039
18520,0.04726187388102213,0.135986328125,0.02448717753092448,0.08758544921875
18545,0.0471337636311849,0.0,0.023405075073242188,0.0207023620605462
18550,0.18355814615885416,0.05352783203125,0.20848210652669272,0.68682861328125
18560,0.3602142333984375,0.04498291015625,0.2905998229980469,0.0
18590,0.3998260498046875,0.037841796875,0.3471527099609375,0.2578125
18600,0.26541614532470703,0.002048492431640625,0.16370296478271484,0.0046405792236327
18605,0.041840553283691406,0.0016384124755859375,0.05950578053792318,0.00811767578125
18615,3.8932199478149414,0.390625,1.0125646591186523,4.8828125
18620,4.660030364990234,0.08837890625,1.60699462890625,0.0
18625,4.6603593826293945,0.0005941390991210938,1.6065921783447266,0.0
18660,0.7696657180786133,0.0007171630859375,0.5985736846923828,0.0092010498046872
18665,0.0031261444091796875,0.0016689300537109375,0.014663060506184896,0.4668502807617186
18670,0.1350742975870768,0.0625,0.075897216796875,0.7994384765625
18680,0.1360483169555664,0.00746917724609375,0.09344228108723958,0.123748779296875
18685,0.67877197265625,0.0540771484375,0.3148651123046875,0.0
18690,0.6112569173177084,0.0826416015625,0.2667999267578125,0.06097412109375
18695,0.6848653157552084,0.03680419921875,0.2949473063151042,0.0
18706,0.14329306284586588,0.00025653839111328125,0.061203956604003906,0.0
18720,0.08006827036539714,0.04150390625,0.05028883616129557,0.0416259765625
18736,0.005663871765136719,0.000324249267578125,0.0037399927775065103,0.0577392578125
18760,0.12842941284179688,0.0687255859375,0.045636494954427086,1.0
18775,0.15555191040039062,0.0123443603515625,0.1430994669596354,0.0
18790,0.19198226928710938,0.10595703125,0.1476128896077474,0.04168701171875
18818,0.06695810953776042,0.0091094970703125,0.10583655039469402,0.0015850067138671
18825,0.0382239023844401,0.00231170654296875,0.006234804789225261,0.0047683715820312
18840,0.0036029815673828125,0.00382232666015625,0.0022414525349934897,0.0234375
18866,0.0056476593017578125,0.0011730194091796875,0.017752965291341145,1.027099609375
18868,0.18321609497070312,0.00759124755859375,0.06426366170247395,0.173841476440422
18885,0.1859283447265625,0.0198974609375,0.06535148620605469,0.0115203857421874
18900,0.18360392252604166,0.01300048828125,0.05034701029459635,0.0037422180175781
18905,0.006580352783203125,0.00075531005859375,0.004673004150390625,0.0068359375
18915,0.002147674560546875,0.0055389404296875,0.00263214111328125,0.0
18920,0.0026400883992513022,0.0029754638671875,0.0031452178955078125,0.013027191162109
18925,0.007300376892089844,0.0458984375,0.002804438273111979,0.0106201171875
18935,0.033743858337402344,0.0095672607421875,0.06047248840332031,0.2254486083984375
18955,0.03252124786376953,0.0014133453369140625,0.05951118469238281,0.0
18970,0.2453800837198893,0.219482421875,0.18833351135253906,1.838088989257794
18985,0.3178618748982747,0.0013523101806640625,0.4088598887125651,0.0
19010,0.3180198669433594,0.00376129150390625,0.4089253743489583,0.0
19022,0.10178502400716145,0.00673675537109375,0.2816985448201497,0.0164108276367183
19045,0.030584971110026043,0.0260009765625,0.006667772928873698,0.0132350921630856
19050,0.03338305155436198,0.0018138885498046875,0.027727444966634113,0.8741455078125
19055,6.07319704691569,0.2607421875,3.8963356018066406,12.7042236328125
19060,6.044980684916179,0.00095367431640625,3.893024126688639,0.0012722015380859
19070,6.054333686828613,0.020751953125,3.8769248326619468,0.046875
19075,0.01618671417236328,0.015380859375,0.007260958353678386,0.017005920410156097
19080,1.5863399505615234,0.01068115234375,0.3338915506998698,1.4763355255126513
19090,1.8808956146240234,0.0673828125,0.44714991251627606,0.0
19095,1.8985347747802734,0.09130859375,0.4461129506429036,0.0078125
19100,0.34967041015625,0.22119140625,0.12427393595377605,0.0177001953125
19129,0.049973487854003906,0.0005054473876953125,0.009215354919433594,0.0348558425903263
19130,0.03133233388264974,0.0068359375,0.009132067362467447,0.0038719177246092
19170,0.11018975575764973,0.1241455078125,0.06834888458251953,0.175048828125
19175,0.10403378804524739,0.002197265625,0.06608072916666667,0.0
19195,0.1014706293741862,0.0006628036499023438,0.06559054056803386,0.0024452209472656
19204,0.001250902811686198,0.0,0.0014972686767578125,0.0
19205,0.0001980463663736979,0.0016994476318359375,0.0009930928548177083,0.0035133361816406
19220,0.09370231628417969,0.017974853515625,0.05120277404785156,0.4846115112304641
19225,0.09910106658935547,0.009674072265625,0.06501960754394531,0.1099853515625
19245,0.1058969497680664,0.0596923828125,0.06764157613118489,0.0
19250,0.013101895650227865,0.00341796875,0.017818450927734375,0.0
19259,0.00966485341389974,0.0041961669921875,0.0075766245524088545,0.0200576782226557
19295,0.0028861363728841147,0.00079345703125,0.0044854482014973955,0.0
19300,0.003448486328125,0.00377655029296875,0.010178248087565104,0.0789642333984375
19315,0.011272748311360678,0.078369140625,0.00838470458984375,0.00787353515625
19335,0.46193981170654297,0.026763916015625,0.05608240763346354,0.74951171875
19353,0.5205767949422201,0.003139495849609375,0.10501797993977864,0.0
19355,0.7746000289916992,0.0625,0.9376786549886068,0.0036125183105468
19360,0.623530387878418,0.009185791015625,0.9498313268025717,0.25822067260741866
19365,0.5639435450236002,0.00617218017578125,0.8967485427856445,0.0152015686035155
19385,1.014082908630371,0.3017578125,0.32869307200113934,1.0936279296875
19395,0.7179746627807617,0.03515625,0.2729511260986328,0.0304794311523435
19400,0.728644053141276,0.01708984375,0.278045654296875,0.0625
19415,0.016841888427734375,0.0101318359375,0.012073516845703125,0.00262451171875
19420,0.047704060872395836,0.0821533203125,0.023548126220703125,0.0
19421,0.03695106506347656,0.007965087890625,0.016622543334960938,0.0017452239990234
19425,0.03525956471761068,0.0006580352783203125,0.017993609110514324,0.0070981979370111
19440,0.0008608500162760416,0.0012722015380859375,0.002422968546549479,0.0012569427490234
19450,0.0007457733154296875,0.0013427734375,0.002513249715169271,0.0036430358886718
19475,0.0070692698160807295,0.0103302001953125,0.004178047180175781,0.0136947631835935
19480,0.006964365641276042,0.00032520294189453125,0.004061381022135417,0.0003318786621093
19505,0.046696980794270836,0.023712158203125,0.0076719919840494795,0.0213375091552733
19510,0.731813112894694,0.054931640625,1.2588589986165364,0.0
19520,0.7841542561848959,0.015625,1.4253743489583333,0.53875732421875
19525,2.203521728515625,0.04425048828125,1.9331512451171875,0.0
19535,1.5157349904378254,0.0089263916015625,0.6880086263020834,0.0
19540,1.5190842946370442,0.01690673828125,0.5375760396321615,0.10986328125
19545,0.06413841247558594,0.025726318359375,0.026320775349934895,0.0
19548,0.0628344217936198,0.026763916015625,0.019447962443033855,0.08624267578125
19550,0.03519312540690104,0.0051422119140625,0.11132748921712239,1.068359375
19560,0.03269068400065104,0.0537109375,0.1111462910970052,0.0018348693847656
19565,0.04046630859375,0.05999755859375,0.11005338033040364,0.0436820983886718
19570,0.014691670735677084,0.04180908203125,0.0021753311157226562,0.0013027191162109
19585,1.7406260172526042,0.0380859375,1.8109496434529622,0.0
19590,1.7522249221801758,0.0075531005859375,1.8760833740234375,0.5733814239501785
19601,1.9301153818766277,0.0009126663208007812,1.972513198852539,2.995887756347574
19605,0.22190157572428384,0.0134735107421875,0.1945489247639974,0.1019287109375
19610,0.2234659194946289,0.02593994140625,0.13117567698160806,0.0226593017578122
19619,0.04344622294108073,0.00946044921875,0.03468640645345052,0.00390625
19620,0.024354934692382812,0.008819580078125,0.0038286844889322915,0.0022315979003906
19624,0.0010878245035807292,0.0044403076171875,0.0006621678670247396,0.0014896392822265
19627,0.0046571095784505205,0.0077056884765625,0.01602458953857422,0.06781005859375
19630,0.005077679951985677,0.007659912109375,0.0168148676554362,0.1449203491210937
19635,0.010349591573079428,0.04376220703125,0.01717376708984375,0.0026054382324218
19665,0.00971062978108724,0.0474853515625,0.0032323201497395835,0.0
19671,0.00885009765625,0.0,0.002121607462565104,0.03765869140625
19680,0.0080413818359375,0.03851318359375,0.0020116170247395835,0.0
19685,0.029963175455729168,0.04620361328125,0.01818084716796875,0.0
19692,0.42204030354817706,0.03594970703125,0.20884259541829428,4.34088134765625
19695,8.470568339029947,0.12744140625,5.907646179199219,0.0052490234375
19700,8.445733388264975,0.0007991790771484375,5.890377044677734,0.0046844482421874
19707,8.05398432413737,0.002410888671875,5.699759801228841,0.0015754699707031
19710,0.03583653767903646,0.0174560546875,0.0046927134195963545,0.0
19746,0.03589502970377604,0.00933837890625,0.004489580790201823,0.0023727416992187
19748,0.036914825439453125,0.017852783203125,0.004640261332194011,0.0067253112792968
19775,0.0016342798868815105,0.0006542205810546875,0.0006472269694010416,0.0015239715576171
19790,0.009097099304199219,0.026519775390625,0.0027462641398111978,0.030120849609375
19796,0.010915438334147135,0.018035888671875,0.004701932271321614,0.0096931457519526
19805,0.1269073486328125,0.00669097900390625,0.022047678629557293,0.0667638778686455
19825,0.24396769205729166,0.06494140625,0.0751177469889323,0.0
19840,0.24090194702148438,0.007476806640625,0.0732119878133138,0.0014839172363281
19860,0.13695144653320312,0.020233154296875,0.05997880299886068,0.0390625
19870,0.021375020345052082,0.015411376953125,0.007669766743977864,0.0
19880,0.04345830281575521,0.02001953125,0.011955897013346354,0.0258064270019523
19905,0.031726837158203125,0.0006151199340820312,0.008610407511393229,0.0070114135742184
19913,0.02294921875,0.00765228271484375,0.005819002787272136,0.0016021728515625
19914,0.0007654825846354166,0.0,0.0013624827067057292,0.3747425079345555
19930,0.0005696614583333334,0.000637054443359375,0.0005950927734375,0.0072250366210936
19935,0.001338640848795573,0.0065460205078125,0.015811602274576824,0.086090087890625
19940,0.002911249796549479,0.0008726119995117188,0.02652295430501302,0.3631591796875
19960,0.018286387125651043,0.03466796875,0.05563926696777344,0.127716064453125
19980,0.01712354024251302,0.0003795623779296875,0.0415960947672526,0.0052108764648437
19990,0.019747098286946613,0.003246307373046875,0.03303972880045573,0.0260314941406248
19995,0.032509167989095054,0.066650390625,0.006708780924479167,0.0457763671875
20005,0.0324859619140625,0.0,0.005215009053548177,0.0
20010,0.028792381286621094,0.0006256103515625,0.0035791397094726562,0.0024919509887688
20015,0.004027366638183594,0.0433349609375,0.0021600723266601562,0.008819580078125
20030,0.004320780436197917,0.0037689208984375,0.0022481282552083335,0.0032920837402343
20045,0.009903271993001303,0.0017642974853515625,0.012764612833658854,0.3548583984375
20060,0.34614086151123047,0.01007080078125,0.07618014017740886,0.2608737945556578
20079,0.34699662526448566,0.002445220947265625,0.07628917694091797,0.002479553222656
20080,0.3412453333536784,0.00513458251953125,0.06554253896077473,0.0018348693847656
20090,0.00220489501953125,0.001392364501953125,0.0030883153279622397,0.0080451965332029
20135,0.08955669403076172,0.103271484375,0.0498663584391276,0.0
20145,0.09045823415120442,0.0007104873657226562,0.051013946533203125,0.0
20150,0.27182451883951825,0.03363037109375,0.13164901733398438,0.0
20170,0.1841557820638021,0.00237274169921875,0.08524417877197266,0.0
20215,0.183013916015625,0.0006456375122070312,0.08414999643961589,0.0059585571289062
20221,0.001053174336751302,0.0007572174072265625,0.001102765401204427,0.00262451171875
20225,0.21851317087809244,0.05780029296875,0.3959496815999349,1.7327651977539051
20235,0.24756399790445963,0.0062255859375,0.4021771748860677,0.06527709960937439
20247,0.24765841166178384,0.00921630859375,0.4029541015625,0.004425048828125
20255,0.07574780782063802,0.0086212158203125,0.01917266845703125,0.0491371154785126
20257,0.05723126729329427,0.04095458984375,0.025807698567708332,0.29010009765625
20265,0.06035614013671875,0.03387451171875,0.025371551513671875,0.0017509460449218
20290,1.899614969889323,0.0732421875,0.9059282938639323,0.0
20297,1.9153982798258464,0.0027008056640625,0.9179732004801432,0.0
20310,1.9120724995930989,0.0003871917724609375,0.9180151621500651,0.0026702880859375
20320,0.030762672424316406,0.0067291259765625,0.10163434346516927,0.342681884765625
20325,0.005094210306803386,0.0081329345703125,0.0768750508626302,0.0025978088378906
20347,0.03576119740804037,0.0001964569091796875,0.07672786712646484,0.0
20385,0.03400293986002604,0.0004100799560546875,0.03718725840250651,0.2018127441406216
20393,0.035830179850260414,0.00026988983154296875,0.046600023905436196,0.528839111328125
20399,0.0054709116617838545,0.00745391845703125,0.04657618204752604,0.0017356872558593
20425,0.0041510264078776045,0.0026092529296875,0.011110941569010416,0.0
20434,0.0021038055419921875,0.00030040740966796875,0.001975377400716146,0.021011352539061598
20440,0.005856831868489583,0.0006256103515625,0.06362469991048177,1.8416748046875
20445,0.5143613815307617,0.06109619140625,0.5067717234293619,1.8043975830078125
20450,0.5183782577514648,0.00595855712890625,0.5081946055094401,0.0078163146972654
20460,0.5362386703491211,0.0635986328125,0.4478340148925781,0.0
20470,0.42949167887369794,0.0445556640625,0.1141370137532552,0.41851043701171303
20487,0.4253527323404948,0.008941650390625,0.11250559488932292,0.0033302307128906
20489,0.40627161661783856,0.00492095947265625,0.11116282145182292,0.044357299804687195
20510,0.22893905639648438,0.02294921875,0.10576756795247395,0.0
20520,0.23291778564453125,0.0129852294921875,0.10596720377604167,0.004425048828125
20545,0.9173126220703125,0.20068359375,0.4493242899576823,1.248779296875
20559,0.6979624430338541,0.0078125,0.3480122884114583,0.21533203125
20560,0.6969401041666666,0.003173828125,0.34967486063639325,0.0
20564,0.010163625081380209,0.0058441162109375,0.006255785624186198,0.0033378601074218
20570,0.003932634989420573,0.0009222030639648438,0.01710987091064453,0.0453643798828125
20575,0.0006249745686848959,0.0008697509765625,0.014847437540690104,0.0036125183105468
20579,0.00014559427897135416,0.0,0.014887173970540365,0.10129547119140539
20600,0.04028669993082682,0.05023193359375,0.015085538228352865,0.0585708618164058
20620,0.08068339029947917,0.058349609375,0.03418413798014323,0.0
20630,0.11287943522135417,0.078125,0.06969197591145833,0.15625
20665,0.08185831705729167,0.0355224609375,0.061681111653645836,0.0390625
20669,0.041933695475260414,0.0081024169921875,0.042591094970703125,0.0033378601074218
20670,0.06900278727213542,0.1239013671875,0.010654767354329428,0.0497589111328125
20685,0.062077840169270836,0.0146026611328125,0.004288991292317708,0.0
20687,0.06318473815917969,0.0005283355712890625,0.005864461263020833,0.0671463012695306
20689,0.004390716552734375,0.00028514862060546875,0.0030527114868164062,0.1015625
20710,0.020694732666015625,0.028717041015625,0.010384877522786459,0.0579833984374992
20725,0.05390739440917969,0.0682373046875,0.01073455810546875,0.0164566040039062
20731,0.09235763549804688,0.00388336181640625,0.024439493815104168,21.5419921875
20735,0.08146031697591145,0.017730712890625,0.018096288045247395,0.005819320678710899
20743,0.04697608947753906,0.00445556640625,0.01612408955891927,0.0033035278320312
20745,0.1711406707763672,0.037353515625,0.06357320149739583,0.0107650756835912
20750,0.2275867462158203,0.003658294677734375,0.19424756368001303,1.8446502685546697
20755,0.22751808166503906,0.0007276535034179688,0.19435882568359375,0.001361846923828
20775,0.06487147013346355,0.00661468505859375,0.1333929697672526,0.020416259765625
20790,0.0128326416015625,0.28466796875,0.0024852752685546875,0.05206298828125
20795,1.5976276397705078,0.03741455078125,0.7020072937011719,0.0
20818,1.5971883138020833,0.0,0.703210194905599,0.0433502197265616
20820,3.9453531901041665,0.10693359375,2.010639190673828,0.0
20825,2.3624598185221353,0.0162353515625,1.3110281626383464,0.0
20855,2.5232137044270835,0.04632568359375,1.320569356282552,0.116455078125
20857,0.16345659891764322,0.005035400390625,0.012295405069986979,0.0032882690429687
20870,0.22063000996907553,0.04620361328125,0.0151519775390625,0.0269317626953125
20880,0.07240867614746094,0.0131072998046875,0.010779698689778646,0.0346069335937496
20885,0.17545445760091147,0.0223388671875,0.10753122965494792,0.3982696533203125
20890,0.11613623301188152,0.00021839141845703125,0.10469309488932292,0.003265380859375
20895,0.15740362803141275,0.08740234375,0.1268157958984375,0.023162841796875
20905,0.05395698547363281,0.001392364501953125,0.029984474182128906,0.000345230102539
20910,0.09606456756591797,0.0147552490234375,0.10260232289632161,0.4681167602539046
20925,0.07348155975341797,0.017425537109375,0.12625344594319662,0.17585754394531
20927,0.07343006134033203,0.0006036758422851562,0.12642288208007812,0.0037879943847656
20935,0.05723794301350912,0.064453125,0.056203206380208336,0.0254821777343748
20950,0.026070594787597656,0.0009555816650390625,0.0030994415283203125,0.0032997131347656
20957,0.02618694305419922,0.0083465576171875,0.0032717386881510415,0.0015945434570312
20960,0.0002266565958658854,0.0,0.0006376902262369791,0.0
20964,0.00041484832763671875,0.00041675567626953125,0.0008500417073567709,0.0072250366210936
20965,0.0007193883260091146,0.008392333984375,0.0013017654418945312,0.0031948089599605
20980,0.009325345357259115,0.0141143798828125,0.004113833109537761,0.0
20995,0.010284423828125,0.0120697021484375,0.004482587178548177,0.0076484680175781
21000,0.05379899342854818,0.0362548828125,0.014656702677408854,0.050735473632812
21010,0.04638671875,0.00513458251953125,0.01281134287516276,0.0070686340332031
21015,0.09772205352783203,0.03424072265625,0.05657545725504557,0.28650665283202886
21020,0.053760528564453125,0.0007925033569335938,0.045791308085123696,0.0038070678710937
21035,0.05261834462483724,0.0008144378662109375,0.045073509216308594,0.0033607482910156
21040,2.04546324412028,0.076416015625,0.2091182072957357,3.955106735229492
21041,2.045551300048828,0.00036716461181640625,0.20894273122151694,0.0031242370605468
21066,2.045499801635742,0.0,0.2086944580078125,0.0079803466796872
21071,0.0004978179931640625,0.00040340423583984375,0.0002361933390299479,0.007352828979492
21090,0.0008246103922526041,0.005279541015625,0.0012254714965820312,0.0054473876953125
21100,0.0008246103922526041,0.0,0.0012308756510416667,0.0511894226074203
21105,0.0052560170491536455,0.0203857421875,0.007876396179199219,0.05859375
21110,0.03825251261393229,0.014068603515625,0.1667140324910482,0.9805908203125
21113,0.038535753885904946,0.0059051513671875,0.16740926106770834,0.0033607482910156
21115,0.058219591776529946,0.0030364990234375,0.3974100748697917,0.0
21145,0.8333660761515299,0.0426025390625,0.4137725830078125,0.9242630004882563
21146,0.8330837885538737,4.76837158203125e-06,0.4130709966023763,0.0010147094726562
21150,0.8090639114379883,0.0151824951171875,0.1766239802042643,0.00262451171875
21182,0.0006914138793945312,0.0089874267578125,0.0012140274047851562,0.0033607482910156
21185,0.03736241658528646,0.013916015625,0.15245882670084634,0.582763671875
21190,0.045238494873046875,0.04931640625,0.15364964803059897,0.0060997009277342995
21195,0.046512603759765625,0.0008802413940429688,0.16084003448486328,0.04134178161621
21200,5.031976064046224,1.25390625,2.09911314646403,7.533203125
21202,5.026336034138997,0.000370025634765625,2.1132046381632485,0.34391784667968417
21205,5.030619939168294,0.02996826171875,2.1075146993001304,0.016937255859375
21208,0.008865992228190104,0.003936767578125,0.01825428009033203,0.0015754699707031
21210,0.006159464518229167,0.0,0.0026909510294596353,0.6649246215820104
21216,0.062744140625,0.0073699951171875,0.0013898213704427083,0.39615631103515286
21230,0.06271044413248698,0.0066986083984375,0.001736005147298177,0.0026054382324218
21240,0.09845892588297527,0.0012149810791015625,0.01923815409342448,0.0
21245,0.05920823415120443,0.023162841796875,0.020770708719889324,0.04168701171875
21254,0.05942058563232422,0.0115203857421875,0.02027734120686849,0.00262451171875
21260,0.7895107269287109,0.03143310546875,0.5009625752766927,0.0
21285,0.7816794713338217,0.00688934326171875,0.5054426193237305,0.056169509887694695
21305,0.8552376429239908,0.05145263671875,0.5112670262654623,0.1328849792480468
21310,0.32648245493570965,0.0662841796875,1.1624867121378581,7.2504425048828125
21320,0.7776934305826823,0.0213623046875,1.9065291086832683,0.97998046875
21330,0.7313540776570638,0.024169921875,1.9345442454020183,0.117431640625
21341,0.5065921147664388,0.006500244140625,0.7866032918294271,0.234375
21360,0.04272683461507162,0.005218505859375,0.03675301869710287,0.0
21380,0.018205642700195312,0.0005769729614257812,0.021845181783040363,0.1589317321777298
21390,5.477685928344727,0.0673828125,0.749025026957194,0.0
21410,5.478993733723958,0.0059051513671875,0.7530415852864584,0.0819244384765625
21416,5.475772857666016,0.00022220611572265625,0.73431396484375,0.0025100708007812
21435,0.00505828857421875,0.0005512237548828125,0.021738688151041668,0.10546875
21450,0.016138712565104168,0.026336669921875,0.01839129130045573,0.0094757080078124
21460,6.416248321533203,0.0521240234375,2.9190775553385415,0.0
21465,6.415696461995442,0.0126190185546875,2.903296152750651,0.0065078735351562
21475,6.491227467854817,0.0213623046875,2.9193687438964844,0.07882690429687321
21480,0.11439005533854167,0.0080718994140625,0.674414316813151,2.3359375
21503,0.14689509073893228,0.0421142578125,0.6952362060546875,0.0
21510,0.057197252909342446,0.00420379638671875,0.6779130299886068,0.00262451171875
21515,0.07742659250895183,0.068359375,0.02558581034342448,0.0476837158203125
21520,0.055916150410970054,0.0003833770751953125,0.10920461018880208,1.653793334960912
21530,0.0558923085530599,0.0009307861328125,0.1284351348876953,0.34375
21532,0.013547897338867188,0.008148193359375,0.12491130828857422,0.0033531188964843
21542,4.740136464436849,0.17138671875,1.23961607615153,0.0
21550,4.739380836486816,0.0007581710815429688,1.2198387781778972,0.0005674362182617
21562,4.738186836242676,0.0,1.2196598052978516,0.0036468505859374
21575,0.0027488072713216147,0.01934814453125,0.000568389892578125,0.00262451171875
21578,0.004700978597005208,0.00574493408203125,0.004244486490885417,0.0367431640625
21585,0.010061899820963541,0.04156494140625,0.005023956298828125,0.00390625
21590,0.008820851643880209,0.00640106201171875,0.004891713460286458,0.0017147064208984
21598,0.015555063883463541,0.0233154296875,0.004790941874186198,0.026292800903318998
21610,0.04220040639241537,0.03094482421875,0.022434234619140625,0.2297973632812497
21615,0.04099400838216146,0.003021240234375,0.0223697026570638,0.0013027191162109
21622,0.032833099365234375,0.0055084228515625,0.01878070831298828,0.0015811920166015
21625,0.7356901168823242,0.375,0.07612673441569011,0.35400390625
21635,0.761097272237142,0.0301513671875,0.09312661488850911,0.1286869049072246
21639,0.7605034510294596,0.0,0.09302012125651042,0.0
21705,0.02595361073811849,0.0081939697265625,0.017503102620442707,0.0017051696777343
21715,0.3209959665934245,0.001926422119140625,0.12441762288411458,0.600128173828056
21725,0.3481362660725911,0.0423583984375,0.13129425048828125,0.0401611328125
21755,0.3484764099121094,0.00688934326171875,0.13217926025390625,0.0054473876953125
21760,0.029370625813802082,0.05242919921875,0.00913238525390625,0.0037307739257812
21770,0.061648050944010414,0.011260986328125,0.0765380859375,0.4092292785644514
21780,0.7528584798177084,0.05413818359375,0.370941162109375,0.0
21785,1.0162556966145833,0.01953125,0.4590314229329427,0.2978515624999936
21795,0.9578901926676432,0.003620147705078125,0.38550249735514325,0.0
21805,0.2666269938151042,0.003997802734375,0.09041404724121094,0.026031494140625
21820,0.0303802490234375,0.208251953125,0.0053971608479817705,0.02862548828125
21825,0.2889181772867839,0.070556640625,0.237091064453125,0.05621337890625
21828,0.28831736246744794,0.0,0.23662344614664713,0.0033607482910156
21835,0.2605934143066406,0.027557373046875,0.24550914764404297,0.079559326171875
21845,0.19081751505533853,0.03607177734375,0.04283746083577474,0.1745643615722606
21860,0.19089667002360025,0.0006923675537109375,0.042969067891438804,0.0008001327514648
21866,0.1903244654337565,0.00026798248291015625,0.034744580586751304,0.050262451171875
21875,1.2763948440551758,0.0982666015625,0.24238046010335287,0.9575500488281166
21890,1.276358922322591,0.000743865966796875,0.24252033233642578,0.0018215179443359
21905,1.7867921193440754,0.125732421875,0.5590333938598633,1.6875
21945,0.5133838653564453,0.0008573532104492188,0.35404427846272785,0.41864013671875
21950,0.5215651194254557,0.03387451171875,0.35474713643391925,0.004880905151367
21956,0.010944048563639322,0.002597808837890625,0.03346665700276693,0.0015602111816406
21965,0.008541742960611979,0.00069427490234375,0.0012960433959960938,0.0014705657958984
21975,0.00041484832763671875,0.0009288787841796875,0.0005744298299153646,0.0018291473388671
21985,0.0009072621663411459,0.0015964508056640625,0.001525561014811198,0.0
22002,0.0011650721232096355,0.002620697021484375,0.0013373692830403645,0.0033607482910156
22003,0.0014972686767578125,0.00580596923828125,0.001311937967936198,0.0015373229980468
22020,0.009827931722005209,0.009613037109375,0.013973236083984375,0.077590942382812
22030,0.009531021118164062,0.000545501708984375,0.014027913411458334,0.0004968643188476
22045,0.009135246276855469,0.00061798095703125,0.014002799987792969,0.0033531188964843
22050,0.0004885991414388021,0.0008373260498046875,0.0014746983846028645,0.007810592651367
22055,0.19167677561442056,0.022552490234375,0.06450239817301433,0.0
22075,0.33318328857421875,0.127197265625,0.1666558583577474,0.3746337890625
22095,0.6029891967773438,0.05401611328125,0.2622782389322917,0.0099639892578125
22105,0.41628265380859375,0.03399658203125,0.2000910441080729,0.00628662109375
22107,0.2749449412027995,0.00777435302734375,0.09796682993570964,0.0015525817871093
22110,1.0074151357014973,0.13525390625,0.07403087615966797,0.5053367614745976
22115,1.0509942372639973,0.0667724609375,0.07545248667399089,0.0270080566406248
22144,1.060865084330241,0.001094818115234375,0.08311144510904948,0.123046875
22148,0.10463237762451172,0.012481689453125,0.03286170959472656,0.27813720703125
22155,0.11603069305419922,0.0755615234375,0.06733131408691406,0.0
22160,0.11643473307291667,0.03936767578125,0.06076812744140625,0.0116119384765625
22170,0.1393260955810547,0.0096435546875,0.094970703125,0.0
22180,0.08789889017740886,0.0499267578125,0.05858421325683594,0.0026054382324218
22190,0.07942390441894531,0.0006303787231445312,0.06777095794677734,0.0586223602294905
22210,0.010402679443359375,0.00860595703125,0.015677452087402344,0.017578125
22215,0.0023593902587890625,0.0003147125244140625,0.02286370595296224,0.02655029296875
22225,0.10747591654459636,0.028045654296875,0.11768849690755208,0.02099609375
22240,0.11276499430338542,0.00044536590576171875,0.18326663970947266,0.7776908874511659
22245,0.11274147033691406,0.0,0.17626539866129556,0.075679779052728
22260,0.07689476013183594,0.020599365234375,0.1548465092976888,0.4063301086425781
22263,0.07130368550618489,0.00027942657470703125,0.08460680643717448,0.00054931640625
22265,0.07440376281738281,0.018341064453125,0.08977190653483073,0.0404510498046874
22282,0.0061982472737630205,0.0008287429809570312,0.00838470458984375,1.40185546875
22285,0.25909678141276044,0.0845947265625,0.2497406005859375,0.8741455078125
22300,0.7138290405273438,0.017578125,0.5019721984863281,1.2633132934570188
22301,0.7126337687174479,0.024566650390625,0.4998588562011719,0.0026054382324218
22305,3.744054158528646,0.19189453125,1.1627108256022136,0.065261840820312
22311,3.286468187967936,0.00189208984375,0.9048048655192057,0.0015811920166015
22340,3.290160814921061,0.0626220703125,0.9056110382080078,0.0055923461914062
22345,0.05610370635986328,0.03350830078125,0.021170934041341145,0.0
22362,0.05626805623372396,0.01055908203125,0.021486282348632812,0.004241943359375
22370,0.24446487426757812,0.05706787109375,0.19228808085123697,0.02093505859375
22380,0.5537897745768229,0.0007944107055664062,1.648642857869466,54.4232177734375
22390,12.309157053629557,0.04913330078125,2.4050089518229165,13.046875
22395,12.147561073303223,0.02593994140625,2.2799558639526367,0.233306884765625
22401,11.787943204243978,0.0,0.8037954966227213,0.00335693359375
22405,0.038269996643066406,0.002231597900390625,0.08410453796386719,1.3349723815917969
22410,0.007398923238118489,0.0004291534423828125,0.03726895650227865,0.0599250793457014
22424,0.007998466491699219,0.0108489990234375,0.03746795654296875,0.0
22435,0.6840632756551107,0.30810546875,0.26131439208984375,1.3671875
22450,0.7081394195556641,0.005126953125,0.2837800979614258,0.16040802001952978
22455,0.7087300618489584,0.0009632110595703125,0.2907600402832031,0.042129516601562195
22490,0.02785778045654297,0.001750946044921875,0.032423973083496094,0.02886962890625
22494,0.0038226445515950522,0.00664520263671875,0.010142008463541666,0.0067825317382812
22495,0.17951234181722006,0.1077880859375,0.0035921732584635415,0.0
22500,0.7855148315429688,0.0689697265625,0.40936120351155597,0.0
22507,0.784454345703125,0.002086639404296875,0.40911197662353516,0.0007495880126953
22518,0.6080678304036459,0.0005998611450195312,0.40922387440999347,0.0062484741210936
22520,0.0009263356526692709,0.0004634857177734375,0.004461606343587239,0.0109405517578122
22525,1.4315039316813152,0.135986328125,0.08820215861002605,0.36146926879882507
22540,1.4311545689900715,0.0008649826049804688,0.08828989664713542,0.0062370300292968
22555,1.435487429300944,0.04351806640625,0.0869293212890625,0.0095977783203124
22565,0.006826718648274739,0.002300262451171875,0.003993670145670573,0.0037422180175779
22570,0.011280695597330729,0.05853271484375,0.006780942281087239,0.018218994140625
22582,0.0067895253499348955,0.0,0.004574139912923177,21.240234375
22590,0.013905843098958334,0.016632080078125,0.005201021830240886,0.0
22595,0.00950781504313151,0.003322601318359375,0.004727999369303386,0.026031494140625
22600,0.10105037689208984,0.0565185546875,0.03438790639241537,0.03985595703125
22605,0.21953487396240234,0.0386962890625,0.12278238932291667,1.59912109375
22608,0.21933555603027344,8.58306884765625e-06,0.11963939666748047,0.0015792846679687
22629,0.1281261444091797,0.0086822509765625,0.0902407964070638,0.0015792846679687
22640,0.00037097930908203125,0.002582550048828125,0.0011046727498372395,0.0033645629882812
22652,0.00037034352620442707,0.0,0.05252520243326823,4.0050048828125
22655,0.06650447845458984,0.0151214599609375,0.06674512227376302,0.0722579956054671
22680,0.17527262369791666,0.02947998046875,0.08228810628255208,0.0
22681,0.17527262369791666,0.0,0.03087139129638672,0.0015316009521484
22690,3.6612548828125,0.084228515625,0.18542893727620444,0.978469848632803
22695,3.555150349934896,0.028472900390625,0.17138067881266275,0.0
22707,3.6250279744466147,0.016265869140625,0.22031275431315103,0.2053680419921832
22725,0.07600657145182292,0.031982421875,0.052776336669921875,0.01171875
22740,0.07509485880533855,0.001613616943359375,0.06440353393554688,0.722900390625
22742,0.019120534261067707,0.00379180908203125,0.015743573506673176,0.0626907348632807
22755,0.022787729899088543,0.016387939453125,0.015765825907389324,0.00787353515625
22770,0.02230040232340495,0.0014820098876953125,0.005709330240885417,0.0186824798583975
22785,0.010228157043457031,0.0019474029541015625,0.009858131408691406,0.032539367675781
22795,0.0032478968302408853,0.0088043212890625,0.008931795756022135,0.0033645629882812
22810,0.011793136596679688,0.081787109375,0.013189951578776041,0.19580078125
22830,0.019562403361002605,0.014984130859375,0.016902923583984375,0.0460052490234375
22835,0.019957860310872395,0.004425048828125,0.016492525736490887,0.0018272399902343
22840,0.15128517150878906,0.04608154296875,0.16001669565836588,0.56195068359375
22860,0.17708524068196616,0.030059814453125,0.17687765757242838,0.10955810546875
22870,0.1914831797281901,0.0009632110595703125,0.1832733154296875,0.0336065292358292
22895,0.05050436655680338,0.0015411376953125,0.03266716003417969,0.004720687866210899
22900,0.015143712361653646,0.001171112060546875,0.007873217264811197,0.0033607482910156
22905,0.0023587544759114585,0.00453948974609375,0.007334073384602864,0.04205322265625
22930,0.0060812632242838545,0.0011730194091796875,0.011192639668782553,0.0
22932,0.0063215891520182295,0.0090789794921875,0.011191368103027344,0.0007715225219726
22935,0.0046329498291015625,0.00560760498046875,0.005298296610514323,0.0009126663208007
22936,0.0007575352986653646,0.00034046173095703125,0.0004469553629557292,0.0009126663208007
22950,0.7189455032348633,0.046875,1.390581448872884,3.5078125
22952,0.7241633733113607,0.003253936767578125,1.3981974919637044,1.4111328125
22955,0.7449642817179362,0.021636962890625,1.425559361775716,0.1007080078125
22975,0.0426031748453776,0.0013427734375,0.12930170694986978,10.94677734375
22980,0.0375518798828125,0.0059661865234375,0.12252171834309895,0.0070724487304687
23005,0.01693566640218099,0.0066070556640625,0.09537919362386067,0.0
23020,0.0032669703165690103,0.0005521774291992188,0.01454003651936849,0.0569419860839829
23050,0.16330750783284506,0.03106689453125,0.17009194691975912,0.7836685180664006
23060,0.16458447774251303,0.0008268356323242188,0.17125765482584634,0.0
23070,0.16309611002604166,0.005706787109375,0.15831629435221353,0.0015945434570312
23080,0.08844757080078125,0.064453125,0.05181248982747396,0.2501831054687488
23085,0.08698463439941406,0.002178192138671875,0.05062103271484375,0.0037918090820312
23098,0.08663558959960938,0.008331298828125,0.050594329833984375,0.0016078948974609
23100,0.00139617919921875,0.00481414794921875,0.0007540384928385416,0.0052108764648437
23105,0.030640602111816406,0.00457000732421875,0.17030207316080728,0.0
23120,0.05523522694905599,0.209228515625,0.17950121561686197,0.0683059692382812
23130,0.07307497660319011,0.001155853271484375,0.5369180043538412,0.0
23132,0.06656297047932942,0.023529052734375,0.37202199300130206,0.0299720764160154
23150,0.04237079620361328,0.0017642974853515625,0.3684851328531901,0.06600952148437439
23157,0.024100621541341145,0.008148193359375,0.011435190836588541,0.0033454895019531
23165,0.0023632049560546875,0.0007162094116210938,0.0076961517333984375,0.0
23185,0.0042591094970703125,0.002025604248046875,0.009440739949544271,0.0
23215,0.2570482889811198,0.023193359375,0.09092203776041667,0.548675537109375
23220,0.25607840220133465,0.0006160736083984375,0.09029897054036458,0.0042037963867187
23230,0.25474802652994794,0.0007143020629882812,0.08725166320800781,0.08203125
23235,0.034838358561197914,0.02215576171875,0.06502469380696614,0.3315429687499968
23237,0.03477191925048828,0.0,0.06455834706624348,0.0
23245,0.09340922037760417,0.022125244140625,0.07785193125406902,0.123504638671875
23265,0.09366861979166667,0.03143310546875,0.021343549092610676,0.0157756805419914
23270,0.192474365234375,0.04217529296875,0.30875396728515625,4.1099090576171875
23275,0.1324294408162435,0.00762939453125,0.2916005452473958,0.0033607482910156
23290,1.1583744684855144,0.279296875,0.3664754231770833,0.814208984375
23291,1.0624224344889324,0.000377655029296875,0.09107780456542969,0.39874267578125
23307,1.0622612635294597,0.0,0.09040387471516927,0.49333190917968356
23330,0.05099010467529297,0.1043701171875,0.03870709737141927,0.0133819580078125
23360,0.19307454427083334,0.012420654296875,0.23152923583984375,1.0431365966796737
23385,0.22376378377278647,0.00606536865234375,0.24128150939941406,0.0
23390,0.17586580912272134,0.007080078125,0.21509742736816406,0.0037765502929687
23392,0.030927658081054688,0.0,0.10446103413899739,1.800537109375
23405,0.023177464803059895,0.013885498046875,0.1030133565266927,0.0164222717285151
23410,0.02370897928873698,0.0062103271484375,0.10320377349853516,0.0
23415,1.0154183705647786,0.05389404296875,0.08330313364664714,0.3465232849120994
23430,2.9226551055908203,0.1221923828125,0.20262591044108072,0.686004638671875
23441,2.9218851725260415,0.0,0.20241832733154297,0.0
23460,1.9309695561726887,0.0007696151733398438,0.1346858342488607,0.211151123046875
23505,0.0257418950398763,0.04205322265625,0.009267171223958334,0.0390625
23510,0.026007652282714844,0.002056121826171875,0.009321848551432291,0.0071640014648436
23518,0.027054468790690105,0.0074310302734375,0.00562286376953125,0.0390625
23520,0.002284367879231771,0.001384735107421875,0.004239400227864583,0.013671875
23547,0.0022401809692382812,0.0018138885498046875,0.0056133270263671875,0.019195556640625
23548,0.00039958953857421875,0.0,0.0027176539103190103,0.001657485961914
23550,0.0002772013346354167,0.0005178451538085938,0.0019671122233072915,0.0011234283447265
23555,4.90343697865804,0.07568359375,0.34347788492838544,1.4787178039550453
23557,4.906304359436035,0.002285003662109375,0.3552408218383789,0.0958404541015625
23559,4.913125356038411,0.0494384765625,0.3560142517089844,0.05181884765625
23570,0.02757422129313151,0.01861572265625,0.020221710205078125,0.0633239746093748
23574,0.02526696523030599,0.0041961669921875,0.008517901102701822,0.0011558532714843
23575,0.03619798024495443,0.006683349609375,0.06402810414632161,0.0
23590,0.01887798309326172,0.001953125,0.06506188710530598,0.0
23610,0.47205320994059247,0.034423828125,0.1031341552734375,0.328125
23620,0.5307989120483398,0.02362060546875,0.09291839599609375,0.30621337890625
23630,0.5354461669921875,0.01202392578125,0.10497283935546875,0.076080322265625
23635,0.0925750732421875,0.03271484375,0.0730743408203125,0.0252227783203125
23640,0.37047068277994794,0.095947265625,0.8186111450195312,0.1358795166015624
23641,0.36548296610514325,0.0083160400390625,0.7984116872151693,0.0033531188964843
23650,0.38160260518391925,0.14892578125,0.7945257822672526,0.0
23651,0.03361701965332031,0.003223419189453125,0.003726959228515625,0.0045623779296875
23676,0.033447265625,0.0,0.003367741902669271,0.0037879943847656
23680,0.020282745361328125,0.023590087890625,0.019417444864908855,0.0694580078124992
23688,0.015040079752604166,0.0124053955078125,0.018603006998697918,0.0010337829589843
23690,0.015207926432291666,0.0010967254638671875,0.01928234100341797,0.0048236846923827
23710,0.033289591471354164,0.01947021484375,0.005173047383626302,0.0551147460937488
23713,0.03422705332438151,0.000759124755859375,0.0051161448160807295,0.008277893066404701
23720,0.03411038716634115,0.0007295608520507812,0.0046469370524088545,0.0033531188964843
23726,0.0024112065633138022,0.0016689300537109375,0.00044345855712890625,0.0033416748046875
23730,0.008350372314453125,0.025665283203125,0.0059604644775390625,0.0
23745,0.008442878723144531,0.001369476318359375,0.02768230438232422,0.0843505859375
23760,0.3260307312011719,0.0113067626953125,0.22657267252604166,0.0
23785,0.3663037618001302,0.06158447265625,0.22428512573242188,0.0382232666015625
23795,0.4063841501871745,0.0606689453125,0.2458658218383789,0.1476554870605468
23810,3.5501524607340493,0.111572265625,4.868872006734212,15.584518432617188
23819,3.505001703898112,0.0107269287109375,4.866187731424968,0.0036468505859374
23840,3.4648523330688477,0.0014629364013671875,4.822807629903157,0.0006685256958007
23857,0.00807793935139974,0.020965576171875,0.012698173522949219,0.1607666015625
23870,0.03251107533772787,0.017608642578125,0.01720396677652995,0.0218086242675781
23871,0.032886505126953125,0.0069732666015625,0.017400105794270832,0.0033378601074218
23885,0.028500874837239582,0.00719451904296875,0.005764961242675781,0.0033645629882812
23888,0.006738026936848958,0.0350341796875,0.0030902226765950522,0.02667236328125
23895,0.012365341186523438,0.003871917724609375,0.018040021260579426,0.20582962036132219
23905,0.015362421671549479,0.00673675537109375,0.04160753885904948,0.4193115234375
23915,0.01016076405843099,0.0015048980712890625,0.039528210957845054,0.001883506774902
23929,0.005036989847819011,0.006805419921875,0.02457141876220703,0.0016517639160156
23935,0.01946417490641276,0.05615234375,0.0016489028930664062,0.0
23960,0.01944128672281901,0.0006322860717773438,0.004405021667480469,0.035011291503905605
23965,0.01861254374186198,0.001743316650390625,0.004431088765462239,0.001657485961914
23968,0.002013524373372396,0.0093536376953125,0.004298845926920573,0.0
23982,0.001552263895670573,0.007904052734375,0.0014864603678385417,0.0015430450439453
23985,0.005160967508951823,0.0009469985961914062,0.012238820393880209,0.0878562927246087
24015,0.2775023778279622,0.071533203125,0.04884211222330729,0.27191162109375
24060,1.4209750493367512,0.04046630859375,0.14438311258951822,0.4220809936523316
24065,6.8425038655598955,0.0655517578125,3.4607365926106772,12.736846923828125
24115,7.887603759765625,0.05621337890625,3.5203895568847656,3.142059326171875
24120,7.4195200602213545,0.011505126953125,8.46081797281901,31.962921142578125
24153,1.9948495229085286,0.006927490234375,5.133555094401042,0.0078125
24175,3.9727344512939453,0.30615234375,5.162953694661458,0.60650634765625
24190,3.5500710805257163,0.0865478515625,0.2034327189127604,0.546661376953125
24208,3.549689610799154,0.0095977783203125,0.20357449849446616,0.0017414093017578
24219,0.253140131632487,0.0,0.07718785603841145,0.003049850463867
24225,0.06704775492350261,0.0109710693359375,0.05322265625,0.9311981201171792
24250,0.06683731079101562,0.0,0.053141276041666664,0.06640625
24255,1.0031166076660156,0.201416015625,0.7416006724039713,2.49755859375
24265,1.9961751302083333,0.0633544921875,0.7917957305908203,4.3125
24280,2.0304641723632812,0.00150299072265625,0.8156789143880209,0.0
24282,1.0944217046101887,0.0079803466796875,0.12756919860839844,0.0016460418701171
24288,0.03479480743408203,0.00188446044921875,0.02466615041097005,0.0033302307128906
24290,0.029207547505696613,0.021484375,0.004862785339355469,0.0206336975097654
24295,0.05255826314290365,0.01361083984375,0.17030811309814453,0.518035888671875
24300,0.05265045166015625,0.0042724609375,0.17082532246907553,0.0
24310,0.025079091389973957,0.002895355224609375,0.168487548828125,0.0
24315,0.008424123128255209,0.020233154296875,0.004525502522786458,0.0024604797363281
24325,0.012549082438151041,0.046875,0.0072104136149088545,0.0
24329,0.011667887369791666,0.0017223358154296875,0.00521087646484375,0.0033645629882812
24333,0.004735310872395833,0.0,0.0033642450968424478,0.0
24335,0.2176055908203125,0.0892333984375,0.18206501007080078,0.0
24345,0.32939910888671875,0.029205322265625,0.2496334711710612,0.3233108520507812
24350,0.7315451304117838,0.0113677978515625,0.6853828430175781,1.555892944335925
24390,0.5283870697021484,0.0625,0.5367851257324219,0.203094482421875
24394,1.6418209075927734,0.020233154296875,0.9862047831217448,1.7558364868163754
24395,1.243194580078125,0.01806640625,0.5508658091227213,0.001953125
24405,1.2520675659179688,0.13623046875,0.5198853810628256,0.0130157470703125
24408,0.026590983072916668,0.0,0.0029020309448242188,0.0
24420,0.08630879720052083,0.01763916015625,0.013995170593261719,0.0523948669433578
24430,0.08505312601725261,0.1068115234375,0.014050801595052084,0.0016098022460937
24440,0.08781496683756511,0.017364501953125,0.014574368794759115,0.00262451171875
24450,0.02473767598470052,0.00115966796875,0.0035419464111328125,0.0049610137939452
24460,1.6889877319335938,0.137451171875,0.9565070470174154,0.2212677001953125
24480,1.6872374216715496,0.0005550384521484375,1.085420290629069,0.4192657470703125
24505,1.689510981241862,0.016448974609375,1.0854015350341797,0.00262451171875
24511,0.003445307413736979,0.0,0.16712315877278647,4.804252624511661
24520,0.011870702107747396,0.0122833251953125,0.06227588653564453,0.2496109008789018
24530,0.009875297546386719,0.0019359588623046875,0.0637515385945638,0.0122566223144526
24535,0.010105450948079428,0.00122833251953125,0.02692572275797526,0.0
24540,0.06154092152913412,0.02789306640625,0.01670392354329427,0.050437927246093195
24555,0.07967122395833333,0.00585174560546875,0.03340593973795573,0.084693908691402
24560,0.08770116170247395,0.05938720703125,0.036870320638020836,0.044677734375
24563,0.026996612548828125,0.00460052490234375,0.02272319793701172,0.0032882690429687
24570,0.14624532063802084,0.01568603515625,0.06149705251057943,0.116485595703125
24574,0.163116455078125,0.0008401870727539062,0.10071976979573567,1.564727783203125
24580,0.1642608642578125,0.00051116943359375,0.10499191284179688,0.029434204101561598
24590,19.983474731445312,0.0692138671875,12.044654846191406,0.0
24618,19.99164581298828,0.023040771484375,12.009021759033203,0.1563262939453125
24632,19.99743398030599,0.03741455078125,12.00833002726237,0.04669189453125
24636,0.040402730305989586,0.0,0.01130072275797526,0.0
24655,0.035565694173177086,0.018402099609375,0.05616537729899088,0.2265472412109375
24660,0.028882980346679688,0.004364013671875,0.06114482879638672,0.029296875
24665,0.028882980346679688,0.0,0.06112861633300781,0.0
24680,0.0527197519938151,0.02679443359375,0.021093368530273438,0.044334411621093105
24760,0.052886962890625,0.0149688720703125,0.012746175130208334,0.0052108764648437
24765,3.9274040857950845,0.12841796875,0.3357423146565755,1.3929481506347647
24780,3.882934888203939,0.0007543563842773438,0.7767810821533203,1.728515625
24785,3.8845319747924805,0.0012836456298828125,0.7908484141031901,0.1020927429199194
24790,0.010338465372721354,0.015899658203125,0.4680763880411784,0.0033493041992187
24800,0.008212407430013021,0.029022216796875,0.019956270853678387,0.06243896484375
24820,0.0065186818440755205,0.0006694793701171875,0.005970954895019531,0.0
24859,0.0066839853922526045,0.0031280517578125,0.005733172098795573,0.0006742477416992
24865,0.0010124842325846355,0.00011444091796875,0.0007368723551432291,0.0029792785644531
24880,0.06210613250732422,0.018035888671875,0.08573341369628906,0.4292297363281192
24885,0.4313071568806966,0.00641632080078125,0.43398888905843097,1.3661499023437391
24890,0.43168385823567706,0.000946044921875,0.43425528208414715,0.0
24899,3.300298055013021,0.01983642578125,0.8264309565226237,5.355979919433552
24925,3.0922088623046875,0.1129150390625,0.552617073059082,0.0
24935,3.1706136067708335,0.041015625,0.5756193796793619,0.0858917236328125
24940,0.24332173665364584,0.013671875,0.0987396240234375,0.0061264038085936
24945,0.08172098795572917,0.0,0.02428913116455078,0.0615234375
24950,0.0038274129231770835,0.000537872314453125,0.0018701553344726562,0.0
24970,0.00919342041015625,0.0166015625,0.0017795562744140625,0.0
24985,0.6224136352539062,0.1015625,0.027684847513834637,0.32684326171875
24995,0.6397577921549479,0.0030364990234375,0.04358832041422526,0.1146392822265592
25005,0.6387399037679037,0.0440673828125,0.045567830403645836,0.0036125183105468
25010,0.02588335673014323,0.003765106201171875,0.019730567932128906,0.000802993774414
25015,0.017904281616210938,0.010162353515625,0.01118310292561849,0.03515625
25025,0.013963063557942709,0.02362060546875,0.011008262634277344,0.03204345703125
25030,0.12693150838216147,0.025543212890625,0.09173838297526042,0.523681640625
25035,0.18896993001302084,0.07177734375,0.10671297709147136,0.080841064453125
25045,0.1866143544514974,0.0009975433349609375,0.10514767964680989,0.0
25050,0.07386716206868489,0.0011959075927734375,0.030851364135742188,0.0
25055,0.0016508102416992188,0.000965118408203125,0.008007685343424479,0.02081298828125
25060,0.03692976633707682,0.001308441162109375,0.3324260711669922,4.45684814453125
25075,1.1611693700154622,0.00438690185546875,1.3386573791503906,3.9290199279784384
25085,1.1680994033813477,0.065185546875,1.3447513580322266,0.0571327209472656
25092,1.131864865620931,0.0,1.0194155375162761,0.5114364624023375
25100,0.0076669057210286455,0.0013408660888671875,0.008705774943033854,0.0164108276367183
25115,0.0008716583251953125,0.0011997222900390625,0.0026330947875976562,0.015655517578125
25135,0.012376785278320312,0.021636962890625,0.004984855651855469,0.0103797912597654
25150,0.011894543965657553,0.0007867813110351562,0.0034170150756835938,0.0072250366210936
25155,0.012672742207845053,0.001155853271484375,0.007192929585774739,0.11328125
25210,0.0014047622680664062,0.00580596923828125,0.004938443501790364,0.0020751953125
25239,0.0013402303059895833,0.00047969818115234375,0.004511197408040364,0.0017509460449218
25255,0.00038242340087890625,0.0006494522094726562,0.00045299530029296875,0.0017585754394531
25270,0.0006818771362304688,0.003814697265625,0.0014816919962565105,0.0416259765625
25280,0.0016883214314778645,0.0008029937744140625,0.0025211970011393228,0.0
25315,0.29495779673258465,0.0296630859375,0.029968897501627605,0.1260681152343696
25325,0.4456510543823242,0.018402099609375,0.05053265889485677,0.1028079986572259
25400,5.2434539794921875,0.088134765625,0.44748814900716144,1.6196250915527204
25410,5.054969787597656,0.019805908203125,0.4588807423909505,0.0
25415,4.903881708780925,0.0005350112915039062,0.4375603993733724,0.00567626953125
25420,0.12499682108561198,0.00405120849609375,0.06825447082519531,0.1940765380859375
25440,0.025415420532226562,0.01611328125,0.030050913492838543,0.0
25450,0.07996114095052083,0.088134765625,0.07533899943033855,0.16650390625
25455,0.06617482503255208,0.020233154296875,0.06676101684570312,0.07965087890625
25460,0.07504526774088542,0.023406982421875,0.0687103271484375,0.0177001953125
25500,0.11058807373046875,0.0982666015625,0.061426798502604164,0.1953125
25535,0.10473187764485677,0.02001953125,0.04257329305013021,0.020843505859375
25560,0.35007286071777344,0.03338623046875,0.4254010518391927,0.0
25595,0.25990740458170575,0.0006961822509765625,0.3898480733235677,0.014007568359375
25610,0.2727540334065755,0.0007085800170898438,0.4268500010172526,0.232028961181635
25615,0.10276095072428386,0.0513916015625,0.08694775899251302,0.2467193603515625
25625,1.3251895904541016,0.110107421875,0.4278748830159505,1.3210983276367085
25640,1.4105952580769856,0.059326171875,0.4419705073038737,0.6507873535156229
25648,2.264100710550944,0.128173828125,0.5289634068806967,0.9516906738281159
25665,1.0785334904988606,0.021240234375,0.19731998443603516,0.0415420532226557
25695,1.0677719116210938,0.021453857421875,0.1702143351236979,0.55078125
25700,0.12557665506998697,0.002002716064453125,0.03813997904459635,0.0
25765,0.0888684590657552,0.00391387939453125,0.026498158772786457,0.0021018981933593
25780,0.21769078572591147,0.0703125,0.041272481282552086,0.2304840087890625
25781,0.21689287821451822,0.0,0.0409552256266276,2.949356079101534
25790,0.21852874755859375,0.00359344482421875,0.04099591573079427,0.0024204254150388
25805,0.05163701375325521,0.0114898681640625,0.05156135559082031,0.31160736083984136
25850,0.13129806518554688,0.02874755859375,0.1280371348063151,0.0059051513671875
25855,0.13355127970377603,0.0019283294677734375,0.13079961140950522,0.0
25860,0.09325917561848958,0.1689453125,0.08702596028645833,0.0
25870,0.019406636555989582,0.01947021484375,0.011226654052734375,0.0052490234375
25890,0.0693359375,0.0513916015625,0.0444793701171875,0.0061874389648436
25910,0.065887451171875,0.00440216064453125,0.049352010091145836,0.164794921875
25920,0.09793599446614583,0.120849609375,0.05277442932128906,0.0175094604492185
25923,0.06827290852864583,0.142822265625,0.019025802612304688,0.016876220703125
25930,0.06232007344563802,0.0005941390991210938,0.007601420084635417,0.0019149780273436
25935,0.025108973185221355,0.010650634765625,0.003371556599934896,0.0
25955,0.7303651173909506,0.03558349609375,0.16041119893391928,0.6726875305175718
25975,0.7634836832682291,0.0694580078125,0.16266759236653647,0.0007667541503904
25980,3.2089640299479165,0.1004638671875,2.5097084045410156,3.031219482421875
25985,2.550237019856771,0.05718994140625,2.3900273640950522,0.0
26005,2.517337163289388,0.0005788803100585938,2.417180379231771,0.097503662109375
26025,0.07129478454589844,0.0004825592041015625,0.07042757670084636,0.0097274780273436
26030,0.0010458628336588542,0.009033203125,0.03903007507324219,0.029296875
26045,0.003936767578125,0.025146484375,0.011645634969075521,0.008880615234375
26050,0.011783599853515625,0.0016651153564453125,0.021291097005208332,0.2109375
26065,0.011663118998209635,0.0005435943603515625,0.013184229532877604,0.0
26088,0.212770144144694,0.00041484832763671875,0.06841595967610677,0.6150770187376091
26108,0.24060185750325522,0.0003643035888671875,0.07547950744628906,0.8661632537841576
26110,0.2449153264363607,0.00713348388671875,0.07621033986409505,0.009132385253905799
26127,0.04063638051350912,0.0002460479736328125,0.018712997436523438,0.0016155242919921
26135,0.8678776423136393,0.07861328125,0.6610126495361328,2.387420654296875
26150,1.0559021631876628,0.1087646484375,0.8619108200073242,0.0
26175,1.0559574762980144,0.0007152557373046875,0.8619581858317057,0.0
26190,0.1937739054361979,0.0048828125,0.20316028594970703,0.019386291503906097
26200,0.003043492635091146,0.001834869384765625,0.0025313695271809897,0.0
26207,0.1766821543375651,0.01763916015625,0.05907853444417318,0.3247833251953125
26230,0.1761624018351237,0.003696441650390625,0.05851205190022787,0.0006008148193359
26240,0.17467021942138672,0.0005054473876953125,0.05946063995361328,0.019302368164062
26254,0.006865501403808594,0.0011234283447265625,0.01787281036376953,0.0633773803710924
26280,3.102985382080078,0.1103515625,2.357677459716797,14.9273681640625
26300,3.1052627563476562,0.03094482421875,2.358226776123047,0.019523620605468597
26310,3.220867156982422,0.05621337890625,2.3783582051595054,0.3612060546875
26317,0.12444686889648438,0.0,0.03847344716389974,0.0
26340,7.90981928507487,0.05572509765625,185.63648637135825,805.3393135070801
26345,7.7883405685424805,0.001033782958984375,185.60152753194174,0.0015163421630859
26395,7.788540204366048,0.002651214599609375,185.60240904490152,0.0032539367675781
26405,0.0003045399983723958,0.000911712646484375,0.001537640889485677,0.07666015625
26435,0.001800855000813802,0.020416259765625,0.0021870930989583335,0.0082244873046875
26440,0.01137383778889974,0.027008056640625,0.011402765909830729,0.0431137084960937
26446,0.026390711466471355,0.00072479248046875,0.06117566426595052,0.0
26450,0.07343610127766927,0.0926513671875,0.09443219502766927,0.125
26455,0.0676561991373698,0.031982421875,0.08570353190104167,0.0069351196289062
26480,0.17475128173828125,0.0914306640625,0.056371053059895836,0.0973949432373043
26494,0.13610140482584634,0.0062408447265625,0.029114405314127605,3.265380859375
26495,0.13724072774251303,0.0440673828125,0.02884356180826823,0.0050048828125
26500,0.2543468475341797,0.0277099609375,0.2977193196614583,1.2300052642822237
26525,0.2456181844075521,0.0005540847778320312,0.43658892313639325,0.468017578125
26540,0.26795196533203125,0.010009765625,0.4570624033610026,0.0937957763671866
26555,0.030520121256510418,0.0080108642578125,0.1688206990559896,0.0134735107421872
26560,0.029314676920572918,0.0,0.02307446797688802,0.0078125
26585,0.0028978983561197915,0.009552001953125,0.002440770467122396,0.0104217529296874
26660,0.021854400634765625,0.0034027099609375,0.05092048645019531,0.0
26670,0.04230276743570963,0.0005578994750976562,0.07386970520019531,0.0
26685,0.045149803161621094,0.00373077392578125,0.08334922790527344,0.0701065063476549
26693,0.024521827697753906,0.0074920654296875,0.03383064270019531,0.0015716552734375
26709,0.0040734608968098955,0.0,0.010876019795735678,0.0016231536865234
26715,0.0035495758056640625,0.00516510009765625,0.0011345545450846355,0.0
26720,0.0034106572469075522,0.0006742477416992188,0.0008319218953450521,0.0
26730,0.0035556157430013022,0.00030040740966796875,0.0014972686767578125,0.0
26745,0.010349591573079428,0.00466156005859375,0.006186167399088542,0.048637390136718
26750,0.010458946228027344,0.0009708404541015625,0.006259918212890625,0.0
26770,0.4175405502319336,0.1875,0.17240333557128906,0.0
26775,0.4836886723836263,0.0009822845458984375,2.972296396891276,10.716796875
26780,0.48444875081380206,0.00072479248046875,2.9752273559570312,0.0205879211425776
26845,0.08504486083984375,0.0631103515625,2.8114649454752603,0.036376953125
26860,0.009374300638834635,0.00107574462890625,0.047375996907552086,0.0
26870,0.033107757568359375,0.00170135498046875,0.1877924601236979,0.514469146728511
26875,0.0694262186686198,0.003704071044921875,0.25496546427408856,0.5912170410156244
26880,0.06967385609944661,0.00568389892578125,0.2139927546183268,0.001016616821289
26890,0.04607391357421875,0.003040313720703125,0.07140159606933594,0.0
26943,0.14851888020833334,0.026763916015625,0.028387069702148438,0.1086807250976535
26970,0.15064493815104166,0.0064239501953125,0.03211561838785807,0.0173492431640625
26975,17.041606585184734,0.27197265625,4.660260518391927,25.939834594726562
27040,16.89648501078288,0.001255035400390625,4.634206453959147,0.0
27060,18.0621280670166,0.02789306640625,4.771303494771321,0.728515625
27065,1.1707353591918945,0.001354217529296875,0.14629713694254556,0.0299377441406248
27085,1.2514241536458333,0.0850830078125,0.17548052469889322,0.140625
27090,0.08436075846354167,0.016326904296875,0.035708109537760414,0.0109710693359375
27100,0.08811442057291667,0.0028228759765625,0.03388214111328125,0.0133056640624992
27105,0.047526041666666664,0.123291015625,0.02210235595703125,0.0
27110,7.621856689453125,0.21923828125,0.32916259765625,1.547042846679673
27120,7.635415712992351,0.0460205078125,0.3484773635864258,0.16062736511230238
27124,7.639929135640462,0.00144195556640625,0.34934647878011066,0.11526679992671601
27140,0.0709835688273112,0.00046253204345703125,0.062361717224121094,0.1980133056640568
27167,0.06079546610514323,0.0002117156982421875,0.04936790466308594,1.234375
27175,0.025967915852864582,0.0633544921875,0.03200658162434896,0.0135345458984375
27180,0.0992266337076823,0.169921875,0.03399022420247396,0.195068359375
27185,0.14070447285970053,0.0040283203125,0.21463775634765625,0.0
27190,0.13217480977376303,0.016448974609375,0.21707661946614584,0.01593017578125
27210,2.451775232950846,0.0794677734375,0.9137598673502604,3.6304931640625
27220,2.434056599934896,0.0616455078125,0.727026621500651,0.019844055175781097
27240,2.47894287109375,0.02020263671875,0.757569948832194,0.1339874267578125
27310,1.138671875,0.0904541015625,0.44551753997802734,1.7841796875
27320,5.903706868489583,0.04974365234375,0.8568296432495117,1.8930282592773016
27335,6.338582356770833,0.033447265625,0.9134521484375,0.472412109375
27338,5.279012044270833,0.0,0.5056953430175781,0.00347900390625
27360,0.488525390625,0.013702392578125,0.09322102864583333,0.0143280029296872
27383,0.0063317616780598955,0.0003261566162109375,0.0017652511596679688,0.01837158203125
27400,0.006734212239583333,0.00927734375,0.007900555928548178,0.022064208984375
27415,0.0009444554646809896,0.001384735107421875,0.006868998209635417,0.0
27435,0.00911871592203776,0.1060791015625,0.007295926411946614,0.0045547485351562
27440,0.04720910390218099,0.130126953125,0.006787300109863281,0.02410888671875
27445,0.06322224934895833,0.01824951171875,0.009785970052083334,0.0157470703125
27455,0.05489285786946615,0.006256103515625,0.010318756103515625,0.005828857421875
27470,0.4464232126871745,0.03411865234375,0.847100575764974,0.0
27490,0.4498106638590495,0.0655517578125,0.8548291524251302,0.09619140625
27510,0.4637349446614583,0.09375,0.8591817220052084,0.03125
27515,0.05096435546875,0.1158447265625,0.025716145833333332,0.06219482421875
27578,0.12452316284179688,0.00276947021484375,0.06734402974446614,0.0
27600,0.13268661499023438,0.01348876953125,0.07351493835449219,0.0501937866210929
27646,0.11559613545735677,0.00045108795166015625,0.06443214416503906,0.002033233642578
27657,0.02270666758219401,0.0005998611450195312,0.012663523356119791,0.0455474853515625
27665,0.007849693298339844,0.0047454833984375,0.0032246907552083335,0.0275573730468744
27675,0.01798534393310547,0.021636962890625,0.012431144714355469,0.0578651428222656
27700,0.01772626241048177,0.0007352828979492188,0.012935956319173178,0.0048675537109375
27711,0.010852177937825521,0.0003681182861328125,0.010696729024251303,0.0130157470703124
27732,0.0010229746500651042,0.004669189453125,0.0016412734985351562,0.00152587890625
27740,0.02284558614095052,0.00592041015625,0.2520812352498372,1.1917724609374896
27755,0.024269739786783855,0.008636474609375,0.2554318110148112,0.0132751464843748
27770,0.35736846923828125,0.01617431640625,0.36070505777994794,1.2204132080078125
27780,0.3397102355957031,0.0096282958984375,0.11211268107096355,0.0390625
27805,0.3407815297444661,0.003505706787109375,0.11173629760742188,0.0201873779296875
27810,1.6472899119059246,0.112548828125,0.016933441162109375,0.0
27821,1.6433213551839192,0.0047149658203125,0.014356295267740885,0.0078163146972654
27835,2.6211636861165366,0.030853271484375,0.22617435455322266,1.4512844085693344
27845,0.9813620249430338,0.008087158203125,0.21619129180908203,0.0033760070800781
27860,0.9834753672281901,0.009368896484375,0.21828651428222656,0.0
27865,0.07994778951009114,0.02642822265625,0.06867345174153645,0.0
27866,0.07967376708984375,0.0,0.06798617045084636,0.0711135864257793
27890,4.969573974609375,0.0684814453125,5.429649988810222,19.423828125
27895,4.892720540364583,0.0006017684936523438,5.397072474161784,0.1173248291015625
27915,4.898854573567708,0.0379638671875,5.398195902506511,0.005950927734375
27930,0.009499231974283854,0.0007495880126953125,0.043436686197916664,1.02197265625
27945,0.05070686340332031,0.06231689453125,0.21228535970052084,0.11444091796875
27955,0.07286389668782552,0.043701171875,0.24205493927001953,0.016448974609375
27960,0.12137858072916667,0.0457763671875,0.25408140818277997,0.0
27961,0.0824292500813802,0.04315185546875,0.05375385284423828,0.0077438354492187
27965,0.07814915974934895,0.0084991455078125,0.07355753580729167,0.1796875
27975,0.0821673075358073,0.04437255859375,0.09102884928385417,0.16705322265625
27985,0.08119710286458333,0.0006465911865234375,0.10223770141601562,0.1184234619140612
27992,0.0573272705078125,0.003002166748046875,0.05182838439941406,0.0015983581542968
28000,0.0027020772298177085,0.0092010498046875,0.013116200764973959,0.007720947265625
28010,0.0033356348673502603,0.0012874603271484375,0.0068531036376953125,0.0356941223144517
28015,0.0032933553059895835,0.00037097930908203125,0.006777763366699219,0.0026054382324218
28072,0.002468109130859375,0.0,0.006371815999348958,0.03765869140625
28074,0.0001885096232096354,0.0014514923095703125,0.00055694580078125,0.03765869140625
28080,0.021574656168619793,0.0615234375,0.02846240997314453,0.22882080078125
28082,0.021951039632161457,0.00495147705078125,0.028624852498372395,0.0016193389892578
28090,0.0322271982828776,0.1209716796875,0.034671783447265625,0.0279541015625
28100,0.030146280924479168,0.02337646484375,0.009509404500325521,0.019683837890625
28115,0.14180755615234375,0.0154571533203125,0.030832926432291668,0.09613037109375
28120,0.1369654337565104,0.00390625,0.07407633463541667,0.0
28125,0.11756134033203125,0.0,0.07104682922363281,0.0
28134,0.013844172159830729,0.00662994384765625,0.05405712127685547,0.1796875
28175,0.008900324503580729,0.00441741943359375,0.005446434020996094,0.0067520141601562
28190,0.015130360921223959,0.0018100738525390625,0.03724829355875651,0.1992568969726542
28198,0.009943008422851562,0.0144500732421875,0.033100128173828125,0.0017528533935546
28209,0.010278701782226562,0.00274658203125,0.033671061197916664,0.0088653564453124
28215,0.006524085998535156,0.00516510009765625,0.0210113525390625,0.0640716552734375
28230,0.009779612223307291,0.0008497238159179688,0.039290428161621094,0.1202831268310518
28236,0.008864084879557291,0.0,0.03777917226155599,0.175094604492186
28245,0.013367017110188803,0.0096893310546875,0.02124627431233724,0.04034423828125
28255,0.12127431233723958,0.020355224609375,0.07764244079589844,0.0
28265,0.1264317830403646,0.04156494140625,0.0813000996907552,0.0
28275,0.11971155802408855,0.0005435943603515625,0.08001486460367839,0.0058879852294921
28295,0.05442682902018229,0.131591796875,0.007497469584147136,0.0092697143554686
28296,0.04952557881673177,0.001537322998046875,0.0038391749064127603,0.0032386779785156
28300,0.06477101643880208,0.05841064453125,0.004214286804199219,0.0036125183105468
28324,0.016142527262369793,0.00586700439453125,0.0020116170247395835,0.0015449523925781
28333,0.01628430684407552,0.009521484375,0.0023028055826822915,0.0017871856689453
28335,0.015124003092447916,0.009368896484375,0.01751550038655599,0.17913818359375
28353,0.023108800252278645,0.00238800048828125,0.03225262959798177,0.661895751953125
28365,0.030126571655273438,0.002536773681640625,0.0354925791422526,0.0
28375,0.020211537679036457,0.00316619873046875,0.02106189727783203,0.0
28390,0.013802846272786459,0.00577545166015625,0.00704193115234375,0.0
28395,1.1781400044759114,0.0703125,0.36812591552734375,0.0
28420,1.1739428838094075,0.00197601318359375,0.3715394337972005,0.03131103515625
28425,1.354098955790202,0.069580078125,0.46221065521240234,0.352783203125
28430,0.2145268122355143,0.02203369140625,0.11443233489990234,0.07196044921875
28442,0.2365716298421224,0.0003509521484375,0.27167606353759766,1.7689704895019016
28454,0.05445671081542969,0.0,0.18000380198160806,0.027801513671875
28455,0.02827771504720052,0.06024169921875,0.1677408218383789,0.03765869140625
28460,1.1523793538411458,0.05206298828125,2.824680964152018,0.005859375
28470,1.154279073079427,0.01007080078125,2.826299031575521,0.0104217529296875
28472,1.3578720092773438,0.00897216796875,2.856520334879557,19.134765625
28473,0.21149444580078125,0.0,0.036443074544270836,0.0095520019531248
28495,0.2096888224283854,0.0009069442749023438,0.03496233622233073,0.0006265640258789
28500,0.29892222086588544,0.05902099609375,0.9104773203531901,18.892578125
28526,0.3749014536539714,0.06243896484375,0.94036865234375,1.134002685546875
28532,0.37504005432128906,0.0085601806640625,0.9406019846598307,0.0017910003662109
28545,0.10725657145182292,0.0058441162109375,0.3581015268961589,1.449607849121081
28590,0.03131230672200521,0.000614166259765625,0.3286749521891276,0.01171875
28635,0.06438191731770833,0.016754150390625,0.335666020711263,0.0331878662109375
28640,0.04016304016113281,0.0872802734375,0.010731379191080729,0.01995849609375
28645,0.040712992350260414,0.002483367919921875,0.012179692586263021,0.0325546264648436
28670,0.008680979410807291,0.004364013671875,0.007245063781738281,1.789188385009748
28675,0.004678090413411458,0.036865234375,0.007148424784342448,0.0
28686,0.030946731567382812,0.003376007080078125,0.007009824117024739,1.334197998046875
28689,0.03279940287272135,0.0046844482421875,0.0061702728271484375,0.0
28695,0.030097007751464844,0.00447845458984375,0.0034557978312174478,0.0
28705,0.005143801371256511,0.018402099609375,0.0030803680419921875,0.0079898834228514
28715,0.0038105646769205728,0.0011959075927734375,0.014379501342773438,0.0
28740,1.517743746439616,0.1004638671875,1.458871841430664,5.166355133056638
28745,1.5180788040161133,0.0146484375,1.4579521814982097,0.0052108764648437
28748,1.5324376424153645,0.0003414154052734375,1.452344576517741,1.5174179077148293
28770,0.018438975016276043,0.0005426406860351562,0.007960319519042969,0.001129150390625
28773,0.06732559204101562,0.0041046142578125,0.01719188690185547,3.557861328125
28795,0.2678518295288086,0.020721435546875,0.21359793345133463,0.0
28799,0.47173595428466797,0.0012340545654296875,0.3180869420369466,2.055335998535116
28805,0.49851512908935547,0.08740234375,0.34088611602783203,0.0
28815,0.6349490483601888,0.126220703125,0.17269611358642578,0.18320465087890558
28819,0.43205897013346356,0.00366973876953125,0.06810061136881511,0.0911865234375
28820,0.4441846211751302,0.10546875,0.05616315205891927,0.130157470703125
28835,0.22258631388346353,0.072509765625,0.021263758341471355,0.0
28839,0.24202473958333334,0.00043392181396484375,0.11432647705078125,1.7953491210937287
28870,0.6639200846354166,0.101806640625,0.28035227457682294,0.06170654296875
28873,0.5389785766601562,0.0002269744873046875,0.3109000523885091,0.0
28877,0.5484542846679688,0.03179931640625,0.26456673940022785,0.2581863403320291
28885,0.09809621175130208,0.1962890625,0.11208120981852214,0.0052413940429687
28890,0.1422271728515625,0.04412841796875,0.08779843648274739,0.0
28910,0.1707763671875,0.1123046875,0.18291664123535156,0.64129638671875
28914,0.10950851440429688,0.00177764892578125,0.14892896016438803,0.0026054382324218
28920,0.059682210286458336,0.02056884765625,0.14474932352701822,0.029296875
28921,0.0011698404947916667,0.0,0.0031267801920572915,1.2038040161132577
28945,0.015786488850911457,0.095947265625,0.014373143513997396,0.0416259765625
28955,0.015105565388997396,0.003314971923828125,0.012618382771809896,0.0108375549316404
28960,0.9894097646077474,0.0621337890625,0.6807912190755209,0.0
28970,1.0744927724202473,0.119384765625,0.7543589274088541,0.3125
29005,6.130452473958333,0.154296875,2.115025838216146,0.0
29020,5.162118275960286,0.0138702392578125,1.4521293640136719,0.2069091796875
29025,5.0630388259887695,0.0078125,1.3679078420003254,0.0032444000244137997
29031,0.007303555806477864,0.0074462890625,0.0064512888590494795,0.0010433197021484
29045,0.0390466054280599,0.0020751953125,0.01571941375732422,0.066561698913567
29055,0.04471524556477865,0.009552001953125,0.026081085205078125,0.040639877319335
29066,0.04614448547363281,0.019500732421875,0.02644793192545573,0.00262451171875
29085,0.019077618916829426,0.016845703125,0.018045743306477863,0.0376129150390625
29090,0.06427192687988281,0.011138916015625,0.07913907368977864,0.3133010864257791
29103,0.7324364980061849,0.010589599609375,0.15218671162923178,1.0587692260741974
29120,0.7242870330810547,0.0066986083984375,0.1475073496500651,0.0
29150,0.6917343139648438,0.1099853515625,0.08254337310791016,0.14569091796875
29170,0.021723429361979168,0.0,0.008972803751627604,0.0015277862548828
29185,0.02043310801188151,0.00359344482421875,0.017815272013346355,0.0787353515625
29195,0.004609107971191406,0.05133056640625,0.012260754903157553,0.0
29200,0.2463083267211914,0.030914306640625,0.10152435302734375,0.3515625
29215,0.3167165120442708,0.070556640625,0.10711924235026042,0.16937255859375
29265,0.31469186147054035,0.0029144287109375,0.10625044504801433,0.0
29275,0.903935432434082,0.082763671875,0.6136051813761393,0.0
29290,0.8679056167602539,0.001251220703125,0.6250619888305664,0.0
29300,0.9669659932454427,0.0146942138671875,0.6827189127604166,0.0
29310,0.38425318400065106,0.02984619140625,0.11111640930175781,0.3809432983398413
29330,0.3492622375488281,0.00626373291015625,0.08483060201009114,0.0074920654296875
29335,0.3173967997233073,0.016326904296875,0.03687222798665365,0.049934387207028794
29360,2.4610939025878906,0.1060791015625,1.9315134684244792,6.9515380859375
29376,2.4605000813802085,0.0,1.9301427205403645,0.0
29378,4.157877604166667,0.016632080078125,2.1987406412760415,1.520767211914016
29381,1.765978177388509,0.00025177001953125,0.27930323282877606,0.0022125244140625
29385,2.17877991994222,0.0638427734375,0.4573049545288086,2.0052394866943355
29415,0.4146706263224284,0.0548095703125,0.17847251892089844,0.00390625
29455,0.4152371088663737,0.003826141357421875,0.17942174275716147,0.0308990478515625
29475,0.007918993631998697,0.0143585205078125,0.004306793212890625,0.0417442321777342
29490,0.006329536437988281,0.0006151199340820312,0.006245613098144531,0.27099609375
29530,0.020505905151367188,0.028533935546875,0.017141024271647137,0.134521484375
29540,1.1088231404622395,0.0421142578125,0.7310155232747396,0.0
29568,1.1090278625488281,0.00559234619140625,0.7290595372517904,0.0015602111816406
29575,1.0967210133870442,0.003047943115234375,0.7188307444254557,0.0
29585,0.003066380818684896,0.0006418228149414062,0.0043379465738932295,0.0139923095703124
29590,0.002682367960611979,0.0008707046508789062,0.0043182373046875,0.0014705657958984
29655,4.280108133951823,0.06201171875,4.4349409739176435,0.070939064025849
29675,4.68575922648112,0.02984619140625,4.470234553019206,0.20558547973632219
29683,4.748832702636719,0.004852294921875,4.473558108011882,0.2209777832031224
29685,0.4807078043619792,0.0131683349609375,0.044223785400390625,0.0169830322265622
29707,0.07564004262288411,0.00035381317138671875,0.006773312886555989,0.027448654174803
29710,0.4929679234822591,0.0546875,0.1081552505493164,0.41770172119140603
29725,0.5051902135213217,0.0124053955078125,0.11882495880126953,0.079833984375
29730,0.5369669596354166,0.022613525390625,0.18446477254231772,0.4350357055664021
29735,0.9587860107421875,0.030731201171875,0.2972189585367839,1.1722412109375
29765,2.0367889404296875,0.12890625,0.8365255991617838,0.0
29770,2.050587018330892,0.05963134765625,0.7911214828491211,0.0614128112792956
29775,1.3196808497111003,0.022735595703125,0.6153688430786133,0.19717407226562242
29795,0.22534720102945963,0.0069122314453125,0.08545398712158203,0.14447021484375
29800,0.17908382415771484,0.0005102157592773438,0.06530157725016277,0.0012588500976562
29810,0.0077495574951171875,0.0008678436279296875,0.02361583709716797,0.0033607482910156
29813,0.11286354064941406,0.00743865966796875,0.02713489532470703,0.1778583526611255
29815,0.12055746714274089,0.002094268798828125,0.02959760030110677,0.0151481628417944
29820,0.121795654296875,0.000629425048828125,0.12417030334472656,0.6024169921875
29821,3.7813237508138022,0.1087646484375,3.7820358276367188,21.31787109375
29830,3.7770792643229165,0.0015583038330078125,3.797917683919271,0.060958862304686
29834,3.776163101196289,0.00685882568359375,3.7033971150716147,0.001556396484375
29835,0.003945350646972656,0.0044708251953125,0.019195556640625,0.0015220642089843
29850,10.627692858378092,0.14697265625,3.391087849934896,0.0
29870,10.630827903747559,0.025115966796875,3.3911876678466797,0.0052108764648437
29885,10.635856628417969,0.002826690673828125,3.3944015502929688,0.0
29891,0.014366467793782553,0.0005846023559570312,0.0040632883707682295,0.0
29910,0.013812065124511719,0.025146484375,0.004364013671875,0.0034370422363281
29915,0.010998725891113281,0.0007228851318359375,0.008151372273763021,0.78472900390625
29939,0.0064754486083984375,0.011962890625,0.010692596435546875,0.03765869140625
29950,0.05955060323079427,0.04071044921875,0.018244425455729168,0.027671813964843302
29953,0.057254791259765625,0.0,0.010874748229980469,0.0032997131347656
29978,0.0560766855875651,0.0005588531494140625,0.008243560791015625,0.0002288818359375
30011,4.6412150065104164e-05,0.0,4.4186909993489586e-05,0.0
30045,0.0010000864664713542,0.00543212890625,0.0006618499755859375,0.0
30047,0.0014292399088541667,0.008148193359375,0.0012839635213216145,0.0037269592285156
30060,0.0020929972330729165,0.003936767578125,0.0016880035400390625,0.0
30080,0.08571561177571614,0.01983642578125,0.07118542989095052,0.0482711791992183
30085,1.5973707834879558,0.0203857421875,0.9224351247151693,3.19921875
30090,1.6490599314371746,0.002864837646484375,0.9749711354573568,1.4350433349609375
30105,1.9582773844401042,0.02984619140625,1.0043646494547527,0.4130592346191302
30115,0.6065470377604166,0.01275634765625,0.5560537974039713,2.548828125
30136,0.5544102986653646,0.00696563720703125,0.5039011637369791,0.0033721923828125
30145,0.25501759847005206,0.05328369140625,0.4373003641764323,0.0
30148,0.09503555297851562,0.0042724609375,0.0339819590250651,0.0033683776855468
30150,0.09889952341715495,0.0006771087646484375,0.0379638671875,0.0
30160,0.024660428365071613,0.1103515625,0.006107330322265625,0.0068283081054687
30170,0.08213392893473308,0.00667572021484375,0.08928108215332031,0.3306884765625
30180,0.07813135782877605,0.0003204345703125,0.08545684814453125,0.00762939453125
30190,0.5325183868408203,0.05450439453125,0.12654240926106772,0.2548828125
30196,0.47470823923746747,0.0046234130859375,0.04347801208496094,0.0460205078125
30204,0.47479979197184247,0.0016193389892578125,0.04251797993977865,0.01971435546875
30208,0.009632428487141928,0.023162841796875,0.017844518025716145,0.077117919921875
30210,1.5525951385498047,0.00299072265625,1.907470703125,27.080924987792706
30220,1.555554707845052,0.029541015625,1.9505462646484375,0.2739715576171875
30225,1.6740379333496094,0.185302734375,2.0182838439941406,0.078094482421875
30233,0.13099352518717447,0.0,0.12830257415771484,0.0010337829589843
30235,0.1420434315999349,0.003536224365234375,0.9595912297566732,4.170166015625
30255,0.014266331990559896,0.001094818115234375,0.8746245702107748,0.0009193420410156
30260,0.016037623087565105,0.00334930419921875,0.8848959604899088,0.2913818359375
30263,0.0018590291341145833,0.0,0.015829086303710938,0.0510559082031236
30265,0.0018978118896484375,0.00433349609375,0.015764872233072918,0.0051422119140625
30275,0.0046126047770182295,0.016265869140625,0.007976531982421875,0.0
30286,0.0046126047770182295,0.0,0.002654393513997396,0.0056686401367187
30305,0.7873636881510416,0.197021484375,0.4565855662027995,1.6650390625
30315,0.81207275390625,0.0279541015625,0.47322654724121094,0.0
30318,1.2828407287597656,0.024505615234375,0.8534406026204427,3.1584548950195095
30320,1.0931027730305989,0.0889892578125,0.9016685485839844,0.0
30336,1.0691464742024739,0.0028076171875,0.8836530049641927,0.0770263671874976
30340,0.8598531087239584,0.105224609375,0.6431477864583334,0.0
30375,1.841094970703125,0.20263671875,0.990264892578125,0.0
30381,1.855611801147461,0.0007343292236328125,0.9902820587158203,0.0675582885741946
30390,1.610158920288086,0.04296875,0.8560530344645182,0.0
30400,0.03646246592203776,0.0015544891357421875,0.007854143778483072,0.0060462951660155
30434,0.016956011454264324,0.00247955322265625,0.006931622823079427,0.0029869079589843
30440,0.02868493398030599,0.05877685546875,0.016872723897298176,0.0
30441,0.031504313151041664,0.02838134765625,0.0166778564453125,0.03765869140625
30445,0.034825642903645836,0.0026092529296875,0.024164835611979168,0.0470581054687488
30455,0.12435976664225261,0.003223419189453125,0.0338897705078125,0.0
30476,0.12114810943603516,0.0008783340454101562,0.03386688232421875,0.0078125
30500,0.12046655019124348,0.04864501953125,0.027250925699869793,0.0
30520,0.003554662068684896,0.000980377197265625,0.006483713785807292,0.475341796875
30525,0.04763444264729818,0.021331787109375,0.030630747477213543,0.25341796875
30530,0.044940948486328125,0.0004253387451171875,0.02979310353597005,0.0
30535,0.05550607045491537,0.0099029541015625,0.04124736785888672,0.0620193481445296
30555,0.011603037516276041,0.0010700225830078125,0.019831021626790363,0.02734375
30565,3.914656639099121,0.0313720703125,0.4671471913655599,2.25390625
30575,4.173168500264485,0.021392822265625,0.48406537373860675,0.20635223388671659
30590,4.230177561442058,0.013397216796875,0.4840888977050781,0.0899620056152319
30595,1.6336199442545574,0.04156494140625,0.16279220581054688,1.05908203125
30626,1.3641700744628906,0.0,0.1554377873738607,2.11798095703125
30640,3.509124755859375,0.170166015625,0.518342653910319,1.824249267578125
30641,2.2024803161621094,0.00042438507080078125,0.39219125111897785,0.0016841888427734
30665,2.2088940938313804,0.0277099609375,0.36774667104085285,0.0
30675,0.0676434834798177,0.023162841796875,0.008449554443359375,0.1796875
30680,0.675628662109375,0.1102294921875,0.2054882049560547,0.0
30685,0.6754506429036459,0.024139404296875,0.20635128021240234,0.01165771484375
30710,0.6147352854410807,0.00424957275390625,0.19902356465657553,0.0009899139404296
30715,0.6584364573160807,0.04296875,0.20047314961751303,0.6531829833984317
30725,0.6699136098225912,0.04205322265625,0.20933850606282553,0.0
30735,0.6761550903320312,0.0108795166015625,0.3015759785970052,0.650390625
30740,0.03196144104003906,0.0006628036499023438,0.1202379862467448,0.1027431488037102
30760,0.02114550272623698,0.022613525390625,0.1116320292154948,0.0101470947265624
30768,1.5509204864501953,0.017181396484375,0.29770787556966144,1.516456604003859
30800,1.567108154296875,0.020294189453125,0.3178367614746094,0.13092041015625
30825,4.355194091796875,0.0694580078125,2.312572479248047,17.26702880859375
30830,2.8210906982421875,0.021087646484375,2.0363744099934897,0.0114593505859374
30850,2.79736328125,0.0,1.9991010030110676,0.0
30855,0.002471923828125,0.0012969970703125,0.004950205485026042,0.027618408203125
30860,0.02665392557779948,0.0050201416015625,0.050525665283203125,0.240234375
30863,0.029314041137695312,0.0306396484375,0.052515665690104164,0.0340576171875
30870,0.029686609903971355,0.0103302001953125,0.0557861328125,0.0
30930,0.003723780314127604,0.0081787109375,0.009204864501953125,0.0052108764648436
30945,0.023468653361002605,0.03253173828125,0.025897979736328125,0.069580078125
30990,0.023102760314941406,0.0009765625,0.020303726196289062,0.0019474029541015
30991,0.844026247660319,0.03515625,0.0766614278157552,1.0859375
31005,0.8216807047526041,0.001811981201171875,0.05804157257080078,0.0006132125854492
31009,0.8216190338134766,0.00043964385986328125,0.05779711405436198,0.001708984375
31010,0.0027418136596679688,0.001178741455078125,0.014958699544270834,0.3653793334960918
31015,0.10659472147623698,0.04071044921875,0.02217578887939453,0.0
31049,0.10655816396077473,0.0,0.02208550771077474,0.0110626220703125
31055,0.10499318440755208,0.00658416748046875,0.007784843444824219,0.0013027191162109
31060,0.1948064168294271,0.0714111328125,0.08425617218017578,0.421875
31080,0.1997960408528646,0.0127716064453125,0.08656120300292969,0.0118865966796874
31140,0.19932174682617188,0.00778961181640625,0.08640861511230469,0.0032539367675781
31160,0.0056489308675130205,0.00047016143798828125,0.0027249654134114585,0.0011043548583984
31170,0.003655115763346354,0.147216796875,0.002437591552734375,0.0135345458984375
31185,0.15072758992513022,0.022308349609375,0.021349589029947918,0.0811004638671869
31210,0.1619714101155599,0.02996826171875,0.028594334920247395,0.00787353515625
31220,0.20064226786295572,0.084228515625,0.0361169179280599,0.03863525390625
31240,0.0701751708984375,0.0260009765625,0.019830067952473957,0.0157470703125
31246,0.05917199452718099,0.0103759765625,0.012691179911295572,0.0118255615234375
31250,0.29509226481119794,0.078369140625,0.011436780293782553,0.0873584747314452
31254,0.2786916097005208,0.0118255615234375,0.008782704671223959,0.0033760070800781
31270,0.28799597422281903,0.0677490234375,0.010052680969238281,0.010505676269530799
31280,0.010677337646484375,0.0048370361328125,0.0021835962931315103,0.0019454956054687
31285,0.025704701741536457,0.037109375,0.0031229654947916665,0.0052585601806638
31287,0.0163119633992513,0.0071563720703125,0.0018148422241210938,0.0015716552734375
31298,0.016222635904947918,0.0066680908203125,0.0016625722249348958,0.0018043518066406
31325,0.01316070556640625,0.0146942138671875,0.014530181884765625,0.0550537109375
31335,0.013444900512695312,0.0004930496215820312,0.01966540018717448,0.1997528076171875
31345,0.02687676747639974,0.0141448974609375,0.0222934087117513,0.025146484375
31355,0.04955895741780599,0.001983642578125,0.017808278401692707,0.0515489578246939
31375,0.05092334747314453,0.0004892349243164062,0.021648089090983074,0.11159133911132689
31380,0.04453277587890625,0.00025653839111328125,0.01983165740966797,1.3681869506835767
31425,0.012395540873209635,0.00559234619140625,0.03182538350423177,0.773712158203125
31430,0.2887427012125651,0.0184326171875,0.0681165059407552,0.2171344757080026
31445,4.299792289733887,0.0386962890625,4.2004820505778,0.0
31465,4.306104024251302,0.03961181640625,4.180002212524414,0.0041275024414062
31475,4.033396402994792,0.0557861328125,4.139484405517578,0.023468017578125
31477,0.015160878499348959,0.000217437744140625,0.006221771240234375,0.0024833679199218
31490,0.014865875244140625,0.021392822265625,0.019320170084635418,0.0
31495,0.013106028238932291,0.0677490234375,0.01595783233642578,0.0032539367675781
31500,0.013634363810221354,0.008514404296875,0.01605701446533203,0.0033760070800781
31505,0.0042959849039713545,0.0,0.0019642512003580728,0.0
31509,0.00115203857421875,0.0047149658203125,0.00041230519612630207,0.00299072265625
31515,0.027282079060872395,0.09521484375,0.025685946146647137,0.0828857421875
31528,0.028333663940429688,0.0074615478515625,0.02585442860921224,0.00262451171875
31535,0.030930201212565105,0.00411224365234375,0.16985257466634116,0.5830078125
31539,0.019104639689127605,0.00376129150390625,0.14905103047688803,0.2184906005859375
31545,0.018662770589192707,0.0007257461547851562,0.14952913920084634,0.0
31579,0.016012191772460938,0.0086822509765625,0.005685488382975261,0.0033760070800781
31580,0.2211589813232422,0.00200653076171875,0.27687549591064453,8.275482177734375
31590,0.4133262634277344,0.0112457275390625,0.31846968332926434,0.204504013061516
31595,0.4249776204427083,0.010833740234375,0.36242421468098956,0.0
31605,0.2315521240234375,0.008941650390625,0.15461285909016928,0.451812744140616
31615,0.07734171549479167,0.0059661865234375,0.5796966552734375,2.164306640625
31620,0.06852181752522786,0.0143280029296875,0.5361461639404297,0.0036468505859374
31621,0.043048858642578125,0.0081939697265625,0.4702536265055339,0.021484375
31625,0.7918357849121094,0.095703125,0.5743261973063151,2.0789108276367183
31640,0.790742556254069,0.0018482208251953125,0.5806681315104166,0.1365966796875
31643,0.7896896998087565,0.000720977783203125,0.5786708196004232,0.0015277862548828
31712,0.0025796890258789062,0.00711822509765625,0.00792853037516276,0.0033683776855468
31715,0.0019063949584960938,0.0045318603515625,0.001834551493326823,0.0
31740,0.047620137532552086,0.0648193359375,0.01725323994954427,0.0986480712890625
31750,3.5503762563069663,0.1070556640625,0.1754906972249349,1.7261505126952998
31770,3.5945421854654946,0.026580810546875,0.2184117635091146,0.228271484375
31780,3.562854766845703,0.035888671875,0.2040430704752604,0.013027191162109
31790,0.111328125,0.0134124755859375,0.0826861063639323,0.472412109375
31804,0.07944266001383464,0.0003662109375,0.04923788706461588,0.5549583435058434
31810,0.06580193837483723,0.0009489059448242188,0.04919656117757162,0.01953125
31825,0.023662249247233074,0.025177001953125,0.014384269714355469,0.016155242919921
31830,0.011986414591471354,0.001628875732421875,0.011806488037109375,0.1470794677734375
31835,0.7553126017252604,0.107177734375,0.9114360809326172,3.375
31875,0.9150657653808594,0.00316619873046875,1.3094584147135417,5.132713317871044
31890,1.2345771789550781,0.0963134765625,1.3207689921061199,0.1244888305664052
31895,0.49966684977213544,0.00439453125,0.4437878926595052,0.0846023559570306
31900,0.3763224283854167,0.019866943359375,0.1555474599202474,1.7264137268066404
31901,0.07548586527506511,0.00395965576171875,0.14513524373372397,0.0
31910,0.06746864318847656,0.0002765655517578125,0.1215667724609375,0.54876708984375
31935,0.023044904073079426,0.00196075439453125,0.009972572326660156,0.0
31945,0.03153642018636068,0.001953125,0.29928112030029297,4.48333740234375
31955,7.528390566507976,1.15234375,3.6067469914754233,12.116485595703125
31960,7.693057378133138,0.021240234375,3.6313788096110025,0.0984134674072242
31975,7.664115269978841,0.00028324127197265625,3.36726442972819,0.0
31977,0.16686566670735678,0.0020294189453125,0.0595099131266276,0.0019397735595703
31981,0.016105016072591145,0.035888671875,0.06512451171875,0.0
31990,1.5116678873697917,0.083984375,0.8273213704427084,0.0
32010,1.5423927307128906,0.012176513671875,0.8476359049479166,0.0
32036,1.540636698404948,0.06103515625,0.8179829915364584,0.0070037841796872
32060,0.08610788981119792,0.0550537109375,0.09246826171875,0.44580078125
32080,0.05695660909016927,0.027587890625,0.1055450439453125,0.195465087890625
32085,0.0440832773844401,0.00318145751953125,0.10444831848144531,0.0
32100,0.0073401133219401045,0.0101470947265625,0.03426678975423177,0.0043563842773436
32105,0.4002736409505208,0.0650634765625,0.07066663106282552,0.573486328125
32109,0.39982255299886066,0.00086212158203125,0.0703134536743164,0.0008296966552734
32110,0.4000368118286133,0.00753021240234375,0.12230650583902995,0.2713623046875
32125,0.02161121368408203,0.0103302001953125,0.08207162221272786,0.0
32145,0.3491649627685547,0.04150390625,0.13725662231445312,0.202785491943352
32170,0.35538482666015625,0.03125,0.086151123046875,0.006294250488281101
32200,0.3794898986816406,0.016082763671875,0.08458964029947917,0.3663482666015625
32213,0.051792144775390625,0.0,0.029462814331054688,2.4976806640625
32216,0.04126548767089844,0.00399017333984375,0.028273582458496094,0.0012626647949218
32219,0.0006275177001953125,0.0,0.00029532114664713543,0.027351379394530497
32240,0.0028622945149739585,0.00201416015625,0.024689674377441406,0.2407913208007794
32255,0.004773775736490886,0.0006780624389648438,0.03217093149820963,0.0
32264,0.005178133646647136,0.00702667236328125,0.03237088521321615,0.0015487670898437
32265,0.03320153554280599,0.023223876953125,0.010466893513997396,0.0
32280,0.05768458048502604,0.0012416839599609375,0.06755987803141277,0.3955821990966696
32300,0.06101862589518229,0.00605010986328125,0.06828053792317708,0.0052490234375
32310,0.048441569010416664,0.00750732421875,0.1654179890950521,1.14990234375
32315,0.022857666015625,0.00074005126953125,0.10689481099446614,0.0
32320,0.21508280436197916,0.1021728515625,0.2771002451578776,0.0
32350,0.19784673055013022,0.015411376953125,0.17786375681559244,0.005203247070312399
32383,0.19695091247558594,0.00927734375,0.17233880360921225,0.0033988952636718
32395,0.31999778747558594,0.2177734375,0.24212233225504556,0.7869873046875
32400,4.969353357950847,0.0250244140625,3.755436579386393,18.1130065917967
32425,4.96881103515625,0.0,3.754852294921875,0.0
32435,4.828259785970052,0.01593017578125,3.6365432739257812,0.456939697265625
32442,0.17848904927571616,0.00043392181396484375,0.12273724873860677,0.0015449523925781
32465,0.21586227416992188,0.072509765625,0.1370061238606771,0.1419277191162102
32496,0.06140009562174479,0.0185546875,0.021380106608072918,0.0505752563476552
32500,0.8684914906819662,0.04559326171875,0.14978345235188803,1.2787742614745825
32530,0.8343073527018229,0.0247802734375,0.13575236002604166,0.0026054382324218
32535,0.8116251627604166,0.0123291015625,0.12914403279622397,0.00262451171875
32540,0.010558446248372396,0.0105438232421875,0.0025504430135091147,0.1478137969970702
32561,0.008122126261393229,0.00676727294921875,0.002323786417643229,0.0108184814453125
32570,0.008832295735677084,0.0064697265625,0.0034306844075520835,0.020843505859375
32610,0.002873102823893229,0.0012378692626953125,0.00183868408203125,0.0013446807861328
32620,0.0031140645345052085,0.00264739990234375,0.019176801045735676,0.0
32630,0.13124656677246094,0.073974609375,0.21997801462809244,0.0
32640,0.1504077911376953,0.04052734375,0.232757568359375,0.0
32645,0.16694513956705728,0.002368927001953125,0.2195866902669271,0.0201683044433564
32657,0.036788622538248696,1.1444091796875e-05,0.017255465189615887,0.000502586364746
32670,0.027490933736165363,0.0112152099609375,0.004415194193522136,0.0
32690,0.639659563700358,0.05889892578125,0.5359881718953451,0.0
32700,0.6433919270833334,0.03631591796875,0.5363909403483073,0.0017509460449218
32710,0.6496480305989584,0.03875732421875,0.538672129313151,0.0177917480468748
32715,0.02691650390625,0.031158447265625,0.021134694417317707,0.116455078125
32722,0.023610432942708332,0.004730224609375,0.020788192749023438,0.0015811920166015
32725,0.061355272928873696,0.002452850341796875,0.25505638122558594,0.0
32735,2.665794054667155,0.027191162109375,0.8390045166015625,4.24005126953125
32780,2.6654958724975586,0.0006628036499023438,0.8393815358479818,0.0035057067871092
32790,2.6525516510009766,0.0230712890625,0.6146500905354818,0.450439453125
32795,0.0573266347249349,0.0005359649658203125,0.22665882110595703,2.76171875
32819,0.05819574991861979,0.0084686279296875,0.22715091705322266,0.0223388671875
32832,0.017180124918619793,0.0,0.21526114145914713,0.01312255859375
32833,0.0013217926025390625,0.0077667236328125,0.0013974507649739583,0.0015716552734375
32835,0.013608932495117188,0.0985107421875,0.0029385884602864585,0.0093994140625
32845,0.015561421712239584,0.0005578994750976562,0.017115275065104168,0.147918701171875
32850,1.376382827758789,0.179931640625,0.7345256805419922,2.22784423828125
32855,2.083963394165039,0.159912109375,0.9402701059977213,0.0
32856,2.5027008056640625,0.0909423828125,1.2541147867838542,0.0
32865,1.1425158182779949,0.00872802734375,0.5365934371948242,0.0
32870,0.42200660705566406,0.01019287109375,0.32889652252197266,0.02569580078125
32880,0.0014127095540364583,0.0043792724609375,0.0011243820190429688,0.0015316009521484
32885,0.0006062189737955729,0.00594329833984375,0.0014273325602213542,0.0036506652832031
32895,0.006515820821126302,0.02569580078125,0.0021680196126302085,0.0064620971679686
32900,0.008609453837076822,0.000640869140625,0.24992815653483072,0.799530029296875
32915,0.00931708017985026,0.00548553466796875,0.24996312459309897,0.0
32916,0.0032520294189453125,0.00725555419921875,0.24907684326171875,0.0015754699707031
32945,0.0017388661702473958,0.00028896331787109375,0.01479339599609375,0.0625
32960,0.013237635294596354,0.080322265625,0.02130413055419922,0.0454998016357414
32965,0.013121922810872396,0.00109100341796875,0.021242459615071613,0.0016288757324218
32980,0.5104923248291016,0.119384765625,0.09867572784423828,0.849609375
32995,1.0408751169840496,0.0006465911865234375,0.31952063242594403,1.444964408873911
33019,1.0407896041870117,0.0,0.3192138671875,0.0015621185302734
33035,0.5435749689737955,0.0008544921875,0.23323440551757812,0.0679168701171875
33050,0.05258496602376302,0.015625,0.021513938903808594,0.0
33055,0.05611991882324219,0.0128021240234375,0.022357940673828125,0.0052490234375
33065,0.07237752278645833,0.04888916015625,0.039306640625,0.0
33090,0.030743916829427082,0.002788543701171875,0.0548248291015625,0.1142349243164051
33095,0.03726069132486979,0.0004825592041015625,0.09963480631510417,0.2999954223632736
33120,0.020520528157552082,0.005218505859375,0.0818634033203125,0.0264892578125
33125,3.9792582194010415,0.066162109375,0.8194173177083334,23.153778076171875
33145,4.232706705729167,0.0139923095703125,1.1742833455403645,0.0
33170,4.26527468363444,0.00510406494140625,3.5736668904622397,7.8370361328125
33175,0.29771868387858075,0.0134124755859375,2.8063271840413413,0.06298828125
33190,0.14926973978678384,0.0762939453125,2.452951431274414,0.0
33210,0.15227381388346353,0.0132904052734375,0.09089597066243489,0.494384765625
33235,0.1817957560221354,0.0085601806640625,0.10023244222005208,0.20477294921875
33255,0.30363210042317706,0.0904541015625,0.17472076416015625,0.25177001953125
33278,0.2679761250813802,0.00318145751953125,0.13309764862060547,0.00390625
33305,0.23721440633138022,0.002605438232421875,0.12243175506591797,0.0033340454101562
33320,0.001972834269205729,0.0131988525390625,0.0012073516845703125,0.0041007995605467
33335,4.575071334838867,0.128662109375,3.3082876205444336,16.588134765625
33340,4.589821497599284,0.04742431640625,3.308588981628418,0.0
33345,4.590245882670085,0.008514404296875,3.3170572916666665,0.041805267333983404
33360,0.1625521977742513,0.04571533203125,0.08656819661458333,0.0
33365,2.894723574320475,0.10888671875,0.7787971496582031,2.189186096191361
33370,4.04604975382487,0.05645751953125,0.8421134948730469,0.010406494140625
33380,4.121224721272786,0.020233154296875,0.8449045817057291,0.4413604736328125
33385,1.4757639567057292,0.43310546875,0.1909510294596354,0.1953125
33390,1.3838297526041667,0.017486572265625,0.36972681681315106,1.606201171875
33409,1.1633199055989583,0.00092315673828125,0.2920398712158203,0.0063400268554687
33420,1.0625,0.0006237030029296875,0.2674630482991536,0.0437622070312488
33425,0.0011469523111979167,0.001399993896484375,0.016688028971354168,0.02081298828125
33430,0.040453592936197914,0.02569580078125,0.02295239766438802,0.0823974609375
33431,0.040531158447265625,0.00431060791015625,0.012622197469075521,0.03582763671875
33450,0.7137667338053385,0.03302001953125,0.07732899983723958,0.523815155029286
33459,0.6753565470377604,0.0072479248046875,0.06937885284423828,0.00262451171875
33465,0.6757386525472006,0.002025604248046875,0.06617259979248047,0.0039081573486327
33475,0.0027551651000976562,0.001476287841796875,0.0033508936564127603,0.0068778991699217995
33480,0.0019795099894205728,0.001171112060546875,0.003436406453450521,0.0025787353515624
33515,0.003996849060058594,0.021087646484375,0.00318145751953125,0.0043792724609374
33525,0.00933837890625,0.002193450927734375,0.028491973876953125,0.14556884765625
33528,0.07828648885091145,0.0106201171875,0.042704264322916664,0.0601730346679671
33530,0.40015284220377606,0.0152435302734375,0.13069534301757812,0.596649169921875
33540,0.3994433085123698,0.00579071044921875,0.10819244384765625,0.001101493835449
33550,0.46558252970377606,0.04400634765625,0.10792160034179688,0.0
33557,0.14053726196289062,0.0,0.019458770751953125,0.2479248046875
33570,0.13635762532552084,0.0078887939453125,0.0154876708984375,0.0078125
33574,0.0008138020833333334,0.0,0.0025126139322916665,0.0127639770507809
33595,0.055643717447916664,0.078125,0.06505457560221355,0.0
33605,0.5101712544759115,0.153564453125,0.15790939331054688,0.4332275390625
33615,0.5287335713704427,0.013671875,0.16452153523763022,0.0907745361328125
33620,0.4848899841308594,0.0716552734375,0.10343551635742188,0.0072402954101562
33625,0.0302581787109375,0.0010471343994140625,0.011475880940755209,0.0548706054687496
33648,0.2177302042643229,0.029693603515625,0.03231684366861979,0.2693252563476542
33675,0.23416900634765625,0.0892333984375,0.041461944580078125,0.0416259765625
33712,0.23365052541097006,0.00579833984375,0.03998692830403646,0.0015468597412109
33715,0.03342978159586588,0.012847900390625,0.0151824951171875,0.039962768554687195
33720,0.006244977315266927,0.00072479248046875,0.005354563395182292,0.0064239501953124
33766,0.006053924560546875,0.0,0.005035400390625,0.0
33783,0.23328018188476562,0.017669677734375,0.05890019734700521,2.15533447265625
33786,0.23363113403320312,0.00719451904296875,0.058177947998046875,0.0033760070800781
33800,0.2719408671061198,0.019256591796875,0.0632794698079427,0.027156829833984198
33810,0.06163660685221354,0.038818359375,0.015411376953125,0.0
33820,0.13932291666666666,0.008392333984375,0.4240366617838542,1.7945137023925652
33835,0.10112285614013672,0.001220703125,0.4190524419148763,0.001016616821289
33840,0.4607114791870117,0.184814453125,0.4264376958211263,0.318603515625
33855,0.6201861699422201,0.134033203125,0.12328624725341797,0.0775375366210937
33866,0.620088259379069,0.0003509521484375,0.12340831756591797,0.0015468597412109
33890,0.2388906478881836,0.00667572021484375,0.10661474863688152,0.0035057067871092
33910,0.17188040415445963,0.025238037109375,0.22078482309977213,1.4684906005859375
33925,0.27149327596028644,0.191650390625,0.23281987508138022,0.09271240234375
33930,0.35724639892578125,0.014678955078125,0.3330179850260417,0.0
33935,0.38083775838216144,0.023895263671875,0.3301963806152344,0.334503173828125
33940,0.558801015218099,0.0135498046875,0.3878517150878906,0.3779296875
33950,0.5061365763346354,0.1004638671875,0.2983055114746094,0.22857666015625
33960,0.31226476033528644,0.0006036758422851562,0.08256149291992188,0.15618896484375
33969,0.034679412841796875,1.52587890625e-05,0.012615521748860678,0.0009717941284179
33980,0.004543304443359375,0.023681640625,0.005469322204589844,0.01995849609375
33990,0.16277313232421875,0.122802734375,0.07799053192138672,0.0
34020,0.16297403971354166,0.0013828277587890625,0.07824293772379558,0.0
34050,0.16150410970052084,0.00093841552734375,0.07671578725179036,0.0279407501220696
34075,0.36016082763671875,0.109375,0.017145156860351562,1.40240478515625
34080,0.36176808675130206,0.0039520263671875,0.02036126454671224,0.0238952636718748
34100,0.40226999918619794,0.04888916015625,0.03946145375569662,0.0
34105,0.0466766357421875,0.0088653564453125,0.025630950927734375,0.0037765502929686
34113,0.045148213704427086,0.0080108642578125,0.022488911946614582,0.0018272399902343
34120,0.008516947428385416,0.014862060546875,0.0121307373046875,0.0
34135,0.009340922037760416,0.01678466796875,0.012074788411458334,0.00262451171875
34160,0.03509394327799479,0.00478363037109375,0.13831965128580728,2.1875
34162,0.028911272684733074,0.00775146484375,0.1274105707804362,0.0015678405761718
34175,0.11686484018961589,0.0108184814453125,0.3459329605102539,1.2676620483398355
34180,0.0909719467163086,0.000461578369140625,0.24054559071858725,0.0682525634765625
34190,0.09122117360432942,0.0086212158203125,0.2417424519856771,0.0078163146972654
34195,1.725176175435384,0.24072265625,0.42580922444661456,0.0
34197,1.7261845270792644,0.0062255859375,0.4049803415934245,0.001556396484375
34200,2.23710568745931,0.017730712890625,0.7781492869059244,2.420387268066356
34215,1.0437615712483723,0.05224609375,0.7441527048746744,0.0
34220,1.0445810953776042,0.0149993896484375,0.749718983968099,0.0412063598632812
34222,0.5336087544759115,0.0082550048828125,0.3755378723144531,0.0033607482910156
34223,3.572615305582682,0.155029296875,0.16615931193033853,0.649810791015625
34225,4.910977045694987,0.04559326171875,0.8475697835286459,0.0
34230,4.910481770833333,0.0,0.8470640182495117,0.0015773773193359
34232,1.34033203125,0.0,0.6873327891031901,0.0032539367675781
34260,0.0027208328247070312,0.0009374618530273438,0.009751001993815104,0.102996826171875
34265,0.26077747344970703,0.103271484375,0.3596652348836263,1.15740966796875
34267,0.2622652053833008,0.0138702392578125,0.3622996012369792,0.0653076171875
34275,0.2600577672322591,0.00565338134765625,0.3528798421223958,0.0
34300,0.2938712437947591,0.0670166015625,0.12088521321614583,0.84375
34305,0.29281775156656903,0.002162933349609375,0.11982472737630208,0.020843505859375
34311,0.2923043568929036,0.0,0.18889490763346353,0.6233139038085768
34313,0.0006367365519205729,0.00774383544921875,0.07136090596516927,0.001565933227539
34325,0.0054175059000651045,0.0010223388671875,0.08848508199055989,0.307064056396478
34330,1.5450700124104817,0.14208984375,0.1651134490966797,0.7181472778320312
34335,1.5450938542683919,0.0008840560913085938,0.16544278462727866,0.0061874389648436
34360,1.5734888712565105,0.07177734375,0.1501471201578776,0.0
34391,0.03383636474609375,0.00103759765625,0.028478622436523438,0.96875
34400,0.034503936767578125,0.012542724609375,0.030316670735677082,0.0
34412,0.0012226104736328125,0.008514404296875,0.027261734008789062,0.0015773773193359
34425,0.02116076151529948,0.1075439453125,0.005383809407552083,0.1202392578125
34445,0.03663190205891927,0.0035552978515625,0.023531595865885418,0.085916519165037
34458,0.036565144856770836,0.0088043212890625,0.023950576782226562,0.0033721923828125
34475,0.039110819498697914,0.0051116943359375,0.0870221455891927,1.0945930480956805
34480,0.028188069661458332,0.0460205078125,0.06680043538411458,0.015625
34485,0.030119578043619793,0.00034427642822265625,0.07057952880859375,0.0
34507,0.008165995279947916,0.0078582763671875,0.005339622497558594,0.0023689270019531
34518,0.10332997639973958,0.0419921875,0.0701449712117513,0.0
34525,0.10190963745117188,0.0005693435668945312,0.07159074147542317,0.0341796875
34535,0.10333506266276042,0.00672149658203125,0.07398223876953125,0.03125
34555,0.00870513916015625,0.00946044921875,0.010455449422200521,0.01953125
34575,0.008044242858886719,0.00096893310546875,0.004743258158365886,0.0030059814453125
34585,0.0066560109456380205,0.008544921875,0.002257664998372396,0.0
34590,0.000759124755859375,0.001132965087890625,0.0007464090983072916,0.002044677734375
34605,0.05567010243733724,0.06121826171875,0.02399603525797526,0.30596923828125
34610,0.13343111673990884,0.041748046875,0.43596649169921875,1.65771484375
34620,0.13335164388020834,0.0,0.43572521209716797,0.0
34625,0.08008575439453125,0.015655517578125,0.4139382044474284,0.0070419311523436
34639,0.0017573038736979167,0.0,0.0018873214721679688,15.60302734375
34670,0.005018870035807292,0.00730133056640625,0.004109700520833333,0.0
34680,0.15247217814127603,0.04119873046875,0.023072560628255207,0.71551513671875
34685,0.16578261057535806,0.0025177001953125,0.026985804239908855,0.0210113525390625
34690,0.1625210444132487,0.0002040863037109375,0.025876681009928387,0.0312566757202101
34720,0.013834953308105469,0.010101318359375,0.005556424458821614,0.0018253326416015
34730,0.19487539927164713,0.0419921875,0.13545449574788412,0.0026893615722656
34745,0.2055972417195638,0.609375,0.13461589813232422,0.0015773773193359
34780,0.35005029042561847,0.0040283203125,0.3106800715128581,0.56711196899412
34800,0.15717442830403647,0.02294921875,0.17719427744547525,0.0022392272949218
34805,0.15522130330403647,0.093505859375,0.17830276489257812,0.0077133178710937
34815,0.021783192952473957,0.0090789794921875,0.020679473876953125,0.08880615234375
34820,0.15360895792643228,0.0679931640625,0.07633590698242188,0.185394287109375
34830,0.2558428446451823,0.17626953125,0.14241154988606772,0.0
34870,0.24433771769205728,0.000988006591796875,0.1238705317179362,0.001718521118164
34895,1.4582049051920574,0.15185546875,1.7378333409627278,0.0
34900,1.3732643127441406,0.0611572265625,1.6735010147094727,0.0312652587890616
34905,1.37322998046875,0.0,1.6732393900553386,0.1219482421875
34920,0.026241620381673176,0.0006256103515625,0.003520329793294271,0.0
34950,0.0032466252644856772,0.024200439453125,0.0013484954833984375,0.0
34955,0.09427928924560547,0.017486572265625,0.10242144266764323,0.9463195800781187
34960,0.09798558553059895,0.0281982421875,0.10569254557291667,0.0127105712890625
34967,0.12622960408528647,0.125732421875,0.13314437866210938,0.16461181640625
34970,0.0357666015625,0.0094451904296875,0.033046722412109375,0.0058517456054687
34983,0.03207747141520182,0.00664520263671875,0.029763539632161457,0.0015792846679687
34985,0.0010671615600585938,0.001651763916015625,0.002040863037109375,0.0026054382324218
34995,0.0027666091918945312,0.0007963180541992188,0.0046787261962890625,0.0
35015,0.08647791544596355,0.0306396484375,0.08397610982259114,0.0
35020,1.423208236694336,0.026611328125,0.5350996653238932,2.2339630126953125
35055,1.4247182210286458,0.02496337890625,0.5320631663004557,0.0040359497070312
35060,2.0443785985310874,0.14013671875,1.203051249186198,21.247512817382812
35070,0.7184673945109049,0.00565338134765625,0.7682749430338541,0.0657119750976546
35080,0.7147766749064127,0.0009241104125976562,0.7685616811116537,0.0728759765625
35100,0.43058141072591144,0.01953125,0.18142096201578775,3.4473419189453125
35110,0.5769322713216146,0.14453125,0.28869279225667316,0.4144287109375
35120,1.1857153574625652,0.0152130126953125,0.5137942632039388,0.8312606811523297
35125,2.8953094482421875,0.043701171875,1.2614517211914062,0.0
35135,2.9118757247924805,0.0411376953125,1.2295373280843098,0.439453125
35140,2.3035707473754883,0.00223541259765625,1.0038223266601562,0.0025901794433593
35145,0.3027366002400716,0.0404052734375,0.11917177836100261,0.1102638244628871
35150,0.12869962056477866,0.0,0.026777903238932293,0.0
35165,0.750732421875,0.04229736328125,0.11167716979980469,0.4457244873046875
35170,0.6252282460530599,0.002269744873046875,0.18462340037027994,0.31201171875
35175,0.7264397939046224,0.004608154296875,0.19972960154215494,0.0581588745117138
35180,0.11480522155761719,0.0556640625,0.12345568339029948,0.045378684997557
35185,0.11240259806315105,0.0005369186401367188,0.025591214497884113,0.0259399414062496
35200,0.12251917521158855,0.0523681640625,0.01907952626546224,0.0468978881835924
35215,0.1194318135579427,0.0048065185546875,0.07960891723632812,0.33453369140625
35220,0.12184556325276692,0.0118408203125,0.07964007059733073,0.022613525390625
35225,0.042983055114746094,0.024871826171875,0.08349291483561198,0.0
35250,0.04911327362060547,0.0143890380859375,0.01897875467936198,0.0344543457031248
35268,0.04730860392252604,0.02618408203125,0.017742156982421875,0.0077667236328125
35270,0.016462961832682293,0.001743316650390625,0.008036295572916666,0.010330200195312
35275,0.0024553934733072915,0.0,0.0031232833862304688,0.0008544921875
35293,0.0018905003865559895,0.0031280517578125,0.0028880437215169272,0.0009756088256835
35310,0.0038131078084309897,0.002109527587890625,0.3214356104532878,1.006591796875
35330,0.033059120178222656,0.03717041015625,0.3248240152994792,0.0390625
35350,0.1915760040283203,0.03558349609375,0.3970928192138672,0.3779106140136627
35355,0.25931231180826825,0.04132080078125,0.09448305765787761,0.1380615234375
35360,0.25203895568847656,0.04144287109375,0.09512774149576823,0.015625
35375,0.11735884348551433,0.019775390625,0.044779459635416664,0.0770416259765625
35390,0.899290402730306,0.0848388671875,0.6438636779785156,3.025543212890625
35400,1.565577507019043,0.008331298828125,1.9780279795328777,12.56342315673816
35410,1.565315882364909,0.0137939453125,1.9837932586669922,0.09436798095703029
35415,0.7127920786539713,0.00551605224609375,1.3667952219645183,0.0038528442382812
35440,0.02474657694498698,0.0017299652099609375,0.028958638509114582,0.0020866394042968
35460,0.0012461344401041667,0.003849029541015625,0.0012156168619791667,0.0012016296386718
35465,0.0009377797444661459,0.00238800048828125,0.0008099873860677084,0.0020866394042968
35505,0.0032513936360677085,0.02362060546875,0.00127410888671875,0.05767822265625
35530,0.04297161102294922,0.01885986328125,0.07544771830240886,0.7405662536620939
35570,0.04337724049886068,0.0009336471557617188,0.07628949483235677,0.008050918579101
35575,0.04424826304117838,0.0075225830078125,0.07695388793945312,0.0064430236816403995
35580,1.9267902374267578,0.0179443359375,0.42795372009277344,1.8896484375
35585,1.9348335266113281,0.002025604248046875,0.48500506083170575,0.203125
35595,1.9329970677693684,0.00457000732421875,0.49013392130533856,0.0279827117919907
35610,0.01038964589436849,0.0,0.06487178802490234,0.00128173828125
35620,0.08294264475504558,0.098876953125,0.055121421813964844,0.166748046875
35625,0.11791483561197917,0.05712890625,0.0704501469930013,0.2726593017578124
35628,0.1187451680501302,0.00264739990234375,0.0733184814453125,0.016754150390625
35642,0.2759717305501302,0.05615234375,0.11612447102864583,3.33203125
35650,0.239564577738444,0.0015239715576171875,0.09455172220865886,0.0021781921386718
35665,0.25141557057698566,0.0111541748046875,0.10473060607910156,0.0054473876953125
35669,0.012808799743652344,0.0,0.014378229777018229,0.0499877929687488
35680,0.03531646728515625,0.0574951171875,0.030371348063151043,0.1077880859375
35710,0.18636067708333334,0.018463134765625,0.4213765462239583,5.15167236328125
35736,0.2572123209635417,0.1009521484375,0.43475087483723956,0.135009765625
35740,0.2591133117675781,0.05078125,0.4232686360677083,0.0061492919921874
35750,0.27642822265625,0.083984375,0.08066050211588542,0.0
35775,0.24835713704427084,0.04034423828125,0.075653076171875,0.036003112792968105
35776,0.22382100423177084,0.0,0.07076867421468098,0.0250396728515625
35780,0.4205423990885417,0.0625,0.04421583811442057,0.1720962524414017
35785,0.37874476114908856,0.0086669921875,0.03625837961832682,0.0
35800,0.3787892659505208,0.0008020401000976562,0.03631114959716797,0.0
35805,0.050944010416666664,0.023712158203125,0.06771373748779297,0.0
35815,0.10512669881184895,0.0064239501953125,0.6185941696166992,0.0
35822,0.11434491475423177,0.0031280517578125,0.6246255238850912,0.0
35825,0.12484359741210938,0.05853271484375,0.5899454752604166,0.2577362060546862
35830,0.06967798868815105,0.0,0.03769969940185547,0.0015811920166015
35838,0.06079292297363281,0.0032501220703125,0.03165721893310547,0.0013504028320312
35865,0.16949590047200522,0.0804443359375,0.09064197540283203,0.05859375
35870,6.795330047607422,0.5439453125,3.2466538747151694,11.480049133300781
35876,6.794952392578125,0.0,3.2468525568644204,2.7419013977050213
35912,6.625860532124837,0.0002384185791015625,3.156282424926758,0.0032539367675781
35915,0.00047016143798828125,0.002532958984375,0.00037924448649088543,0.0024147033691406
35925,0.011253039042154947,0.028900146484375,0.0026607513427734375,0.0865478515625
35930,0.011730194091796875,0.0005216598510742188,0.005599657694498698,0.0205764770507808
35945,0.0389556884765625,0.0478515625,0.007741292317708333,0.02911376953125
35946,0.029507954915364582,0.00038051605224609375,0.00644683837890625,0.1102294921875
35961,0.029004414876302082,0.0,0.0101470947265625,0.5940399169921704
35967,4.478487650553386,0.1474609375,1.2643102010091145,15.36492919921875
35975,4.87530517578125,0.0679931640625,1.4300740559895833,0.890625
35980,4.89251708984375,0.0107879638671875,1.4288438161214192,0.077728271484375
36005,0.4236348470052083,0.0584716796875,0.1743602752685547,0.0
36020,0.4235127766927083,0.0153045654296875,0.09174537658691406,0.5274276733398328
36060,0.4357808430989583,0.076904296875,0.12683486938476562,0.0
36090,0.46575927734375,0.05328369140625,0.17845280965169272,0.26123046875
36100,0.6072794596354166,0.1474609375,0.181488037109375,0.460205078125
36129,0.6244659423828125,0.00604248046875,0.15968449910481772,1.5625
36135,0.5879325866699219,0.0057220458984375,0.1102142333984375,0.0235290527343744
36160,0.25960413614908856,0.0421142578125,0.13918050130208334,0.98236083984375
36161,0.21459070841471353,0.015899658203125,0.12124252319335938,0.11474609375
36185,0.27327728271484375,0.009429931640625,0.18897247314453125,0.33979797363280856
36205,0.0632616678873698,0.024749755859375,0.07773590087890625,0.0338134765625
36224,0.06371720631917317,0.00025463104248046875,0.0769815444946289,0.0
36225,0.5560420354207357,0.065185546875,0.08348846435546875,0.7343673706054549
36260,0.568507194519043,0.0726318359375,0.08213043212890625,0.026031494140625
36265,1.1252365112304688,0.216552734375,0.25157324473063153,0.0
36285,0.680419921875,0.012603759765625,0.17838160196940103,0.1122550964355456
36315,0.7667236328125,0.092041015625,0.18828455607096353,0.173309326171875
36325,0.2080071767171224,0.003131866455078125,0.019215901692708332,0.0012168884277343
36330,0.5089918772379557,0.1435546875,0.20399347941080728,0.0
36335,0.8396396636962891,0.086669921875,0.4110298156738281,0.0
36350,0.8625895182291666,0.010833740234375,0.4143149058024089,0.0145053863525376
36351,0.4536946614583333,0.0,0.2244145075480143,0.0010261535644531
36369,0.0230712890625,0.0,0.0037053426106770835,0.0696086883544905
36380,0.0019877751668294272,0.0083160400390625,0.0057175954182942705,0.137664794921875
36400,0.4074392318725586,0.0120849609375,0.06236680348714193,0.368316650390625
36410,0.4118032455444336,0.00823974609375,0.06464036305745442,0.0309257507324218
36415,0.409969965616862,0.0010223388671875,0.059181531270345054,0.0
36420,0.0061537424723307295,0.008056640625,0.0030469894409179688,0.0
36435,2.4932448069254556,0.066162109375,0.11700057983398438,1.21875
36439,2.4982293446858725,0.0001678466796875,0.13138961791992188,1.6410064697265487
36458,2.5085957845052085,0.0008373260498046875,0.13213221232096353,0.838531494140625
36460,0.01718870798746745,0.0008869171142578125,0.016056378682454426,0.0011043548583984
36504,0.012416521708170572,0.00400543212890625,0.0014705657958984375,0.0006427764892578
36514,0.0008764266967773438,0.00823974609375,0.00048796335856119793,0.0012893676757812
36515,0.0010039011637369792,0.001148223876953125,0.0009733835856119791,0.0033226013183592
36520,0.030640920003255207,0.027069091796875,0.010577837626139322,0.0
36535,0.041837056477864586,0.201904296875,0.018166224161783855,0.052001953125
36555,0.04930814107259115,0.00033092498779296875,0.05326620737711588,0.18774318695067702
36560,0.019475618998209637,0.00383758544921875,0.04366525014241537,0.0004024505615234
36615,0.008705774943033854,0.001140594482421875,0.03728612263997396,0.0
36630,0.05372492472330729,0.008148193359375,0.01609007517496745,0.0508060455322251
36636,0.05372905731201172,0.00466156005859375,0.0162814458211263,0.0015163421630859
36640,0.17403666178385416,0.04486083984375,0.059017181396484375,0.89141845703125
36645,0.12982622782389322,0.00775909423828125,0.07391929626464844,0.13922882080077958
36650,1.2176863352457683,0.04400634765625,0.18021647135416666,1.210235595703125
36655,1.2108503977457683,0.011260986328125,0.4696756998697917,1.990325927734375
36690,2.1112594604492188,0.096923828125,0.6875734329223633,2.31842041015625
36695,1.0295918782552083,0.04229736328125,0.5898027420043945,0.0625
36720,1.5222269694010417,0.02020263671875,0.38403987884521484,0.5583572387695185
36754,0.6133626302083334,0.0008726119995117188,0.13795153299967447,0.18505859375
36800,0.727996826171875,0.02484130859375,0.1408697764078776,0.0504341125488278
36805,0.18060302734375,0.0615234375,0.04239781697591146,0.0
36814,0.1829385757446289,0.0002651214599609375,0.04341665903727213,0.11617469787597359
36815,0.06477959950764973,0.001865386962890625,0.03673966725667318,0.026123046875
36820,0.005511919657389323,0.0016689300537109375,0.007561047871907552,0.0
36835,0.028597513834635418,0.03759765625,0.026734670003255207,0.1499633789062492
36840,0.2279027303059896,0.0177001953125,0.044155120849609375,0.1025390625
36860,0.2279644012451172,0.0014438629150390625,0.052098592122395836,0.035499572753906
36865,0.2288951873779297,0.015899658203125,0.03313636779785156,0.0163440704345699
36870,0.03159681955973307,0.0009489059448242188,0.030477523803710938,0.7607879638671875
36875,0.08512655893961589,0.02484130859375,0.026903152465820312,0.0297660827636712
36895,0.06003030141194662,0.0149993896484375,0.026444117228190105,0.014247894287109
36910,1.1078739166259766,0.36181640625,0.6956780751546224,0.0
36920,1.0554752349853516,0.00601959228515625,0.6915683746337891,0.0104217529296874
36925,1.0990804036458333,0.02587890625,0.6938279469807943,0.0339889526367183
36930,0.119873046875,0.04669189453125,0.014130274454752604,0.042022705078123196
36935,0.12992350260416666,0.0406494140625,0.01813062032063802,0.0358142852783203
36955,0.8121490478515625,0.06396484375,0.28203455607096356,1.233642578125
36960,0.8700103759765625,0.0556640625,0.3045056660970052,0.153076171875
36965,1.4223988850911458,0.0469970703125,0.33982086181640625,0.2188568115234312
36975,1.3273111979166667,0.0546875,0.6302134195963541,2.613037109375
36977,1.196571985880534,0.00567626953125,0.5987164179484049,0.0020942687988281
36985,0.8249184290568033,0.05029296875,0.8215824762980143,1.8385734558105338
37020,0.20158672332763672,0.05523681640625,0.26360734303792316,0.0045623779296875
37025,0.20574410756429037,0.0457763671875,0.26939837137858075,0.0
37043,0.018221537272135418,0.008209228515625,0.008634249369303385,0.015167236328125
37045,0.11229705810546875,0.1025390625,0.0783077875773112,0.3265380859375
37050,1.7939732869466145,0.0404052734375,0.7041114171346029,5.8162841796875
37055,1.7891845703125,0.0,0.7043857574462891,0.0797271728515614
37085,1.6872552235921223,0.0011882781982421875,0.6345755259195963,0.0019474029541015
37100,0.001499176025390625,0.00031566619873046875,0.005352020263671875,0.036994934082030605
37125,0.15240859985351562,0.0557861328125,0.023658116658528645,0.2252197265625
37127,0.1515954335530599,0.0,0.02317969004313151,0.111785888671875
37130,0.15096918741861978,0.0006885528564453125,0.020649274190266926,0.006591796875
37220,0.0030352274576822915,0.022430419921875,0.0009260177612304688,0.011199951171875
37285,0.0045706431070963545,0.0009765625,0.002048492431640625,0.005767822265625
37320,0.011097590128580729,0.03680419921875,0.011831283569335938,0.0390625
37321,0.008122126261393229,0.0,0.011057535807291666,0.0
37325,0.006586710611979167,0.0,0.00993188222249349,0.000859260559082
37330,0.014193216959635416,0.0093536376953125,0.028247515360514324,0.1374969482421858
37370,0.025297800699869793,0.002197265625,0.032554944356282554,0.0210580825805633
37375,0.5390917460123698,0.102294921875,0.31238047281901044,0.0
37390,1.5267906188964844,0.0863037109375,1.6020711263020833,0.0
37420,1.8128865559895833,0.06640625,1.624402364095052,0.1287460327148425
37425,1.301517168680827,0.0012187957763671875,1.346475601196289,0.0
37430,3.3438145319620767,0.05914306640625,4.621947606404622,5.95513916015625
37440,3.0517943700154624,0.012939453125,4.603492101033528,0.0
37475,3.1581735610961914,0.010040283203125,4.660183588663737,0.2836036682128746
37485,0.47133541107177734,0.0008182525634765625,1.2749875386555989,35.775970458984375
37488,0.4662164052327474,0.000553131103515625,1.2668453852335613,0.001016616821289
37490,0.36065133412679035,0.013092041015625,1.2094964981079102,0.0066947937011717995
37495,0.019398053487141926,0.027099609375,0.06315771738688152,0.2734375
37515,0.06974156697591145,0.00909423828125,0.07565371195475261,0.24261474609375
37520,0.18195088704427084,0.054443359375,0.10784276326497395,0.1670875549316384
37548,0.16585286458333334,0.0,0.04599952697753906,0.0
37550,0.12207794189453125,0.00075531005859375,0.03634961446126302,0.44058990478515225
37576,0.01006317138671875,0.01123046875,0.003157933553059896,0.01287841796875
37605,0.024365743001302082,0.092529296875,0.0040480295817057295,0.0051803588867187
37610,0.028355916341145832,0.03179931640625,0.02392133076985677,0.083251953125
37625,0.027537027994791668,0.019317626953125,0.024559656778971355,0.0026321411132812
37646,0.025212605794270832,0.024627685546875,0.025965372721354168,0.01312255859375
37655,0.018798192342122395,0.0015087127685546875,0.018693288167317707,0.22430419921875
37660,0.017442703247070312,0.00041103363037109375,0.030709584554036457,0.194549560546872
37665,0.08348782857259114,0.02008056640625,0.03502019246419271,0.0
37670,0.10781606038411458,0.11181640625,0.023295084635416668,0.0162696838378905
37685,0.708038330078125,0.107177734375,0.4479827880859375,1.581787109375
37710,0.6391550699869791,0.0521240234375,0.4422718683878581,0.0199127197265625
37720,0.6534582773844401,0.0149078369140625,0.5269556045532227,0.1631546020507798
37730,0.08881187438964844,0.0048828125,0.09629154205322266,0.0267181396484256
37775,0.08532778422037761,0.02020263671875,0.09647369384765625,0.0052490234375
37781,0.043027242024739586,0.012176513671875,0.008477528889973959,0.0022315979003906
37790,0.24858697255452475,0.0011882781982421875,0.4226373036702474,5.928672790527298
37800,0.24304739634195963,0.0008544921875,0.42238934834798175,0.0051212310791013
37828,0.24913883209228516,0.0079498291015625,0.4266665776570638,0.2277374267578125
37835,0.436431884765625,0.09375,0.01863574981689453,0.1171875
37860,0.5217774709065756,0.0108795166015625,0.04717413584391276,0.1224555969238246
37869,0.5151494344075521,0.0,0.04242070515950521,0.0002660751342773
37910,0.08551851908365886,0.00054168701171875,0.029547691345214844,0.0011043548583984
37940,0.010981877644856771,0.017059326171875,0.0021855036417643228,0.0097961425781248
37945,0.03504180908203125,0.0908203125,0.014597256978352865,0.0
37971,0.0378875732421875,0.00027179718017578125,0.026772181193033855,0.5996780395507688
37975,0.3989105224609375,0.04107666015625,0.07343610127766927,0.2223129272460888
37980,0.7322724660237631,0.02691650390625,0.15892410278320312,0.62841796875
37985,0.7443033854166666,0.1099853515625,0.14922587076822916,0.014556884765625
38005,0.37545204162597656,0.011260986328125,0.1012881596883138,0.0035963058471679002
38021,0.02143541971842448,0.00048065185546875,0.004239082336425781,0.0
38045,0.018831253051757812,0.05517578125,0.0033591588338216147,0.016937255859375
38055,0.043491363525390625,0.0021514892578125,0.1351795196533203,1.08917236328125
38070,0.044277191162109375,0.022613525390625,0.13549677530924478,0.0343017578125
38095,1.4650840759277344,0.015472412109375,0.5676612854003906,1.585205078125
38103,1.4374237060546875,0.0007076263427734375,0.4353148142496745,0.0013275146484375
38110,1.4405975341796875,0.04632568359375,0.43509864807128906,0.0
38120,0.00815582275390625,0.00775909423828125,0.0015780131022135417,0.0
38143,0.035387674967447914,0.0125274658203125,0.0049597422281901045,0.0315513610839828
38148,0.02802276611328125,0.0,0.006094614664713542,42.68060302734375
38150,0.09247461954752605,0.009765625,1.4312585194905598,4.62109375
38156,0.06514612833658855,0.0,1.42767333984375,0.1382598876953112
38170,0.0836194356282552,0.12890625,1.4262650807698567,0.0023422241210937
38180,0.9315592447916666,0.026458740234375,0.309329350789388,1.4523773193359188
38200,0.936957041422526,0.0111541748046875,0.3115113576253255,0.130157470703125
38206,1.0486106872558594,0.029388427734375,0.3136342366536458,0.08331298828125
38215,1.9941673278808594,0.153076171875,0.43031565348307294,1.944793701171875
38230,1.9924367268880208,0.03021240234375,0.4295800526936849,0.0061111450195312
38240,1.8641894658406575,0.000995635986328125,0.44222768147786456,0.1415176391601549
38245,0.05285231272379557,0.0126953125,0.06255404154459636,1.847269058227538
38251,0.05103524525960287,0.0006227493286132812,0.061681111653645836,0.00288963317871
38259,0.05269559224446615,0.00658416748046875,0.0467675526936849,0.0056648254394528995
38265,0.1204668680826823,0.0095672607421875,0.4175554911295573,4.43267822265625
38270,0.12337239583333333,0.0002651214599609375,0.49532318115234375,0.5342979431152297
38272,0.3011067708333333,0.0154571533203125,0.5536861419677734,0.40374755859375
38283,0.1877263387044271,0.043701171875,0.13817532857259116,0.0073394775390625
38285,0.18577448527018228,0.0121612548828125,0.06562423706054688,0.0
38295,0.004813830057779948,0.0045013427734375,0.0069332122802734375,0.0
38305,0.004030545552571614,0.013885498046875,0.0070679982503255205,0.007232666015625
38315,0.0012267430623372395,0.0,0.0012769699096679688,0.027549743652342598
38345,0.0015710194905598958,0.002849578857421875,0.0028314590454101562,0.0
38360,0.0013052622477213542,0.0082855224609375,0.0020297368367513022,0.0074844360351562
38365,0.01149749755859375,0.05780029296875,0.0039196014404296875,0.0111083984375
38375,0.010928471883138021,0.0008487701416015625,0.0023787816365559897,0.0018234252929687
38385,0.014527002970377604,0.0035858154296875,0.0043074289957682295,0.2933349609375
38395,0.012869517008463541,0.1082763671875,0.0052076975504557295,0.01092529296875
38415,0.01361083984375,0.007904052734375,0.006283124287923177,0.0077362060546875
38425,0.022324879964192707,0.02215576171875,0.049341837565104164,0.16650390625
38430,0.014681816101074219,0.0015010833740234375,0.06414031982421875,0.12353515625
38450,0.06134319305419922,0.05029296875,0.09182230631510417,0.1874084472656244
38465,0.048752784729003906,0.001094818115234375,0.04762744903564453,0.02734375
38490,0.05122820536295573,0.05657958984375,0.031371752421061196,0.0072479248046875
38495,0.0046545664469401045,0.0083770751953125,0.0035231908162434897,0.0059051513671875
38505,0.004900932312011719,0.00095367431640625,0.00506591796875,0.05078125
38515,0.0029897689819335938,0.00345611572265625,0.008869171142578125,1.767578125
38530,0.40318457285563153,0.05780029296875,0.25428009033203125,0.007354736328125
38535,0.5370445251464844,0.05828857421875,0.31735865275065106,0.3404769897460916
38575,0.893273671468099,0.003147125244140625,0.40136464436848956,0.459880828857372
38581,0.4927075703938802,0.00032711029052734375,0.15686416625976562,0.03326416015625
38585,0.42032496134440106,0.0667724609375,0.13440322875976562,0.14404296875
38590,0.1309178670247396,0.086669921875,0.04754511515299479,0.0218505859375
38591,0.13037109375,0.0,0.04551060994466146,0.0
38610,0.456512451171875,0.05670166015625,0.8210741678873698,2.807647705078125
38615,0.3882344563802083,0.0,0.8188966115315756,0.3523406982421875
38625,0.3903706868489583,0.00830078125,0.8193473815917969,0.00262451171875
38635,1.77520751953125,0.1552734375,1.8926607767740886,0.0
38640,1.7798614501953125,0.03826904296875,1.8963006337483723,0.0
38645,1.7807820638020833,0.01007080078125,1.8978474934895833,0.0101470947265624
38655,0.031768798828125,0.022552490234375,0.02167510986328125,0.0
38670,0.03064409891764323,0.000568389892578125,0.020102500915527344,0.0427131652832006
38685,0.3020782470703125,0.01190185546875,0.1432765324910482,0.4986076354980424
38690,0.6428070068359375,0.05352783203125,0.3539520899454753,0.0
38705,0.7014115651448568,0.075927734375,0.3711191813151042,0.0
38732,0.4269784291585286,0.00034809112548828125,0.24604288736979166,0.0018997192382812
38743,0.06223615010579427,0.00266265869140625,0.01951122283935547,0.0002803802490234
38745,0.008921941121419271,0.0531005859375,0.0015821456909179688,0.00689697265625
38750,0.010016123453776041,0.02020263671875,0.001934369405110677,0.0025405883789062
38764,0.010519027709960938,0.00621795654296875,0.0021731058756510415,0.0076370239257812
38785,0.002381006876627604,0.0009317398071289062,0.0024655659993489585,0.0140075683593744
38835,0.0016676584879557292,0.004608154296875,0.0033162434895833335,0.0077285766601562
38853,0.0059884389241536455,0.0001621246337890625,0.06559594472249348,0.44284820556639387
38855,0.0055967966715494795,0.0003643035888671875,0.06444136301676433,0.0
38860,0.1850147247314453,0.0838623046875,0.16157754262288412,0.0187454223632808
38865,0.22058995564778647,0.0513916015625,0.12798945109049478,0.0
38889,0.22301801045735678,0.00032520294189453125,0.13274923960367838,0.281810760498045
38890,0.043570518493652344,0.0012111663818359375,0.03548717498779297,0.0181617736816404
38893,0.0038785934448242188,0.03240966796875,0.007087389628092448,0.0076675415039062
38905,0.0028562545776367188,0.005218505859375,0.0055205027262369795,0.0
38920,0.021917343139648438,0.019775390625,0.013537724812825521,0.0
38925,0.023508071899414062,0.003902435302734375,0.017386118570963543,0.019523620605468597
38930,0.1266301472981771,0.15771484375,0.018994649251302082,0.057464599609375
38935,0.13753414154052734,0.01605224609375,0.043100992838541664,0.2259521484375
38945,0.18338425954182944,0.05133056640625,0.05231412251790365,0.07658004760742
38946,0.0785665512084961,0.0,0.04696305592854818,0.0002784729003906
38970,0.09759521484375,0.04351806640625,0.02409521738688151,0.0421295166015625
38980,0.05068556467692057,0.0007238388061523438,0.011457443237304688,0.0
38990,0.05499871571858724,0.029815673828125,0.01276238759358724,0.0076522827148437
39000,0.021526018778483074,0.017974853515625,0.004010200500488281,0.0
39060,0.03279527028401693,0.00220489501953125,0.03436597188313802,1.308502197265625
39070,0.060561180114746094,0.0147857666015625,0.03824297587076823,0.0367431640625
39075,0.04546070098876953,0.003021240234375,0.0371405283610026,0.0078163146972654
39080,0.11861324310302734,0.040283203125,0.04400475819905599,0.0030326843261718004
39085,0.11499881744384766,0.002155303955078125,0.04710801442464193,0.043346405029286
39088,0.12265300750732422,0.0433349609375,0.06020005544026693,0.04443359375
39095,0.07792345682779948,0.04791259765625,0.05351702372233073,0.389068603515625
39100,0.06569417317708333,0.016937255859375,0.048123677571614586,0.0183792114257808
39105,0.05779202779134115,0.0018901824951171875,0.03630383809407552,0.033004760742187195
39113,0.04791450500488281,0.018951416015625,0.012411117553710938,0.076263427734375
39160,0.0439446767171224,0.013671875,0.011641502380371094,0.019039154052734198
39170,0.045926411946614586,0.001674652099609375,0.03278954823811849,0.13095092773437358
39180,0.014933904012044271,0.0006456375122070312,0.025571187337239582,0.0017938613891600999
39194,0.0026683807373046875,0.0,0.02344226837158203,0.0002803802490234
39200,0.000476837158203125,0.001972198486328125,0.0026699701944986978,0.006683349609375
39210,0.003032684326171875,0.000766754150390625,0.02286211649576823,0.1670608520507772
39220,0.0031763712565104165,0.001171112060546875,0.02292633056640625,0.0
39235,0.08020846048990886,0.0063018798828125,0.28221893310546875,1.2760391235351463
39243,8.91711171468099,0.02508544921875,3.5954360961914062,21.62566375732405
39255,8.9877077738444,0.002197265625,3.6418329874674478,0.0
39260,8.91257349650065,0.0014324188232421875,3.3823121388753257,0.0
39265,0.0980669657389323,0.00557708740234375,0.9715366363525391,2.99609375
39280,0.028430938720703125,0.0098114013671875,0.9285589853922526,0.013397216796875
39295,0.2436091105143229,0.556640625,1.0398406982421875,0.5
39302,0.26419830322265625,0.009246826171875,0.12730979919433594,0.0484256744384754
39305,0.2987060546875,0.022430419921875,0.1294247309366862,0.0279407501220696
39307,0.08125813802083333,0.0,0.017261187235514324,0.013206481933593599
39315,0.053616841634114586,0.03363037109375,0.014636039733886719,0.037078857421875
39320,0.7765146891276041,0.0745849609375,0.04562822977701823,0.18390274047851068
39331,0.7765747706095377,0.003086090087890625,0.04458395640055338,0.0002717971801757
39332,0.7587706247965494,0.002307891845703125,0.036727587381998696,0.0002784729003906
39340,2.2127857208251953,0.152099609375,0.9957723617553711,4.8351287841796875
39348,2.2870461146036782,0.01470947265625,1.0069561004638672,0.0382347106933584
39365,2.6554361979166665,0.0556640625,1.0490887959798176,0.0
39375,0.4429334004720052,0.00014209747314453125,0.0535284678141276,0.0002813339233398
39385,0.3690166473388672,0.0023193359375,0.042289415995279946,0.0002641677856445
39390,0.0007654825846354166,0.0055389404296875,0.050712267557779946,0.2734375
39403,0.021521250406901043,0.0042724609375,0.05160299936930338,0.076217651367184
39408,0.05075295766194662,0.000629425048828125,0.056075096130371094,1.0442447662353445
39411,0.050484657287597656,0.0020904541015625,0.005520820617675781,0.0002813339233398
39415,0.08361530303955078,0.01043701171875,0.043725013732910156,0.23828125
39420,0.059248924255371094,0.0014820098876953125,0.04056199391682943,0.0067472457885725005
39425,0.06021340688069662,0.04547119140625,0.04143238067626953,0.008209228515625
39444,0.006888389587402344,0.00777435302734375,0.0023590723673502603,0.0015621185302734
39470,0.009757359822591146,0.059326171875,0.0032138824462890625,0.0146942138671874
39479,0.012058893839518229,0.0068206787109375,0.0050678253173828125,0.039047241210937195
39480,0.32832972208658856,0.04345703125,0.4271049499511719,0.0013561248779296
39485,0.44297154744466144,0.019256591796875,0.5082448323567709,0.744903564453125
39520,0.44016774495442706,0.000881195068359375,0.508874257405599,0.16064453125
39525,0.13402239481608072,0.0928955078125,0.08881473541259766,0.0325965881347654
39550,0.012829462687174479,0.0011043548583984375,0.006583849589029948,0.0046863555908195
39558,0.012295405069986979,0.0,0.00316619873046875,0.0002717971801757
39569,0.004180908203125,0.0002651214599609375,0.0037663777669270835,0.33203125
39580,0.11977259318033855,0.027862548828125,0.025995890299479168,0.1404953002929686
39590,0.14787928263346353,0.020660400390625,0.031008084615071613,0.1047821044921875
39600,0.1455418268839518,0.00543975830078125,0.028756459554036457,0.0049285888671875
39610,0.029458363850911457,0.0092315673828125,0.009473164876302084,0.012111663818359
39615,0.03375116984049479,0.011077880859375,0.05136871337890625,0.0
39630,0.03426424662272135,0.0058746337890625,0.0540008544921875,0.0
39631,0.03327719370524088,0.00274658203125,0.05002784729003906,0.0002765655517578
39640,1.845014254252116,0.0960693359375,0.8196887969970703,3.503814697265625
39650,1.8449055353800456,0.00029659271240234375,0.8176975250244141,0.0
39654,1.844826380411784,0.00015163421630859375,0.8177022933959961,0.0002813339233398
39655,0.0007225672403971354,0.00019073486328125,0.0011927286783854167,0.0002784729003906
39660,0.0018596649169921875,0.0147552490234375,0.00044282277425130207,0.0018882751464843
39670,0.030169169108072918,0.23583984375,0.004708925882975261,0.0335445404052709
39675,0.031139691670735676,0.04034423828125,0.0068721771240234375,0.018157958984375
39700,0.4537445704142253,0.0118560791015625,1.1965271631876628,11.156402587890625
39710,0.42744890848795575,0.0015964508056640625,1.2022171020507812,0.0500049591064443
39711,0.4265565872192383,0.0019130706787109375,1.200055758158366,0.0002717971801757
39713,0.0021769205729166665,0.000209808349609375,0.010156631469726562,0.0002813339233398
39720,0.0008233388264973959,0.02032470703125,0.0003992716471354167,0.0052108764648437
39724,0.8778791427612305,0.0252685546875,0.07134405771891277,0.3725776672363174
39725,0.8925069173177084,0.015960693359375,0.08471425374348958,0.0430450439453125
39745,0.8940556844075521,0.0404052734375,0.08496348063151042,0.0021896362304687
39749,0.01956939697265625,0.023162841796875,0.014279683430989584,0.0018234252929687
39750,0.006818135579427083,0.002376556396484375,0.002132415771484375,0.0
39755,0.009371439615885416,0.021881103515625,0.002522150675455729,0.0089874267578124
39767,0.006760915120442708,0.0020294189453125,0.0022684733072916665,0.0002737045288085
39780,0.0061105092366536455,0.0012226104736328125,0.0010420481363932292,0.0567054748535145
39790,0.3151976267496745,0.01934814453125,0.17217445373535156,0.5828399658203063
39795,0.3196798960367839,0.0087738037109375,0.17284456888834634,0.0052490234375
39800,0.351898193359375,0.0521240234375,0.1818695068359375,0.06256103515625
39805,0.0385284423828125,0.00272369384765625,0.010183334350585938,0.0
39815,0.038750012715657554,0.0103759765625,0.010322252909342447,0.0002002716064453
39820,1.4635343551635742,0.147705078125,0.42823251088460285,2.01214599609375
39825,5.685997327168782,0.0889892578125,0.7420021692911783,3.894287109375
39831,5.681287129720052,0.003173828125,0.7411861419677734,0.0002803802490234
39870,4.242688496907552,0.002368927001953125,0.3631420135498047,0.57696533203125
39890,0.04308446248372396,0.0114593505859375,0.08358828226725261,0.1142349243164051
39900,0.04318046569824219,0.002399444580078125,0.08366839090983073,0.0
39905,0.5832602183024088,0.0838623046875,0.10680325826009114,0.3270263671875
39915,0.6709512074788412,0.082275390625,0.16577593485514322,0.4773941040039022
39930,0.7268193562825521,0.023162841796875,0.18918228149414062,0.1805419921875
39935,0.19017473856608072,0.028228759765625,0.16274452209472656,0.459136962890625
39940,0.07911618550618489,0.0,0.06998761494954427,0.0108795166015624
39950,0.023644765218098957,0.00466156005859375,0.04736137390136719,0.0060806274414062
39955,0.0033953984578450522,0.0007543563842773438,0.010521252950032553,0.0695514678955044
39975,0.9259112675984701,0.044677734375,0.44502417246500653,0.0
39985,1.360150973002116,0.220458984375,0.8090149561564127,1.7748260498046875
40009,1.3575143814086914,0.0017833709716796875,0.8002376556396484,0.000274658203125
40011,0.43517112731933594,0.00376129150390625,0.36507511138916016,0.0005550384521483
40015,0.6588223775227865,0.1099853515625,0.17887338002522787,0.0
40025,0.6638612747192383,0.0377197265625,0.18817424774169922,0.0312652587890625
40065,0.6820526123046875,0.0005235671997070312,0.34403228759765625,2.2567749023437154
40070,0.025861104329427082,0.02008056640625,0.16608174641927084,0.0032310485839843
40075,0.021091461181640625,0.0009002685546875,0.17653910319010416,0.13671875
40085,0.12192916870117188,0.03851318359375,0.1371943155924479,0.0
40100,0.12026786804199219,0.0004062652587890625,0.139952023824056,0.0
40110,0.12140846252441406,0.01226806640625,0.12063821156819661,0.0034027099609374
40145,0.021402359008789062,0.03155517578125,0.04104836781819662,0.0
40169,0.023153940836588543,0.0005159378051757812,0.03764756520589193,0.0095014572143547
40170,0.030992507934570312,0.0117645263671875,0.055388450622558594,0.0772705078125
40175,0.012363115946451822,0.00081634521484375,0.018836021423339844,0.0
40187,0.01277319590250651,0.003475189208984375,0.03125635782877604,0.0619964599609358
40190,0.01145013173421224,0.044921875,0.01468658447265625,0.0074691772460937
40195,0.04868507385253906,0.04132080078125,0.017222086588541668,0.125
40211,0.046019554138183594,0.002666473388671875,0.004742940266927083,0.0002813339233398
40213,0.039154370625813804,0.02392578125,0.003938039143880208,0.00738525390625
40220,0.005892753601074219,0.0144500732421875,0.004183451334635417,0.019500732421875
40239,0.008497873942057291,0.00696563720703125,0.0057373046875,0.00970458984375
40240,0.00930945078531901,0.00299072265625,0.006629625956217448,0.0
40245,0.014084815979003906,0.003055572509765625,0.03259881337483724,0.0
40255,0.04691155751546224,0.0316162109375,0.13694349924723306,0.668701171875
40260,0.2984180450439453,0.06494140625,0.3172709147135417,0.0
40270,0.3148752848307292,0.02288818359375,0.30438995361328125,0.142822265625
40280,0.28329722086588544,0.021881103515625,0.21009063720703125,0.050811767578125
40285,0.03244241078694662,0.0010128021240234375,0.036262830098470054,1.164886474609375
40290,0.007593472798665364,0.0172119140625,0.021001497904459637,0.0065078735351562
40313,0.009933153788248697,0.0053253173828125,0.022641817728678387,0.14697265625
40320,0.008826573689778646,0.00370025634765625,0.031705220540364586,0.0
40335,0.011743545532226562,0.027496337890625,0.031008402506510418,0.0017528533935546
40350,0.18737475077311197,0.19140625,0.0764147440592448,0.0002784729003906
40355,0.1929906209309896,0.04718017578125,0.0614471435546875,0.0140151977539062
40360,0.18969345092773438,0.00389862060546875,0.061902364095052086,0.007659912109375
40365,0.008649190266927084,0.01513671875,0.004255930582682292,0.0065383911132812
40375,0.002532958984375,0.0010814666748046875,0.0028711954752604165,0.0
40380,0.003124872843424479,0.0043792724609375,0.0027751922607421875,0.0
40385,1.3890183766682942,0.1142578125,0.22049268086751303,13.80615234375
40395,1.5144812266031902,0.02203369140625,0.24091657002766928,0.0961875915527313
40415,1.513537089029948,0.000492095947265625,0.24040603637695312,0.0
40417,0.1365076700846354,0.0648193359375,0.024606068929036457,0.049560546875
40420,0.04372723897298177,0.022247314453125,0.3008410135904948,1.688690185546875
40454,0.04353650410970052,0.0,0.3006146748860677,0.00262451171875
40460,0.03380139668782552,0.0,0.2977447509765625,0.0
40465,0.00013987223307291666,0.0001811981201171875,0.0009562174479166666,0.0040740966796872
40490,3.3793512980143228,0.079833984375,0.9311358133951823,4.805770874023436
40521,3.3793512980143228,0.0,0.9878546396891276,0.465023040771467
40534,3.3795464833577475,0.003078460693359375,0.9870885213216146,0.0003328323364257
40535,0.0044803619384765625,0.00432586669921875,0.0599517822265625,0.0520629882812496
40558,0.012596766153971354,0.006866455078125,0.0076402028401692705,0.0165386199951154
40580,0.1150652567545573,0.015777587890625,0.04018402099609375,0.1627197265625
40615,0.1139818827311198,0.0439453125,0.038195292154947914,0.015625
40640,0.217832883199056,0.00676727294921875,0.37718836466471356,0.0
40645,0.15375359853108725,0.0120849609375,0.3646688461303711,0.0661468505859375
40650,0.22418816884358725,0.025726318359375,0.37778759002685547,0.1071319580078108
40655,0.11224555969238281,0.0001659393310546875,0.03434340159098307,0.0002870559692382
40665,0.12451426188151042,0.0732421875,0.02122815450032552,0.0350742340087885
40675,0.39047495524088544,0.104736328125,0.17617162068684897,0.9096908569335926
40685,0.3914203643798828,0.02734375,0.1763270696004232,0.0078125
40700,0.3464810053507487,0.0011882781982421875,0.19419574737548828,0.3165550231933559
40714,0.007023811340332031,0.0,0.02567291259765625,14.916091918945312
40723,0.007005055745442708,0.000278472900390625,0.026641845703125,0.0640468597412094
40740,0.004811922709147136,0.00205230712890625,0.020263036092122395,0.2397003173828125
40759,0.004990895589192708,0.00223541259765625,0.01968701680501302,0.0002756118774414
40780,0.011478106180826822,0.03289794921875,0.019656817118326824,0.014122009277343599
40790,0.007718404134114583,0.001743316650390625,0.0013933181762695312,0.00390625
40810,0.01054986317952474,0.008026123046875,0.0018472671508789062,0.0
40825,0.008852322896321615,0.00569915771484375,0.02037525177001953,0.093727111816404
40855,0.05033175150553385,0.0017032623291015625,0.03847980499267578,0.1001043319702128
40865,0.13778813680013022,0.122802734375,0.06688435872395833,0.1409063339233398
40875,0.13777287801106772,0.001102447509765625,0.06043561299641927,0.097896575927734
40885,0.14847437540690103,0.02337646484375,0.05095863342285156,0.0500106811523428
40905,0.18153063456217447,0.009185791015625,0.1539147694905599,0.80047607421875
40920,0.17580477396647134,0.0,0.14067999521891275,0.0014705657958984
40936,0.12440045674641927,0.00024318695068359375,0.1323099136352539,0.023431777954101
40950,1.0851949055989583,0.02618408203125,0.44165770212809247,1.8740997314453125
40955,1.1426671346028645,0.00711822509765625,0.44318517049153644,0.0
40966,1.143912633260091,0.0008831024169921875,0.44416173299153644,0.0281181335449212
40985,0.06344032287597656,0.0377197265625,0.004610697428385417,0.0
40996,0.014815012613932291,0.0078582763671875,0.05332756042480469,0.313751220703125
41003,0.012820243835449219,0.0009145736694335938,0.05201530456542969,0.0022125244140625
41025,0.009253501892089844,0.0009002685546875,0.08252271016438802,0.11700439453125
41030,0.00042819976806640625,0.00014400482177734375,0.032348314921061196,0.0002784729003906
41035,0.0390777587890625,0.02362060546875,0.04706732432047526,0.0625
41050,0.044345855712890625,0.01068115234375,0.02329413096110026,0.031448364257812195
41054,0.051204681396484375,0.001934051513671875,0.02381134033203125,0.0027904510498046
41063,0.012526512145996094,0.00201416015625,0.009041786193847656,0.0002784729003906
41064,0.008667945861816406,0.00028228759765625,0.0034914016723632812,0.108375549316404
41065,0.0020805994669596353,0.002895355224609375,0.0029652913411458335,0.0002765655517578
41070,0.07029978434244792,0.044921875,0.1153249740600586,0.653472900390625
41083,0.07849184672037761,0.0081329345703125,0.11905193328857422,0.0
41084,0.07819875081380208,0.0,0.11999956766764323,0.924407958984375
41085,0.010169347127278646,0.0013217926025390625,0.0439141591389974,0.572265625
41090,0.0052293141682942705,0.0047149658203125,0.03971036275227865,0.0
41105,0.03610801696777344,0.0906982421875,0.0574798583984375,0.0681381225585931
41115,0.03610006968180338,0.00325775146484375,0.02132383982340495,0.0026054382324218
41130,0.042670885721842446,0.0513916015625,0.029514630635579426,0.015625
41137,0.012430508931477865,0.0005044937133789062,0.012401898701985678,0.0289001464843744
41145,0.021131515502929688,0.0340576171875,0.013811111450195312,0.0150146484375
41150,0.029571533203125,0.011932373046875,0.012906392415364584,0.035305023193359
41160,0.2176335652669271,0.04290771484375,0.411285400390625,1.518768310546875
41165,0.2121130625406901,0.00220489501953125,0.5332310994466146,1.30718994140625
41169,0.2714103062947591,0.00027179718017578125,0.8871533075968424,192.1119384765625
41176,0.08553918202718098,0.01947021484375,0.4888792037963867,0.0080776214599605
41180,1.0452731450398762,0.0640869140625,1.0437803268432617,2.570709228515625
41182,0.9660250345865885,0.0,0.680419921875,0.012874603271484
41185,0.9689108530680338,0.003662109375,0.684660275777181,0.000335693359375
41196,0.010129928588867188,0.066162109375,0.007676124572753906,0.009185791015625
41205,0.0507659912109375,0.05841064453125,0.05505784352620443,0.254180908203125
41225,0.08731778462727864,0.02734375,0.05887603759765625,0.078125
41240,0.08294900258382161,0.00099945068359375,0.05746650695800781,0.0
41250,0.04435507456461588,0.0223388671875,0.011873245239257812,0.0067520141601562
41255,3.2235237757364907,0.04901123046875,1.8584283192952473,0.0
41260,3.2349777221679688,0.01007080078125,1.8600435256958008,0.0
41267,3.2773895263671875,0.014984130859375,1.8656161626180012,0.09784698486328029
41270,0.0712127685546875,0.022613525390625,0.010706901550292969,0.0083923339843748
41280,5.144429524739583,0.174560546875,3.05555788675944,9.94976806640625
41285,5.2928466796875,0.1160888671875,3.1849466959635415,0.49951171875
41290,5.28243891398112,0.0006914138793945312,3.1868673960367837,0.0214138031005764
41295,0.20711135864257812,0.1102294921875,0.14203198750813803,0.0072479248046875
41305,0.0148468017578125,0.001209259033203125,0.006402333577473958,0.0088233947753904
41309,0.009995778401692709,0.0,0.020435015360514324,0.8395156860351498
41315,0.004975636800130208,0.05615234375,0.023003578186035156,0.018218994140625
41324,0.0047524770100911455,0.0011501312255859375,0.021686871846516926,0.03155517578125
41345,3.5333169301350913,0.166259765625,0.3017158508300781,2.6373291015625
41360,3.536863327026367,0.0009632110595703125,0.3073921203613281,1.129531860351555
41372,3.8667945861816406,0.0012378692626953125,0.5873565673828125,6.4930419921875
41375,0.34035269419352215,0.002033233642578125,0.29076290130615234,0.0042171478271483
41385,0.507557233174642,0.0692138671875,0.3626699447631836,0.0
41400,0.17846457163492838,0.0109100341796875,0.08306217193603516,0.0021018981933593
41410,0.1765782038370768,0.0067901611328125,0.08240127563476562,0.0035820007324218
41415,0.0016202926635742188,0.002605438232421875,0.000728607177734375,0.0
41420,0.16808223724365234,0.033203125,0.014488855997721354,0.1354827880859336
41475,0.16787401835123697,0.00026035308837890625,0.014345169067382812,0.0002803802490234
41485,0.17203712463378906,0.03387451171875,0.015396753946940104,0.0096206665039061
41500,0.0070845286051432295,0.03302001953125,0.002616246541341146,0.006744384765625
41505,0.3026955922444661,0.02691650390625,0.25585301717122394,1.26800537109375
41510,0.30022939046223956,0.026336669921875,0.2551568349202474,0.0032997131347656
41515,0.44207000732421875,0.02783203125,0.2692178090413411,0.0
41520,0.14669227600097656,0.003143310546875,0.016324361165364582,0.001789093017578
41565,0.1546192169189453,0.12548828125,0.017761866251627605,0.0079345703125
41569,0.010047276814778646,0.0,0.0023501714070638022,0.025981903076171698
41600,3.5080769856770835,0.015777587890625,0.6887725194295248,4.90521240234375
41635,3.5003700256347656,0.00186920166015625,0.6877463658650717,0.0044746398925776
41645,3.5004660288492837,0.0016040802001953125,0.695465087890625,0.03125
41650,0.2649847666422526,0.024200439453125,0.04879570007324219,0.1945667266845606
41655,0.2746041615804036,0.08154296875,0.04986000061035156,0.00830078125
41657,0.27598826090494794,0.029388427734375,0.04328091939290365,0.0069046020507812
41660,0.040288289388020836,0.0987548828125,0.008536020914713541,0.13092041015625
41665,0.1502354939778646,0.04150390625,0.034734090169270836,0.156585693359375
41670,0.26588694254557294,0.03631591796875,0.06304677327473958,0.20030212402343558
41675,0.23885313669840494,0.0011539459228515625,0.057845751444498696,0.0014705657958984
41686,0.11967118581136067,0.007537841796875,0.03191153208414713,0.0262451171875
41745,0.04629166920979818,0.0289306640625,0.008682568868001303,0.0329761505126951
41770,0.04670906066894531,0.0130767822265625,0.010146458943684896,0.0074920654296875
41775,0.0525054931640625,0.00545501708984375,0.12282816569010417,5.5712890625
41785,0.0539703369140625,0.011810302734375,0.11845842997233073,0.0362625122070302
41795,0.08456166585286458,0.0071563720703125,0.1301441192626953,0.0880661010742162
41800,0.07686710357666016,0.001953125,0.01691436767578125,0.0234375
41805,0.057244300842285156,0.083251953125,0.01694043477376302,0.073486328125
41820,0.04151757558186849,0.0020904541015625,0.0391228993733724,0.38470458984375
41835,0.05005645751953125,0.0894775390625,0.03749529520670573,0.0
41850,0.025061289469401043,0.00799560546875,0.03713703155517578,0.0131454467773437
41855,0.0658556620279948,0.0662841796875,0.003995577494303386,0.0275802612304685
41860,0.15996742248535156,0.01513671875,0.08686574300130208,0.9800720214843623
41875,0.18613243103027344,0.0732421875,0.0972897211710612,0.078094482421875
41885,0.1450354258219401,0.021240234375,0.10831737518310547,0.0
41905,0.08653767903645833,0.0015964508056640625,0.04264386494954427,0.0919322967529238
41940,0.20887247721354166,0.0364990234375,0.1620477040608724,0.00836181640625
41947,0.22881031036376953,0.0006780624389648438,0.2065099080403646,1.18890380859375
41975,0.2102975845336914,0.00933837890625,0.22123400370279947,0.2046585083007794
41980,0.06745497385660808,0.0947265625,0.09093030293782552,0.0080718994140624
41990,0.0377044677734375,0.001461029052734375,0.03502114613850912,0.0091056823730461
41993,0.012015660603841146,0.0005817413330078125,0.003422419230143229,0.0108375549316404
42000,0.0058371225992838545,0.00013637542724609375,0.0025202433268229165,0.0127716064453124
42010,0.0052789052327473955,0.030731201171875,0.0013074874877929688,0.022125244140625
42015,0.7711092631022135,0.0108795166015625,0.3294862111409505,1.422042846679678
42020,0.7720559438069662,0.0008106231689453125,0.3332945505777995,0.0141963958740222
42060,0.7700519561767578,0.01910400390625,0.33293596903483075,0.001626968383789
42065,0.3295714060465495,0.02685546875,0.04429944356282552,0.22113418579101418
42070,0.33077239990234375,0.0006580352783203125,0.05417760213216146,0.0
42087,0.32816918690999347,0.002689361572265625,0.05382092793782552,0.0002727508544921
42100,0.20048109690348306,0.0445556640625,0.7406660715738932,0.0
42110,0.7141427993774414,0.0550537109375,1.1046695709228516,0.28643798828125
42115,0.7158730824788412,0.021240234375,1.1062370936075847,0.0074844360351562
42120,1.247708002726237,0.03369140625,0.515888532002767,0.8102912902831798
42135,0.7541090647379557,0.021820068359375,0.1410214106241862,0.013671875
42140,1.0228131612141926,0.024505615234375,0.27886517842610675,0.4195709228515594
42153,0.3008867899576823,0.066650390625,0.1442254384358724,0.01446533203125
42155,0.2890764872233073,0.0078125,0.1461308797200521,0.0233650207519492
42165,0.3379007975260417,0.171875,0.0921160380045573,0.0
42170,0.3643646240234375,0.024993896484375,0.09425608317057292,0.0182952880859368
42175,0.35614776611328125,0.003200531005859375,0.09150950113932292,0.0
42180,0.03701146443684896,0.003131866455078125,0.006155967712402344,0.029060363769530098
42182,0.0025498072306315103,0.003787994384765625,0.0022853215535481772,0.000274658203125
42190,0.0627279281616211,0.04156494140625,0.005544344584147136,0.043441772460937195
42200,0.26416810353597003,0.04168701171875,0.03448613484700521,1.506591796875
42210,0.2860921223958333,0.0762939453125,0.058349609375,0.1041259765625
42220,0.22383626302083334,0.0007314682006835938,0.05360889434814453,0.0054702758789061
42225,0.023630777994791668,0.0005702972412109375,0.12108834584554036,0.34130859375
42240,0.011535962422688803,0.017303466796875,0.16160043080647787,0.299041748046875
42245,0.01146539052327474,0.0009603500366210938,0.16188685099283853,0.1109619140625
42250,0.01022942860921224,0.0025787353515625,0.06551361083984375,0.0
42260,0.0003674825032552083,0.0015048980712890625,0.0012944539388020833,0.0
42285,0.1132974624633789,0.0181884765625,0.055816968282063804,0.188507080078125
42290,0.11444600423177083,0.000919342041015625,0.05978043874104818,0.0296802520751946
42295,0.26343727111816406,0.03271484375,0.07416439056396484,0.0642013549804656
42296,0.1505600611368815,0.0003566741943359375,0.018999099731445312,0.0262451171875
42305,0.15544764200846353,0.0083160400390625,0.0379791259765625,0.0002737045288085
42325,0.043059984842936196,0.0017547607421875,0.05347029368082682,0.3323554992675764
42338,0.04295794169108073,0.003170013427734375,0.05325190226236979,0.000309944152832
42349,0.03718407948811849,0.0004596710205078125,0.030219078063964844,0.0703125
42355,0.0006020863850911459,0.00047397613525390625,0.0010236104329427083,0.0108718872070311
42390,0.0007120768229166666,0.0007190704345703125,0.0022036234537760415,0.12420654296875
42395,0.06003284454345703,0.36572265625,0.02190685272216797,0.1115570068359375
42412,0.05995464324951172,0.0,0.021369298299153645,14.772872924804688
42425,0.06374867757161458,0.00677490234375,0.02044836680094401,0.1590042114257812
42430,0.7939046223958334,0.132080078125,0.07941341400146484,0.60308837890625
42435,1.073948860168457,0.0050048828125,1.5237140655517578,0.0
42441,1.070020357767741,8.58306884765625e-05,1.5373071034749348,0.1926727294921814
42445,0.2946170171101888,0.0059814453125,1.4920775095621746,0.1343536376953125
42470,0.13643964131673178,0.0235595703125,0.06682014465332031,0.06874084472656
42480,1.6775131225585938,0.0362548828125,2.36358642578125,0.0
42495,1.6630036036173503,0.000202178955078125,2.3301575978597007,0.0002803802490234
42499,1.5412817001342773,0.002605438232421875,2.31080691019694,0.000279426574707
42500,0.0002549489339192708,0.0029449462890625,0.00016848246256510416,0.000309944152832
42502,0.001297314961751302,0.0046539306640625,0.0001331965128580729,0.000279426574707
42503,0.001201947530110677,0.00037860870361328125,8.296966552734375e-05,0.0007810592651367
42505,0.001873016357421875,0.000995635986328125,0.0008697509765625,0.0
42510,0.0009091695149739584,0.0004329681396484375,0.00793615976969401,0.0280609130859375
42520,0.0008980433146158854,0.0012149810791015625,0.008540153503417969,0.0041656494140625
42528,0.0002120335896809896,0.00319671630859375,0.007757822672526042,0.000319480895996
42530,0.00013224283854166666,0.00017452239990234375,0.0007254282633463541,0.0002756118774414
42531,0.0001468658447265625,0.003337860107421875,0.00018183390299479166,0.000279426574707
42535,0.0007794698079427084,0.01165771484375,0.0002562204996744792,0.0
42540,0.047265052795410156,0.070556640625,0.0030314127604166665,0.0234375
42565,0.048487345377604164,0.0009937286376953125,0.009571711222330729,0.035861968994140195
42575,0.05722935994466146,0.06298828125,0.011295954386393229,0.0108146667480468
42578,0.010734240214029947,0.00020313262939453125,0.008563359578450521,0.0013027191162109
42585,0.01048119862874349,0.00970458984375,0.002285003662109375,0.00262451171875
42590,0.0027411778767903647,0.0009508132934570312,0.028354644775390625,0.1113739013671848
42610,0.0034879048665364585,0.00119781494140625,0.03359381357828776,0.0215177536010735
42626,0.04914220174153646,0.00048065185546875,0.06049633026123047,2.2938232421875
42629,0.047437032063802086,0.0,0.032775561014811196,0.0
42640,0.06486002604166667,0.01800537109375,0.03508567810058594,0.052108764648437
42665,3.759862263997396,0.061279296875,1.2574532826741536,0.0
42675,3.7600529988606772,0.005035400390625,1.2576351165771484,0.001556396484375
42682,3.7510655721028647,0.03900146484375,1.2515087127685547,0.015625
42693,0.009962717692057291,0.00830078125,0.0022068023681640625,0.0033760070800781
42695,0.0213775634765625,0.00756072998046875,0.03736178080240885,0.1675376892089818
42725,0.013964335123697916,0.020111083984375,0.036206563313802086,0.0017528533935546
42743,0.016840616861979168,0.016571044921875,0.04110081990559896,0.16326904296875
42765,0.5199394226074219,0.003871917724609375,0.10884984334309895,0.48305702209462403
42775,0.5182266235351562,0.0009403228759765625,0.10870774586995442,0.001016616821289
42785,0.5155865351359049,0.01031494140625,0.10474999745686848,0.008754730224609
42790,0.0010325113932291667,0.001312255859375,0.0017528533935546875,0.0026283264160156
42825,0.41535059611002606,0.0716552734375,0.15401808420817056,0.0
42855,0.49883302052815753,0.06024169921875,0.20969676971435547,0.3215866088867162
42870,0.4988867441813151,0.00030040740966796875,0.20980962117513022,0.0017566680908202
42872,0.08545239766438802,0.000286102294921875,0.058521270751953125,0.10498046875
42880,0.012665430704752604,0.022735595703125,0.0038083394368489585,0.0058822631835936
42890,0.0856170654296875,0.03057861328125,0.03964360555013021,0.1484375
42893,0.20294952392578125,0.083740234375,0.05399958292643229,0.1086883544921875
42900,0.19313812255859375,0.10205078125,0.05339813232421875,0.0078125
42910,0.12224833170572917,0.015625,0.017457326253255207,0.0
42930,0.042231241861979164,0.0435791015625,0.05474980672200521,0.29553222656249756
42945,0.05460357666015625,0.03466796875,0.05441411336263021,0.0052528381347653995
42956,0.052337646484375,0.0,0.05414517720540365,0.0017509460449218
42967,0.014328956604003906,0.0006589889526367188,0.0013573964436848958,0.0396881103515625
42970,0.003909746805826823,0.0073089599609375,0.011082331339518229,0.035675048828125
42985,0.006109555562337239,0.002979278564453125,0.012865702311197916,0.3330078125
42995,0.2934468587239583,0.047119140625,0.18384806315104166,0.0
43020,0.29746754964192706,0.04766845703125,0.1743443806966146,0.00750732421875
43050,3.4104207356770835,0.0994873046875,0.682647705078125,2.573699951171875
43055,3.126246770222982,0.00360870361328125,0.5138092041015625,0.0
43080,3.1189263661702475,0.0064239501953125,0.5128555297851562,0.0065078735351562
43085,0.011011759440104166,0.000396728515625,0.026132583618164062,0.171833038330074
43095,0.009192784627278646,0.018218994140625,0.024477005004882812,0.00262451171875
43130,0.00948492685953776,0.00472259521484375,0.026189804077148438,0.062164306640625
43135,0.018710772196451824,0.00649261474609375,0.032947540283203125,0.20322418212890428
43145,0.017861366271972656,0.00067138671875,0.049091339111328125,0.050102233886718195
43150,0.060473124186197914,0.021514892578125,0.05490811665852865,0.032007217407226
43155,0.044161478678385414,0.00046539306640625,0.025163650512695312,0.0023765563964842
43160,0.08730061848958333,0.133056640625,0.016639073689778645,0.065078735351562
43170,0.04616991678873698,0.052978515625,0.010824839274088541,0.0151596069335937
43175,0.05327796936035156,0.0484619140625,0.0128326416015625,0.0165252685546875
43180,0.009383519490559896,0.0,0.004665374755859375,0.0
43202,0.007321675618489583,0.00301361083984375,0.0024964014689127603,0.0002784729003906
43210,0.5680198669433594,0.124755859375,0.04697767893473307,0.2476959228515604
43220,0.5949923197428385,0.0648193359375,0.07270526885986328,0.1019287109375
43240,0.5966478983561198,0.003429412841796875,0.07290077209472656,0.0014381408691404
43242,0.02879778544108073,0.003021240234375,0.02606519063313802,0.0003290176391601
43245,0.001849810282389323,0.000896453857421875,0.0005356470743815104,0.0016040802001953
43250,1.0146188735961914,0.150146484375,0.3362455368041992,1.796875
43255,1.1451730728149414,0.02923583984375,0.37477461496988934,0.1223602294921875
43270,1.1451759338378906,0.0006084442138671875,0.3747733434041341,0.0016040802001953
43285,0.1449457804361979,0.009063720703125,0.06881173451741536,0.491180419921875
43290,0.021576563517252605,0.03741455078125,0.04076099395751953,0.152587890625
43295,0.024068196614583332,0.0009765625,0.04665247599283854,0.1011505126953104
43300,0.01604461669921875,0.003131866455078125,0.024637858072916668,0.11328125
43305,0.009802500406901041,0.0117950439453125,0.014423052469889322,0.00262451171875
43310,0.4689534505208333,0.0823974609375,0.16134866078694662,0.0
43330,0.4627215067545573,0.0,0.1533505121866862,0.0
43343,0.4776407877604167,0.13232421875,0.154478391011556,0.01953125
43360,0.027486165364583332,0.0653076171875,0.0031874974568684897,0.0106201171875
43370,0.02923425038655599,0.000705718994140625,0.005316098531087239,0.0
43380,0.016238848368326824,0.036376953125,0.004931131998697917,0.011199951171875
43390,0.49416446685791016,0.02545166015625,0.11690775553385417,0.5011825561523316
43409,0.4930826822916667,0.00626373291015625,0.11503028869628906,0.006134033203125
43410,1.1650238037109375,0.072265625,0.4580389658610026,0.006805419921875
43415,0.6766020456949869,0.0014801025390625,0.34931500752766925,0.016048431396484198
43420,0.8382892608642578,0.059326171875,0.5166117350260416,0.0068893432617187
43427,0.16355005900065103,0.002941131591796875,0.17260106404622397,0.0002737045288085
43490,0.16314315795898438,0.00565338134765625,0.16860453287760416,0.0076446533203125
43491,0.0014057159423828125,0.0067138671875,0.0013036727905273438,0.0072174072265625
43495,0.35086822509765625,0.018463134765625,0.04153728485107422,0.20330429077147438
43505,0.3690013885498047,0.023040771484375,0.04948711395263672,0.0
43512,0.36848799387613934,0.0015125274658203125,0.049474080403645836,0.0009012222290039
43520,0.026813189188639324,0.05108642578125,0.010518391927083334,0.007904052734375
43527,0.00866095225016276,0.00643157958984375,0.0018672943115234375,0.00701904296875
43541,0.008843104044596354,0.0032501220703125,0.0016698837280273438,0.0002775192260742
43551,0.023153305053710938,0.010345458984375,0.0055395762125651045,0.0344276428222642
43554,0.02256011962890625,0.0,0.0070037841796875,0.2603759765625
43555,0.040545145670572914,0.0472412109375,0.011291821797688803,0.0157470703125
43570,0.0232391357421875,0.0355224609375,0.007361094156901042,0.0076141357421875
43580,0.6699167887369791,0.0147705078125,0.12945429484049478,0.7926025390625
43600,0.6559638977050781,0.00395965576171875,0.12637837727864584,0.006237030029296
43609,0.6510194142659506,0.00022602081298828125,0.1251688003540039,0.0002784729003906
43610,0.0068950653076171875,0.01629638671875,0.0014502207438151042,0.0008096694946289
43615,0.06204922993977865,0.2109375,0.017662684122721355,0.0581226348876926
43620,0.06318473815917969,0.00655364990234375,0.018362998962402344,0.0
43630,0.09786287943522136,0.140625,0.021599451700846355,0.0106201171875
43642,0.0431067148844401,0.129150390625,0.0058256785074869795,0.0088653564453125
43645,0.042821248372395836,0.0006856918334960938,0.008471171061197916,0.0280151367187488
43651,0.005589803059895833,0.0,0.011835098266601562,1.1640625
43655,0.0017445882161458333,0.0123748779296875,0.01853624979654948,0.0401611328125
43660,0.021778106689453125,0.0010128021240234375,0.21795336405436197,7.8673095703125
43665,0.055408477783203125,0.067626953125,0.220977783203125,0.056671142578125
43670,0.7301979064941406,0.0830078125,0.73077392578125,1.8731689453125
43685,0.7140858968098959,0.0736083984375,0.5295944213867188,0.0
43700,0.9148000081380209,0.060546875,0.6345443725585938,0.0
43705,0.24819437662760416,0.08251953125,0.11777750651041667,0.00640869140625
43720,0.2523396809895833,0.030120849609375,0.11682383219401042,0.0038681030273436
43730,0.2814687093098958,0.02130126953125,0.0940081278483073,0.4136581420898391
43735,0.2939809163411458,0.019317626953125,0.09780502319335938,0.0390625
43740,0.2869418462117513,0.0005207061767578125,0.11437733968098958,0.30803680419921403
43794,0.0234683354695638,0.0,0.022649129231770832,0.0020885467529292
43810,0.0037107467651367188,0.01007080078125,0.018750508626302082,0.026031494140625
43830,0.02143096923828125,0.01275634765625,0.00406646728515625,0.0109405517578122
43845,0.023363749186197918,0.008697509765625,0.003926595052083333,0.017059326171875
43850,0.021633148193359375,0.0006399154663085938,0.002697626749674479,0.0
43860,0.08990097045898438,0.0096282958984375,0.5697689056396484,2.65234375
43890,0.1164105733235677,0.0105133056640625,0.5981947580973307,0.14813232421874878
43916,0.11684417724609375,0.00550079345703125,0.5982252756754557,0.0026054382324218
43923,0.02895355224609375,0.0,0.05754534403483073,0.5730438232421875
43925,0.0013329188028971355,0.00095367431640625,0.031422932942708336,0.014961242675780799
43931,0.011177380879720053,0.050048828125,0.0327612559000651,0.0071945190429687
43936,0.011177380879720053,0.0,0.003867467244466146,0.0044116973876952
43937,0.010660807291666666,0.003215789794921875,0.0026982625325520835,0.0073776245117187
43940,0.026676495869954426,0.0100555419921875,0.08932177225748698,0.7758846282958984
43955,0.05050818125406901,0.017425537109375,0.09369500478108723,0.0209236145019529
43973,0.05043315887451172,0.00273895263671875,0.09259955088297527,0.0002784729003906
43975,0.02411969502766927,0.00021839141845703125,0.0046304066975911455,0.0006084442138671
43980,0.0012353261311848958,0.0085906982421875,0.0009565353393554688,0.0078125
43995,1.5156536102294922,0.133544921875,0.1451883316040039,0.6240234375
44019,1.5166622797648113,0.00400543212890625,0.1461772918701172,0.007810592651367
44030,1.5220422744750977,0.01953125,0.1517785390218099,0.020843505859375
44035,0.040719032287597656,0.019744873046875,0.014026006062825521,0.0468978881835933
44065,0.20713297526041666,0.0706787109375,0.12550226847330728,0.418487548828125
44070,0.2012653350830078,0.0088958740234375,0.12176100413004558,0.030452728271484
44080,0.2191333770751953,0.04296875,0.1389156977335612,0.331878662109375
44088,0.051729838053385414,0.0015926361083984375,0.026399612426757812,0.0002775192260742
44090,0.0513464609781901,0.0007152557373046875,0.02664661407470703,0.014007568359375
44111,0.0004323323567708333,0.00414276123046875,0.0032218297322591147,0.0
44115,0.0059884389241536455,0.017303466796875,0.023859659830729168,0.0
44120,0.007947285970052084,0.0005121231079101562,0.198883056640625,0.643524169921875
44135,0.011856714884440104,0.0005664825439453125,0.20515886942545572,0.0
44155,0.0070234934488932295,0.001796722412109375,0.18522198994954428,0.00830078125
44165,0.034717559814453125,0.0322265625,0.06543795267740886,0.357757568359375
44170,0.03087933858235677,0.0088653564453125,0.059128761291503906,0.0015907287597656
44185,0.0301211675008138,0.0009260177612304688,0.058570543924967446,0.003387451171875
44210,0.04365062713623047,0.022674560546875,1.3700660069783528,5.47119140625
44221,0.06600538889567058,0.0438232421875,1.3730545043945312,0.012054443359375
44225,0.06605784098307292,0.00115966796875,1.3731892903645833,0.00390625
44230,0.02639007568359375,0.03582763671875,0.005098978678385417,0.006103515625
44255,0.08790206909179688,0.0467529296875,0.025418599446614582,0.132659912109375
44308,0.08899339040120442,0.00445556640625,0.028980255126953125,0.0171833038330074
44330,5.837274233500163,0.0755615234375,2.159832000732422,17.55035400390625
44334,5.7534488042195635,0.00388336181640625,2.136854807535807,0.0223388671875
44335,5.8787282307942705,0.040283203125,2.1743240356445312,0.2227172851562496
44345,0.12707837422688803,0.00153350830078125,0.042190869649251304,0.0015506744384765
44355,0.15590349833170572,0.00749969482421875,0.11558818817138672,0.0
44360,0.02971045176188151,0.002071380615234375,0.0744473139444987,0.0
44365,0.23456668853759766,0.052001953125,0.1831378936767578,0.0
44370,0.2078866958618164,0.001583099365234375,0.11293983459472656,0.0187454223632808
44385,0.8871803283691406,0.0379638671875,0.2383880615234375,0.560337066650374
44410,0.9502741495768229,0.0826416015625,0.17959721883138022,0.2802734375
44415,0.9482014973958334,0.00292205810546875,0.17682774861653647,0.0074386596679687
44420,0.2865651448567708,0.056640625,0.06230036417643229,0.10406494140625
44430,0.03340784708658854,0.069091796875,0.017094930013020832,0.0
44435,0.12281163533528645,0.001552581787109375,0.0491479237874349,0.211906433105455
44440,0.10500240325927734,0.0059814453125,0.03927294413248698,0.006622314453125
44465,0.09158992767333984,0.0318603515625,0.0355218251546224,0.0076522827148437
44469,0.0025536219278971353,0.029296875,0.002848943074544271,0.0067367553710937
44470,0.00399017333984375,0.029541015625,0.0029691060384114585,0.0084800720214843
44480,0.003314971923828125,0.002613067626953125,0.0027414957682291665,0.0
44485,0.027557373046875,0.008056640625,0.007156054178873698,0.0
44490,0.10066000620524089,0.03680419921875,0.01416937510172526,0.0358896255493162
44495,2.0033788681030273,0.26806640625,0.7566862106323242,2.6640625
44510,2.0215991338094077,0.0228271484375,0.8097445170084635,0.2407913208007812
44530,1.9552942911783855,0.01214599609375,0.8032417297363281,0.0091171264648435
44540,0.0901044209798177,0.00528717041015625,0.10054270426432292,0.1373519897460912
44574,0.046810150146484375,0.0,0.042697906494140625,0.0
44575,0.03850396474202474,0.0007429122924804688,0.04102929433186849,0.0012474060058593
44585,0.4704001744588216,0.08935546875,0.27464135487874347,0.4049949645995997
44610,0.4706576665242513,0.0008440017700195312,0.27491219838460285,0.0
44625,0.795619010925293,0.04266357421875,0.37280718485514325,0.4312496185302734
44630,0.6169741948445638,0.05169677734375,0.2834479014078776,0.0
44635,0.6907726923624674,0.03692626953125,0.32326698303222656,0.0
44640,0.8481852213541666,0.06195068359375,0.24025853474934897,0.1957855224609375
