Layers,Input_Dim,Hidden_Dim,Params,FLOPs,Latency_ms,RAM_MB
15,665,1856,49506954,49506954,4.2441566952650565,435.31704419987807
16,1705,749,9711544,9711544,0.7271274516048088,97.09821234802503
4,1871,402,1242592,1242592,0.10374754114559805,13.56822459567297
6,1203,1781,18030854,18030854,1.4842204597387048,158.4115376226024
19,161,1863,62827822,62827822,4.878040881136648,589.0726336791383
3,108,809,1406861,1406861,0.1345444502417316,12.462525020754256
9,874,1566,21017296,21017296,1.8069330469130631,180.8261156694938
17,697,740,9297370,9297370,0.7759789763406452,93.95932279657916
5,442,1360,8019930,8019930,0.6122230199322101,73.74501874076208
10,1377,219,737602,737602,0.13832791537459996,7.722162905400034
4,1451,674,2350248,2350248,0.19123582775318615,22.77691242234971
19,867,570,6358930,6358930,0.49127673617134027,58.24968026762935
11,1089,1122,13834270,13834270,1.0649734758730844,123.16619131504754
12,616,1990,44830730,44830730,5.020469823735154,426.22879681283683
11,1999,706,6410490,6410490,0.5910426261438089,62.87231793483769
19,1141,1687,53201242,53201242,4.653860002013808,452.9791987956658
11,1251,1231,16719452,16719452,3.0349202936849813,136.7281337578412
15,1222,651,6745021,6745021,0.6494584228145573,60.97037619065721
19,143,1971,70266160,70266160,5.309756268849047,597.9933125028508
4,154,323,367261,367261,0.07934695639347727,3.4432125064822308
20,625,455,4231510,4231510,0.41155073546803045,40.95635221646407
7,1420,1486,15384568,15384568,1.240336757403611,129.56855664127647
6,671,494,1559568,1559568,0.10837986478744532,15.230633793857677
19,1920,481,5101977,5101977,0.4948330963530613,42.21625952365602
18,774,939,15742345,15742345,1.3315885151615492,137.2112702969573
7,1832,856,5979170,5979170,0.4475647891040068,54.431930633988365
8,1094,1468,16717594,16717594,1.3561653128255338,160.10405575954226
13,419,421,2312984,2312984,0.27221425447694925,19.396553431170183
18,1851,1421,36997166,36997166,2.912091761544296,304.72366168750955
8,583,1767,22918000,22918000,1.9434283769758278,199.85430404612904
6,1511,76,144942,144942,0.06079892947757327,1.494969766460916
18,265,529,4912304,4912304,0.5709593036349923,49.206517005095954
4,1433,143,268278,268278,0.06699235957313701,2.5998213427578687
17,457,1063,18594006,18594006,3.5541355397782044,155.21128219160968
18,35,493,4162902,4162902,0.5212568209612408,34.75525728285838
13,1817,623,5803878,5803878,0.9625080361909231,55.731987553136655
2,1063,685,1205610,1205610,0.20607287845035835,11.17603723477911
6,632,2028,21878074,21878074,5.21658615112508,211.87932302822037
24,1998,1551,58480465,58480465,5.811544991372455,534.0401177873888
5,122,1088,4884042,4884042,0.30855781382135594,41.989729884433316
20,280,1215,28424935,28424935,2.9078582799656947,269.2592966752103
15,1129,1491,32843758,32843758,2.762349949397567,323.12354901483775
18,363,715,8970400,8970400,1.1797654415500058,98.23608865141468
6,1773,1799,19400426,19400426,1.7699532155415212,164.69771611494753
19,1133,1214,27939006,27939006,2.884518222012466,304.4366043267685
12,1149,116,283862,283862,0.10570773412976582,2.304268130122727
18,1435,1243,28084352,28084352,2.3906285549053226,231.2998478011865
2,973,1683,4490254,4490254,0.5539413323885212,36.85933003964328
6,1451,572,2475054,2475054,0.20867874072360496,20.407629340946013
24,281,1076,26967798,26967798,5.338661738405249,228.72070907984516
2,1203,1204,2912486,2912486,0.27349052013551106,28.754690268130144
1,1928,1985,3848925,3848925,0.29828421475141137,36.59223106942633
6,1284,337,1005955,1005955,0.2821959921452807,9.44928681518592
13,1427,357,2047048,2047048,0.4877515512967995,18.32001700714353
9,936,906,7431928,7431928,0.7383009179668093,81.09864834061796
20,704,573,6658843,6658843,0.791742747781053,70.63155833910979
18,266,83,141525,141525,0.12252317616228342,1.197149483165016
12,542,1436,23492970,23492970,2.914916718240106,234.5707767649221
8,326,594,2674198,2674198,0.28200835288569426,27.478189997442474
13,517,1603,31700938,31700938,3.700201996062858,346.12784539226317
19,1071,990,18730810,18730810,2.3069858764133744,166.89121460591699
18,371,205,796230,796230,0.19130040090588593,7.6534376292985
2,1815,63,119080,119080,0.03893566442524623,1.0152382717125565
23,233,1321,38742298,38742298,4.57587943261797,325.9268696205251
9,1237,1335,15934570,15934570,1.409527063091717,168.9204217362516
10,263,244,604886,604886,0.1660874467981402,5.842117981270117
24,310,660,10245850,10245850,1.4299411809517415,104.19691836357576
24,414,153,606961,606961,0.2467275435319947,6.135480548962898
3,1620,1859,9947519,9947519,0.6703330963690226,100.55202925239591
21,1435,1723,61900508,61900508,5.823054021373379,505.58544499046087
17,871,286,1565574,1565574,0.24656566627636436,16.623897748473414
8,120,1563,17316487,17316487,1.4684503704802114,175.72207021655024
3,449,1459,4931430,4931430,0.3030603880059763,42.558680340692995
19,1714,1693,54543391,54543391,4.624307256903373,503.33819351916566
17,836,145,461545,461545,0.1476489982999988,4.199350674275595
21,1108,1823,68542987,68542987,6.6006971457933545,700.1700152445284
24,1571,819,16742008,16742008,1.617120290189336,183.07292909555326
12,508,520,3250010,3250010,0.37318323122720465,27.121510270737023
14,967,384,2297482,2297482,0.21899195361669924,24.910924512256873
6,861,131,200702,200702,0.08681315948555254,1.9313400809623849
2,946,647,1038445,1038445,0.07106936172524592,9.494483819648169
12,557,481,2823480,2823480,0.238580995381584,25.007629259669745
4,660,1807,11013675,11013675,0.7067217946015503,95.51627765739778
17,1438,198,917344,917344,0.17044387860563068,9.220181409164766
18,1629,1000,18657010,18657010,1.4760360292145682,189.62618443433135
5,208,1365,7757305,7757305,0.5603173137611233,63.98677088376127
15,512,1695,41132575,41132575,3.5643873652329416,446.8155508405258
11,1227,866,8580338,8580338,0.6859633444433273,75.10435048598356
23,330,524,6230894,6230894,0.7236324814699515,50.51849039611043
16,1224,986,15815450,15815450,1.5937511165708802,148.85283923175214
15,1490,234,1121104,1121104,0.1737815950805069,11.330974280227608
8,1027,1710,22255660,22255660,1.9343372955248508,218.57028919994613
22,1938,416,4453706,4453706,0.39786654518075587,42.84648140131768
14,1003,142,407976,407976,0.14105437756142347,4.123712972851335
21,140,885,15815845,15815845,1.2223224289821284,153.7032299695903
8,1768,711,4808503,4808503,0.5000442302651128,42.47684967185892
7,1737,1973,26817026,26817026,2.9395789435115818,269.952975585817
21,1886,1771,66123837,66123837,7.191839887379496,552.1566311914755
18,1285,478,4511852,4511852,0.545259778935381,48.81998496358242
5,1414,1484,10929670,10929670,0.7364177402036796,116.43194446063745
23,345,1156,29836370,29836370,2.9688142294787574,307.2695074118622
4,766,1522,8136622,8136622,0.6524376034491274,86.59952199615606
21,723,1635,54697300,54697300,4.905569542997481,564.6345238691803
20,1244,737,11259159,11259159,1.1709782374082103,98.71935347542892
24,1174,306,2523286,2523286,0.3478894239138869,20.860817831777055
7,1686,971,7310669,7310669,0.4793494189336035,69.17822972993402
10,765,700,4959510,4959510,0.3522880442872899,42.9430882668129
10,1388,280,1099850,1099850,0.12209803850252705,10.879977845083834
18,931,1093,21357230,21357230,1.9868615750060892,192.9183493662154
23,1810,306,2623960,2623960,0.28556851461041266,26.13335069331861
11,477,1206,15144958,15144958,1.3621276465841772,164.90213576108107
2,1780,1731,6098323,6098323,0.4192267314750731,56.87869761889622
16,1973,1929,59671696,59671696,5.507517754324538,605.9707013763788
14,624,1546,32073326,32073326,2.9560030563659674,307.8836361332193
9,1645,523,3058514,3058514,0.3304935349983761,28.703311845563633
17,706,728,9013378,9013378,0.8843946105803132,75.56925072620356
12,1493,1473,26098624,26098624,1.7860065785363353,214.44002635825768
7,346,1632,16572970,16572970,1.2036835290695178,149.33868004223982
16,1611,197,904634,904634,0.20060073569476056,9.44822817991105
21,786,1424,41718938,41718938,3.5267535169325033,444.6381947663415
9,158,1330,14386620,14386620,1.2675489870542733,117.84841641771102
20,883,1881,68942422,68942422,6.83158644462282,588.3161008243982
3,1959,981,3859264,3859264,0.2298905165650406,31.719034477265367
18,731,876,13710286,13710286,1.2581457887648864,146.09358644367597
17,1592,1897,60648997,60648997,5.0807678562841065,517.2979729840229
6,1534,1720,17458010,17458010,1.5330256458227511,149.4920094220993
1,1658,1649,2752191,2752191,0.166473801897632,24.77857368679825
21,1633,1561,51331934,51331934,5.109723277593905,498.1019833628431
20,1757,1178,28471092,28471092,2.985265846150139,252.16803991055312
8,481,1349,13411768,13411768,1.0383393586798617,132.2051365541863
20,691,1701,56201050,56201050,7.183503907393949,583.9838259708835
16,1543,86,245884,245884,0.09900789710338796,2.264418385126118
17,34,608,5951722,5951722,0.5049708838077335,49.32565950061036
2,1793,133,257764,257764,0.03853875557488867,2.7382962207233446
7,376,1732,18679630,18679630,1.6576646307286398,203.92606776487895
1,85,800,76810,76810,0.03267742510273156,0.6490398555589804
15,575,1529,33647184,33647184,3.4206354881543772,363.5708462242078
23,334,1856,76465354,76465354,5.569691736733005,775.2586288764194
13,295,1520,28208170,28208170,2.080582830844407,298.4375415325578
12,1836,875,10047635,10047635,0.7784790056691365,94.9792054346241
21,594,439,4128805,4128805,0.4576831150210813,42.70513067132422
1,1133,1128,1290442,1290442,0.057797941784361304,13.994090192440758
7,1000,1926,24215608,24215608,2.155584859696135,212.86018914449082
10,872,1497,21504415,21504415,1.735583465209102,204.8160640489932
10,1534,1635,26599825,26599825,2.175699768584769,266.0084862554564
11,167,1698,29151274,29151274,2.2340325412868918,295.94751508419483
17,1049,276,1515802,1515802,0.1629602586716895,15.646532881428184
21,1867,368,3406954,3406954,0.283256411704203,37.191799586053875
20,1995,1099,25173704,25173704,2.138704197824392,238.18933446730966
17,533,572,5555274,5555274,0.521151898859174,49.799485760762195
8,1922,324,1363402,1363402,0.12034995416678237,11.47684650109511
9,1803,2001,35677840,35677840,3.1236564862216745,301.98991039008604
3,1863,1294,5776426,5776426,0.3827122632361253,58.49511868319155
11,813,1951,39691154,39691154,3.8774797992073875,337.82404550955863
9,665,2037,34588270,34588270,4.117389069597979,286.8356901652581
24,71,904,18890898,18890898,1.92328382780232,155.31937749915684
14,215,1553,31724694,31724694,2.7388537692556554,302.78857368745
10,34,1298,15233338,15233338,2.1688570665413667,133.22930857202937
6,708,500,1612010,1612010,0.19646072322187236,16.1629574619936
2,79,884,861910,861910,0.08834769952408239,8.862600916313365
17,538,760,9671010,9671010,0.7866570024026321,84.22773693501635
5,1419,609,2356840,2356840,0.21264395421139662,22.912119801178704
19,426,389,2900783,2900783,0.3052605000017323,25.25284674968464
4,1414,1446,8337646,8337646,0.5873380756072751,73.90131810290698
3,1729,176,368554,368554,0.04536354328097727,3.0628043521464487
5,743,565,1705180,1705180,0.15219138407944835,17.90141973336396
20,1881,1106,25355060,25355060,2.4882296118839276,236.39911213520654
23,1181,1547,54528666,54528666,5.991620362543812,559.0477839478996
9,575,1063,9671184,9671184,0.8065877211350095,87.89687829456551
23,666,1801,72618131,72618131,6.474441537588743,642.1594247915082
21,200,1262,32144412,32144412,2.864244283645063,337.8161060547618
2,904,1374,3146470,3146470,0.18503885235949072,26.188730116572287
14,1268,2041,56790835,56790835,9.685961588124908,574.1327682222204
6,753,1757,16786388,16786388,1.2915498227428244,164.3960745671494
9,2042,1779,28985257,28985257,2.333791747005753,275.0215187655592
22,927,1021,22870410,22870410,4.806115942882775,205.8345644478532
7,1604,1246,11334872,11334872,1.366860134285445,118.15748672458521
6,1487,1869,20274922,20274922,1.819007830113832,208.47672777878424
24,2010,1623,63902389,63902389,5.772020825105023,597.9889500912889
3,735,476,809210,809210,0.06909123563883837,7.232152182249391
9,1329,2035,35872990,35872990,3.559533683615496,291.77695422531207
18,479,1496,38804754,38804754,3.7821363294025794,402.2838532582703
19,1025,1595,47473590,47473590,3.2518947482974316,505.5973415521293
9,569,477,2100718,2100718,0.1376860700549134,22.987276064930175
10,440,1958,35404566,35404566,2.8680861163304523,329.25754009791797
5,968,532,1655062,1655062,0.10395388263771745,14.300367590130747
14,1618,887,11684461,11684461,0.9513500661337798,106.51813193285548
17,1493,1328,30235914,30235914,3.0896416692440716,303.69687783870637
19,417,1363,34047750,34047750,3.3502935401055214,336.5742861856402
10,1120,1730,28908310,28908310,2.34801856689017,275.93514565756124
24,1465,1052,27031150,27031150,2.4216039559702995,220.80852653780505
14,1182,294,1478242,1478242,0.21511269186653975,12.047544098841446
9,738,428,1789478,1789478,0.2001067028424182,15.73025561410662
1,749,145,110210,110210,0.026381671630993156,1.002926185835072
16,853,856,11743474,11743474,0.9715892323313962,116.70936273721041
8,1504,940,7615890,7615890,0.6407275743862046,76.69163014302995
5,1047,1834,15401942,15401942,1.0534420567322005,153.34867392782053
11,161,808,6675706,6675706,0.4885385756057396,58.539231183128344
24,1135,763,14281844,14281844,3.1644278800414862,127.93353884490105
2,1272,1670,4933190,4933190,0.37914505716503216,52.334104041864244
5,772,1452,9575950,9575950,0.6810473044988442,98.71743687605723
13,204,534,3543100,3543100,0.32587820110969484,33.964429286481696
12,618,902,9526934,9526934,0.8676576608541953,83.42045888608646
19,1056,1564,45726678,45726678,3.8078734548846342,404.06843789204277
3,1986,191,454781,454781,0.06525083915420274,4.742701951868761
21,978,680,9934130,9934130,0.8884689153790704,88.49025867753264
15,286,1102,17344388,17344388,1.4632797379636089,153.35904419511715
22,1479,706,11533932,11533932,1.0867097845600373,118.37981995482397
5,461,205,265690,265690,0.055235341919529925,2.4234933199623256
14,464,852,9852538,9852538,0.8032299172668836,107.82208300743447
10,846,72,109018,109018,0.07418026748870821,1.0259566854126134
13,1676,1526,30536796,30536796,3.052806685907371,252.7461326877832
18,593,130,368040,368040,0.15815671707085235,3.4656853586138126
2,1079,136,166882,166882,0.03223289569312935,1.5319088219232209
15,107,641,5836956,5836956,0.5618217993253032,49.820229954432975
22,527,602,7947012,7947012,0.7611208288979903,69.9678534091507
3,479,1463,5000544,5000544,0.3750927936065253,52.51574036115072
13,901,267,1102186,1102186,0.14894974718753304,11.00238287198155
12,1785,1314,21366964,21366964,1.5242647386267558,183.69019318780124
9,375,1130,10660430,10660430,0.7901545000584825,91.85849721687515
20,721,1806,63327400,63327400,5.5867251565061355,655.5527250976263
20,1684,1659,55136875,55136875,8.83463455242378,476.4821244656604
16,1307,234,1133272,1133272,0.20623986866930918,10.3083242622143
23,1164,1096,27738674,27738674,2.1683586122066414,273.2754331272075
12,434,117,203941,203941,0.08127983426690547,1.6999441134493383
2,192,154,55142,55142,0.02820167928797817,0.48636724467544123
7,1468,434,1774636,1774636,0.12271054225033608,15.885277431568502
13,473,878,9686106,9686106,0.7355550978862667,95.19948196546429
2,1266,234,353818,353818,0.034005237743156634,3.123415084309261
7,735,1424,13237514,13237514,1.0600545646888218,126.79367301134779
14,98,1117,16356241,16356241,1.1248599215230197,145.52804391322522
12,141,616,4274434,4274434,0.4042768859567138,36.82274295184075
6,2041,1738,18678296,18678296,1.8803783064900559,157.19322483199932
10,1842,409,2267097,2267097,0.2324356758601088,20.358051160407154
6,275,462,1201672,1201672,0.0882957516207653,10.10686516058937
7,1493,221,626766,626766,0.08321545628722514,5.139442206405157
5,429,702,2282914,2282914,0.15164991971380276,24.970724310321792
21,1827,449,4866272,4866272,0.49721236276272224,40.6768833201217
9,1205,1913,31618074,31618074,2.678231023014289,307.02720180784064
8,1189,761,4972384,4972384,0.869071624262782,43.47385960326242
21,349,617,7848250,7848250,0.6391898337402546,71.45705156144749
14,236,982,12791542,12791542,1.1254720045298914,138.91299344517282
8,1915,1014,9157444,9157444,1.0137582701743701,97.42526830562082
15,1107,257,1215620,1215620,0.21410569241705982,12.766422198755128
12,846,516,3376714,3376714,0.2863637148907559,27.768257736944054
7,281,1584,15526378,15526378,1.1489110696007958,134.40391388925366
20,513,1091,23207762,23207762,1.6670399106174218,228.95090395779545
16,1410,837,11710477,11710477,1.0521231477194193,117.07167239840827
6,213,200,245810,245810,0.05874803164493318,2.129194554471761
11,1448,518,3444192,3444192,0.2949988841613058,32.125439488996356
4,954,691,2101341,2101341,0.17018261295565604,17.194847222085567
3,1279,2014,10714490,10714490,0.9479327976939732,94.8621516088033
3,694,381,559699,559699,0.05504979132607841,5.780482328909264
24,586,1218,34876222,34876222,3.4121991744734954,287.8823028134224
15,1154,126,370828,370828,0.12942753072060245,3.2319723622157004
4,275,1880,11146530,11146530,0.9705698755380261,110.30367402654312
20,438,1126,24616622,24616622,2.2442455103792933,228.47467357442028
17,984,638,7157732,7157732,0.654080974030696,64.06023852269539
11,165,958,9355838,9355838,0.6804467708592179,101.77784792741615
1,57,1864,126762,126762,0.03777876448133112,1.3804609336643778
7,1778,2041,28657691,28657691,4.408236439838927,296.62284842736733
2,1928,444,1058506,1058506,0.09034713684131926,10.170269441791769
16,1273,777,10065268,10065268,0.7967334262724974,96.65811838595423
20,947,1536,46327306,46327306,4.308685687435722,505.4177509694308
6,766,1208,8240986,8240986,0.8278948508550796,70.52866786162222
19,87,1808,59049290,59049290,5.145863238844208,629.3395454856455
8,1561,605,3517480,3517480,0.2712834810329916,37.85822782972161
24,1177,341,3087424,3087424,0.42142223171945914,26.825653602372846
7,802,1063,7650421,7650421,0.4770196037541305,81.06922321547653
13,179,1614,31585990,31585990,3.3193805746181098,293.14290383156805
14,2031,212,1019942,1019942,0.16343948395702357,10.50394460183481
23,933,1987,88779170,88779170,8.77002506273233,809.9774207332856
19,957,1766,57878894,57878894,6.350647328408881,540.1369186460381
8,167,1497,15964018,15964018,1.6073017113083214,142.86761396997622
12,1260,1271,19399283,19399283,1.7966887686767186,164.30336496799114
17,287,811,10778200,10778200,1.057654460074497,94.8896235111372
24,1456,653,10780387,10780387,1.0242552353468728,102.09259831246315
8,1080,1327,13783559,13783559,1.066786608661866,124.73233265978476
5,694,253,435423,435423,0.06887900190535377,4.214921115049207
15,670,240,973210,973210,0.1397770126041824,10.353487323314745
12,1523,1454,25501716,25501716,2.4591009622528874,229.89044443760042
20,559,1498,43518408,43518408,3.0820264960792354,407.7261744107552
6,1204,1242,9228070,9228070,0.7560759881623108,77.44989625125991
14,1106,1786,43485538,43485538,4.030345098766705,430.48969372685946
17,275,657,7104808,7104808,0.6225208305471313,73.59221617744514
21,143,477,4633588,4633588,0.5644454929572215,46.035460463840266
2,864,824,1400810,1400810,0.0892920975128125,12.187937358769812
11,415,1807,33440352,33440352,3.3375447799865503,315.33823006420585
1,1519,535,818560,818560,0.044949082017978016,6.772299340889909
20,620,341,2430999,2430999,0.3537461295660218,24.400299098833695
20,91,1917,70054858,70054858,7.279572695837204,586.9169653449669
22,388,1463,45562219,45562219,3.7908159848062475,372.4555057330887
23,259,1969,85868100,85868100,9.329890451684212,768.7552016804964
10,401,956,8627910,8627910,0.6633582434201386,85.20601454073795
17,1300,1102,20892828,20892828,2.686979366824675,191.32783435115795
10,1674,342,1632034,1632034,0.23182125117932662,13.295528091768984
11,1330,260,1027270,1027270,0.11648537664094669,10.003766429387483
18,1901,571,6644166,6644166,0.5955715115495489,59.016526362376204
15,951,1660,40198570,40198570,3.8338808864326643,373.1575730147764
13,1171,2036,52174546,52174546,7.332109403068543,436.7403768024651
21,1403,816,14487274,14487274,1.6919983693645624,133.3453114955537
18,1246,232,1210586,1210586,0.2610676106613718,11.191024633601247
22,1621,202,1190800,1190800,0.2172621602405245,10.401778009236365
23,1355,1136,29967690,29967690,2.8182560827906102,324.83862468304744
12,1948,1894,43190786,43190786,3.168595246233845,383.81829636684745
7,973,1786,20906926,20906926,2.200759497565992,197.6129975890632
14,844,1198,19697526,19697526,1.7846078775407732,183.81500794099955
18,161,1268,27572670,27572670,2.5923454062919298,285.793646177581
23,1450,848,17077882,17077882,1.6071106034103169,146.6657929702677
10,1943,1866,35000572,35000572,2.7650440999260777,346.5412513003164
24,54,1932,86020378,86020378,9.410116645709449,839.8413536035278
1,367,1650,623710,623710,0.0939850930849547,6.6094538689952405
3,1036,1940,9562270,9562270,0.6098363517710634,101.36997410453706
3,2000,992,3965034,3965034,0.2966064867303869,32.1652090076981
13,1796,1636,35093846,35093846,3.247166511686907,312.2702193083922
4,47,1558,7377140,7377140,0.5765070114521619,72.93267498823782
22,1297,1219,32825242,32825242,2.987783667899437,333.80036761090554
11,685,1593,26501158,26501158,2.1147493678401856,224.3867448682944
8,1723,326,1311508,1311508,0.15280614303794077,14.046392180500398
17,1033,1098,20453554,20453554,2.0447129372626063,195.31250405774296
23,1390,1328,40688602,40688602,2.9946860054423623,434.19630407334984
1,1641,1822,3009954,3009954,0.2643492669712737,29.490983354213736
16,303,1660,41880150,41880150,4.442552241937828,363.19087376571434
23,1410,1611,59421745,59421745,5.555131346371141,564.3365143678881
13,366,1337,21970931,21970931,2.125018143525737,223.36138668621533
13,2044,1610,34433080,34433080,2.5062482730548066,376.44170035750614
12,778,1964,44001466,44001466,5.571377741080266,368.7596315753987
8,1421,952,7714066,7714066,0.6533514268952328,81.64609236423911
21,172,752,11462746,11462746,1.1052810481487807,111.98165506703157
1,239,1356,339010,339010,0.06374207573835931,2.8879151250076007
16,837,1773,48683044,48683044,4.762156565568798,515.6479477290942
18,569,428,3369654,3369654,0.3904207319616662,27.438302670249712
2,1825,246,512428,512428,0.0483498702896499,4.597380227353858
20,1493,561,6834112,6834112,0.6432991589240538,71.88438727886205
3,1481,537,1379026,1379026,0.1210330418303444,12.428482008331343
20,1702,499,5595297,5595297,0.45403616319834805,50.75072776440888
13,1704,1315,23021715,23021715,2.245218949704746,218.29758535719697
2,808,671,1000471,1000471,0.068898263604286,10.3877501321152
21,176,347,2480019,2480019,0.4013246931957355,24.643672951026474
3,1710,1671,8463625,8463625,0.6394499719252399,73.99651846443082
2,824,947,1688511,1688511,0.09037300965579774,15.451802659459746
19,898,649,8183251,8183251,0.8032101573210516,87.7435940235734
23,1405,214,1315254,1315254,0.2229983221271534,10.803654590984392
20,432,533,5643947,5643947,0.5339219458249451,53.11986263437995
20,611,1299,32893288,32893288,2.6856531677835473,295.948556178175
14,1480,1123,18083679,18083679,2.192803570277797,189.44965688375066
17,1382,839,12444897,12444897,2.252080063040922,106.1395393252873
19,1939,1178,27296626,27296626,2.630476046145376,269.9715135503985
21,1948,153,770977,770977,0.21985735387003855,7.084620685030339
3,1520,1393,6016377,6016377,0.37778111477103526,60.9606582315311
7,238,61,37891,37891,0.05617646382343462,0.32599181309518444
10,887,912,8312890,8312890,0.7036716167360074,75.79679512476007
14,1624,1895,49806295,49806295,4.528850995073095,528.7049603053391
19,1801,752,11555242,11555242,1.0520880087808664,105.5925592857365
3,1410,631,1694245,1694245,0.1612266324394999,15.142889633640078
17,991,680,8090650,8090650,0.6568029702020348,84.29503249070223
12,1545,730,7005820,7005820,0.5402952424146712,63.93459798988171
21,1314,359,3060485,3060485,0.38237790691063894,31.746770881588517
8,1072,661,3778947,3778947,0.32639433377616456,35.64535115879099
13,1457,929,11731422,11731422,0.954084900170072,101.10032307138145
22,1508,1699,63235091,63235091,6.899752541203464,635.2115565779054
3,164,591,803179,803179,0.11202252529103768,7.698986583817352
20,1922,180,966970,966970,0.20441592111436213,8.745918132742338
1,1506,1155,1752145,1752145,0.0964011291490419,15.226376893875543
13,506,876,9671926,9671926,1.0874847651700752,96.09810564694152
10,1029,1676,27038918,27038918,2.735386190199446,248.61844079082584
8,1950,1859,27849689,27849689,2.0879173183779214,241.70785731832078
19,1772,917,16787529,16787529,1.6005189450740582,144.98850126258472
18,1068,1429,36280891,36280891,3.0272308459113044,335.2732361802898
22,2013,229,1569576,1569576,0.25387464287663725,13.854102445646923
16,1226,1687,44801669,44801669,3.342868033256151,453.4626871302209
21,159,1954,76733590,76733590,9.372368234533843,679.9194089084493
5,1337,234,535402,535402,0.07728277127169508,5.058410997997485
5,350,1608,10929586,10929586,1.0624274284995405,100.27980668266036
9,827,1970,32713830,32713830,3.0565276663178347,277.6653445886002
15,1243,1609,38284556,38284556,3.4154321497122577,337.9237587795652
23,1892,631,9974227,9974227,0.8886679326629144,90.9293833456591
24,1411,1418,48295672,48295672,3.9116493866962854,433.7090803769903
8,63,1883,24972356,24972356,2.3625765520379614,245.0589022455381
17,1764,1560,41731570,41731570,3.679471356509505,347.27974318135097
6,232,858,3893614,3893614,0.35485175306688355,33.22270588712799
14,179,1408,26057866,26057866,2.0027520490103186,219.5458589565778
9,1227,890,7445750,7445750,0.5693044585230307,70.66715316584778
8,1910,1235,13057665,13057665,0.9113610487662692,128.07034553882335
2,513,463,457454,457454,0.050747167074524605,4.080622780064814
1,329,1337,454590,454590,0.045457568916608015,4.183508775748931
23,1973,321,2910838,2910838,0.34886081557399584,30.617231320622135
20,154,1809,62510005,62510005,4.803438121194168,574.7417643122855
15,1355,1169,20745084,20745084,2.206307422803941,200.34965267185467
1,1735,1168,2039338,2039338,0.15108998824551895,17.690198387545315
23,1548,486,5964688,5964688,0.6355627102219101,57.09277556491292
12,1796,1941,44971039,44971039,4.184496541848283,417.03875790723265
1,1088,276,303334,303334,0.02652928839157538,2.6759811400080036
9,1410,1610,23037500,23037500,1.6159997454021002,199.68333495927968
2,1306,1556,4471954,4471954,0.24725201546178385,47.01684797688279
10,258,2045,38206745,38206745,6.513741448098619,358.6401627421319
12,989,1222,17661576,17661576,1.728812746396949,185.10958832303987
13,994,1591,31993429,31993429,3.8563540417649467,264.80203229115205
17,787,915,14140420,14140420,1.2570102520171902,146.40240687459772
4,1821,1810,13149660,13149660,0.9917069989573464,106.87585710334254
9,1633,320,1347850,1347850,0.14592886285064813,11.1422855844002
16,1675,1145,21613030,21613030,1.9907713563512126,183.16793557800844
14,301,250,893760,893760,0.1701632077072446,9.50084587471382
17,263,1525,37652260,37652260,3.3813005395916322,330.9214345021609
8,783,38,40556,40556,0.06076111220890247,0.39322100262875204
6,1628,2044,24250026,24250026,2.658398755612173,252.98375846052278
8,1979,1435,17280280,17280280,1.4057530579462671,175.64685175166602
4,1133,1231,5958050,5958050,0.37164510209987245,60.44760983771388
3,1143,1330,5075290,5075290,0.27632593819207085,49.583274175638884
22,336,1528,49592778,49592778,4.653011733339244,538.5551883675338
14,1857,1681,39896864,39896864,3.8371205186901265,428.03580665944486
19,1998,521,5942015,5942015,0.5841549989241809,56.96248900251842
7,1894,1427,14944981,14944981,1.0388306733175634,136.25267616707362
3,922,1951,9436997,9436997,1.3014837466467704,93.574636797594
11,775,1144,13997994,13997994,1.70607182487666,130.38317563801647
5,1336,262,628548,628548,0.0827194829662185,6.6062706922922505
15,169,230,785230,785230,0.17572432692780923,6.6581237573966074
13,639,1796,39896354,39896354,6.641644645653353,376.6374759925476
23,754,775,13823685,13823685,1.3796923822109879,148.1840996763942
13,1072,1431,26140087,26140087,2.400848123390692,268.0253214821088
16,701,387,2527894,2527894,0.3593967843789785,23.13750259468106
23,1081,702,11623726,11623726,1.3059721327399711,106.08504546627454
3,257,2034,8823502,8823502,1.1203922971869207,81.03747124915004
18,1389,784,11560090,11560090,1.0978198551679685,106.56998109956943
10,1182,1989,37995877,37995877,5.617623321943626,395.9729557615605
1,263,618,169342,169342,0.04468615742272932,1.852033314334035
18,1987,886,15130232,15130232,2.1987235063672244,134.24360299842417
23,303,678,10340866,10340866,1.2215760347057278,88.16903532686193
18,763,1625,46176010,46176010,3.267473170214809,489.667404555657
16,1193,1493,35255712,35255712,2.8344171637234874,359.73172165488626
24,1792,1292,40752274,40752274,5.468453830951864,419.7079386033609
16,1923,2023,65330772,65330772,6.880815377553839,612.9087400637457
6,1942,1513,14408309,14408309,1.264464823000508,131.17271153617068
3,342,1557,5401243,5401243,0.34579183340955677,56.82424475131985
10,1633,1823,32923390,32923390,2.7759015874240656,291.12164369979604
6,411,256,437002,437002,0.07345418300011555,3.699691945011828
7,1804,1411,14514967,14514967,1.1429257833488735,144.23869432536438
7,790,329,914959,914959,0.09315909174981124,9.35906021515483
14,1223,1063,16015168,16015168,1.4557385749817278,133.9693890848165
8,541,900,6173110,6173110,0.4251681436586262,64.5252740474163
15,586,706,7409480,7409480,0.6303718818474803,79.36693731405825
17,1544,221,1128657,1128657,0.1888315799616066,10.22372901796447
10,794,498,2637418,2637418,0.20097737377915617,25.364909563556726
7,984,1036,7476822,7476822,0.567585290877384,69.16760845952386
12,648,261,924211,924211,0.14814744149675105,8.125850380940605
4,1457,1086,5135704,5135704,0.27748012571531927,50.647676583592194
10,899,1062,11126584,11126584,1.0006126193253442,100.10084782967544
24,1927,297,2611234,2611234,0.3689155656820091,28.368553657113736
20,870,1944,73553194,73553194,6.815334417707846,681.8256806056615
13,1352,287,1383063,1383063,0.17114413152711824,12.804022271475855
9,1452,55,105115,105115,0.056497314471270155,1.1134213552534236
18,256,877,13324271,13324271,0.9327932299714409,119.03019316325656
11,1510,1001,11552551,11552551,1.2289822706203724,125.6039546018553
12,965,1192,16806018,16806018,1.71285002972245,140.12942887897808
17,653,477,3964834,3964834,0.4162834035391567,35.200005647823254
5,1902,1287,9092665,9092665,0.6367373644562127,76.99113346304185
18,1593,2019,72570946,72570946,9.62471752503387,602.695503656562
6,765,1878,19101148,19101148,1.3555234555225633,161.47217228472402
12,324,1980,43809490,43809490,3.6507330070255395,432.0172909686065
21,1814,1996,83362950,83362950,10.46560278970045,688.2989764060513
24,1516,1920,87763210,87763210,7.313791613452485,961.64013838405
5,703,1826,14648182,14648182,1.2543165863303887,156.24435363853434
20,1126,835,14212545,14212545,2.151111185478092,121.36831146785183
24,1875,1063,28018564,28018564,4.259919387664569,245.89241103666154
18,1158,1614,46199146,46199146,3.8543393096905265,463.47846338596764
16,151,192,586954,586954,0.16332819122377693,6.2005357260958665
23,1422,1764,71023942,71023942,6.263127240448985,731.9216557951344
23,440,1383,42733327,42733327,4.399649370406502,362.039391723494
7,75,677,2812268,2812268,0.2536105690627096,29.665269532398682
10,1945,776,6944434,6944434,0.608295356918022,66.52478337243683
7,2009,174,534190,534190,0.0899515412172555,4.601441756405859
2,606,1774,4243418,4243418,0.30964352180827664,42.62639712677046
9,958,270,847000,847000,0.11218883051751685,7.991147024201197
3,1434,1112,4082162,4082162,0.28569829411946146,35.06815862419702
1,1645,1451,2402866,2402866,0.1410495792901254,20.261879985741984
23,408,1015,23112575,23112575,4.052454046792566,222.08777612437143
18,530,435,3459565,3459565,0.4036720869157162,30.085407298173664
11,1356,147,418519,418519,0.11056794993715134,3.53798551279813
18,1651,715,9891320,9891320,0.8404431211016645,81.36884389554724
14,1228,1049,15618571,15618571,1.7479525394453617,136.01282721148576
5,192,460,941630,941630,0.09891675762379849,8.341749996061097
8,1467,511,2586692,2586692,0.2884738877317665,24.083349552993962
3,1286,1976,10375986,10375986,0.7514584524067699,100.70854334853782
3,1496,561,1476001,1476001,0.11941265081002503,14.902972078088592
18,1440,1507,40820119,40820119,3.9144814746023595,406.9320988496238
14,1413,1311,24227290,24227290,2.0489298280511643,265.0859931201939
8,1692,163,464723,464723,0.09532958206957609,4.524758710719788
22,771,467,4954880,4954880,0.6869199755636751,52.77094909623823
8,840,573,2789947,2789947,0.23109563278443188,27.16918957844343
1,511,918,479206,479206,0.039597227035311,4.883452405644793
12,1159,562,4138016,4138016,0.3728208505664345,44.69463577732161
15,1425,1285,24980410,24980410,2.3470728172687156,253.5280484155562
20,647,1799,62709552,62709552,8.220935819012105,615.2206611734238
21,1687,1780,66426050,66426050,5.219054969344057,543.2150608866854
13,528,1712,36114650,36114650,2.725102122109278,345.4390685878341
13,845,753,7457722,7457722,0.8460415827653264,80.49175506611672
15,1762,1888,53277482,53277482,4.350965756725616,568.9723111608834
4,1475,1811,12535752,12535752,0.9123925713962975,127.38037175242148
15,1918,1594,38668856,38668856,3.58240917510927,381.6663141136475
7,1033,1714,19426486,19426486,2.2297255973557104,182.84501078012613
12,443,1029,12125746,12125746,1.394773874313023,127.8332106069927
24,56,322,2413722,2413722,0.44677885397566497,19.64863957977948
18,1005,1824,58442794,58442794,5.670587822209175,507.54550232422156
23,1565,411,4373050,4373050,0.5274560244622373,40.13924252561614
7,1652,1848,23574946,23574946,2.042326741600573,221.30357880038045
8,1407,176,467642,467642,0.10182844261567191,5.1088637749738925
15,1405,497,4168846,4168846,0.37165154327764355,41.24273588613734
14,1286,781,8952613,8952613,0.7085263903957206,91.82139793670174
4,620,901,3006647,3006647,0.927892424230541,26.363474327829977
1,279,1702,493590,493590,0.05175594919354488,5.2876825832693815
24,1291,1618,62356112,62356112,6.315553943179012,522.7008737877102
8,951,1392,14912506,14912506,1.2104058073251045,132.99670216650534
23,1265,963,21652102,21652102,2.4442096744310065,176.65654320528793
2,1499,686,1507152,1507152,0.1555601991785522,15.011834748128134
15,506,1130,18476640,18476640,1.7745059145747863,200.13271842373183
3,617,426,631342,631342,0.07460044625334708,6.315370880865609
20,1263,1150,26614460,26614460,2.169352764394599,283.15117149661916
10,1692,1065,12031315,12031315,1.0801216691578308,124.91151986824987
19,1385,889,15482834,15482834,1.1894247109497227,167.0754607291369
22,707,1103,26363916,26363916,1.928077012437681,251.6077629823428
12,436,888,9080698,9080698,0.7030034053778218,89.16688283483019
4,1351,1626,10151128,10151128,0.8943162272494722,104.38377101462815
20,887,1268,31711422,31711422,3.058091949663176,333.6529344592564
16,172,2010,60999490,60999490,12.336509757983968,552.0319867815302
3,880,697,1594049,1594049,0.14244801460732864,14.65853346154617
5,654,1165,6208295,6208295,0.48094659612585,56.59904210066846
20,807,1896,69888466,69888466,6.790873459593114,657.9833141106715
21,930,1812,67408222,67408222,10.94405579545949,558.4192879599558
12,36,677,5080895,5080895,0.3554212777334607,51.185644277137044
7,357,1684,17644962,17644962,1.6201470097473345,160.80611624094254
20,1296,1018,21040034,21040034,2.4417114730479175,190.82727612031496
20,856,458,4391314,4391314,0.49296094674045626,43.49890394274245
23,164,395,3510375,3510375,0.503090386773675,32.469148080199275
13,406,1799,39608593,39608593,4.212211057850424,403.182709492456
11,450,1032,11136322,11136322,1.1505056272184155,98.81317836607562
5,1381,1585,12261570,12261570,0.8255563253086725,129.477898653609
1,1836,950,1754660,1754660,0.10750429658019424,19.047961476023772
16,428,863,11563347,11563347,0.8798174431308576,106.92591322234385
7,43,1298,10186714,10186714,0.6999068850833303,106.28747529771981
23,1702,993,23415943,23415943,2.4843007965720747,245.17540428158804
12,1322,839,8870757,8870757,0.6151581124162365,85.48910566380711
13,646,1397,24353911,24353911,1.9304069262401726,209.36236610588983
14,308,441,2674675,2674675,0.3716640623367895,24.851792778278266
5,570,289,503159,503159,0.07860498062910447,5.121000053445656
1,248,328,84962,84962,0.021331985338160792,0.7455561108540257
21,1194,326,2524880,2524880,0.2607123711346527,20.919179936230787
15,203,391,2229492,2229492,0.2326543107596102,19.753273161517296
19,1307,1899,67448692,67448692,7.481892620389323,619.9802117543524
17,476,1998,64877068,64877068,9.456785306379206,704.1993753456707
24,882,1168,32447050,32447050,2.8353803661844603,351.0052190064338
4,65,991,3024542,3024542,0.26625927190972515,25.22073125465473
3,1431,239,459368,459368,0.07223216791048184,4.1973342454272276
4,1921,208,532282,532282,0.06821624443671821,4.588827028740067
12,1558,682,6193934,6193934,0.5656868919841215,56.26240706841038
9,112,338,958240,958240,0.14519393018835905,10.157241582781142
24,1566,967,23054257,23054257,2.0863638993357725,224.99037578347702
12,422,1393,21963441,21963441,1.7921211039995328,227.4926191593257
15,893,250,1104510,1104510,0.18919185021712884,10.093845139361381
4,1330,1286,6689782,6689782,0.4743990381918541,68.99372965561018
16,280,1177,21140107,21140107,2.2780397387418128,180.75677850845526
1,1101,122,135674,135674,0.03782110936120679,1.259267103464093
24,1584,1018,25482586,25482586,3.508985481220004,219.66605263936088
3,141,450,474310,474310,0.05236033239612228,4.683527839926695
10,1628,1279,16830371,16830371,1.6190685587064084,137.32229301319688
9,1145,1721,25697982,25697982,2.6478877832134637,239.7503241798719
24,70,1704,66960394,66960394,5.03032592945075,730.4660044348848
24,217,1013,23856160,23856160,3.1298173638209064,193.56571547343592
11,325,56,50746,50746,0.07994051448246497,0.42687544673453154
13,1283,1285,21492920,21492920,2.4236962208645045,205.1688488546455
20,1240,65,162835,162835,0.14828784881868856,1.3474982531451283
24,119,1767,72083008,72083008,5.069014001090785,632.1759080328512
20,1035,665,9110510,9110510,0.7241897311428361,74.42665546334892
22,310,632,8604058,8604058,0.8240828806151963,93.55055167299103
5,766,1624,11817858,11817858,1.1326115003303656,126.07648615047046
13,385,204,582634,582634,0.1441780164633771,4.890246720622399
16,1464,626,6810890,6810890,0.5266002822856646,70.9820461001181
22,368,1209,31178911,31178911,2.8435562570038493,338.57412258365
14,790,1348,24719634,24719634,2.949836968683732,213.84574138057735
24,278,1559,56387481,56387481,12.439374913958313,572.7978582119857
15,917,430,2993670,2993670,0.34849340894618674,26.59397711528281
13,806,1111,15732881,15732881,1.1494436594123134,151.3498566932756
18,845,1169,24252084,24252084,2.5433738121766685,240.8630481521792
16,667,186,647848,647848,0.17125190196674403,6.951078244784164
23,2045,1011,24587530,24587530,2.7616987893286695,234.3715598526555
2,73,685,527460,527460,0.05687199758879072,4.575206219110829
7,950,1406,13220628,13220628,0.9305599756031105,136.00406610475406
17,864,113,304997,304997,0.11691813136000886,3.070995574572904
17,1786,737,10026895,10026895,0.878359381205621,101.74754717238766
4,1993,867,3995146,3995146,0.26279388587384206,41.788599248284974
2,1544,656,1451082,1451082,0.10402776643957704,12.394310963788232
13,773,415,2397050,2397050,0.24892024799526194,24.501218252649977
3,812,941,2547297,2547297,0.14508764723508294,26.802023284722768
10,783,1521,22042342,22042342,1.843397169268496,215.15903997587947
22,461,1569,52470508,52470508,4.20276067417939,465.2947987214423
4,464,635,1513215,1513215,0.15075018595586315,16.55439426951264
13,1931,1269,21803968,21803968,2.1143998693017,235.015002830506
11,1718,1921,40243039,40243039,3.2715279635326784,346.31334445678874
4,727,1294,5982172,5982172,0.37197322862618665,48.796577639301546
22,864,1061,24590807,24590807,2.4943750780450844,262.6044129068838
6,1501,1264,9905978,9905978,0.665667566781474,95.05730852548699
9,1239,1875,30483760,30483760,2.5738845232121,271.2215018450467
10,498,1291,15668877,15668877,1.169189834246801,154.68406939427308
19,381,2033,75229142,75229142,12.145003093442726,610.4888246002386
8,1270,910,6968790,6968790,0.5875548676741105,61.238051001422
19,1801,470,4836310,4836310,0.5472643167596518,42.59859499060182
22,903,1008,22279834,22279834,2.033397548541013,221.78535457863296
15,1643,1679,42267156,42267156,2.9599420074359344,433.4654048428913
1,1731,1362,2372614,2372614,0.11003631996388877,24.91776524176742
17,568,741,9226201,9226201,0.714515982848423,95.9614915861117
20,1579,542,6453604,6453604,0.5823673437265321,59.57805742896982
19,1265,64,156554,156554,0.116216030943089,1.625635858483338
2,717,1775,4444610,4444610,0.27581930064321863,41.88950391466281
21,97,819,13520062,13520062,2.0134094786107752,143.08703266563063
19,1703,133,548768,548768,0.2773767545343135,5.43116987903815
15,1420,1817,48846421,48846421,4.2547199708031656,428.930721200302
13,1720,2000,51486010,51486010,4.730858759821341,446.37467091687637
15,1505,1129,19572354,19572354,1.8384923910216548,173.48398361709062
11,1730,1939,40992409,40992409,3.2543160436783043,377.2537948124416
20,217,684,9058222,9058222,1.0082235682839225,76.19652510452146
15,1668,348,2284630,2284630,0.22480405389114522,20.388216345958764
11,1559,149,457440,457440,0.10991048903255365,4.451897990422861
7,1993,535,2792710,2792710,0.17627499636006197,29.61574020852743
9,1807,1055,10830640,10830640,1.2739004682217578,93.81102164472227
4,363,115,83040,83040,0.0414055349226147,0.7878678033008455
14,1575,2010,55735300,55735300,6.786004594807114,565.8831294707184
23,1151,624,9305098,9305098,0.9233278070577161,77.4018506698498
9,1205,331,1281642,1281642,0.16712281045620297,13.508776650220854
4,910,647,1853665,1853665,0.1227685256028815,19.321356235415433
9,269,1522,18970218,18970218,1.7395301290025174,169.5693269963689
8,1578,1816,25983338,25983338,2.348222828188638,233.87308008114502
2,174,669,572005,572005,0.06537357938205933,5.569202009478265
12,1687,977,12169522,12169522,1.166775856963384,116.3605379608635
5,1158,364,956966,956966,0.10704049987695516,9.199306857188656
7,284,676,2945342,2945342,0.24603114466226653,32.245561737860896
3,813,1456,5442538,5442538,0.3409394751121574,57.768425733001614
3,591,869,2035208,2035208,0.1378201868544772,21.10707695422366
10,584,1554,22672870,22672870,1.9942351329105499,208.2367892659975
6,1205,80,129690,129690,0.05789065152558287,1.2073129217138296
12,2029,1757,37561156,37561156,2.968129948217201,407.5764660278118
8,978,421,1660013,1660013,0.17514294393758437,16.749393178173722
2,1730,719,1769469,1769469,0.11447196288208529,18.810417424467907
2,1313,230,357660,357660,0.042550615315531656,3.4916149693217595
7,572,1734,19061872,19061872,1.5300157932894785,205.97614383693653
10,87,1053,10091962,10091962,1.1486746215816728,86.75084626401605
18,1210,2031,72638725,72638725,10.24451143372813,591.4236196913942
1,786,1881,1499167,1499167,0.14248216958824544,13.013913136486568
24,1818,1120,30925450,30925450,2.8481879212756107,274.46432177953375
9,1015,189,481204,481204,0.1164714473684012,4.586765378828306
6,697,223,407654,407654,0.07504031215008056,3.6251867723930666
13,1998,1875,45976885,45976885,3.309136393813227,386.362438781823
22,1233,1830,72641860,72641860,5.451131056450267,650.439370128587
5,1536,1128,6839074,6839074,0.5469352410469396,60.646104328498495
1,2005,739,1489834,1489834,0.06777455187199581,13.941976157077184
16,2012,383,2980899,2980899,0.289838413121567,28.077132890937186
11,326,1312,17668714,17668714,1.5562685940445837,186.13564184678947
13,33,1263,19212766,19212766,1.3481997323192334,182.12073184167002
21,129,1045,22007710,22007710,2.6364726837711236,181.41274545118173
5,1165,512,1652746,1652746,0.14790305336505008,17.642167004656226
18,1881,829,13265668,13265668,0.9839530240683352,133.319138329826
19,875,535,5635700,5635700,0.43169730209420404,47.26763825409005
24,1663,780,15316870,15316870,1.4144473429156943,154.92554280467132
6,2007,374,1455992,1455992,0.12554851537823955,13.661049529679586
12,148,1566,27242146,27242146,2.5437861243911,259.18049384805147
4,1295,1428,7986814,7986814,0.7618283520173269,82.14465195021971
12,605,587,4158318,4158318,0.3222436090790208,40.74853663492286
13,860,423,2520667,2520667,0.2469660794728891,23.245095899172036
2,1949,892,2544886,2544886,0.11862168065299172,27.745344783267402
7,1343,958,6809474,6809474,0.5899596324713773,69.30317779944266
13,698,1029,13448011,13448011,1.4398701537287721,119.54123580531633
21,917,1361,38336658,38336658,4.025198774650516,377.64341791167806
17,1167,1330,29890430,29890430,3.665648656122639,267.69524356962677
14,748,1362,25167046,25167046,2.3789886730042116,238.90091663032644
2,1672,1408,4353546,4353546,0.2392319026051524,38.326600635296955
8,1238,1133,10408881,10408881,0.7303656690661537,109.87729323248648
22,1747,1628,58554286,58554286,6.273006161163522,626.5115813023818
15,1219,1994,58145050,58145050,10.75934767262872,494.8912946898022
12,311,1259,17855148,17855148,1.496576992855689,164.83873874757035
7,760,1142,8712328,8712328,0.5860545162378673,92.02677399504945
10,1337,477,2695060,2695060,0.2735590294634991,26.314052432429015
16,1525,909,13804084,13804084,1.259873459125759,141.6861843755068
9,1725,68,155594,155594,0.07337844959054038,1.3753723506782023
8,529,985,7330380,7330380,0.5399655670940575,68.41411939331385
15,1476,209,925253,925253,0.15566569436716018,9.701017085722114
12,90,712,5656138,5656138,0.4457800416419341,60.14723053883466
1,445,1512,689482,689482,0.04551053232345155,7.22140263573342
15,1811,573,5648644,5648644,0.33097327010762617,61.2006428496549
5,461,1921,15675370,15675370,1.1764522229826855,163.5195646165269
4,1915,79,171124,171124,0.04525308183492408,1.6443690836557012
7,1947,856,6077610,6077610,0.46573697650479934,65.20455128875892
2,349,919,1176330,1176330,0.06637801970125826,10.895333621865467
7,884,1268,10789422,10789422,0.9046843053921929,112.56533014765371
17,220,1521,37390753,37390753,3.442916647723254,315.3202003784404
22,1169,1922,79884096,79884096,7.858055199835154,675.0232838958132
20,573,1869,67497076,67497076,6.013001399296114,630.8898779031629
4,361,343,481582,481582,0.09490585936735267,4.093349196325906
6,142,1648,13839914,13839914,1.2896521170446062,149.3480864298812
15,1770,1436,31446974,31446974,3.061035362606673,301.2793407481135
20,1121,306,2131300,2131300,0.25756241830315446,19.29849012435955
13,109,1227,18228322,18228322,1.5283501488083275,149.30397653853348
3,439,277,278672,278672,0.04743403291805837,2.9824778944553465
10,1127,1781,30590466,30590466,2.421077050677897,273.7264990276972
22,1807,1171,30949540,30949540,2.3436504205421205,328.7278105260561
15,391,1225,21518360,21518360,2.8149980689776424,207.64894506051493
4,1489,1686,11061856,11061856,0.8175689015959487,121.06344164902211
23,1530,796,15183710,15183710,2.4215540900750163,138.35559042964306
20,1991,1185,29075170,29075170,2.33649607568823,236.39064679183153
12,1585,1258,19429820,19429820,2.958512284485823,177.74235174666376
19,1137,1715,54941750,54941750,4.608756562684875,452.13471662096345
21,132,1433,41303369,41303369,3.5990768671055604,343.9604390090931
21,374,1024,21386250,21386250,1.7235703252472172,220.3295249845357
19,1893,1218,29044438,29044438,2.828624050480536,265.4295391155172
11,517,1136,13516138,13516138,1.0752053483570874,115.63724519872949
8,816,1897,26772371,26772371,4.125153310628452,248.6451909635051
24,1107,1459,50624392,50624392,4.92618806081529,478.43569291073237
16,1611,1022,17340284,17340284,2.175994996270876,154.01997769627678
9,1020,1806,27969532,27969532,2.8561579799564076,278.6382359927944
22,615,1432,43989618,43989618,3.7598077060287105,360.8769144114056
16,279,951,13856080,13856080,1.1762814173392226,137.21350212899145
14,1262,111,302929,302929,0.10242894288828225,2.821769858893523
22,1019,629,8969550,8969550,0.6977886948124061,97.6009118504621
19,757,378,2869030,2869030,0.27546692387739263,26.4458375646248
18,1509,1962,68456152,68456152,6.595975509501465,745.9528752216027
15,1532,115,364215,364215,0.12640063300751048,3.2759389781855957
14,1187,1382,26502624,26502624,2.831606154104774,240.02048723088936
14,2034,50,135410,135410,0.08461125050184629,1.2842587429727266
16,846,1362,29013334,29013334,3.3004216358898093,289.91901728943316
5,904,231,425743,425743,0.07444920789867043,4.251747739439571
14,279,1921,48555206,48555206,3.588210964808615,465.8410075804788
23,1675,1468,49917882,49917882,3.924648027112568,473.2607960339131
14,783,634,5737076,5737076,0.5339683108163302,62.66288102483036
22,188,923,18093579,18093579,1.5230948216491493,153.22142354651913
18,890,491,4549125,4549125,0.46905924218957146,38.202084038928746
9,1486,1073,10825507,10825507,0.8524471718073234,112.82785227222824
5,1673,1126,6972202,6972202,0.4490373589839334,74.98768084467225
3,1029,948,2785234,2785234,0.13817797915378327,23.017092994240244
10,88,811,6007087,6007087,0.44118790373340505,49.84755606429885
2,172,304,148362,148362,0.02986054228309048,1.4926142714055823
17,1657,1597,43495902,43495902,3.0993494132492345,371.2139865555947
9,1072,807,6090439,6090439,0.4824660657897094,53.49847807594084
10,869,1348,17552318,17552318,1.9297507850466213,179.040707793549
9,1346,1169,12528183,12528183,0.8813172388313398,104.18072604977472
10,1477,1777,31079740,31079740,2.587638905684826,259.48828039844216
18,2000,1996,71776170,71776170,8.142366833393513,727.881743584834
21,302,149,493647,493647,0.17700138440225996,4.334295136666937
8,290,1738,21679822,21679822,2.040431088802017,230.9414345048821
20,687,86,202196,202196,0.11707363545842754,1.7568545709302628
4,1866,1093,5638797,5638797,0.4758705141196583,51.904873877191754
24,1242,249,1743757,1743757,0.280522558161759,15.507955521148592
23,2044,866,18297724,18297724,2.040089055350719,153.98016605751369
1,1318,2010,2671300,2671300,0.22299529838822452,22.019808859207476
23,988,1941,84866353,84866353,7.5182131750531935,756.6171639500291
18,1088,488,4593066,4593066,0.4204830872173187,39.65777340157018
3,915,1323,4728412,4728412,0.31355032648534786,46.76364332818433
18,1348,1791,56995003,56995003,3.7492882065112436,582.1654637302958
24,1455,1479,52513384,52513384,4.096314992310225,481.07500493184995
1,380,2014,787484,787484,0.04720588954731098,8.491792332275454
22,2009,264,2002450,2002450,0.21940944004364712,17.301446127536156
16,1585,444,3672334,3672334,0.3028522635258502,38.381115792055574
4,1850,1295,7444965,7444965,0.48224370948501855,79.92639341476136
10,1540,1665,27547435,27547435,2.29548751780971,237.67720949375328
14,396,97,163067,163067,0.09704888409465706,1.575409060313661
3,1285,713,1942222,1942222,0.10054513262651762,18.270622658268213
3,1883,636,2014858,2014858,0.08390534102127306,20.831323961205225
3,495,1712,6731594,6731594,0.47707660252308626,69.06326679663465
3,44,1541,4837209,4837209,0.28884016345016206,49.50430328824371
4,1805,885,3959500,3959500,0.22569463046787858,33.13214858822212
21,1075,565,7009400,7009400,0.6141376150320084,66.08104726332856
11,827,64,95242,95242,0.0770286461035188,0.7869671097442775
24,1717,1734,72191632,72191632,5.737513596709528,654.8029168464061
5,882,613,2052947,2052947,0.10934037414945857,22.207717785158817
3,824,1976,9463074,9463074,0.6166072205618609,103.7086897022443
17,2012,866,13765080,13765080,1.1749604577909527,118.05353561302726
9,1652,1867,31005279,31005279,2.641454540513877,321.90101004110574
23,727,327,2600968,2600968,0.3412424964882038,22.363704009959374
1,890,73,65783,65783,0.020888537328316314,0.6710303445600788
23,522,1280,36755210,36755210,2.9703121634152887,379.88745052980846
20,1409,1124,25621590,25621590,2.289766336349487,261.49824584977387
9,312,308,860870,860870,0.1398594482185319,8.245834969824243
10,1383,432,2285722,2285722,0.1703678073087952,19.929304735798663
24,407,1723,69040620,69040620,7.92413919186452,743.7334278089003
10,1256,696,5247850,5247850,0.4558839426911987,47.12817056005774
14,1706,1906,50524258,50524258,4.717304406722906,523.4845848450701
17,1669,1418,34576522,34576522,3.2759427679693873,280.3581659012441
8,803,1221,11438338,11438338,0.8788468040021815,96.32356067851453
11,1935,955,10988240,10988240,0.8749218541738336,101.90237119742197
3,1331,1255,4836780,4836780,0.3175508274165703,52.505148872468254
3,275,1272,3602314,3602314,0.21073271827041465,36.77214229385878
12,739,830,8209540,8209540,0.7466947186217875,68.42171069645372
24,850,2026,96198542,96198542,15.067892048588524,818.290637157822
3,1660,794,2589244,2589244,0.21535166777835002,25.523798940278194
3,1200,106,151060,151060,0.038788501623026515,1.278736681102877
20,2004,669,9864415,9864415,0.8088485752588142,93.21960348973698
4,1756,565,1957735,1957735,0.1831454605555771,20.79271850181024
10,1386,1036,11116290,11116290,1.0872960848020619,103.75397892525697
22,1136,117,424135,424135,0.12127078687760788,4.408221009448258
23,773,1689,64121206,64121206,6.187924926870484,651.8168476381023
7,42,285,504175,504175,0.07555024849809434,4.9960138484925105
18,1221,1212,26485846,26485846,2.2832467429445633,268.7158408985768
6,645,965,5294000,5294000,0.34507186977973064,48.93908216491432
18,1840,736,10583690,10583690,1.002573198276065,109.42902803860667
13,1612,230,1010860,1010860,0.15291168278154946,10.075524674918245
4,1874,1040,5208330,5208330,0.32629373897895997,57.00346196428581
1,610,779,483769,483769,0.03226947610297305,4.431337051872912
13,928,360,1897570,1897570,0.19301157956663786,18.975999163556743
1,949,1952,1873930,1873930,0.12932809740095516,18.943280802660002
16,1721,1300,27621110,27621110,2.1528962832485172,229.81826565432715
10,645,1888,33336426,33336426,2.7194474105682094,307.3487901327756
8,531,982,7289396,7289396,0.5206447721136361,65.85846072527396
3,1992,1894,10971952,10971952,0.8805697677526809,103.53941538399975
22,2038,883,18201289,18201289,1.6290389920631845,197.38334990653703
19,39,1865,62734880,62734880,5.73336584992907,572.459859846776
12,142,1365,20719345,20719345,1.4319568486474068,187.43194722153862
15,398,1732,42730182,42730182,4.304179729454699,429.71598106492087
8,1300,1023,8674027,8674027,0.9195736199410658,83.75171673361965
1,1586,1250,1996260,1996260,0.15081978848755193,20.8618098789974
18,762,810,11793610,11793610,1.298354866221248,102.51827684486716
11,1980,1084,13919654,13919654,1.563364536394942,114.7473442931336
14,1182,1838,46133810,46133810,3.9202827922265264,477.3071787133848
7,791,1206,9701074,9701074,0.8029385734475077,85.53032983065178
4,1695,337,916650,916650,0.07799812677433919,9.342743561205284
7,1031,269,716088,716088,0.09347460746589766,7.250110716047112
5,1363,1516,11282082,11282082,0.9098016112057827,116.07174253309485
14,672,229,841127,841127,0.1374453721563186,8.530742897090562
7,668,955,6126335,6126335,0.4670065830013149,50.05692191034311
3,1923,1231,5413948,5413948,0.38004110973887933,52.962805890471266
18,665,34,43224,43224,0.10273092293620703,0.44857590144724213
10,638,1470,20415370,20415370,1.5280190945076007,211.01193225210582
13,441,677,5814086,5814086,0.4686479821954928,62.47920013173938
16,1808,373,2771027,2771027,0.3047582224077874,23.97882677633488
1,616,406,254572,254572,0.02859876701943769,2.1845145713378638
4,1627,2021,15569794,15569794,1.5203114369515505,164.86474055267303
14,1155,1905,49423330,49423330,4.107963069390433,531.653007613385
24,1117,1805,77012140,77012140,7.684479518049094,841.3696831834217
22,1172,1354,40129862,40129862,5.07234184587315,350.3563790709928
13,472,679,5868607,5868607,0.5930820553921843,61.341855593363455
19,862,886,14919364,14919364,1.1835052013634622,154.1636012833026
15,1408,1705,43141625,43141625,4.271309965899611,427.44336214104766
12,701,1104,14205178,14205178,1.3609058503146045,139.61247945247106
6,1747,789,4503622,4503622,0.3733215123501246,44.42452883433016
1,1078,542,590248,590248,0.04788140475484505,5.9728420966475975
11,1908,2028,45039862,45039862,5.890156970248582,434.5515978173058
17,519,1608,42248602,42248602,3.804328888197701,419.81423772646866
8,1220,1418,15830562,15830562,1.2215652465892426,158.11140776484586
20,379,265,1442670,1442670,0.2650613476181173,12.068241767091452
11,1759,193,716040,716040,0.10324910647596117,6.910521432629891
15,2008,1824,50285866,50285866,4.448550860083471,448.16187955426136
3,633,1867,8177470,8177470,1.5201854210445744,79.06968068086177
12,1084,442,2637866,2637866,0.2515675381815208,23.299339140417832
15,287,116,224586,224586,0.09629757086613161,2.2322741575052696
12,180,1097,13459103,13459103,0.9234423315715456,132.92681179634073
2,1413,1643,5040734,5040734,0.3529356470000121,43.845282049438325
15,452,402,2454220,2454220,0.17014189334093266,22.845710401435156
1,559,2014,1147990,1147990,0.061400627367538915,10.432645963205307
6,1811,1518,14295016,14295016,1.063354278479092,128.05233063632102
6,1912,1661,16997023,16997023,1.4561731539916387,152.97549775513323
21,663,634,8479126,8479126,0.7704419228398965,84.97463666595678
4,475,1289,5614894,5614894,0.41893775527553995,57.82194743629651
14,1224,1173,19350991,19350991,1.432312254607513,174.85535127499807
18,1988,617,7715595,7715595,0.7010312977460398,83.79881185137661
18,175,848,12396922,12396922,1.2583673899124475,127.34080826713206
12,990,363,1816825,1816825,0.22107935852315005,19.914757093813492
13,1490,1576,32189810,32189810,2.7235778592513897,340.12279590400135
7,658,413,1302199,1302199,0.12689010464452735,13.102171188643227
7,568,803,4338619,4338619,0.3486153475946561,46.43363859795694
8,947,1791,24182092,24182092,2.474769719926924,234.8872431045142
22,892,324,2503882,2503882,0.2876220970648425,27.092435371094798
8,1096,1923,28027735,28027735,2.206388178607942,265.5017797310286
19,1116,1327,33216147,33216147,3.193179931944398,351.21826754254823
20,1252,178,830202,830202,0.15001286030426278,8.115270501065115
8,443,410,1365720,1365720,0.13030805685304622,13.438038060760746
17,382,518,4505056,4505056,0.44197962676316505,37.156577751175085
12,1573,1937,44361184,44361184,4.230853764869138,438.1439885892212
24,1141,886,19095968,19095968,1.7621867364234107,194.21660487566862
11,1376,215,762615,762615,0.12900938432792572,8.166403860714594
23,751,1854,77074498,77074498,7.756546507008845,653.2800174741527
16,1449,308,1877270,1877270,0.4407115811085084,15.239784506935187
3,540,845,1895345,1895345,0.10675116248511261,18.341874736546472
11,136,55,38895,38895,0.06417786389417811,0.35517308476929765
18,1578,1965,68796625,68796625,5.505191918306792,664.0186678537378
5,831,1607,11689328,11689328,0.8327771004315152,126.19322781930029
16,953,232,1034498,1034498,0.14232633794858085,9.78337044211994
19,195,1006,18442002,18442002,2.1673374344493026,186.84424881718516
13,1516,519,4031083,4031083,0.4484396755673921,37.08801305085673
7,1089,909,5963050,5963050,0.3404972658920783,65.38111553383746
15,1177,756,8910226,8910226,0.8774640243043793,74.45897187473558
7,398,854,4730316,4730316,0.34628294674292714,47.67644614941546
12,998,1763,35988129,35988129,3.077340474965684,306.37919273915344
14,1760,1253,22645479,22645479,2.1056010703683556,243.5944937815714
6,1379,1649,15896370,15896370,1.364784359270015,153.35949534450404
23,1724,1322,40771812,40771812,4.115491156717875,413.91895439757616
3,395,627,1042084,1042084,0.13194131403057038,9.928257888527188
4,320,1643,8647119,8647119,0.5856444329896249,88.03938569443123
2,1731,1718,5946008,5946008,0.4099176088692961,63.56137823814399
12,380,894,9150994,9150994,0.8107158231605788,94.60899754461413
10,1854,1493,22859333,22859333,2.0865515453065164,196.2936589797692
5,489,97,86534,86534,0.0509795905954663,0.7710679379858517
24,1169,1316,41415846,41415846,3.436474030315162,346.6366434827007
9,2016,879,7969903,7969903,0.5499190249986645,82.15508613786334
1,1452,1431,2093563,2093563,0.12626140522892773,19.875089604093276
20,568,968,18382330,18382330,1.4762006938689605,195.26208862363714
12,1924,895,10552955,10552955,0.8348386797760037,113.27292442902527
3,1642,1905,10410835,10410835,1.6613960256135785,107.36469127534048
7,1032,1990,25848120,25848120,4.220210447877024,244.79163309442637
3,140,576,751690,751690,0.06933208193180604,7.559474314074067
2,1827,146,289820,289820,0.04313382841186825,2.784223823023779
3,1413,355,758290,758290,0.07971394780707126,6.2580397700894475
7,1851,555,2884900,2884900,0.24033354128427498,31.243556488544606
15,1707,1322,26757290,26757290,2.4489006169666467,276.92690841846695
21,1546,1750,64009760,64009760,5.678597045388039,581.4864504283318
2,1116,1824,5384458,5384458,0.37567284144959545,45.16051989706108
4,1273,1033,4530748,4530748,0.29569201085894975,44.19480740603672
3,1216,1530,6562180,6562180,0.40824422738216715,57.621295800851286
24,1267,504,6498082,6498082,0.5749956094158261,64.86713044174724
23,1686,1496,51807986,51807986,5.467583310893567,435.39922645152535
15,1594,1828,49741718,49741718,4.277755678742287,534.4150486461846
16,1641,247,1326894,1326894,0.22971466179432398,14.249768211088368
16,596,1282,25450274,25450274,2.1264801486083766,266.7106283030179
13,1586,1906,46660796,46660796,4.06091623132614,448.9155837634388
17,217,1817,53267182,53267182,3.5079710070714474,486.58800979930015
20,951,736,11014250,11014250,1.0451477073423685,106.65384522416473
1,554,1091,616425,616425,0.10903159317253566,5.859008637622646
11,200,842,7275732,7275732,0.5123655771712482,71.06172006916131
21,1732,912,18242746,18242746,1.6369688258161808,180.7139606395469
19,1274,1048,21135026,21135026,5.643832484191805,210.9111084121817
12,182,1281,18311905,18311905,3.99649419181555,165.22672930107473
18,1260,493,4766827,4766827,0.4830393365103224,47.909015485804666
14,1938,531,4707325,4707325,0.3169752973158985,46.05075734641131
2,1294,516,940162,940162,0.057487079370786544,8.389714782873122
23,828,1005,23085865,23085865,2.8185125982405173,223.88908566682895
21,259,1141,26368520,26368520,2.566155612477147,288.84926311505046
13,507,576,4286602,4286602,0.3194591071101762,40.41667880846452
9,280,622,3281060,3281060,0.2690660381945905,28.701509747796226
23,1897,1263,37531318,37531318,2.667342055243814,344.5210582805999
23,1282,1686,64754212,64754212,8.932542321315468,554.6379502576688
23,1050,790,14585780,14585780,1.3809438142119304,136.23695594281094
6,1748,1791,19197739,19197739,4.03477232205502,207.86751009815362
20,1430,754,11902654,11902654,1.0459539234630117,116.7333670369757
15,855,1403,28792376,28792376,2.2578127369122507,241.4244390860112
13,1733,720,7485130,7485130,0.6258285113674896,70.40350055611042
12,204,1774,35018770,35018770,3.1173333830570993,313.8047410197704
12,527,1366,21275460,21275460,1.816111268544859,194.27365934277876
22,833,1789,68758436,68758436,10.187498528347009,580.8377136616094
3,1552,1355,5792635,5792635,0.4312558536685053,50.76033234400906
17,78,177,519859,519859,0.1669858683427387,4.7812354344784795
13,661,1851,42380506,42380506,3.54778453581861,460.2489117951458
14,1594,209,906025,906025,0.18320302178807255,7.375156262575868
15,642,1856,49464266,49464266,3.8514426596572253,452.96813510151634
21,829,1284,34077370,34077370,2.6848324295507324,318.1582456853942
23,820,2005,90150825,90150825,9.402816886965262,782.7230681757383
13,634,1692,35466022,35466022,3.090271991040958,343.40772392799045
19,1958,823,13827233,13827233,3.2616558714274615,144.35044262107357
4,270,1238,4949534,4949534,0.5406506055350995,53.185251717530946
20,1639,2025,81291610,81291610,15.967220733515063,750.2468335275064
12,996,1528,27238138,27238138,2.436363370201266,286.73125921820633
24,1463,1823,79165608,79165608,7.281459044044686,752.0451628737823
14,1022,1122,17539114,17539114,4.1512180922398825,147.71036218551592
8,1654,975,8284585,8284585,1.624208253430781,75.08480278434968
13,1770,1870,45315720,45315720,3.58738655381333,391.8346066645739
15,837,364,2168722,2168722,0.238727516317078,21.598332837674732
2,424,1629,3363895,3363895,0.2121821640849256,35.7843627741735
18,1949,804,12578590,12578590,1.29833776086968,123.14942340154343
17,475,1178,22794310,22794310,2.745817886042162,227.05561332294323
14,1495,97,269670,269670,0.11601231199857401,2.950318218746582
2,1568,969,2469991,2469991,0.13184663207833844,26.010149265912897
21,1561,1368,39606346,39606346,4.2696690247666105,403.2047973450253
3,2025,129,296194,296194,0.08878781584981325,3.1288066061070614
22,2008,58,188974,188974,0.12988428077069716,1.8252476450255344
5,1101,309,726778,726778,0.08825065351927862,7.811525865913875
18,751,649,7665998,7665998,0.5791349915790175,82.29422620159264
11,1113,35,51950,51950,0.07062017374008867,0.4710508997596224
22,489,941,19085372,19085372,1.6380408191156057,172.66191233663173
15,1309,170,631390,631390,0.11457105122301177,5.4102897525184
19,153,433,3453618,3453618,0.3381321385989681,29.29178349441737
4,1108,1524,8677666,8677666,0.5278472024617902,71.83591676407997
16,1885,275,1659910,1659910,0.16913927610669488,17.273074524881814
8,1926,1152,11529226,11529226,0.9738749786064133,110.0595820122312
14,548,787,8501971,8501971,0.6019465724539526,88.07761796932239
11,1752,1116,14433238,14433238,1.1990727217957506,148.66197726538869
17,364,1729,48507105,48507105,3.859612154136451,470.1857098456823
22,452,1185,30062275,30062275,3.098637084168152,273.92600613900396
22,140,1349,38447859,38447859,5.353218260197953,340.6166904167488
9,1226,1681,24698943,24698943,2.0348664093231275,222.59752271382695
21,773,1563,50116042,50116042,5.50742737402451,472.31787164266206
18,1393,1568,44024746,44024746,6.204339662561532,378.1130576248753
15,1378,160,582890,582890,0.1519751377374703,5.022926937182036
2,482,1277,2261577,2261577,0.15115429062134877,23.01310631488009
22,892,704,11058442,11058442,0.9563503389361645,97.54550189518386
17,1591,511,5004744,5004744,0.543236964384453,53.77659577233859
11,631,1135,13622280,13622280,0.8446359706230981,143.11652731907196
7,1764,602,3246596,3246596,0.231418635202093,32.08864495891465
6,417,1339,9544402,9544402,0.6244942718320653,95.66847064374917
11,718,1920,38282890,38282890,3.1939672371803245,340.6769325684344
11,775,419,2089144,2089144,0.23388523564472397,22.88448790956535
1,1294,85,110935,110935,0.024941623168508394,1.0361154255398968
6,1377,826,4562008,4562008,0.28932726361111094,49.66683753720508
8,2002,1707,23845093,23845093,1.8437815726923927,197.57337508704057
17,677,898,13534666,13534666,1.1160378347567383,137.7777593423738
1,1644,887,1467995,1467995,0.11911714100117937,12.105771649455567
23,1291,1426,46624506,46624506,3.6551136367660035,507.0047044554789
22,1621,446,4914484,4914484,0.49514584201193906,50.46948583189504
5,310,622,1749696,1749696,0.1201631032174338,15.915957746501165
24,956,1577,58760607,58760607,4.470308081866157,585.523569342602
21,490,902,16742032,16742032,2.764818917644975,138.5312123949583
22,418,1666,59036386,59036386,6.661946736413292,501.2327958584529
19,935,1305,31912480,31912480,2.8710683152969105,337.87879967284647
3,1056,1955,9733955,9733955,0.7544828672617736,90.98272346962499
11,911,459,2534608,2534608,0.24545008880365093,23.038953785033353
13,1992,1609,34308717,34308717,2.851350657417381,341.360635556111
14,1686,180,729010,729010,0.12009787314041323,7.007189917500938
14,1317,1416,27964594,27964594,2.3164673865206105,282.7531700204292
21,105,247,1253782,1253782,0.27151228846169523,11.689851183698716
23,1384,1036,25080534,25080534,2.956462511290571,213.15659777895178
12,1950,1660,33585130,33585130,3.266692082508434,300.02255560884305
14,1982,490,4104250,4104250,0.3368458869118187,44.155422879880824
6,602,1915,19519605,19519605,1.3712215886243746,176.97276184642863
9,1193,1507,19994886,19994886,1.9706352168565362,215.30873328859178
21,1439,676,10133250,10133250,0.863991562129909,95.1477260703608
22,1387,409,4093282,4093282,0.6083262590381813,33.60221487771115
7,125,880,4771370,4771370,0.4147635836662765,43.97658997783737
14,347,193,555850,555850,0.16145866052520855,5.967907973670268
6,1018,1802,18099298,18099298,1.7793597592158772,197.5819839793682
6,1694,523,2261985,2261985,0.15946440138552806,19.49111493672136
11,34,708,5051590,5051590,0.45902999796552774,42.47087634322132
2,886,1045,2030445,2030445,0.09023872374742664,19.177157087503165
7,53,680,2822010,2822010,0.16828882004667395,27.066031884348085
15,1687,592,5920010,5920010,0.46137112438762684,59.47929489705618
23,1002,605,8678735,8678735,0.8138783809094643,76.98963401063219
11,1706,1716,32410102,32410102,2.4916676227092958,315.4026249106841
6,301,554,1710208,1710208,0.18501087440491015,16.60244904683788
21,1083,361,3008584,3008584,0.4075199233850621,28.882652773047845
23,217,1468,47777538,47777538,3.969109554979052,504.99375795676093
9,1699,410,2049190,2049190,0.1762408760303949,21.907421150628974
4,1441,1587,9864802,9864802,0.6888654665714872,97.04914263662562
14,1634,640,6385930,6385930,0.6249684032585329,65.99534460699336
21,1600,1479,46161079,46161079,3.7624140705304265,381.8832779710274
5,561,648,2052874,2052874,0.11642717081876729,21.593304304103324
5,1415,1193,7398996,7398996,0.5224923078130838,71.66670732739924
10,68,224,471306,471306,0.08347222173282569,3.9666040644316864
13,905,1801,40594550,40594550,4.370302506964543,393.51396328219107
1,1651,96,159562,159562,0.051668256000772454,1.62598018030163
24,1541,1590,60650560,60650560,6.158306584593611,530.187244106501
19,372,1282,30097524,30097524,2.7459459310648424,265.01455526984046
4,1566,1331,7417673,7417673,0.5874796335026661,79.19520934682929
15,267,218,729002,729002,0.13930047672904403,6.9953073376952535
5,1493,1699,14108506,14108506,1.5294986668971622,119.4978615070509
18,1426,1581,44791321,44791321,3.7181495159592983,368.2590297630595
13,526,777,7671331,7671331,0.659697792696759,74.17164447372016
24,855,161,739322,739322,0.2282337225234035,7.8784382964408115
5,820,1723,13313631,13313631,1.133835411174882,145.8957902938571
13,1041,1248,20017930,20017930,2.2325412541072884,185.15469741625088
10,102,1593,23033197,23033197,2.2006881484006278,238.8761938766877
7,1350,500,2183510,2183510,0.17849657358922127,20.40111083524171
23,1461,1228,35010290,35010290,2.589250300471324,356.4210187507387
8,872,1459,16199287,16199287,1.4135210896600279,160.58397226844033
11,948,490,2875820,2875820,0.2320423642451568,30.978014423574955
3,249,464,552170,552170,0.06487481516843109,5.840880652916211
3,1875,259,623164,623164,0.05494600243507395,5.397593234162311
5,1883,929,5215416,5215416,0.35250512051450855,54.08456257815137
17,1561,325,2206110,2206110,0.34794114368935275,22.94322239174845
21,408,1460,43272950,43272950,3.6746051417771652,455.4802221109466
2,1224,1379,3606095,3606095,0.18410808313873997,38.12923284755291
3,1635,1756,9060970,9060970,0.5437221514132791,88.16604116602815
21,1086,828,14636566,14636566,1.5246391593808737,122.23821382932668
23,912,785,14298785,14298785,1.1601960445846156,148.23101147792647
11,468,1823,34124747,34124747,3.0930112255096303,360.7776804161055
17,900,406,3013748,3013748,0.5280874632410187,25.527842007343885
8,216,1751,21871751,21871751,1.785780884291107,232.4539480588006
14,1917,999,14913082,14913082,1.4414352490237237,153.63453237181585
18,796,1961,66989731,66989731,5.445549109564528,646.7105682657523
13,56,269,889593,889593,0.15911554045412765,9.372838067688273
2,1103,1418,3591804,3591804,0.2586348433382763,31.195548189703594
13,1461,752,7902026,7902026,0.6266684548675856,81.06031147994308
13,1191,290,1361270,1361270,0.17617982888453865,11.812119927838646
3,928,1246,4277528,4277528,0.30523974418451943,35.101818474209296
16,1629,1299,27460870,27460870,2.3332648786610632,293.8625008490817
18,1115,97,270834,270834,0.12115967917973779,2.6662868061167426
24,1274,113,441501,441501,0.13634269590813367,3.734889674007284
18,1430,199,963369,963369,0.18596372111135687,10.379014695461978
7,1236,528,2334298,2334298,0.16102400581829904,24.565553798009347
17,435,1970,63004550,63004550,5.78597261420825,601.2666948050518
18,2037,1804,59050342,59050342,5.35937524329632,483.29497616575475
23,1437,342,3075958,3075958,0.428193797242196,32.630509123822996
9,1543,1457,19258636,19258636,1.4972511594206965,199.83972478060215
1,424,1134,493300,493300,0.0568686537460179,5.027589758911061
10,380,894,7550734,7550734,0.6032226005312895,75.9225065060966
15,1407,580,5540170,5540170,0.4860067684308614,50.897204958243734
2,1400,1954,6577174,6577174,0.4683740149685021,68.17153502720558
18,994,266,1474714,1474714,0.2322152198869371,14.127609451899795
17,443,1403,32153964,32153964,2.8007197252709846,271.6585249190648
10,1882,320,1530250,1530250,0.15014043843180017,14.875493359153397
21,342,671,9255113,9255113,0.8869894850268203,94.4215771880797
6,135,1372,9619102,9619102,0.8754949918936796,99.19790293526347
12,945,1042,12951028,12951028,1.1908979414804968,118.12838574943602
14,1806,1987,54962417,54962417,5.968384477307569,549.0748847501504
21,1618,1028,22830862,22830862,3.125029219681286,198.4861169140814
7,798,354,1040416,1040416,0.19601792465082016,9.814705386013394
13,503,620,4938930,4938930,0.39207070705298547,54.15243512392164
12,1094,1556,28369002,28369002,2.9487692084078683,267.92637965514814
12,1398,1234,18502606,18502606,1.6291766046690292,152.8108678783708
10,332,895,7524275,7524275,0.5902442388667728,66.36692002611512
24,540,1264,37472554,37472554,2.9697403385739705,340.607064831261
16,1637,770,10174020,10174020,0.9596901815912982,89.3267840931092
22,947,872,16821762,16821762,2.7038179091378534,151.63721990761692
5,1474,183,406453,406453,0.08299691835876666,3.4188949162576128
4,127,883,2463580,2463580,0.16580857437599422,21.594547969926055
15,212,408,2427202,2427202,0.23318153512852746,25.993519293444372
6,1320,620,2750330,2750330,0.2258417594055571,26.793549459319888
20,1226,772,12293338,12293338,1.039564233825461,133.88872771600734
24,317,1254,36608032,36608032,3.6273057100720227,311.5679938898589
21,1044,2016,83452330,83452330,8.801084781863814,845.2922386859833
16,1410,196,857706,857706,0.1968332543749036,7.251175683993638
8,1617,1522,18703868,18703868,1.8049714224139075,166.1227316712025
22,1971,1632,59200810,59200810,5.611546391761204,570.0662289742597
10,1537,1067,11907730,11907730,0.9675065122814978,115.83248602125231
14,799,751,7950096,7950096,0.7190803690863559,65.79169532195496
4,959,1631,9567456,9567456,1.7627083083473323,99.33768680599742
10,676,1733,28235779,28235779,1.8821989583875036,269.78117789499595
6,712,1816,17811338,17811338,1.415030645321584,165.14838021999458
19,232,1739,54888067,54888067,4.994034448229488,509.405964902067
23,122,413,3816543,3816543,0.4832165993269422,35.581152912656364
5,254,32,12714,12714,0.048505766670648987,0.11937879564988939
22,1631,879,17687248,17687248,2.656362127473286,150.93733326017565
14,1714,2040,57646330,57646330,6.624056897871815,598.243314362912
17,2031,89,309908,309908,0.11464741627083162,3.1486319397291873
13,1464,811,9098619,9098619,0.7933936420307924,78.8398245489962
7,1027,462,1763002,1763002,0.16641714725246387,18.290817234047523
13,1727,1812,42571138,42571138,3.636299247678412,386.95485955548827
22,1385,1838,73547580,73547580,7.006403016597461,805.4887114617636
19,1093,82,213046,213046,0.1367605874699617,2.177038953521553
20,273,749,10885976,10885976,0.9391387001155059,92.84010888388642
23,892,1884,79830742,79830742,8.192868915334879,772.7438927960169
17,102,1718,47446016,47446016,4.797385612953824,470.4178603927674
23,1726,1689,65730823,65730823,4.9814874817804835,701.0707393102313
17,1367,1832,56253402,56253402,4.379168127953982,483.49644409022693
11,480,781,6490901,6490901,0.4708309621934592,53.14624601642831
4,161,928,2745962,2745962,0.2224769519814264,27.76096216037543
13,775,1425,25504660,25504660,2.347719252039839,220.05525188935758
9,1394,1218,13589236,13589236,1.4271373404641396,139.30049416051477
21,699,115,348460,348460,0.15328393188563944,3.4880982042178625
17,1422,607,6774737,6774737,0.6675883602865571,69.0788084065806
10,1272,1369,18636207,18636207,2.0217499879580965,190.5494796301666
2,2010,1411,4843973,4843973,0.23356351639480516,50.70000233581671
8,487,1545,17489410,17489410,1.616601580985875,171.75500711026487
7,1504,845,5569405,5569405,0.3838089791292128,50.87226284734365
6,1824,972,6512410,6512410,0.4993748485095921,59.01971544228287
12,1505,1980,46147870,46147870,4.361359226751211,375.5169049046601
12,1690,1265,19768165,19768165,1.7284733869566846,197.4450624116101
21,1723,1828,70038002,70038002,6.885321770207345,590.830467701997
15,1980,664,7503874,7503874,0.7635729453803262,62.357557354361035
17,454,1926,60278032,60278032,6.31562212055486,606.8400291068315
19,1227,904,15845322,15845322,1.7397924510204246,166.85379535815886
22,57,1431,43130350,43130350,4.661488699587446,352.6005318605521
12,1923,1522,28441624,28441624,2.875865622037381,252.84241770901244
4,1526,85,152585,152585,0.06090614496119794,1.5352521384630808
11,34,1927,37239285,37239285,3.323393456748895,384.72840670972766
16,499,646,6598900,6598900,0.6484723429021999,68.17052306543735
13,1055,231,889360,889360,0.13205619345570216,9.416829355640822
23,1027,1322,39850378,39850378,4.35613093134781,369.063054499396
22,110,229,1133789,1133789,0.2463628418810092,11.591689944474544
10,926,1591,24286625,24286625,1.9632198575072806,197.83170167928995
12,917,348,1658926,1658926,0.21355515918085968,14.894040157137985
8,1724,934,7733530,7733530,0.5218639747825459,82.4850908638795
23,737,1661,61975242,61975242,5.917999178387566,512.8287253653048
7,749,2009,25755390,25755390,2.4076090245537434,253.272003884444
3,1590,690,2058280,2058280,0.13054313985364743,17.603129284160374
7,1749,1667,19617266,19617266,1.9039984990857297,160.81810720244542
3,1423,1505,6691240,6691240,0.48170330909975717,61.72873707207421
20,1875,1917,73474786,73474786,5.729801072445423,662.5855020052188
24,651,869,17963978,17963978,1.5023283774896057,186.5087770569417
17,1493,470,4248810,4248810,0.4404530873621551,41.1960084851247
19,970,1014,19520524,19520524,2.46835277800843,174.5048860331263
4,1393,798,3033208,3033208,0.4714645570138266,28.634581554670678
23,500,1837,75219649,75219649,8.674564604752677,717.7388138846932
10,780,1659,26097739,26097739,2.803697736924859,274.691061894093
1,106,842,98524,98524,0.036635582156245405,1.0377588754289677
19,1199,1125,24162760,24162760,2.2928407700114106,232.21639605269203
7,1845,1927,25868058,25868058,1.9648549368154427,241.77971086679236
13,688,275,1103035,1103035,0.20375970686648523,9.900111085164607
11,1402,1986,42268048,42268048,4.124055491119643,364.2249735388516
2,251,839,924588,924588,0.11482230574072916,9.402714024608711
1,42,204,10822,10822,0.015889123311214462,0.10258201451752672
20,1122,862,15110870,15110870,1.4965001225750219,134.44685547134776
5,1981,1806,16651330,16651330,1.3962726435585946,175.58635810727355
16,477,835,10878390,10878390,0.7537564544211732,95.52351113310976
16,1412,366,2535658,2535658,0.2426312263349952,25.053725535173093
12,1897,1844,40942342,40942342,7.241898330936388,441.8525220008937
8,1069,389,1482100,1482100,0.18155330721287835,13.777153130484473
21,1354,59,151345,151345,0.11935583817891018,1.393262391974733
6,1628,363,1255627,1255627,0.11107643411160913,13.755268259322156
10,1652,84,203962,203962,0.0688552721615498,2.1417315492815248
2,39,1244,1610990,1610990,0.0775266646644182,16.46956402187454
7,1216,1898,23954668,23954668,2.1166041833958094,236.87786875534346
20,1659,1958,76148588,76148588,8.214641882803761,693.5807168864966
17,732,529,4878977,4878977,0.3945855362687593,51.67542908655089
6,590,1043,6071313,6071313,0.4889228281067666,57.64811625400995
6,1644,70,140710,140710,0.05912273858687143,1.4184596742612614
24,269,1246,36085416,36085416,3.248014360830012,356.29981005216683
14,474,119,243365,243365,0.12603637882371518,2.2203086959864273
24,329,924,19972270,19972270,2.2456751243546917,166.33187528827804
9,1696,1448,19256962,19256962,1.8880300356478723,186.53721450689198
9,1500,761,5788937,5788937,0.7166131745608869,63.38114103563602
16,774,1487,34357145,34357145,3.3836765336055326,312.6170394235503
1,1565,401,631986,631986,0.039849869275803584,5.33752924485469
4,709,1813,11171716,11171716,0.9940143703332528,109.19231926401436
3,71,2047,8552376,8552376,0.8929266555517872,90.86204544698755
16,75,470,3360980,3360980,0.4051543906356227,32.907450365824694
20,222,1555,46334345,46334345,4.097605831223267,450.3226058230517
8,337,1939,27006402,27006402,2.004406719835142,265.2293455011903
4,118,1319,5393401,5393401,0.43358378524894414,57.158865510969655
7,2033,1268,12246354,12246354,0.9269407485135104,103.01676542189622
3,525,1842,7776934,7776934,0.7340797875874142,82.05572657052026
15,652,275,1244935,1244935,0.21025535447648325,11.214052598736881
7,1918,844,5907166,5907166,0.43029389418293645,62.730215070287876
9,2032,628,4443110,4443110,0.3867707601967216,38.25980840408568
23,584,529,6482905,6482905,0.7038102406434422,67.09706988678599
16,1461,43,91686,91686,0.12908767530994275,0.7717016725122969
20,1680,688,10170026,10170026,0.840844764141382,83.78485351620454
23,1549,1887,81322162,81322162,7.647642199006228,748.9252220352005
11,609,337,1348010,1348010,0.21475921846944468,14.167319324717504
3,35,965,1908780,1908780,0.10544937667761865,15.572687910429291
7,1303,558,2604754,2604754,0.17444410773922153,27.230111562624803
9,1790,1427,18872085,18872085,1.3280836914904743,163.94009573680643
11,1041,719,5933198,5933198,0.46307642290884304,59.46291898103047
15,1305,2037,60800386,60800386,8.35920968243962,532.4116480673849
5,597,919,3940682,3940682,0.29445970359951984,40.81788223772498
3,913,661,1485938,1485938,0.13141878991738376,13.827095038220586
10,482,1263,14990557,14990557,1.1205154907930057,146.0436867469875
14,566,452,2922642,2922642,0.25810450858365547,27.892634226697275
19,792,1145,24538505,24538505,2.117545062055159,222.1373364432675
23,1777,1017,24595138,24595138,3.6033326787925666,244.56097750246803
12,427,870,8716540,8716540,0.7305148145312772,71.45783213173166
3,1893,1148,4823906,4823906,0.3529495410020378,49.11593024660829
8,734,1050,8507110,8507110,0.6961798841938522,77.53542036627569
22,40,251,1341103,1341103,0.2450679358108925,11.933375090207345
15,157,593,5031022,5031022,0.45088630267864255,47.993733707295
17,1745,1701,49308598,49308598,5.575067876571431,480.9076136861376
13,267,720,6429610,6429610,0.49734263359415176,54.04828940680248
20,1715,598,7837996,7837996,0.6510848562328587,65.43282657874933
20,548,1785,61570015,61570015,5.327775902932338,659.9937093219031
13,579,434,2521550,2521550,0.2554428018814243,20.81828648129287
6,732,1236,8563018,8563018,0.6530085961317024,77.19878845356666
5,451,1851,14567380,14567380,0.9615951085635738,155.7358026832767
20,1781,1984,78381898,78381898,6.430164613973234,686.348298924633
13,611,1512,28392346,28392346,2.4298896220767654,278.52895637151425
19,67,1571,44575564,44575564,3.0341296703214167,416.00854339071566
13,743,503,3421416,3421416,0.3128108097714428,28.71840444151293
5,1133,1798,14995330,14995330,1.1996211748445262,138.13747146995686
18,710,434,3522354,3522354,0.28066145389858255,29.89737138522071
17,1222,280,1604130,1604130,0.18008411833103571,15.68083973367697
12,176,1259,17685183,17685183,1.2364832491617737,162.1586172821334
20,563,1921,71253742,71253742,5.299580589264674,717.7443377382584
9,1822,352,1639274,1639274,0.10589990002747034,13.735451073171786
24,1637,661,11153724,11153724,0.8233824830221306,91.90023642293797
15,409,501,3731458,3731458,0.3256149655847291,31.15109786164013
18,1934,1484,40349970,40349970,3.572690999168332,376.59963047409366
7,467,1476,13785850,13785850,1.1873969952670809,126.56983994044118
13,991,1580,31558930,31558930,2.452978566078002,335.32807602637587
10,1943,313,1496150,1496150,0.3066914583316336,15.575883739073891
9,394,1124,10571230,10571230,1.287002895624344,85.857499120968
17,1795,667,8333508,8333508,0.9097884543434241,68.497977602044
20,1839,1983,78419728,78419728,5.423610389559545,836.9148648568535
3,1173,1346,5219798,5219798,0.38391936558749995,44.487805856951375
15,800,1399,28554999,28554999,2.5797141460789734,240.97282019756472
7,1712,1086,8954080,8954080,0.8143473208208718,79.99299935820744
17,552,1099,19961147,19961147,1.5457389926870377,183.37082620914325
8,116,1645,19162615,19162615,1.508628247911912,196.48597266631174
24,782,878,18446790,18446790,1.5084531352862343,166.16214531445132
24,118,1413,46135873,46135873,4.651225887322231,396.27690561124894
5,235,1665,11505160,11505160,0.9328323162275843,94.8446691142875
19,498,495,4671325,4671325,0.49488907452336955,41.22049597337182
24,1705,584,8859874,8859874,0.9613274451421939,75.37536460799313
10,669,844,6992550,6992550,0.619175817698678,76.147585543247
22,1599,1496,49438322,49438322,4.7358254735504515,533.0745530699561
20,1938,1977,78152797,78152797,6.598041078840457,664.0457355230326
9,314,1761,25395391,25395391,2.4142453705564986,231.72811238965414
9,305,1087,9804750,9804750,1.0447619959187215,81.96662769774247
3,903,1986,9707578,9707578,1.1209057494802541,78.90454708794579
11,1152,2010,42758740,42758740,5.68566881017576,384.9403009542899
17,993,1528,38915114,38915114,2.8785313507033337,320.1253990748272
9,394,1534,19458800,19458800,2.19144820462642,204.9894779986147
3,1765,1316,5803570,5803570,0.5622615857735068,55.62661265580852
18,78,461,3661733,3661733,0.5302867481351912,34.79772144613519
15,538,999,14534461,14534461,1.6896370520444042,149.66459884340694
19,1243,523,5588788,5588788,0.6467059407652173,52.38388107696822
16,642,345,2015845,2015845,0.28143640119079766,17.238520361970433
11,593,916,8952994,8952994,0.743906729564138,78.27846867348428
5,821,249,456178,456178,0.0950774404320763,4.64507692790714
10,677,170,378600,378600,0.10958391130061709,3.466490792687832
18,372,966,16250062,16250062,1.712861809258337,132.1934392199998
19,166,474,4136608,4136608,0.5222929081342648,40.23248353868679
10,34,1971,35070013,35070013,3.2246799740130716,294.28166006566005
14,751,1130,17475460,17475460,1.9077607125315132,172.60479878469184
9,1422,901,7792759,7792759,0.5818716768791586,83.17977495516242
24,233,1259,36793026,36793026,3.5832895342138666,305.5381812370531
4,1501,1381,7813708,7813708,0.8608916979408193,78.15298398910049
20,1331,1333,35575114,35575114,2.9829611100151303,305.9687948195923
20,315,1579,47916344,47916344,5.867115027902175,511.3788024359688
17,1631,102,335590,335590,0.1327603608393188,3.412016116871184
7,958,803,4651789,4651789,0.42540189559305625,41.55237060826895
6,542,1753,16343229,16343229,1.275631681862445,142.38985618431911
23,1417,1822,75674958,75674958,8.321457808049878,632.4881281791597
5,1565,952,5129386,5129386,0.7699387067307902,55.91717196337569
3,1745,1181,4865730,4865730,0.3614267971836187,51.88425446828707
15,1906,1082,18479488,18479488,2.034238241534345,162.7827103857468
5,716,803,3166239,3166239,0.23927371867349517,32.386989547168014
15,1221,1714,43264798,43264798,5.381265255952179,397.4841361206641
16,1724,1752,49108570,49108570,4.723057464897723,441.3262084174618
19,1564,2011,75997711,75997711,6.557401744271764,801.7083298146194
18,502,374,2576122,2576122,0.32506127777965504,21.44824713059405
20,1570,1070,23465110,23465110,2.420539281638175,244.66381321241838
5,1832,581,2423361,2423361,0.3232238014093568,20.529943544065993
22,61,452,4332430,4332430,0.43395156058892476,45.20791354569195
14,495,1693,38139914,38139914,3.628531268219146,378.7875264041015
7,292,1301,10557625,10557625,0.7568467283166193,102.39622800543896
22,1277,1502,49342212,49342212,4.586930775487809,477.1419489618452
7,1511,192,514570,514570,0.07627010334872068,4.402232341262666
17,748,735,9213235,9213235,0.7440110523390445,97.58604439760542
18,437,1934,64485372,64485372,5.619038067202785,543.9032327985177
11,1925,2030,45159390,45159390,11.31749766874977,435.26677075675303
1,205,911,196786,196786,0.03951928811074806,1.8527064355090086
5,1998,685,3255815,3255815,0.17131009482365916,30.241102193203623
22,377,277,1724612,1724612,0.23088229093020624,14.476086156313723
9,1900,805,6729005,6729005,0.4802533064095304,68.13967227030896
21,1388,1835,69948375,69948375,5.907787380101041,709.1535097661786
18,1277,1976,68956482,68956482,5.302560235637749,581.2722799908115
13,119,1782,38359342,38359342,3.4816020607279485,383.7692568875846
7,1716,631,3482499,3482499,0.2392281099179518,33.310807729717844
22,1956,218,1431398,1431398,0.18281706553772675,14.580520218040336
5,890,235,433585,433585,0.06766188869728762,4.431670135070731
12,157,986,10870660,10870660,0.8898787245349707,109.57219189687318
4,139,465,719830,719830,0.08451303020597377,6.564761124463809
15,1790,79,230769,230769,0.1100578316972298,2.092939976584687
12,1793,1433,25189284,25189284,2.0878540641018177,275.59127080195697
13,74,313,1205999,1205999,0.19161885079987995,11.00821671233421
2,1900,1936,7449738,7449738,0.4964048081112459,65.43220205564931
2,1648,1582,5128854,5128854,0.30122678268196,46.70357804162361
9,1685,1447,19216170,19216170,1.330964062688999,158.5007424490777
23,1109,1287,37909882,37909882,3.897300951040712,368.9759686777454
10,2045,448,2731466,2731466,0.28726376960853606,23.37745321950165
7,1933,726,4578166,4578166,0.29354062829861277,50.20507665963313
16,951,171,605692,605692,0.16607681771774677,5.157925870854552
17,1352,1842,56827552,56827552,5.164858024752666,582.0173783506519
22,666,1035,23218165,23218165,3.082812286388512,211.60562580550643
16,1539,220,1070310,1070310,0.16268830020633007,10.527292699692564
21,533,418,3730242,3730242,0.38580654789439844,40.76576631074797
12,782,1235,17770425,17770425,1.6121530323873041,145.72708042634397
1,684,788,547670,547670,0.05324414604710125,4.7053659422401575
5,1061,968,4789674,4789674,0.29138941779673855,50.76171917267052
15,708,658,6543820,6543820,0.5028625566464013,55.56060738370911
24,320,148,556194,556194,0.20551546620019,4.804088608869607
17,466,1545,38954095,38954095,4.546765996870184,322.9050581519401
8,960,1366,14397650,14397650,1.2496290775352612,128.6793114733237
9,1636,1100,11500510,11500510,0.8046182396463335,121.3296872861709
4,1307,575,1751460,1751460,0.1471097572985564,17.746159964338542
16,170,1944,57068074,57068074,4.69755402893001,466.6905783307376
17,442,1587,41041417,41041417,3.4988798121818556,348.57078762247335
16,1048,1207,23149063,23149063,1.9166494007185069,248.0067560822885
13,1743,1552,31645290,31645290,2.2240468095706083,336.58169483951366
14,415,1606,34235112,34235112,2.5572419529412582,316.08373622416264
16,1765,266,1537756,1537756,0.21230145270156559,13.09922933123726
5,1344,941,4820753,4820753,0.2998016143907657,52.009942453503534
15,1649,1371,28610038,28610038,2.787777477282831,312.11451706246476
7,1027,1376,12796810,12796810,1.0277659273056365,104.81322907757357
1,421,2044,883018,883018,0.0749007649660944,7.203838266252474
21,1457,77,233166,233166,0.19991733557451383,2.2262388792779686
5,106,53,17659,17659,0.03555977231963968,0.18149763852717488
7,2032,401,1786465,1786465,0.12296756644851715,15.011421710426493
22,490,310,2179930,2179930,0.273063678414052,17.8591031961102
9,235,1313,14125264,14125264,1.0068049674152608,135.92056289024256
23,1817,1034,25434342,25434342,2.888409941928994,269.7689857209296
16,1987,1085,19842490,19842490,1.8795788528796662,193.97146210782662
16,102,891,12022273,12022273,2.1174582368644903,99.14300070819172
5,1622,2040,19985890,19985890,4.276286157270485,193.63922535165744
14,635,1930,49695580,49695580,8.218633073746014,445.2523651926954
11,88,335,1158775,1158775,0.21359914060081783,11.890307266272949
20,2016,1384,39225338,39225338,4.065404650539909,339.45270138814607
3,1099,2022,10425442,10425442,1.1203364434558127,88.28051577354071
14,1124,1024,14807050,14807050,1.1603950132439944,148.61915817485382
14,1266,1716,40494178,40494178,3.037648396043183,333.6252959047188
4,1219,258,517816,517816,0.05910150625510926,4.266975395488058
20,1991,1046,22902180,22902180,2.5786778305813987,199.09549291410735
14,1611,777,9118882,9118882,0.7537145196407914,82.74059543384264
17,1188,2000,66430010,66430010,5.9987416671718226,667.0768346440424
19,46,445,3597835,3597835,0.44114630562098023,34.81592904501808
15,109,806,9202918,9202918,0.7063334815718251,97.71949064987128
1,993,253,254022,254022,0.03199324903515617,2.7607440280437983
21,685,1066,23490386,23490386,2.2864938967167836,238.2275753356309
12,799,1719,33915880,33915880,2.970753960264342,323.23326297287355
9,765,675,4174210,4174210,0.2840745002032758,42.996958021425186
21,639,1560,49717210,49717210,3.781445662456682,543.6007659527106
22,1407,63,174016,174016,0.11812757442169963,1.545719143345772
9,1659,1780,28334050,28334050,2.533733413056761,259.2341449468635
15,1390,812,10379806,10379806,1.277203353456556,87.02094227678937
1,650,163,107753,107753,0.02146078594978023,1.1436364162620307
17,271,225,877060,877060,0.6127270212260142,9.285375894494077
9,1916,303,1320787,1320787,0.12441541685805388,11.260358210414855
15,915,76,152314,152314,0.1137154079241723,1.5288682375447942
17,633,1030,17654210,17654210,2.2143421291494576,189.56400297569263
9,1937,1484,20520762,20520762,1.7095456317172841,171.6583588147709
24,103,96,225130,225130,0.16041119123828923,1.8429215489194548
11,1594,1542,26267980,26267980,3.4547625275370324,284.0939661532127
20,1207,692,9954430,9954430,1.0709059778578798,102.78414140143056
13,295,1573,30192172,30192172,2.569719238842621,326.9220524362841
7,1221,623,3100058,3100058,0.23598905053762192,30.12354011288493
20,380,2033,79362231,79362231,10.704689087842816,708.6504553262122
21,1264,500,5647510,5647510,0.6570908052858702,51.48846519274522
23,980,195,1034095,1034095,0.25764545346633666,9.113770524147181
17,1659,1192,24743546,24743546,2.0009889419864475,220.71054051527
3,617,1477,5293578,5293578,0.30376892039648523,49.68090182574509
1,54,50,3260,3260,0.016361924398209063,0.03060445429608985
19,881,359,2646558,2646558,0.31955583436379226,27.02620911711136
4,1622,1278,6990670,6990670,0.46616779719204215,59.96333909376333
22,761,1923,79181458,79181458,7.61534907036241,837.6194596946027
8,112,249,466387,466387,0.16028833160105194,4.073476541430318
7,176,143,150303,150303,0.07452844683876943,1.6381625933915658
20,688,1335,34820815,34820815,2.9794710937009143,374.06274607800674
4,689,963,3459106,3459106,0.2782355858626862,35.33667217939675
15,854,1291,24468333,24468333,1.9627681886176458,247.26776445924256
10,1138,873,7870105,7870105,0.6329719020164074,71.84526171456338
23,925,656,10095850,10095850,1.168444485497004,103.06709077179525
16,288,1255,24019455,24019455,2.0460388000218894,208.65250068788694
18,1783,1378,34776596,34776596,4.378269230323249,345.92465853543456
7,306,1960,23682690,23682690,1.891025603348344,254.19621614587797
10,1211,761,6148890,6148890,0.9235528230867658,58.79410461411805
7,57,1707,17609422,17609422,1.444870150105716,160.86823572362525
4,113,1973,11928768,11928768,0.9356447233325961,105.74267464306241
14,152,1434,26985022,26985022,2.172600728307621,250.24601077426033
20,496,308,1964434,1964434,0.2472690888915412,18.85843752048791
12,818,879,9237421,9237421,0.6268241824241808,88.33080197710689
7,457,1610,16315750,16315750,1.3761346908787493,148.3233891812425
4,152,1701,8962579,8962579,0.7898739575166158,77.3840473805714
21,423,519,5622856,5622856,0.4753491515244558,50.78688414263004
20,830,731,10781529,10781529,0.8306013277155747,102.88129238870397
4,996,1252,5967042,5967042,0.4549336240317766,53.94175472608587
19,379,1251,28680436,28680436,2.0231802154039933,240.61553655603285
2,384,1191,1890127,1890127,0.10001157847177428,17.80967356351503
10,372,1361,17204411,17204411,1.7629436203914455,145.67532201415457
9,1105,784,5798474,5798474,0.5014659521729596,58.857403578237225
20,1737,1580,50223470,50223470,4.365341600230668,495.8669545282107
3,254,634,973200,973200,0.10635678955107775,9.413814384177346
23,172,2009,89205637,89205637,10.629812407414631,952.6645824052318
18,2015,1274,30195084,30195084,2.160240229417686,299.19541978789806
12,741,342,1547560,1547560,0.1887264078272173,15.612452539272617
1,99,517,56880,56880,0.027040150064887785,0.6185299622422789
10,392,1329,16443727,16443727,1.2735182330300205,149.56765137745805
17,133,1121,20285626,20285626,1.813405645471358,200.44446961557196
3,779,1461,5426164,5426164,0.3702442891061994,59.240745866137004
20,511,1914,70640008,70640008,5.446703970601886,601.2558298890748
8,1467,204,594262,594262,0.0848491529291502,5.725082699967712
13,1404,212,841862,841862,0.11849120922149431,7.116582447013272
16,596,1455,32660395,32660395,2.613407797352034,338.98620949195634
11,1617,1054,12835622,12835622,1.1076173942114205,104.91123721254944
11,1458,1982,42214628,42214628,3.6865910884136732,454.800073632523
10,1491,314,1361828,1361828,0.131145219565119,13.548258625029302
24,1791,831,17399488,17399488,1.710835502204524,171.49745892692528
8,229,338,883204,883204,0.13252144605897584,7.817765561839159
2,400,570,559750,559750,0.046144456849118776,5.420159140529708
12,187,1300,18861710,18861710,1.6852609066394648,158.52706942919954
20,1414,1494,44566030,44566030,3.445292573616916,381.752284822543
23,1071,389,3758528,3758528,0.42534208572747784,32.350422962190514
19,1003,990,18663490,18663490,1.850322940293475,173.9429759674334
24,1949,1989,94934980,94934980,9.986935547265539,1039.1308216318487
14,2039,745,8752270,8752270,0.6584539047834342,94.7596891457878
11,1124,1064,12539250,12539250,0.9537363613853044,126.11697943505422
8,103,1983,27765976,27765976,2.598740081477691,302.20128045308917
20,600,729,10556659,10556659,0.8440675080866182,110.65741231979327
24,1646,188,1128762,1128762,0.2643484608624836,10.950061102251068
16,166,1667,42003409,42003409,3.4182791606360357,354.0912695435922
2,1937,1591,5632150,5632150,0.3446178046465574,47.11131903569697
18,46,933,14867365,14867365,1.209791322469069,132.96003177096537
4,1407,1540,9303150,9303150,0.6025248488969676,91.82792585504767
3,1477,185,344110,344110,0.05794057263055537,2.8954765767882207
4,570,452,876890,876890,0.08060563029964445,7.250687635339688
16,1530,482,4234862,4234862,0.412104048631801,41.9228108720766
13,1580,888,10886002,10886002,0.9699695787790834,99.01412704323842
21,1309,1083,24909010,24909010,2.1507459198508223,207.9212478223227
10,213,131,184982,184982,0.1260106522901882,1.8173821546978373
3,402,395,475985,475985,0.061995425080661117,5.133533605603643
14,644,1747,40843123,40843123,3.561145638237372,362.36358383997475
24,1540,59,172939,172939,0.13453023453425095,1.456886259895935
19,540,502,4821720,4821720,0.45709243238468494,39.82944487544842
8,112,957,6535363,6535363,0.5390810794940833,54.416702709969286
21,515,1191,29019916,29019916,2.4943362729935075,314.6698406509477
24,1267,527,7073404,7073404,0.7448504961953002,59.8301706152016
5,1497,295,794150,794150,0.10005819857347799,6.687359215589401
12,1845,361,2107528,2107528,0.19166829070922897,19.824101512718013
11,638,638,4490892,4490892,0.2825413846121229,40.0585274369355
21,2031,254,1814078,1814078,0.2604960601734988,17.97556914828914
13,1881,1288,22359690,22359690,2.1225451694409014,229.24028565257984
11,37,689,4787182,4787182,0.3666134610792137,42.22154629944677
16,1104,1639,42146895,42146895,3.4285775473066,427.0436255788337
10,1864,377,1989439,1989439,0.21609225196146514,21.153689997391037
5,1195,2027,18887596,18887596,1.81433605016061,187.49592514608065
14,1340,956,13185162,13185162,1.2788536248753017,141.5363506488668
7,206,535,1836665,1836665,0.15561146442432938,15.102710043085166
22,1072,1070,25224190,25224190,2.6234736644823395,241.02623346031805
6,485,1499,11986014,11986014,0.836053683552622,109.90658498649282
19,1674,86,279596,279596,0.12431749204635088,2.3126297483305893
22,1904,1819,73005575,73005575,7.568476513925799,711.5050132786109
15,1722,1099,18829177,18829177,1.5225940306631058,166.02402313679366
24,418,1521,53896645,53896645,5.77236191490329,525.838586173923
9,1794,52,115918,115918,0.09016757671731136,1.0822244840357484
17,481,497,4204630,4204630,0.48904755117121823,43.542025243143634
1,333,1881,647074,647074,0.04906780647920961,5.517888093914157
15,38,119,205761,205761,0.08555715278241663,2.010188798760273
23,618,37,54215,54215,0.15196268403281796,0.5222243356075774
10,134,1657,24966029,24966029,2.227538645800025,205.01963037108726
10,1507,686,5282896,5282896,0.404397288521929,56.77665217388423
6,1108,508,1861322,1861322,0.10852144490562195,16.207029356979767
23,1007,1483,49926688,49926688,4.049595408017316,516.4758137390813
3,1318,919,2912321,2912321,0.11499101304271514,30.67528372482152
7,1548,1426,14432556,14432556,1.0810762639753952,140.54296597606506
15,456,852,10572478,10572478,0.9804966569503903,115.11107876532886
18,749,1659,48077830,48077830,4.727817369671116,475.90915502685846
19,118,805,11782795,11782795,1.1105121142400913,127.31886462593948
10,1305,1206,14687884,14687884,1.0283914285795135,135.07549181290233
24,714,1253,37047461,37047461,3.68676234520026,390.79864769808336
13,177,90,115210,115210,0.09901869047990138,0.992040549696001
24,279,193,917146,917146,0.21626000541125678,9.271910626853352
4,529,1603,8579266,8579266,0.5966070148748442,88.90056433030585
17,256,862,12132660,12132660,0.8745494177096093,108.27866428813805
10,144,1116,11392138,11392138,0.8864767235532096,120.70599403781793
12,263,377,1670874,1670874,0.21663024257875682,17.94647100301623
22,677,1209,31552492,31552492,2.4939885121679124,263.7442971034116
10,1544,1184,14468490,14468490,1.1264346192602328,139.12697986793873
9,1832,1189,13510617,13510617,1.1006784176255326,127.88652967974325
7,1027,1758,20378746,20378746,1.641885188058312,200.57182125096904
13,591,1506,28141126,28141126,2.4962059826174676,264.7761301649029
23,792,1779,71094187,71094187,7.02231162487946,618.1579913268096
13,1991,504,4063258,4063258,0.3583244347273208,35.85113665491192
12,1636,547,4198235,4198235,0.3454752169855173,40.321470497984734
7,1937,1825,23549810,23549810,2.065769295703061,239.57753556181592
10,1972,1475,22518835,22518835,1.502393156135594,206.00355738297495
23,751,736,12494346,12494346,1.0941052613014257,135.7163196376004
24,182,1428,47209690,47209690,4.577191060464074,487.372895840939
12,1092,1526,27315410,27315410,3.7552719965570502,282.4815183327818
20,221,1532,44977998,44977998,4.403065975738516,381.44106967896664
3,550,1363,4482917,4482917,0.3047252189782274,43.599572611245044
5,208,971,3987907,3987907,0.27552911938556657,37.67291377079809
11,1086,705,5750695,5750695,0.6169735204019869,46.78562886275466
12,1783,1213,18374534,18374534,1.579721267426781,179.4149356521649
17,178,1017,16757119,16757119,2.605285339933248,163.46856726883087
19,929,1978,72319646,72319646,10.08438512816919,729.8941546412652
6,1305,1382,11375252,11375252,0.9929814013227791,115.57147856057881
13,186,484,2912238,2912238,0.30341656339819806,28.79584887785073
21,477,1228,30783514,30783514,2.9261123677175562,270.67092324742873
4,433,1596,8355070,8355070,0.6326108032507987,88.94963312265553
1,899,1238,1126590,1126590,0.0917740489328248,12.051396223956086
7,1014,623,2971097,2971097,0.201252635021087,30.179063355691515
15,1415,1911,53878744,53878744,5.682721915442457,516.8828575933044
13,1518,540,4331350,4331350,0.3924807184901168,46.9709259626561
4,1305,1641,10243132,10243132,0.7328965366960518,96.39018651589252
5,1933,1654,14164866,14164866,0.9478009310272383,127.24395553085276
16,1657,42,97156,97156,0.11105805813044875,0.8004227200838943
16,105,926,12983456,12983456,0.9534566805374507,118.68206807315646
5,997,560,1821130,1821130,0.11639402643012729,18.144455327253166
9,1990,893,8173639,8173639,0.5693298285745972,74.25948901222726
12,722,1104,14228362,14228362,1.3849260522280604,126.84900188796085
8,1734,1189,11979185,11979185,0.7459699267309117,105.45591800806994
15,1116,687,7391443,7391443,0.6210300199766139,65.74609898630831
6,900,501,1713931,1713931,0.15906309045931347,13.99536984694436
16,355,1823,50544508,50544508,3.365341715713688,416.2866853684054
4,730,1916,12438682,12438682,0.8106094413863771,116.0479923209156
6,1156,937,5488019,5488019,0.36689014088945965,56.54300769712509
15,462,719,7587617,7587617,0.665589887338592,80.78242842551771
1,1221,1472,1813514,1813514,0.08010523549929084,19.774622761746866
3,1321,1973,10417450,10417450,0.7236194312576806,89.90857057516347
9,753,1653,23135398,23135398,1.9413886287350106,188.88069645706932
13,1340,1209,19188049,19188049,1.6384766385242957,167.62611672291717
19,411,388,2880522,2880522,0.2557380813477122,27.815632182386366
1,1799,1138,2059790,2059790,0.08721455781514365,21.156994967711885
8,291,1112,8999426,8999426,0.6219836692091928,82.37683262190646
12,385,491,2851738,2851738,0.20629810136123658,27.080164560093472
13,1568,1898,46248576,46248576,3.9989355450089317,505.76455859968564
17,1576,272,1619770,1619770,0.18011620874950313,16.46603904851498
6,1088,1775,17712735,17712735,1.425495171773848,154.04022461567578
19,1950,1806,62283532,62283532,5.0675078123198425,516.3749120724771
24,1758,508,6845818,6845818,0.6316134612989484,68.60914920599096
12,1255,1860,40430830,40430830,3.5859785512719315,330.8691329672985
21,1125,768,12684298,12684298,0.950522021441149,128.24450365003082
15,216,964,13242478,13242478,1.4446697890365434,122.03812613145405
7,1138,692,3672454,3672454,0.3665685898854975,39.9206830418161
15,703,1781,45704032,45704032,3.800115421437657,386.9519370318575
7,55,1431,12389608,12389608,0.9778771783021657,114.10529907120853
19,1673,908,16385778,16385778,1.6027643626743393,152.50549123407083
2,1363,1584,4687066,4687066,0.2680326925911212,49.48389735774537
21,318,1563,49404877,49404877,3.891072354618609,482.82726649253715
7,1431,1437,14470600,14470600,1.0903831431982745,139.08973317841216
5,533,789,2922466,2922466,0.22003123829139615,24.33159573331728
9,376,1210,12190760,12190760,1.0232575668242896,104.32630700910529
5,1460,693,2943181,2943181,0.21124959020366316,25.25632728835821
16,2043,909,14274946,14274946,1.1751988615579587,151.9719757326039
20,1785,616,8327714,8327714,0.8527251201258512,74.6072461036442
14,887,812,9311214,9311214,0.8145409991329681,84.29895177999177
15,1031,53,95304,95304,0.1093947812231961,0.9391586874386819
10,1689,143,428438,428438,0.09483944067410545,3.520329718024593
17,755,1147,21946708,21946708,1.9947531515700658,213.4042108189077
19,1886,396,3581038,3581038,0.47935327098033087,34.176730965279766
16,1327,992,16103146,16103146,1.5504315021506694,145.21518790621377
15,789,181,605998,605998,0.15201690854837063,4.978320863352487
20,868,883,15607035,15607035,1.648965361868692,166.08006718918364
15,1547,1037,16685340,16685340,2.396879708123465,147.09593361489803
20,1392,1829,66160427,66160427,6.1260049953597395,712.3107730564898
11,1909,1101,14246950,14246950,0.9386843183912802,149.98259149736194
24,1053,810,15970780,15970780,1.700257829960543,133.15011748825043
9,1394,475,2476185,2476185,0.21891696793892002,23.891361924918822
16,1240,1757,48530107,48530107,4.126823025419076,462.01666698982064
1,1420,492,704062,704062,0.045790946686102126,6.1646666976766085
6,930,1720,16419130,16419130,1.3258539481338982,161.63056227580807
3,1376,245,460365,460365,0.057740849333124004,3.908229652857386
2,1527,1084,2843342,2843342,0.1591397963366039,26.624206492545905
13,1345,1136,17040010,17040010,1.4713228929424398,178.33124293988868
9,1253,1463,18983898,18983898,1.4831606721434647,176.36754433154172
10,1516,287,1182163,1182163,0.10948653216902149,12.9279729986386
2,1104,937,1923671,1923671,0.08015968887682583,16.671599543770714
8,2029,376,1759314,1759314,0.12147249776503163,16.734620572062706
14,518,200,628410,628410,0.1288234117163943,5.9323945287253705
5,459,777,2783224,2783224,0.15345966509455408,28.68007419712856
17,1443,1153,22965464,22965464,2.0485499168693444,221.18970386494485
18,731,894,14265568,14265568,1.0648136266222585,121.5564250096014
9,815,1457,18197940,18197940,1.5380903106295762,167.3036522285627
23,1047,1715,66559160,66559160,6.0282630756736575,600.0646996911828
11,1709,1140,14968210,14968210,1.219668461747626,156.6146913294658
3,1178,924,2808046,2808046,0.19725349227367533,23.32945060610255
12,883,1643,31180864,31180864,2.3902172092284037,277.8113327295383
14,1009,1004,14141350,14141350,1.4768160281023668,115.63944666546796
2,1660,1968,7163530,7163530,0.38890847825900315,60.15638454523231
22,169,1469,45612460,45612460,3.979450433256905,422.03884275503634
13,1671,736,7747146,7747146,0.6819433735920185,70.63450822482541
4,1036,1377,7134247,7134247,0.4003994278164513,63.74697566806007
4,688,1027,3885151,3885151,0.23237498454660527,36.37554080359955
4,325,1451,6808102,6808102,0.39736208778067317,72.32523708425143
18,625,1862,60155644,60155644,4.450503062708084,559.7072520049715
18,1121,2040,73091170,73091170,9.562352657282263,784.1861819267593
7,308,572,2149014,2149014,0.19330304423087058,18.0436005406441
10,1206,1701,28126045,28126045,3.1153227670543124,271.598041206337
12,1173,543,3892234,3892234,0.29111931293557575,42.533829622379876
20,1184,1345,36004315,36004315,3.7112635299329337,326.1798309627513
20,836,975,18906235,18906235,1.993923644416582,160.4559808852983
23,485,1119,28127194,28127194,2.419232950516713,277.22616136074544
22,893,389,3537576,3537576,0.4794007400005978,34.56378097269243
13,743,424,2482106,2482106,0.26663323135935246,25.353894951542372
20,117,1522,44236940,44236940,3.686069029389513,471.70507041175114
19,1792,1400,37829410,37829410,3.4008890386680237,327.8621959486685
24,486,114,358198,358198,0.17886184691529586,3.7627544857695954
16,546,538,4649406,4649406,0.44593140423503297,41.760779142828476
19,1866,1764,59353318,59353318,5.457166252012458,633.5809991751136
11,499,1781,32645740,32645740,3.4823201517581706,336.7835191852779
24,538,465,5239165,5239165,0.5547183805787771,51.20420402257743
17,331,555,5127100,5127100,0.5311897310735367,49.2186752042552
7,1530,951,6897613,6897613,0.4635060218802111,68.81508332570002
4,98,1698,8839798,8839798,0.6786492518385344,84.79958706973575
18,1517,1409,35926692,35926692,3.624729311682039,371.74819708017804
18,656,563,5773575,5773575,0.5739993433614435,52.128797040172465
24,1546,949,22213253,22213253,1.8401836171327641,184.5782000827071
3,506,965,2363295,2363295,0.14278370697876472,21.33575978118421
11,57,1259,15949022,15949022,1.1088306800264323,144.12456726138143
9,574,449,1879075,1879075,0.16836227678463797,15.434489169895016
11,1911,1849,37760288,37760288,2.7695316417810703,352.94798505205523
20,1326,233,1347449,1347449,0.21869997430563712,12.059586127145517
18,621,1453,36833560,36833560,2.6959481022366742,390.9042425755025
10,1221,373,1715064,1715064,0.15433406663355456,15.026056064306012
1,196,1210,250480,250480,0.02664173668694619,2.588541312491159
9,907,789,5710792,5710792,0.4686931979585328,50.651909331869135
24,604,1998,93090826,93090826,9.532577220301022,881.2932049590881
3,338,1785,6998995,6998995,0.4007387050644637,68.13025537628035
6,1114,1852,19242290,19242290,1.5844821953424013,190.7427696852003
24,144,62,99458,99458,0.132782353987664,0.8115860878571663
11,2012,696,6259138,6259138,0.4616025184663498,63.98515887043507
1,1246,884,1111198,1111198,0.0624523711705718,9.632108018563125
24,1449,342,3197368,3197368,0.3278758223175721,28.145205189779915
15,1550,1719,44076889,44076889,4.533979403630594,426.3558382892252
14,1674,1888,49544906,49544906,3.7952287678020418,448.44327892077695
24,360,1251,36487927,36487927,2.8533368116232003,324.47958902507895
15,2011,255,1429540,1429540,0.17257166424451456,11.628312277260818
7,2043,1313,13048604,13048604,1.1028734180455118,124.56480480719915
7,750,1381,12502203,12502203,0.8227231817677126,136.78487393536997
22,1901,2001,87951964,87951964,8.522164772191877,827.2256235093938
6,1274,1621,15229305,15229305,0.981926248006378,123.56901605191642
4,1781,120,258610,258610,0.05530458121750694,2.425409839994108
24,644,96,277066,277066,0.12411751587208658,2.25737096540974
15,37,2006,56460886,56460886,6.5032331395831084,471.999804507674
22,508,1780,67497610,67497610,6.161017577539146,662.1330852974747
9,755,427,1789140,1789140,0.16842511807255275,16.52704832880874
13,1534,1217,19667947,19667947,1.8252914527743969,206.08217548514472
15,1765,332,2137426,2137426,0.20374640162806124,21.401267959939542
18,380,747,9790939,9790939,1.49004359693797,106.3882810411895
21,233,2018,81979242,81979242,10.982036592835268,815.5865455225187
4,116,416,573258,573258,0.09834681559166573,4.92997082127389
19,240,1332,32294350,32294350,3.9594733705810485,322.60248698416257
15,1484,1294,25394760,25394760,6.418683487315301,229.35561447849852
7,1170,1074,8195704,8195704,1.1182776959636562,84.43925775527403
19,1934,1164,26673070,26673070,2.16990730433958,216.59474059490063
11,1526,632,4971954,4971954,0.44545086169592535,51.43817444855801
9,791,1237,13243332,13243332,1.0167689696706446,117.18205473731093
12,875,1669,32138274,32138274,2.5368085512181655,260.79093699576975
5,801,1076,5509130,5509130,0.42588145724754706,59.863082827333784
21,1469,737,11968890,11968890,0.9047957318286227,130.02934119528712
9,1739,1683,25618636,25618636,2.0328126085773657,237.6221051410512
23,769,522,6413302,6413302,0.8066968886253055,70.01957077811794
8,287,1729,21453442,21453442,1.9854230825177202,197.43002575560092
8,1608,108,257266,257266,0.07477799944167951,2.267801217290867
17,541,50,68410,68410,0.0857139441638993,0.5748728709713716
8,1069,1708,22277454,22277454,2.094596099380043,213.41386159212635
3,645,604,1127074,1127074,0.08568454598634556,10.306545167313722
11,1651,1484,24503818,24503818,2.2585014422266507,213.46601336315558
5,798,305,620075,620075,0.06925588882169832,5.3477940069519025
12,1129,693,6080392,6080392,0.519523433036801,51.19670698652382
16,343,1990,60135820,60135820,6.7778863278920065,573.3430496669245
6,1062,121,203653,203653,0.07071330790496351,2.129146580831281
24,155,218,1134264,1134264,0.21960639749632582,10.10690634618385
21,1925,713,11562018,11562018,0.9045136800737922,118.52047115962137
24,667,1473,50936350,50936350,3.8560869721392055,500.3573855892618
21,1780,163,826583,826583,0.18841192467771034,9.045479160717333
9,1231,130,297710,297710,0.08856016159910834,2.978912907913046
20,1914,1942,75431174,75431174,8.515150681799575,760.5918541982219
10,1597,2030,40370620,40370620,8.777634103661864,379.14659134653976
4,628,1084,4221106,4221106,0.36691529453246796,42.31982227808172
10,357,862,7012380,7012380,1.3113847231974898,66.9062153535628
23,954,1934,84196700,84196700,8.298644845927996,874.5551637775654
21,977,1063,23670894,23670894,2.3158991296905356,216.7933343834787
7,1804,2023,28239067,28239067,3.0244789255913753,249.8309801882272
21,1894,1705,61422635,61422635,6.834403415785322,585.9970898150922
5,1109,2002,18282274,18282274,1.6941742877134622,156.89344776700145
23,195,1033,23711492,23711492,4.279925977215282,243.62247994595282
18,1576,970,17551190,17551190,2.8726913754080257,167.51740879606524
8,1522,923,7384933,7384933,1.2085783878868135,78.1113203203441
19,572,1512,42059314,42059314,4.215601363161394,428.7019754614115
18,1985,145,649320,649320,0.24580066694555006,5.467582090066764
9,554,997,8523363,8523363,0.7406124787728448,71.34371173846885
22,1702,1789,70313077,70313077,8.609793714646948,700.6304601033241
17,1637,1720,50196490,50196490,4.603291139030663,501.68889009930837
16,1984,1628,43028050,43028050,4.170795738619768,432.94178992303773
21,290,1226,30455076,30455076,3.2639086194540154,296.20135459341856
19,1114,1879,65699245,65699245,5.065586223569633,697.2373924489505
3,1852,677,2179273,2179273,0.18953804212678355,18.805509448329186
6,404,229,358395,358395,0.06896962271371629,2.91384365069616
16,1229,235,1123310,1123310,0.17657322736176112,11.191220129247167
6,1213,415,1371170,1371170,0.1801452600076739,14.840056867186092
11,43,1571,24780964,24780964,2.4187187372848955,203.258032375105
22,514,220,1136530,1136530,0.24882551576330572,11.672719552814684
7,1771,1945,26175820,26175820,1.9484025656646158,265.28933588839055
19,1057,945,17100730,17100730,1.3566131440926619,155.15564003982414
17,1684,164,710950,710950,0.11829378871544582,5.890566707047786
14,1337,1625,36539760,36539760,2.9907088244352336,305.34383513381084
22,1691,1325,39151110,39151110,4.01515131501518,371.3212999089772
12,408,1462,24140554,24140554,2.1908269904496533,238.20133673012887
22,205,1897,76020388,76020388,6.452238638916942,800.1979952688694
17,1424,626,7178352,7178352,0.6876168324339009,73.88160732954331
12,207,1035,12020500,12020500,1.479356524598031,119.84847912795469
17,247,795,10330240,10330240,0.7021670510792358,96.19524286469014
13,1044,48,78874,78874,0.0798131214714528,0.7044623495756049
21,2041,449,4962358,4962358,0.48401861629174436,45.39053964402246
6,1927,614,3077992,3077992,0.2136780558394772,25.324038490016854
1,921,1172,1092314,1092314,0.07100888534624133,11.187436145070198
4,1158,1715,10833665,10833665,0.8844636797726643,91.06949732111028
18,1377,1955,67721210,67721210,6.432272842917823,609.1610118758156
2,1459,1298,3594172,3594172,0.29854254588366946,36.50318846228881
11,1442,1199,16130157,16130157,1.411460957729722,132.96393794996442
1,1575,1532,2429762,2429762,0.14798536409096325,22.97795003272067
7,652,947,6014407,6014407,0.40803701158065414,54.06077272115144
23,776,934,19947448,19947448,2.005862642120037,177.21432559111005
22,1618,898,18416194,18416194,3.1879113412185283,183.5138319091883
17,948,328,2041154,2041154,0.33749921331815447,16.831288532716425
17,422,1414,32625232,32625232,2.9713111663114726,342.0131440881064
7,1874,1459,15531065,15531065,3.2887051854088796,129.70723862727914
4,739,1434,7248880,7248880,0.4764512002477595,79.3009420173978
23,1800,52,154814,154814,0.1310990226969854,1.6476821179464627
3,501,646,1166686,1166686,0.0712903937727311,11.744303974728648
8,92,259,498067,498067,0.07999992518274805,5.149714077782564
1,1573,557,882298,882298,0.048436620295910865,7.44929057164329
13,566,375,1908385,1908385,0.21165584057052284,16.403911440531356
2,1695,1782,6217408,6217408,0.4562059831001077,57.45471324964998
24,714,2021,95453861,95453861,12.366887233706057,859.2905076466627
16,382,1999,60755617,60755617,9.955239540488348,496.25753391819933
11,1321,1120,14047050,14047050,1.1108533268867693,141.6830888173876
16,317,195,637270,637270,0.1767153966879327,5.3013348054973335
9,89,2019,32828950,32828950,2.972808557810492,314.7634130107227
22,1862,1998,87616306,87616306,8.722158467687512,809.1503345106627
8,1709,368,1583514,1583514,0.15246130647515885,15.598951250738791
15,546,1823,47567549,47567549,3.560975984632207,518.4103361332888
16,314,605,5696085,5696085,0.5419448399454665,57.941997694249714
15,1804,163,670103,670103,0.15357182126641372,6.7859869915335
9,370,1215,12282445,12282445,0.8253549358805848,130.94164619318974
1,1249,943,1188190,1188190,0.06650461635724597,11.696564641358167
9,1873,1034,10509586,10509586,0.9594030882054799,100.07401751568958
13,1460,409,2613929,2613929,0.24206862919116365,22.02166115129441
21,1575,1555,50857840,50857840,4.167635051736839,467.15121799224636
22,1246,316,2500834,2500834,0.3189667027362913,20.93465305724512
17,737,337,2074582,2074582,0.26281589772758235,20.02458652332625
10,501,200,464210,464210,0.10703562081297409,4.877926528445389
3,820,90,91180,91180,0.03454740404746872,0.9341143089488239
19,81,649,7653018,7653018,0.5917233897408161,68.58809631092491
21,1534,268,1855910,1855910,0.23616914608263218,15.480518160219194
19,1290,1652,51302870,51302870,5.755200962181675,542.0762347010805
6,1170,210,469570,469570,0.07634193844871369,5.043164863751941
6,719,46,44400,44400,0.04679833121558548,0.4485351503603448
17,651,73,134768,134768,0.09778618823164904,1.3862193163385252
20,374,1843,65280913,65280913,4.767340677149061,663.0297052610247
18,346,906,14293066,14293066,1.119247758205141,128.13366829046043
21,1224,290,2045960,2045960,0.4395221212940787,20.672189268610484
8,866,606,3106366,3106366,0.26849933859865494,31.482956137321963
24,79,1754,70958080,70958080,6.332673004762524,673.0961583118369
14,1337,913,12079000,12079000,0.9968330498325197,100.58156964448011
5,779,1580,11240130,11240130,0.8233776647479774,91.99203519817893
13,1977,1847,44630918,44630918,4.495668492196123,385.0333684948169
8,893,607,3132130,3132130,0.2382123048427529,32.44288230519784
1,1570,1506,2380996,2380996,0.1446450002882895,21.991088673783324
7,770,1506,14793448,14793448,1.3143354277910295,155.98264164643615
23,1261,1009,23703438,23703438,2.8442005857472967,258.8100796976466
3,1210,46,60500,60500,0.04229973740798078,0.5004321349112489
19,1375,1751,57646432,57646432,5.0944328779033015,615.7980838472345
21,1051,1479,45349108,45349108,3.561466782454919,438.27944604161246
23,1146,1301,38771111,38771111,3.2385880289156184,417.6571034459979
6,218,1626,13599874,13599874,1.269542447349727,136.1170748028706
2,683,1426,3024556,3024556,0.21315892075852846,27.10163443201542
1,2047,1589,3270172,3270172,0.16165652742823353,29.262023081819308
5,136,1655,11206015,11206015,0.6525033575996935,100.51965892168134
24,1839,1745,73303970,73303970,6.089790470304559,655.9875285421442
4,751,982,3644212,3644212,0.26317067649825976,31.42550132488655
11,732,984,10423522,10423522,0.8770246190021451,98.551954271285
10,429,704,4776650,4776650,0.37470142419845726,42.40851967552265
10,372,1878,32478142,32478142,2.569845947040122,308.60304394275994
6,1611,1223,9468476,9468476,0.7260514624845306,96.82252959970415
18,788,442,3681870,3681870,0.3369708385896038,33.63743286107677
1,582,1178,698564,698564,0.04357501389683484,5.912801459355888
8,235,72,54514,54514,0.053662417658076084,0.567743663966153
2,775,155,146020,146020,0.03834721734808683,1.4906432609112645
4,298,1112,4056586,4056586,0.22984890469290453,39.646004252971956
11,2004,1931,41197895,41197895,4.191169820072921,451.2734777028184
4,638,208,265418,265418,0.05534593110025959,2.282004080116045
10,78,553,2806485,2806485,0.1796753878788016,26.386729270253234
1,1907,1176,2255578,2255578,0.09907220323535931,19.877762920591735
7,609,973,6289482,6289482,0.5244288994471942,54.966364025737455
20,252,1699,55324547,55324547,5.962154744496286,490.44143625741924
15,1258,813,10296655,10296655,1.0977543779996313,111.35282113106477
17,809,539,5098950,5098950,0.4657167727796495,52.89504264767573
19,1410,905,16044755,16044755,1.4930855451921698,132.82783481438628
3,1357,1461,6270622,6270622,0.7132381308328136,50.85663771796971
7,549,1473,13852102,13852102,1.2005356777793779,145.3899984440163
3,640,1257,3980929,3980929,0.3837600226231893,35.243053878697474
11,1600,1995,43034155,43034155,4.716000773422411,455.8069174797472
18,185,735,9340390,9340390,0.8813579534285853,95.76992761392869
5,1893,116,275162,275162,0.05584064687274201,2.9404486780676704
16,804,1976,60208730,60208730,5.76057074761339,550.7578268171549
14,723,1144,17868146,17868146,1.7251489104846944,165.2956104343397
5,1012,575,1913035,1913035,0.1948061881204521,16.766858911800206
24,388,1678,65468858,65468858,6.153210359685624,616.3478432294925
13,1653,1944,48607786,48607786,4.9710602310773675,488.4830712786141
21,406,413,3591871,3591871,0.380911756435661,35.21703380020312
21,317,1819,66808242,66808242,5.208078556126034,593.0050483654784
11,1185,359,1721774,1721774,0.17097034429908947,16.522378013516224
6,545,559,1876014,1876014,0.1399477402823755,17.067730901558562
14,517,450,2875960,2875960,0.23792355865594006,29.466845218135127
8,1474,350,1379710,1379710,0.0970092191916867,14.46865208784222
7,1691,1758,21546058,21546058,1.593691344572477,212.3403079345012
15,99,674,6443450,6443450,0.5485550023380851,65.78906999333356
22,1717,1018,23543296,23543296,3.1285433082669254,220.3307103304222
11,1072,1690,30408180,30408180,2.8069707806331925,329.4641551698562
17,554,1784,51959010,51959010,4.766598897239353,439.833475873684
18,953,494,4633236,4633236,0.49725659609687023,48.97212153330821
16,664,857,11608075,11608075,1.060168635374875,101.50628852105295
10,124,1107,11188459,11188459,0.8241398945352755,113.28032377794617
12,1331,1126,15470124,15470124,1.5231490560862273,166.83499219125625
12,2045,48,124570,124570,0.08814882630550591,1.3051715091988705
21,776,1002,20888704,20888704,2.082524696808309,172.25241072306386
3,1628,561,1550053,1550053,0.12391566982192431,15.335648053441776
12,84,930,9612490,9612490,0.7620937153338918,78.15107609663804
13,823,451,2822368,2822368,0.2376600282258178,29.757198105181583
19,1543,748,11246938,11246938,1.109863411157246,112.213102746717
23,2032,1632,61965418,61965418,6.525952124379279,646.8007749729427
10,1855,769,6764134,6764134,0.5737011090060379,56.80762613074068
22,573,902,17631404,17631404,1.3204667953185556,181.3308177604078
24,1797,1057,27632104,27632104,4.638947509048526,292.312070454832
7,844,1792,20810506,20810506,2.2337946305507828,201.2888060841273
10,1589,754,6329840,6329840,0.5618311227428875,67.94024938977618
13,1609,987,13300822,13300822,1.018355544048544,141.67214583644727
1,539,1232,677610,677610,0.057953695800187825,6.993818289134235
1,203,969,207376,207376,0.034632046540368853,1.9505275377805136
11,1857,1060,13226690,13226690,1.213180779939196,143.2127427249752
7,1196,1951,25204979,25204979,2.2529853860676914,245.53736887931865
19,1962,1539,45697537,45697537,6.269780153748766,378.13019611054494
12,584,672,5374666,5374666,0.49947153989405424,45.13914331703766
22,1770,1012,23330658,23330658,2.5709384587499824,255.48361411768622
22,1057,1893,77313916,77313916,6.14515899138016,694.763231520964
4,467,349,533282,533282,0.08684491441052974,4.542809060806028
17,1831,2028,69572578,69572578,8.85057208961851,618.2315809708305
2,70,1323,1858825,1858825,0.1345072520266816,17.292054042989257
13,1221,1770,39796690,39796690,3.862999926244564,385.75702191046275
21,447,580,7005250,7005250,0.7539026502977071,65.95284342064629
10,1791,888,8705074,8705074,0.685314276511964,89.54061744197283
10,1370,1800,31662010,31662010,2.9921507852829126,329.89616516331307
20,972,204,995122,995122,0.2028724507540491,10.640696644346164
7,1973,657,3897334,3897334,0.31309979405796046,35.66288022022018
19,410,530,5288880,5288880,0.5046492459986277,43.54129790934602
6,1283,205,476430,476430,0.07876373827968745,4.728454721116424
21,172,1815,66252955,66252955,5.523062149766341,697.8341715419328
19,1367,32,63114,63114,0.09403648165927414,0.6267699693520281
19,648,1327,32595111,32595111,3.001950844700934,357.04208328077004
1,263,717,196468,196468,0.04194372806416205,1.639891112148941
15,1994,1041,17273323,17273323,2.107548687882325,179.25857328349903
6,1147,998,6140704,6140704,0.4273791336768212,57.99191663788418
22,1755,972,21577438,21577438,1.9559171199792722,220.74982505662652
6,1678,1676,16884034,16884034,1.274166566780378,153.8428606902702
16,1649,426,3435700,3435700,0.2987991741398964,29.740349061410004
17,411,976,15668714,15668714,1.5620799500994462,161.42735264553178
3,210,1839,7173949,7173949,0.5954498141700116,64.30461751879913
9,842,809,5932407,5932407,0.39034627234877173,54.36551755720122
1,2022,1009,2051307,2051307,0.06987105946184113,22.016360748682402
13,1123,1083,15315796,15315796,1.4515348209197252,156.5175987173937
17,574,255,1193665,1193665,0.20490106576327596,10.727504330207708
19,444,526,5228976,5228976,0.47711863329207055,48.192550222280154
23,671,1995,88965040,88965040,8.244750767159658,800.5373677101227
15,1340,1852,50546646,50546646,4.050192705232574,432.7954843076165
5,1184,1506,10877848,10877848,0.8860393489329155,92.08576106837516
7,94,441,1215847,1215847,0.13881709374616003,11.025838568772365
13,83,1829,40336776,40336776,2.982341058856072,353.9449015931134
22,1505,790,14320340,14320340,1.1444219669963556,151.99745416229672
1,443,669,303736,303736,0.032457448494688776,2.742603927445652
6,1277,755,3826350,3826350,0.2293589782199487,31.395505124099447
19,1519,1487,42102928,42102928,3.551929263479538,446.8538149487148
21,578,46,70344,70344,0.10322274753295786,0.5980101678522537
16,888,1703,45059687,45059687,4.1315662144332945,380.0563477137266
23,710,811,15072445,15072445,1.2909273892073305,150.33685296216947
5,595,1425,8991760,8991760,0.7326962347216965,91.46474430029212
13,1321,923,11463670,11463670,0.8722881125899044,114.20990063046045
24,180,850,16799410,16799410,4.020900512999364,156.57068411109856
18,1512,1750,54757510,54757510,5.576894216196151,481.1902596195601
21,1425,1652,56987402,56987402,10.948838937085208,467.5275657889349
15,2037,1024,16791562,16791562,3.2559791009521444,150.07340316527305
1,221,967,224354,224354,0.03470329340363427,1.849061318021223
21,1761,720,11658250,11658250,1.1139153174272467,107.15269488006453
12,192,112,161962,161962,0.08778559793910058,1.6987780609409688
3,692,114,106372,106372,0.03784983826472106,0.9478443588034914
4,790,1601,8976817,8976817,0.5806441611155324,90.13692565150673
13,1442,160,541610,541610,0.0992877484767683,5.865911515172077
4,857,349,669392,669392,0.07680239919801166,5.548343094664738
2,1878,286,622346,622346,0.040963270308119,5.903051198189343
13,1786,1431,27161821,27161821,2.541137000774422,244.5540511451534
18,1273,1358,33117556,33117556,3.5633120528529725,335.71622233283153
23,538,1446,46825828,46825828,3.86402436702023,475.6045516110931
18,1955,426,3929860,3929860,0.3498423315959718,38.215576811054795
7,1144,610,2940820,2940820,0.18504419008431497,28.768484689325508
6,575,356,844086,844086,0.08746525084894764,7.830448391227395
17,561,1002,16653250,16653250,1.8550071530449246,163.39773103650072
6,1144,543,2104135,2104135,0.1660467939624123,18.963305691531936
9,539,1885,29477640,29477640,2.6842424001918057,295.73655877756966
13,740,1010,13011840,13011840,1.3278303868838037,138.88273086368693
19,887,1037,20306544,20306544,3.1414813373646675,199.15676402236844
20,1424,1737,59851819,59851819,4.529766121042367,552.038022841816
3,485,1663,6359322,6359322,0.9990859098231438,57.8058895094224
10,478,523,2722225,2722225,0.2255496404490887,23.291316538857277
2,289,1752,3596866,3596866,0.228046262584786,29.996639979045973
14,956,411,2598763,2598763,0.24315513376477893,27.530915193760343
2,1715,149,279534,279534,0.034355828343407425,2.9018087883618238
3,1717,1646,8266222,8266222,0.521192263122878,67.85564008098783
6,1632,1795,19068295,19068295,1.6491650309711705,182.21230115744976
18,1640,1932,66677194,66677194,7.513026471981463,606.5984643712492
22,151,84,163558,163558,0.14178875105505867,1.582793537497236
7,324,1479,13628995,13628995,1.0061322961320485,137.96301499153708
23,1849,1145,30997450,30997450,3.128156665895285,306.63462083861106
7,659,1568,15811722,15811722,1.2628220104370862,135.84058239029613
4,700,666,1806202,1806202,0.1380852581378365,17.885510112156908
20,179,1914,70004560,70004560,5.066467836031057,627.1692095732348
4,2031,405,1320310,1320310,0.0828109175562009,12.897460624548879
10,594,926,8285858,8285858,0.6845966489756447,71.3042258216429
14,365,1572,32736910,32736910,2.449767390321175,336.7826599078513
11,1649,1588,27869410,27869410,2.0362766409212782,294.0657443022709
15,1284,446,3368648,3368648,0.24069428898415157,35.957077617256175
5,1871,1323,9496504,9496504,0.6509246509142904,88.82638245964854
19,1535,280,1849130,1849130,0.1962028996977636,16.564702762686217
11,1154,1207,15986725,15986725,1.0863591602399487,148.65942780061783
22,256,1645,57300295,57300295,5.071587899582332,624.7583734794423
6,1479,1439,12504920,12504920,0.9407726743336664,107.74165141137671
3,1939,868,3201194,3201194,0.15815622758947434,33.94811548958164
5,1225,1798,15160746,15160746,1.1020426781563986,142.21727816653276
5,407,988,4321522,4321522,0.2680635803922654,39.64944219730291
17,1975,1834,57488574,57488574,5.830372652538755,514.1279045697654
3,1394,1742,8520132,8520132,0.6150235138924053,82.56118723741888
5,1849,1401,10462678,10462678,0.6558303113285826,97.38639979356485
23,908,243,1527751,1527751,0.2538160856472195,15.660364673693119
1,1970,1271,2517861,2517861,0.08872589448022851,25.21215608395051
19,1015,915,16025320,16025320,1.229535887918764,158.97627249265344
13,1256,1902,45843916,45843916,4.066610442246244,427.9797941920966
2,1998,1413,4836709,4836709,0.2560522049113783,52.823449729780286
18,1393,468,4388446,4388446,0.3944350481669069,38.028924151804894
14,1055,1614,35606464,35606464,3.3962583893694704,359.5390173805
19,1221,1921,68825598,68825598,5.2844772459819405,650.9847899056712
7,1065,668,3400130,3400130,0.18390579176644314,32.806420948820886
15,326,377,2122143,2122143,0.24176657756040515,21.50818563692294
22,1057,1662,59817052,59817052,5.03009301160915,646.4216129904706
8,775,953,7113202,7113202,0.5044430865132145,58.31201025327751
8,1457,1676,22134942,22134942,1.9092581440840144,225.25143824980353
9,855,1982,33158870,33158870,3.0082438200146293,310.143595611544
7,33,1007,6134654,6134654,0.44130916306848156,54.64269350727303
14,404,1894,47444710,47444710,3.6479013158662874,390.22237001477544
11,1022,1061,12363843,12363843,1.0828974151354334,113.68530590537986
9,1705,34,67874,67874,0.07171668777012664,0.5701849398750437
7,442,359,938077,938077,0.11481906094987916,8.657704290588844
21,954,178,809020,809020,0.17041803336427983,7.301225751032857
5,56,223,214759,214759,0.054550018020922936,2.2416042162158796
14,1727,1754,43065972,43065972,3.822375994478168,421.6511428330768
23,1741,775,14588610,14588610,1.4968058590613509,127.38602764173217
22,1103,1909,78696626,78696626,5.674975765620582,778.3177473124166
14,254,1462,28193218,28193218,2.2953261763851334,304.49272290846835
3,123,671,991748,991748,0.09295249722762856,10.180336094741214
20,420,738,10680346,10680346,0.9927369372759371,106.61014454280613
9,868,1189,12364421,12364421,1.079564728154102,133.21236464387732
3,862,1233,4119463,4119463,0.3332404485635877,39.671244413071285
6,632,889,4527687,4527687,0.331300014921527,43.395055459741556
4,947,1895,12594180,12594180,0.9045803720179436,136.7288382974367
14,805,1020,14370790,14370790,1.592921132592818,133.21886154324812
9,1179,1308,15253906,15253906,1.6896395069098877,164.8648010447763
14,1183,1745,41691550,41691550,2.9833447374488,380.34269737362683
1,1476,155,230495,230495,0.02627047703319993,2.4108143912428384
9,1874,1070,11184720,11184720,0.7739172560702433,121.41108557521211
20,1336,1878,69576154,69576154,4.842050497916589,649.7667086883968
18,1964,422,3868062,3868062,0.29796327851090126,34.02840529872564
2,1725,1526,4979348,4979348,0.31661152346958965,51.576018461068934
16,752,1219,23237807,23237807,1.8874632019196682,248.41217197766994
23,1758,264,2006146,2006146,0.3073393154997481,17.4385073282408
10,1414,1526,23146378,23146378,2.481909407193607,223.9095720512549
17,1518,1624,44707106,44707106,3.723050310847751,487.08913214086215
24,496,316,2464178,2464178,0.35371091696909973,25.141574963164437
11,630,80,116090,116090,0.06721569700488196,1.2248017125554551
4,1059,1659,10036960,10036960,0.6569586842707384,104.31610967376744
9,1762,1301,15857899,15857899,1.0110897125105112,155.9543798035897
24,1002,290,2234750,2234750,0.3144662396982883,22.017841521741964
16,591,2039,63620888,63620888,7.854428990261325,579.9648143020512
7,1392,1813,22276341,22276341,1.6400294127934858,217.27655653276443
14,923,106,246460,246460,0.09489090618588424,2.395616096768271
4,931,546,1410328,1410328,0.11578665654763766,14.660859566946847
17,232,640,6719370,6719370,0.4899587089421286,54.9892872879913
2,544,961,1457847,1457847,0.07843493148818059,13.67770767917389
10,608,234,639766,639766,0.09549047464827268,5.550678135923786
1,1189,1566,1879210,1879210,0.1170750417783272,17.000417588156733
20,1947,528,6340762,6340762,0.5171523896659922,67.53808887893663
6,535,2011,21328676,21328676,1.9866916928560459,186.70883295084596
3,612,1288,4122898,4122898,0.25234616423853334,43.23706845496036
22,1066,114,398098,398098,0.14539090577693312,3.6487008735533157
7,946,80,115450,115450,0.058175234993031184,1.1234456522749616
23,630,400,3785210,3785210,0.45971677214222567,35.78890480934358
21,383,1405,40062180,40062180,3.1522299406248027,436.618181978995
12,1566,824,8777258,8777258,0.7405774170990962,71.94308857759938
22,713,1555,51937010,51937010,4.074306455142924,461.27579502942825
16,1605,253,1372788,1372788,0.17207997706035863,14.56105314488369
9,376,1171,11432483,11432483,0.9551243482309514,111.02205086906878
5,541,744,2627818,2627818,0.1346728589036332,25.957651317197936
1,1263,1463,1863872,1863872,0.07882000697305208,17.563671343905288
14,1542,46,99554,99554,0.08691777897481866,0.882212328033756
11,1830,1460,24018470,24018470,1.8246148476941084,226.57662089218113
19,432,1939,68568867,68568867,5.900134235936553,695.9026302674359
14,1064,1616,35707146,35707146,2.989487220375405,377.09922450219017
10,976,1007,10129423,10129423,0.9460890783595416,100.60455610447895
11,1830,1916,40257086,40257086,3.1300607859400724,390.6766175123661
21,1362,1193,30126839,30126839,2.7858868757763573,289.9161000252557
9,857,1430,17611890,17611890,1.1251379548226135,159.62883853146192
3,1393,1909,9972626,9972626,0.5900903630090252,104.33893510630783
21,898,1674,57600676,57600676,4.633071813164293,490.7719820600099
19,404,1232,27854298,27854298,2.4484858640861025,235.1687278439083
23,1150,1476,49674790,49674790,4.089193749092658,490.6061328632251
23,1834,1055,26456245,26456245,3.097093010326862,251.47220667044442
19,1105,1739,56406214,56406214,3.949355247902003,547.9178273408262
1,692,1447,1017251,1017251,0.060557088727482986,8.834445045655107
14,1111,1319,24113968,24113968,1.9446519255120789,242.3003719767322
8,270,1186,10187750,10187750,0.8434965118632873,109.28866076089439
7,671,1026,7021954,7021954,0.7035769168573056,69.91469228124488
18,1373,1303,30688266,30688266,2.3897664388117477,307.5300186094859
18,1125,2025,72045460,72045460,6.745111613353391,621.8618892380164
15,1447,1068,17540842,17540842,1.6654868936993046,176.74369942035622
21,1467,958,19790374,19790374,1.5992324973095695,162.91197288593958
18,851,1580,43827630,43827630,3.135220249957562,406.0434278090278
10,1612,250,970510,970510,0.1351640815022045,8.98538765595884
4,1600,383,1058239,1058239,0.07646586058324027,10.144525141905516
16,2046,1690,46343190,46343190,4.384368183338268,446.71354647131756
1,40,459,23419,23419,0.01615994877008024,0.2392675264227511
23,2047,1023,25151488,25151488,4.402644131824653,237.43869333526004
9,873,488,2340458,2340458,0.21437035774588067,23.095731071146524
3,203,1826,7062978,7062978,0.4935163839904025,71.35569887268949
19,1787,826,13780994,13780994,1.3196300727463963,140.62310925281756
14,1787,220,1027630,1027630,0.17004358452136856,9.743359009735435
1,340,650,228160,228160,0.026428474280752987,2.468621112833602
11,1370,1292,18489822,18489822,1.632845523520555,202.690802217102
19,1996,1925,70599385,70599385,6.502450956110267,643.9753729548339
24,531,945,21073510,21073510,1.6528510131191456,205.17247419939446
13,560,238,818492,818492,0.15319393432764358,7.857855460207113
8,1159,1727,22910392,22910392,2.060104941719842,229.80463043068846
19,555,268,1449354,1449354,0.20710314018743167,12.385990416262036
21,1861,821,15034162,15034162,1.347586530787051,137.16222506046228
2,1226,722,1415130,1415130,0.07202657599921006,14.60797594346906
4,1633,1759,12179326,12179326,0.9281773064593262,119.7149263990556
20,329,1322,33680604,33680604,3.181340486009105,312.4435643573552
14,1959,1934,52459760,52459760,8.156626810444713,425.73854614747347
20,356,1158,25925314,25925314,2.2757295672772164,259.0793927768241
15,976,1958,55632664,55632664,9.218441477674213,472.99388309756375
20,1290,332,2532506,2532506,0.32694376992087015,21.187874404131282
2,1277,604,1143382,1143382,0.07723086686861716,11.86301452430001
19,1046,1157,25339467,25339467,2.3559283400892483,240.6335692459869
3,784,1097,3281137,3281137,0.26998981167325653,31.200174368519722
13,1812,466,3460992,3460992,0.3146375543351239,32.05054196457287
24,40,2029,94837499,94837499,11.147786520627017,815.3619272691625
10,1678,1068,12079090,12079090,0.9656731555115654,131.47022060784144
6,707,134,186672,186672,0.06809045966344761,1.5493772101701055
23,535,763,13241112,13241112,1.2562241434728845,126.60886493702155
1,59,1157,81000,81000,0.04472513257679884,0.7288965201542524
15,1698,1575,37442485,37442485,2.4421705797666355,308.4424691985365
16,441,1989,60270688,60270688,5.784992210474498,642.5675469935596
3,136,560,710650,710650,0.059789384052702926,7.141396602140039
7,163,1136,7947466,7947466,0.5814843376885144,77.22098032393988
24,1775,506,6804192,6804192,0.5720087775713352,62.456398044869424
4,1736,615,2210935,2210935,0.1829884079889125,20.530940514691682
5,1931,1623,13694884,13694884,0.9644431990859521,147.64330922013752
9,526,1288,13973522,13973522,1.0840680172746502,144.93641642434494
8,216,163,224135,224135,0.09697582361167693,1.9289255734036508
10,58,774,5452066,5452066,0.46626576452622387,47.33052063862091
16,1328,416,3159114,3159114,0.2646917468615744,27.479910267995827
8,1752,194,606842,606842,0.10170389532970997,5.652963175199083
6,1291,142,286424,286424,0.05847908176906066,2.6711113135030518
6,1050,1065,6806425,6806425,0.4958255312547199,56.424938576574796
20,143,1633,50949610,50949610,4.28680141591454,418.91110127655816
5,1361,378,1091674,1091674,0.08870823668468725,9.684056558880316
17,104,1555,38892115,38892115,3.3235177823090587,358.5105393884859
4,1842,854,3772982,3772982,0.20242576763251124,36.659175325503746
4,842,1380,6894490,6894490,0.5221337294727526,60.4942202734457
17,257,1858,55762306,55762306,4.450423925817491,561.8020227944285
22,1148,95,301635,301635,0.12655666800865284,3.20257387096487
11,1629,490,3209510,3209510,0.19727953064748893,30.128803934200274
10,1339,1247,15689764,15689764,1.279855776119914,130.84453969037068
14,834,251,1034381,1034381,0.14461222265039989,10.889912236277091
8,1776,956,8112626,8112626,0.5232407064489614,65.99390797437468
7,1029,1140,8990050,8990050,0.6533651199805813,79.39376925702513
3,876,1516,5944246,5944246,0.3881962450359711,52.0466487974299
6,1071,2004,22258438,22258438,1.8184846828248908,232.28170120867122
16,702,395,2627945,2627945,0.3019368297270423,23.662649631226294
17,1609,241,1323582,1323582,0.19310173489880117,14.013268827313082
2,1169,955,2039890,2039890,0.10756907737709366,19.35166827463998
8,1731,1770,25026040,25026040,1.7760825865302423,257.94179311875837
24,1180,742,13563770,13563770,1.31663608405742,124.77655136196384
11,1917,418,2557334,2557334,0.23960099124299944,27.34298806529215
18,248,1997,68347335,68347335,5.318056890261215,644.7838421247458
1,290,1472,443082,443082,0.055258554358923545,4.3913708346347295
9,1761,75,178510,178510,0.06227524691651103,1.8985225735709998
3,877,1710,7370110,7370110,0.5226874137607428,80.69156702742042
7,634,642,2890936,2890936,0.18326685379745303,28.529122857737157
2,272,398,271446,271446,0.0359097332387651,2.667516249312611
12,1143,1787,37208924,37208924,2.937533288897595,370.5007944496141
23,814,207,1118017,1118017,0.2059428876848161,11.815624928025482
9,1233,1759,26954926,26954926,2.316878255368769,249.09090534338162
5,295,958,3968046,3968046,0.26399322005276377,37.83100523775516
5,564,1664,12039050,12039050,1.031987057347961,122.8748591266643
10,1596,1119,13077763,13077763,1.0372009100157695,121.27173610212915
4,533,817,2449376,2449376,0.14234645472435717,21.694801702303728
2,1529,1612,5082646,5082646,0.23233874619618977,55.628683356117726
8,768,1280,12474890,12474890,0.8236929023170328,116.66473119404047
10,107,1929,33734362,33734362,2.9712992845566983,333.7285624054486
7,2037,1016,8280410,8280410,0.6964481960197295,78.52494195268255
9,85,850,5868410,5868410,0.8684518457245795,53.5845527328086
23,1877,781,14910862,14910862,2.4310017692854355,161.6580464025145
9,526,1858,28629932,28629932,2.3694743496878816,273.2049622994987
17,525,257,1198658,1198658,0.18047542609382833,12.400062335907641
2,1880,1707,6143503,6143503,0.4059624759658793,50.72621426561835
8,1616,1262,13210626,13210626,0.8957700251557058,134.86109198880862
16,1376,1702,45838274,45838274,4.553135698954093,386.01045524734127
3,154,1413,4229119,4229119,0.26446183190702405,43.69105003902109
17,1212,1087,20251907,20251907,1.94658517273539,222.0529432751603
10,305,1068,10612726,10612726,2.1014007680052402,112.94703604138626
17,1697,180,828730,828730,0.16200538597026087,7.612511938709021
15,1520,157,587661,587661,0.15627058102958316,5.449897328576998
22,915,998,21861200,21861200,2.2603916464024936,182.0577192174025
21,717,1754,62842322,62842322,5.473236636650025,544.2642251644066
7,1014,709,3747075,3747075,0.30387119332807383,32.71141936420098
17,1023,566,5720006,5720006,0.536142666913852,61.14797445776998
4,876,1141,4921143,4921143,0.3018284926277578,40.82238986889972
2,446,694,799498,799498,0.05989804026002975,7.00577585550594
4,546,777,2246317,2246317,0.1184639541126514,20.484153265067317
24,661,744,13248418,13248418,1.3051990753438865,117.12032490711454
10,1084,109,227275,227275,0.08371691453053694,1.9181403857811496
9,1877,514,3088122,3088122,0.26218479687013835,29.675700675027066
23,183,1694,63497906,63497906,6.434787426435823,594.8853077933076
22,135,701,10436498,10436498,0.969790733471981,106.43366213268956
17,1343,381,2844556,2844556,0.29310130841789006,26.33228502586344
21,275,1505,45761040,45761040,4.479745389032031,417.6710349890939
12,1207,801,8042050,8042050,0.5653911663542847,74.90285340907863
12,1719,640,5619850,5619850,0.453320309318934,61.41811934655835
20,1634,123,492133,492133,0.1506672434335795,4.182473928826998
16,1602,1932,59134666,59134666,5.584756588582368,553.4921960592135
22,474,1091,25547957,25547957,1.974400231570899,258.20324771650246
23,583,755,13005640,13005640,1.186314266645759,115.16303396528859
11,1241,1205,16040970,16040970,3.0277378449792516,149.81096689482789
20,300,578,6538346,6538346,0.5674504170195126,70.38237017415658
12,1580,465,3123415,3123415,0.3204897795026685,33.23796499215654
9,689,1828,28026906,28026906,2.523734057860755,306.1995023840038
17,217,1973,62765086,62765086,6.5996964237013565,574.0847045704397
24,1561,425,4832260,4832260,0.4474038131170941,52.63917674440497
1,703,210,149950,149950,0.022698407108773803,1.4458612817357068
10,634,960,8922250,8922250,0.6452046775678962,80.27954027929567
6,1806,913,5831341,5831341,0.3906613235491929,56.5671361955238
5,808,240,427930,427930,0.06506651261472293,3.8639042739598235
18,284,2027,70480827,70480827,9.822888658707143,723.1904152388287
4,1424,248,541146,541146,0.08287195695540817,4.852606096892086
4,1392,1888,13348170,13348170,1.039104228418177,125.83599919145257
16,1512,1939,59378007,59378007,4.564786190573854,635.4188454880338
12,651,1027,12293200,12293200,1.5326204193947985,123.0356644704847
19,492,2019,74426407,74426407,7.8674791153954775,718.057888727123
14,1426,388,2519682,2519682,0.2226871333890385,25.389778209814846
22,110,1282,34696058,34696058,2.7975033496439425,358.56398575108005
22,1961,810,15392440,15392440,2.8957079433486337,134.41630411436904
18,1156,1632,47210506,47210506,4.277761193626002,465.47358341842806
3,874,375,613885,613885,0.09576459870174246,5.95823629223078
3,96,245,146765,146765,0.03771902663774919,1.4056705717472626
14,2039,774,9384760,9384760,0.688927355660719,96.81704324211302
14,205,694,6420204,6420204,0.5900079286846133,64.95551205585738
17,1303,872,13325914,13325914,1.159194082919218,134.72420055384492
14,1222,1939,51292377,51292377,3.940439669068144,437.1060530051934
2,972,478,698846,698846,0.058498567063432295,5.763046522662443
22,1600,456,5110858,5110858,0.4807455097565304,45.467136490548775
1,890,1290,1162300,1162300,0.06660785905457738,11.989241365738412
16,1137,1756,48295278,48295278,3.4899415344900007,418.0517852524963
6,924,551,2035955,2035955,0.13845987030836035,18.633809883329796
11,1610,1471,24037621,24037621,1.923281959482627,203.3246712269891
22,1109,1650,59055160,59055160,6.772705902770879,568.2129231500365
10,173,769,5470676,5470676,0.44903569923170283,44.84058210429877
17,833,36,51706,51706,0.11135977311258752,0.5214378490589425
1,1503,160,242250,242250,0.028078854676891113,2.197778265459036
19,737,1133,23974290,23974290,2.403367688706704,203.6686006182084
6,1074,241,553105,553105,0.09352764409685253,5.439993448195292
8,1553,983,8308326,8308326,0.6048115813872394,89.53788452961277
8,273,419,1350866,1350866,0.15460400019153758,11.236716126183389
11,777,1142,13952966,13952966,1.053034059846761,133.54782812957487
13,227,1426,24758222,24758222,1.7552274911300392,208.0338958374175
20,1671,1979,77778668,77778668,7.282151245716707,681.4419828994959
23,273,811,14718038,14718038,1.5043712972410213,144.53297830470115
1,148,1975,314035,314035,0.04932624507145778,3.180304517774227
10,1843,1918,36681760,36681760,2.6693919599138747,379.9249473615746
22,104,484,4985210,4985210,0.4157211700284609,47.877988217014206
1,1939,1796,3502210,3502210,0.2376500342293778,37.346344936607935
24,472,260,1686370,1686370,0.20655945015297347,17.16138828168661
18,121,1239,26281678,26281678,2.266107952546457,246.20828610541864
8,1266,392,1578986,1578986,0.10247832915047385,16.090800230735745
17,1168,1394,32757616,32757616,2.6810500612437274,280.4554362097955
9,1109,64,104970,104970,0.0791953267369479,0.9596126024913954
10,999,1655,26337680,26337680,2.119299279365706,224.18519145028267
15,152,1169,19338777,19338777,1.6455359990893779,192.8508415153846
8,1878,1400,16374410,16374410,1.2189125892158519,173.02003714586272
11,632,1795,33392395,33392395,3.4547382326410268,361.23833638387515
23,507,69,142012,142012,0.12065196311196699,1.2686569408876904
17,52,120,239890,239890,0.08641055713247262,2.276561749280377
20,1100,164,696354,696354,0.15768199272962405,6.751670847016673
24,468,883,18376123,18376123,1.4317458811980721,185.7264069989892
14,705,785,8583200,8583200,0.7843042587764084,88.6532504870662
5,484,1187,6228199,6228199,0.5519069945527656,56.23093615889682
20,792,1102,23979530,23979530,1.9089506449069167,240.35075172645224
7,1286,1034,7762248,7762248,0.8021020678450965,79.00538034571444
23,642,1129,28804187,28804187,2.351888174478875,242.526047205834
12,1121,238,895128,895128,0.12845453972582505,9.248827216846855
23,1302,165,819235,819235,0.22268189510026068,6.684009461013636
13,1756,576,5006026,5006026,0.32280373787636796,48.827383826012074
1,1620,99,161479,161479,0.023181787518734523,1.4988137479504928
24,1938,1455,51560845,51560845,4.0194208611046855,526.1172096631575
8,224,1061,8136819,8136819,0.5950240192632467,77.11676661008842
7,1984,883,6445027,6445027,0.48739587564408043,62.22951349205633
20,1326,1685,56230145,56230145,5.023132424260628,565.9552221470897
13,1381,1618,33686770,33686770,5.927947529503372,281.4063478885979
21,275,265,1485600,1485600,0.2978949039871516,14.070915590768157
16,654,1070,17901110,17901110,1.8311260618445873,151.27597541372745
23,508,1352,40945330,40945330,3.431695279669364,356.7313795061208
5,1047,114,173062,173062,0.0657035266186304,1.8388245318862078
22,588,444,4415146,4415146,0.4103266916215836,37.01787147207543
2,1278,217,327029,327029,0.0428864351516708,2.6854087535781055
14,969,82,168848,168848,0.10334918196394847,1.593714169988849
3,1804,59,114175,114175,0.02978663809638924,0.9478293606840437
23,1222,1331,40644757,40644757,2.6392869422890404,398.68741438469925
18,1656,1546,43235446,43235446,3.8798081144608583,419.9767268655003
17,1045,357,2421898,2421898,0.2343212346176016,20.586125775727687
1,1897,1527,2913526,2913526,0.14864735453782443,24.925956846522517
10,1265,509,2985804,2985804,0.19973319786555396,31.809371095691883
6,1321,1990,22461140,22461140,2.5920380112935786,233.11496852695615
11,1521,1408,21995786,21995786,1.9011081614999485,191.01403183428386
22,171,335,2424740,2424740,0.3336400222825771,24.7606553878447
24,1314,1337,42916373,42916373,3.9659089486825763,412.74482046421804
15,269,263,1045698,1045698,0.1947650683893407,10.330271847527156
9,1206,254,827288,827288,0.1213207202106199,7.115705385357872
4,1909,812,3539518,3539518,0.2094857759329946,31.78697935435648
15,350,1509,32445019,32445019,3.2066534733824263,354.00712189265664
4,1562,2020,15424730,15424730,1.4580471542837588,140.19873053499134
14,454,1213,19707621,19707621,1.5225490457408375,191.95271396564718
12,738,1886,40560326,40560326,3.3652492142203427,431.5044418542285
9,981,1121,11174138,11174138,0.969269321032335,109.55005592695424
15,271,1047,15656848,15656848,1.5955848983687289,152.02591190869353
2,1086,1277,3032885,3032885,0.18201986696253133,27.171048067476292
4,1395,1235,6315800,6315800,0.4975020509406772,59.878756143066965
24,184,354,2959450,2959450,0.3411029577545596,32.26327663437471
18,1649,391,3254694,3254694,0.36602880675181226,29.969998504471057
18,886,1467,37926361,37926361,3.4388435491018345,396.08572871006004
15,1312,232,1063730,1063730,0.12770423112694604,9.872189775893203
11,1616,1477,24233149,24233149,1.8199620308963973,246.38322596000435
19,1372,1076,22347454,22347454,2.0470489637905462,234.32186089593156
15,521,1630,38086590,38086590,3.4223543416078805,392.876132952284
24,1540,1910,86912650,86912650,7.334743808491299,768.9999971089109
11,1264,250,946260,946260,0.1507899866048001,8.154552877003212
22,1957,1027,24192022,24192022,3.8137773169898406,236.07149734685385
19,1462,1753,57927895,57927895,3.6918839144115156,552.9156514559666
21,972,247,1467931,1467931,0.2473722447127719,14.219273006593054
15,1250,667,7078881,7078881,0.6697733140864617,72.09115912250716
8,205,1174,9909744,9909744,0.6688537456262945,93.53517856044508
3,1973,1538,7785366,7785366,0.477731433136449,66.09928101745938
1,1624,1275,2084635,2084635,0.06807989201964705,18.809936947212336
22,1580,897,18342763,18342763,1.6056497559402765,201.0039196294083
18,1841,235,1378050,1378050,0.199350088134775,13.779349306690287
11,1575,1929,40289104,40289104,3.7677069429727714,368.8310984696719
19,721,262,1432102,1432102,0.18948759585378452,14.81668745737254
17,108,639,6619411,6619411,0.5693744462664866,56.89409673842214
24,481,1155,31277410,31277410,2.7387217155578623,325.95550725312376
10,991,1458,20605924,20605924,1.6627504423574617,179.56894375235896
9,1274,1399,17466525,17466525,1.1449596103909834,162.2689266351539
18,1560,336,2452810,2452810,0.2191711941624284,22.790087070001654
20,1871,629,8712918,8712918,0.6368760723003004,78.19827334188248
17,801,1195,23837870,23837870,1.969201716761107,224.98994477981864
6,419,1646,14262600,14262600,1.1978880098343496,118.00135821596459
5,1468,63,109315,109315,0.05321838471728378,1.0769612590562527
19,1758,1833,63753583,63753583,6.033205348155525,629.6448061445161
8,656,294,803218,803218,0.10251065882284462,8.570843120206224
8,860,1310,13162890,13162890,1.0199011290264415,119.11086475329081
8,1163,1346,14271648,14271648,1.15204998529596,139.73507803834238
5,1492,251,630271,630271,0.08156843980705349,5.733634574629919
10,947,365,1551990,1551990,0.1638281946714503,12.701792012709255
22,143,141,442186,442186,0.17547382096309475,4.718537755921387
11,1181,331,1493482,1493482,0.17290342155908003,15.720277528985394
19,906,285,1728535,1728535,0.257522368264675,16.960523288471606
1,664,1502,1013860,1013860,0.06427933219499787,10.78999847155931
23,1853,1660,63753970,63753970,6.943674437983437,673.2348412681464
3,1288,442,965780,965780,0.08593615742261496,8.374809071865254
2,170,722,652698,652698,0.061834918725367886,5.3166795151775075
7,486,2030,25746500,25746500,3.573536121633609,257.1700485122317
13,752,1630,33146060,33146060,3.392768841220074,269.14861519690106
16,1151,1256,25141362,25141362,2.285382658450627,248.24221804423976
16,221,453,3190036,3190036,0.3388364172917516,34.56845572343147
13,610,954,11525284,11525284,1.011818751232141,105.77661239986051
10,1780,1273,16876171,16876171,1.6831816508883974,155.81753709871194
9,158,1393,15770163,15770163,1.26564079849263,144.6969285574343
22,1788,1425,45236635,45236635,3.769332640272778,422.90326554091536
5,1895,1959,19092424,19092424,1.3030251575396359,199.1947514638428
23,236,1117,27749641,27749641,2.162212024453834,246.62781103115117
11,1311,1887,38121184,38121184,2.5615345756288677,402.8909911526203
5,510,264,417394,417394,0.06527221725422751,3.486826914207937
5,2008,1628,13894990,13894990,1.3319562491039882,119.9806309532186
22,1817,645,9929140,9929140,0.7373369837194123,105.22214601866357
21,113,524,5566986,5566986,0.49351995435209894,55.90937072611511
5,804,1407,9070939,9070939,0.5305408109651638,94.48280338163117
11,625,547,3345462,3345462,0.20694779854142156,34.024542790669145
22,180,1726,62926518,62926518,6.080930385499691,561.4939011815817
23,1589,1970,88575150,88575150,10.236884246411252,862.4504507513708
18,1122,491,4663037,4663037,0.5872961298430937,48.4035487344081
17,1061,508,4681738,4681738,0.4760275400436064,47.50860705757092
5,1186,1061,5777155,5777155,0.3837253843834374,54.629149356902985
15,1798,1122,19669792,19669792,1.73357682162497,214.53683018243427
5,262,718,2260992,2260992,0.1768727765708133,19.41123031132637
5,462,1887,15143185,15143185,1.1762897611495902,147.123857606675
18,1540,1717,52809779,52809779,4.42081013446351,506.95891586932464
13,466,1364,22992958,22992958,1.9700986593099512,198.42965060621876
19,593,909,15438466,15438466,1.2744381728331537,165.63681258556934
8,1373,1748,23820006,23820006,2.0561586000938257,245.02681375722614
14,1510,1288,23542074,23542074,1.6837910149322197,195.44433778154627
13,1545,547,4448214,4448214,0.42936025887169094,43.982784264578456
23,1174,847,16805337,16805337,1.5590225872757666,165.17409029386897
10,755,1572,23458966,23458966,1.9496743674402213,208.89846105543467
2,92,622,451582,451582,0.07032418071426337,3.8242664297497124
23,1530,1880,80695250,80695250,6.600498258996495,698.4078458735243
21,1036,1159,28102283,28102283,2.7072355158469668,266.22871395981525
23,2041,1969,89376858,89376858,6.6448978944361565,877.7567805826048
24,32,1691,65879679,65879679,7.955739324584038,713.387474541094
20,1445,1317,34897876,34897876,6.172995011510058,314.0210890067153
16,1974,1779,51030625,51030625,3.833962049670723,452.6270962881487
20,1794,918,17686198,17686198,2.0893875433404117,168.53699869239423
5,412,1158,5858332,5858332,0.4189649108092697,47.56410232693005
15,1453,1295,25392370,25392370,2.1801977323591113,256.3172052036692
6,1314,1242,9364690,9364690,0.7166600394049492,83.28667200406265
17,1346,941,15459699,15459699,1.4024985007239572,132.48888869488076
14,518,1504,30221386,30221386,2.3421120483249984,291.3650606574093
7,514,622,2651596,2651596,0.24716574639296252,21.925302932655764
4,1222,1609,9755377,9755377,0.649094006808677,97.12218372164173
3,1414,1533,6887779,6887779,0.5226495778482686,65.6420475684941
12,1101,858,9061348,9061348,0.7612072290915757,89.63928960145353
15,2020,111,399499,399499,0.10845034209659848,3.496057717345735
12,1642,1776,37651210,37651210,3.3320661881219067,353.9295013649401
9,1542,691,4898509,4898509,0.3461417468675511,44.06663707428151
18,1420,1320,31532170,31532170,2.873708878708505,267.6881766516574
22,526,1870,74478370,74478370,7.139666807509078,749.1797243627469
2,1341,1666,5029664,5029664,0.27906185211283074,53.75440691743036
8,1552,1983,30639343,30639343,3.932375634948443,315.9557962248736
15,1766,1127,19800273,19800273,1.7309433671959202,188.90068228423382
1,1017,1306,1342578,1342578,0.07361271446729595,12.348263528663873
6,809,626,2475840,2475840,0.19100015005689142,26.605338857550976
10,1860,740,6319610,6319610,0.517717847060375,61.37577871296007
7,606,1245,10075795,10075795,0.5778756168130171,100.45824198481067
13,465,245,839870,839870,0.14753419424978353,7.279486439883257
1,800,87,70567,70567,0.019306601118382217,0.6579307872967828
13,1688,1106,16571208,16571208,1.1809905662545528,137.9733112361743
12,1960,1006,13126298,13126298,1.4299201078836352,141.78396939301368
10,289,272,749914,749914,0.12971787975130872,7.912667775271296
8,309,345,946000,946000,0.14316696862860787,8.514314606669458
13,505,92,150154,150154,0.07491289798505125,1.2851947968307613
24,1125,47,105290,105290,0.14919763030337718,0.9362333739316386
1,1175,846,1003366,1003366,0.03616489187946309,10.062280681853617
24,1471,1823,79180192,79180192,6.760756729633564,690.6800466520573
17,316,217,827865,827865,0.1418282578005744,8.257891851485086
7,1212,1001,7242245,7242245,0.6467249244193887,60.68895644039954
18,560,406,3040950,3040950,0.2947307970606561,29.219782576114792
13,1251,2013,51190600,51190600,5.9520049608187895,561.0367347683634
13,765,554,4119554,4119554,0.37528171149896367,40.56347993056089
18,1860,1808,58984202,58984202,6.130182696731944,549.6687256301975
7,2033,301,1160666,1160666,0.13216330058862658,9.489813366861341
19,216,1309,31163373,31163373,2.6425228794110045,294.38470511688666
18,143,1196,24521598,24521598,3.5639928839124777,255.82096698936
18,120,986,16673270,16673270,1.5602758057633856,147.80719196388944
20,1634,505,5685805,5685805,0.5334069679509397,58.89920612021548
16,1436,874,12735938,12735938,0.9345270024701845,130.49053271806275
5,1608,572,2237102,2237102,0.14225207912171142,22.507902442994563
10,117,1923,33544822,33544822,2.805375386531701,366.5925226512093
8,66,222,363646,363646,0.08982018841803391,3.884642427454711
8,605,1796,23698230,23698230,1.5700234436568858,234.29371055562757
6,1804,1878,21052390,21052390,1.588872401678583,211.28701797910608
11,285,1333,18176798,18176798,1.5174036754670315,186.46601615110995
10,414,1211,13724273,13724273,1.0388081458781375,143.97692924292411
10,1809,1440,21296170,21296170,1.7528046793803724,212.00536081645714
11,280,1578,25375828,25375828,1.9289859226193764,273.63072656145624
4,2023,1753,12789898,12789898,1.0405208205625511,106.55511034002843
16,1777,1232,24988666,24988666,2.389796722343928,209.1392530916515
18,1776,185,915575,915575,0.1997493143559301,9.24408379638765
16,1632,406,3145698,3145698,0.2728219617570934,30.081771896553768
19,875,1603,47702084,47702084,3.2874143144701944,465.15277166259574
1,1008,1590,1620220,1620220,0.0772113972791477,13.549406411451978
5,488,1500,9754510,9754510,0.7267967420688293,93.64109663597618
12,604,1450,24035210,24035210,2.349263947972815,252.5102928667349
2,1454,227,384321,384321,0.04164272813601688,3.4994394213310582
12,1123,1430,24131260,24131260,1.7348149604235426,238.7641282131397
6,413,768,3278602,3278602,0.18427129095880151,29.170994096051437
16,1170,1954,59608734,59608734,5.703507738962146,645.0482962990103
9,1585,1590,22775170,22775170,1.8296204907021116,245.15093107008832
17,492,542,4981532,4981532,0.5166141098119273,53.90400235837255
5,33,1491,8963902,8963902,0.6427720035832034,74.04113749982365
22,1094,1606,55972322,55972322,4.617336852911438,478.91117907409745
22,892,1881,76039435,76039435,8.774855663233842,807.6813237713017
20,707,346,2529616,2529616,0.33346640048888004,25.529192689997025
2,944,646,1034902,1034902,0.07306431227880701,10.431350349043006
8,1535,1655,21743400,21743400,1.442692968625619,183.73883556525004
6,1476,1125,8006635,8006635,0.6126230523269023,78.7252525851154
7,1078,678,3500524,3500524,0.23254882417820075,36.745047991309704
6,1355,136,278946,278946,0.0599032383506495,2.356740694350284
2,69,1685,2975720,2975720,0.1865885425589372,29.608235587988773
24,1171,1315,41356760,41356760,3.5732064621122577,351.2524837297426
8,459,1020,7769350,7769350,0.7446644582094637,66.54284399635586
5,779,1422,9217414,9217414,0.6440410051218531,93.29047728246215
2,743,632,876594,876594,0.06531731658244656,7.524687552744239
10,1879,1966,38519848,38519848,3.398883014485237,415.92628355738344
8,1423,1439,16568656,16568656,1.67298165730425,169.2183225889211
21,1286,1170,28918900,28918900,2.2120935935353403,280.74376840603327
13,1542,1797,41562823,41562823,3.224352421907638,359.03627716229295
2,390,1452,2692018,2692018,0.13437866914003446,22.04200023897822
22,1584,1658,60407582,60407582,5.193380868341849,619.0500689800556
13,1856,2041,53823221,53823221,8.32261184492024,554.8959529796998
6,1353,1770,18087640,18087640,1.2241180578608146,189.92109517343772
21,1089,1585,52019710,52019710,4.311683274970728,473.2684948538957
22,601,1503,48390598,48390598,3.334231244407343,467.5164893569508
7,693,1251,10278226,10278226,0.6674087449949734,112.3519550858072
10,666,1626,24910330,24910330,2.0200678153814278,252.35495261724307
14,1192,1907,49595359,49595359,3.618779577608558,422.48108292420426
7,282,1494,13838932,13838932,1.090253196855048,139.11109711905493
7,1579,651,3581812,3581812,0.27902498695645894,36.81836477461925
8,52,1537,16644183,16644183,1.697430864054157,143.83824188267562
18,1863,1074,21640036,21640036,1.7328740317103233,192.8148695997128
5,1027,767,3152380,3152380,0.17790257953044197,30.45730328701344
14,927,1919,49698272,49698272,4.121871877244805,520.8297720214151
15,170,1362,26236216,26236216,2.252131374804421,255.33451544004453
15,543,1835,48183440,48183440,4.104271025485451,436.96879675580664
3,1696,1531,7304411,7304411,0.5165011451907937,75.32137233959733
13,1443,1073,15388976,15388976,1.4344144131370336,135.34083058698053
17,767,1925,60818460,60818460,5.069130499502556,521.2484545275337
13,291,241,772656,772656,0.12559159029699465,6.782775857966934
13,1788,1607,33899675,33899675,2.3479635046322302,333.51633930117555
13,938,1308,21787366,21787366,1.6519206810417806,233.41998175366587
23,1695,1506,52499170,52499170,4.3657217018065975,426.5660992186738
10,907,958,9147952,9147952,0.7871962324447105,98.8883760211568
7,1290,723,4081345,4081345,0.29501849228712523,39.30019917727225
16,58,1907,54709933,54709933,4.663918765115026,504.6786770842404
16,549,1947,57981670,57981670,5.1955933008737825,515.7053996025752
4,872,183,262615,262615,0.06061904505513506,2.3407414673451035
8,1217,1133,10385088,10385088,0.7148623745742859,112.86912387698834
12,1985,2020,48938550,48938550,5.9478024786966195,528.887291146481
16,1585,986,16171396,16171396,1.5431556134117619,160.3628897507894
2,1228,806,1649086,1649086,0.1396333468364612,13.466741539255088
6,1712,1034,7132542,7132542,0.6181972164202442,68.06375910200634
1,1280,2025,2614285,2614285,0.12470507888598002,22.50766862732853
1,1980,1788,3559918,3559918,0.20772634878394527,34.594452627015045
20,956,1185,27848695,27848695,2.6074334623485034,273.6351767653585
19,1396,712,10139602,10139602,0.9655961272672534,82.57013566173512
8,1475,989,8323434,8323434,0.5895012624374187,90.29384796916574
22,500,1438,44189750,44189750,3.5062766994614325,467.9120021224111
10,1205,245,840360,840360,0.12852585078815323,8.371212709386183
6,1161,400,1270810,1270810,0.08530588751405066,13.856986867333331
9,1108,1991,33956515,33956515,2.662889161272963,365.940143261542
24,680,1719,69191479,69191479,5.327396916827849,676.616688823677
8,533,212,431430,431430,0.08523577947171138,4.202003214900934
17,2001,1139,23067038,23067038,1.9888022852411624,195.17586596472933
4,76,1833,10244647,10244647,0.8259189740481125,89.56944915770272
2,665,1130,2041920,2041920,0.09938074880451231,21.590491469476273
22,529,925,18487060,18487060,1.4644709137569452,178.8588208273709
15,39,1918,51624898,51624898,3.5591131388974153,507.71444786338856
19,1829,1683,54111826,54111826,3.7640296126766377,513.8649462657579
15,567,1827,47812600,47812600,3.676082852121981,462.56571409528226
9,2004,1062,11171188,11171188,1.0333728777564732,91.42777575213358
2,680,708,991210,991210,0.05565331221104029,10.78491071884361
16,1120,1326,27893746,27893746,3.0470569672933636,268.549879123992
12,1403,1430,24531660,24531660,2.2502322340099123,233.82228240414184
22,453,1303,36285954,36285954,2.948363127916444,294.68309957207697
18,443,285,1515070,1515070,0.21990169203534954,13.448208078082247
16,158,1070,17370390,17370390,1.8367892639962267,150.4482448136404
2,359,1111,1646512,1646512,0.12422736251044537,13.419523831657603
9,1609,851,7179046,7179046,0.5296428162487069,63.49308020381795
6,1682,662,3315306,3315306,0.24920387755002218,35.45954706121471
10,925,464,2376154,2376154,0.1672668677396387,19.481818760922014
9,946,1229,13269523,13269523,0.8586173948313949,133.57756231294786
17,476,204,768478,768478,0.13283927534427367,7.506217762923193
9,345,98,112514,112514,0.06338054092810999,1.0110319846627238
13,1429,1687,36601162,36601162,3.570029417311093,342.39464585086216
24,850,1751,72065917,72065917,6.264657078981127,734.9341473230395
20,323,1210,28245040,28245040,2.2258325042135594,289.48722295229436
21,610,327,2348197,2348197,0.326801232363497,23.04896519124284
23,1393,319,2693646,2693646,0.29705259145481083,26.341158633827224
8,919,1047,8654512,8654512,0.7016362737199139,91.36916700783357
14,1878,1660,38980130,38980130,3.4078351307810797,418.0809158087486
9,1637,574,3586362,3586362,0.27537576113448625,29.072107589316573
7,940,1201,9803773,9803773,0.5988146048311596,85.42884292026719
21,1832,1796,67858278,67858278,6.247961908815784,661.7918812446605
8,1698,1958,30196286,30196286,2.2934677317125467,259.26299984337936
3,1903,1124,4680346,4680346,0.3297431499443938,49.27519713358772
5,507,1308,7526242,7526242,0.46440192288660886,70.01774740650352
20,836,1808,63674154,63674154,4.839060354306725,558.5657998186273
5,80,2003,16238331,16238331,1.3068387266173493,168.57259657423327
24,613,1240,36167090,36167090,3.3510982880609697,335.1530523196678
7,1065,1788,21116290,21116290,1.5822213309622222,218.7432465529073
15,1099,645,6549340,6549340,0.5172768304757557,63.19735582574115
19,869,342,2412478,2412478,0.30399327632881734,21.03279970761198
16,830,459,3553129,3553129,0.2861554941675869,37.37393766414779
10,1208,592,3881162,3881162,0.2617934365639594,41.4447506039248
24,207,2041,96302554,96302554,16.124138406851007,1006.5340616752967
3,1775,66,126730,126730,0.04883916096150067,1.24471224409092
13,594,645,5390275,5390275,0.39783118065453926,58.477186454833415
2,1921,672,1750570,1750570,0.10715240463623686,17.786693566855348
6,530,103,109293,109293,0.0573865624649067,1.0167178548553724
4,171,40,12210,12210,0.035483945705917806,0.1195280142422917
24,1631,861,18483958,18483958,1.9659670834628913,152.58116854007804
14,946,781,8687073,8687073,2.134469609787418,79.9492716584214
10,620,1740,28362010,28362010,2.7679798793973314,266.81459180178274
17,718,2001,65554771,65554771,5.462132273450772,547.4585471578746
13,161,856,8950346,8950346,0.7886348865212117,83.44029575967134
22,1114,1092,26293186,26293186,3.776713159156069,216.2904970404865
21,98,1622,52826928,52826928,4.711099467558784,566.3976161732057
7,646,1108,8100598,8100598,0.8178341686832976,77.0132403394505
3,1973,385,1061070,1061070,0.07806255197652334,11.619552201062913
14,811,1983,52775572,52775572,4.5253840540864045,473.64065202917664
4,1169,390,917680,917680,0.05872358871421497,8.613633552775715
24,272,1158,31196530,31196530,2.9409126655663442,298.1495980127791
15,1188,1828,48999550,48999550,3.7634339067251905,413.48410107831404
22,1633,108,424774,424774,0.16058357114738872,3.5115581858358556
5,1859,1032,6194074,6194074,0.5225258476789669,53.230906290901665
19,1319,1650,51229210,51229210,4.779031727964381,417.4541365152754
14,235,1181,18437782,18437782,1.286124045283517,187.337565681273
4,1771,1964,15077638,15077638,1.2380699632324057,126.9292759833353
10,778,1318,16685890,16685890,1.1071321549762358,147.28625681223158
16,1724,1916,58418850,58418850,5.247544520766578,557.453877326295
19,1266,589,7007343,7007343,0.6091120765107279,63.61791912996681
17,876,344,2204018,2204018,0.22076901204198449,23.03414778945463
5,581,1636,11681050,11681050,1.0011683350462244,127.4581249801121
9,111,976,7747498,7747498,0.6586417421072082,78.41394862106755
21,235,1401,39628696,39628696,3.59691893723786,354.45906338683824
10,1955,167,580836,580836,0.13246935326409343,5.514990446174882
11,701,533,3225726,3225726,0.23363692063456748,30.137750349933054
1,833,1780,1502330,1502330,0.09632366933584043,12.627637575224734
19,1108,405,3412945,3412945,0.28273567925678994,35.843743288207385
7,1967,401,1760400,1760400,0.1492867885870505,18.902681741257577
9,860,275,846735,846735,0.09121429761680393,7.047699870313289
21,570,1360,37809370,37809370,2.798740918356149,412.14177527206544
4,624,1210,5164290,5164290,0.3899301131403544,56.39591346416166
16,200,1719,44712919,44712919,3.9240525533114785,481.7167020821631
20,2017,1805,65597320,65597320,5.643815094443803,589.641829471273
17,397,2002,64976922,64976922,10.005839322274483,556.7566741073942
15,649,1393,28105178,28105178,2.3796185013090034,295.88505082316465
17,339,547,4987556,4987556,0.4639848104443575,41.10537423082368
22,1913,623,9362454,9362454,0.8464968178567709,100.66048598656707
1,342,222,78376,78376,0.020990960719575256,0.7021392521138656
21,1422,836,15192638,15192638,1.4225195274242097,153.6488361434889
24,1654,1620,63095770,63095770,5.7668543396379714,678.345226730149
13,1026,1325,22457435,22457435,2.948320844860815,205.22513409515972
21,81,1743,60956206,60956206,4.619785103311175,557.1186241160531
9,1546,1481,19864663,19864663,1.6612274088697365,198.48303704540362
13,1312,1688,36445618,36445618,3.442974947528267,318.7431312233324
1,1989,1622,3244010,3244010,0.19293438368677482,33.443614687016456
8,777,2004,29705302,29705302,2.911897028311701,310.7676086370811
18,1147,883,14292248,14292248,2.5225229560422644,129.3888017403943
1,1229,1004,1244970,1244970,0.09674621606547848,11.744729084873825
21,1984,558,7351660,7351660,0.6464740280238178,73.30229894293609
14,555,1669,37178654,37178654,3.551394091578308,312.8667731117028
7,1943,475,2284760,2284760,0.1316634677441698,24.695441060821263
16,384,231,895135,895135,0.15173419165839763,8.301730470211062
14,791,916,11654278,11654278,1.0273667372911528,124.70415876524122
18,1372,1296,30367882,30367882,2.8080044807500477,277.35160608714403
13,371,1069,14134328,14134328,2.0449538783060692,118.90516887747847
16,857,1156,21065798,21065798,2.788291383562212,189.67866160735096
12,1635,928,11010730,11010730,1.210795531967141,117.06079583813333
21,212,996,20082358,20082358,1.9847389976455734,178.40484662447994
4,924,465,1084855,1084855,0.13609865291490342,11.739432876432527
2,1786,1219,3677733,3677733,0.21647423760067402,34.5940828138046
20,2003,833,14877390,14877390,1.3465761532277325,145.45413665376347
16,1694,823,11575505,11575505,0.8784542863707523,112.32595515406014
10,359,1137,12065854,12065854,0.8730374966501643,132.2628684462235
2,1551,956,2408174,2408174,0.10479833744918976,22.30163953584785
17,1501,141,533554,533554,0.14843070496545718,4.701464437003676
5,1619,1504,11505610,11505610,0.9494493532218838,117.57922366344819
5,1424,1309,8737585,8737585,0.5500726339488786,74.77897249347701
5,1455,1945,17991260,17991260,1.4874974488241905,165.7856578280014
16,359,1133,19691550,19691550,1.7127755023062408,204.88416611327636
11,183,1759,31299656,31299656,2.545892240177535,309.87334117565536
23,486,1574,55321388,55321388,4.567755716913748,581.4092145075906
8,394,1110,9082030,9082030,0.7434534205657132,89.58698699454276
1,88,524,51886,51886,0.01870736557692867,0.5228381102178508
24,371,1458,49483072,49483072,3.8805378362667144,499.9302001936841
16,811,328,1888306,1888306,0.17742046871235925,16.53309293081304
20,679,1772,60916054,60916054,6.370703200230943,519.4120517531613
5,932,1815,14895715,14895715,3.1019354260433185,130.57070781313772
12,1804,1806,39175762,39175762,3.5096031515484074,340.81991739367413
14,1917,343,2195210,2195210,0.3218989424223261,18.674637656056607
16,1555,1842,53806672,53806672,4.680554556830814,468.59815148146595
16,1954,2020,65205610,65205610,8.741703633520359,564.1984218313271
24,905,380,3678030,3678030,0.5333442466358931,30.444154776657857
1,729,1215,899110,899110,0.06570532964132568,9.640446364524246
11,1698,1184,16053866,16053866,1.3192770137952528,173.91632257748722
5,1407,600,2293210,2293210,0.15777862608475487,22.430739875953854
10,673,1958,35860780,35860780,3.3152829536987083,372.5839615289556
17,931,2007,66371500,66371500,7.256615682576304,711.8282352051723
2,540,313,270755,270755,0.05067767478879463,2.4238099402642383
9,1360,1269,14632849,14632849,1.2360326234080805,150.43767853385765
16,775,1664,42866314,42866314,3.364685463699667,352.9251153563592
6,1441,1869,20188948,20188948,1.9048446567391555,171.75272860971072
10,440,89,112239,112239,0.07016129429497654,1.080462141376848
14,1963,1622,37424416,37424416,2.984699224468562,398.3193011445515
18,1852,472,4674698,4674698,0.4079494860488659,40.223091641338236
18,1515,175,790660,790660,0.1902256958880797,8.55092903220272
9,1913,1880,31907370,31907370,2.5230505836949555,289.91924032800523
10,1978,1304,17909146,17909146,1.5706355124536198,161.1748885379837
6,710,1362,10264042,10264042,0.9085909114761563,92.42371086381272
10,339,728,5031218,5031218,0.39703362190837954,49.35216380861535
6,864,689,2979935,2979935,0.17563642871925897,32.077783048907264
5,1668,379,1212431,1212431,0.11632368522062943,12.078603214480497
9,1282,688,4681850,4681850,0.3044197275332305,48.55466474303369
22,1636,803,14880403,14880403,1.4314372580011063,125.62696884820895
9,838,1492,19087166,19087166,1.6655560108481602,198.35871763757066
14,1406,1449,29366893,29366893,2.0694887031484255,247.6070722509649
6,1042,818,4211074,4211074,0.549486914578841,41.53946035159503
5,332,1994,16596072,16596072,1.3868095419874782,180.15948427997554
6,1217,1882,20030136,20030136,1.3484378525780916,189.72856125907714
10,393,211,487842,487842,0.10122053500798235,4.645729021335031
23,1160,970,21857020,21857020,2.44594392081918,208.65542219926868
7,617,1120,8236490,8236490,1.1738157692217523,87.3244019499875
9,1222,920,7912930,7912930,0.541107514073775,73.48673806785088
13,849,1092,15261802,15261802,1.1840776771176826,151.8071982992117
18,1217,697,9126528,9126528,0.7619462700116859,77.63914709001791
24,247,1257,36694354,36694354,2.8120895296595063,370.30384779091014
8,1760,1659,22215679,22215679,1.5446013589241927,190.3006249039956
20,498,306,1940662,1940662,0.2508287822790057,20.35660562877677
5,80,255,284335,284335,0.05525421653652153,2.42666391127191
20,1680,1719,59083759,59083759,6.428828407332585,535.6685642666641
14,1920,1357,26576855,26576855,6.45036323736165,221.78750917953613
1,372,219,83887,83887,0.03245612891093336,0.799176474451582
10,1612,1636,26758426,26758426,2.337503590965102,230.46715253175225
17,173,1711,47182546,47182546,5.967859919954556,413.98824144369513
6,1185,594,2477584,2477584,0.22328715118707448,20.966862701454207
19,1140,1594,47598444,47598444,4.371419688520611,397.0467735673007
4,1871,788,3348222,3348222,0.21699763612042514,34.79098523857457
7,1432,938,6638236,6638236,0.545213336826837,66.77429475044868
9,1375,970,8879390,8879390,0.6434087006640254,84.10849283220763
14,681,550,4320260,4320260,0.3618431598872468,37.467387703425004
14,1275,1858,47291684,47291684,4.203611239100665,413.3177199261656
15,402,72,103330,103330,0.1113013408164439,0.945433743391257
11,759,1912,38048810,38048810,3.1348714337835597,352.3638601334892
17,1231,610,6720990,6720990,0.5838671023969897,56.93414321862478
9,235,1981,31898072,31898072,2.587736427526219,276.2373291716658
3,732,357,520873,520873,0.05865180266579734,4.606625873446591
14,381,2014,53546228,53546228,6.470921786634484,547.6871499242562
6,523,632,2337778,2337778,0.20330967567251512,23.287553470366355
20,1584,1005,20812555,20812555,2.4700995614311454,172.26018108619897
6,1210,1895,20278405,20278405,1.745854553161011,186.70842601962065
1,1984,905,1805485,1805485,0.10040204158477076,15.701002395142453
16,1671,1656,43945282,43945282,4.471150581138177,435.6488475142671
3,811,193,233540,233540,0.053951523692009944,1.9735675661604193
14,1134,1581,34325101,34325101,2.349909611965997,357.13616455544184
6,303,302,552368,552368,0.08162953203347434,6.044234554195778
24,1079,780,14861350,14861350,1.2893037343417757,143.47496072387227
9,378,842,6005996,6005996,1.2409387001616785,58.857756668096364
3,1896,245,587765,587765,0.0784194716659468,4.897874957099428
3,1404,712,2022802,2022802,0.14319897640840182,18.35130857480165
9,1771,1045,10606760,10606760,0.964430941159304,104.19984741755361
1,1146,244,282318,282318,0.035055500176384535,2.8803495989188668
20,1064,1756,60508258,60508258,4.619233655517764,576.0508702219494
5,1753,918,4993930,4993930,0.34580158070506256,44.09798290773605
15,1171,1556,35756890,35756890,3.1383742204389526,298.9286357208697
16,484,426,2939410,2939410,0.34400596250756243,26.858370982535952
11,1219,1355,20040460,20040460,1.873463132989344,214.3896259836266
24,840,898,19332154,19332154,1.8447566279272727,184.16841138293208
6,399,1926,19346680,19346680,3.1258373076077506,204.34953355488992
14,439,917,11356138,11356138,0.8552605209923412,119.14687927875276
10,301,1061,10472080,10472080,1.0350729120559485,88.51392189700317
19,1750,1967,73142905,73142905,9.737244704736678,626.1051256224791
20,842,1044,21619162,21619162,2.682444237355436,187.89822812537923
22,223,1970,82001260,82001260,11.457906355173618,716.681808415493
13,1724,1661,36008829,36008829,2.6612772989207123,326.21183872575114
20,1659,1323,35490808,35490808,4.67856111132455,317.89178791218364
1,1467,774,1143982,1143982,0.09133299570693941,11.743294257083107
11,571,1833,34684036,34684036,2.508397428616328,318.1549998906798
21,787,146,545758,545758,0.17491566663594604,4.975099796057009
10,1556,1226,15459870,15459870,1.200990749287219,164.30199037321623
13,718,1014,13089736,13089736,1.4400790656234361,132.62488461646035
8,1921,719,5012878,5012878,0.38585072785473745,45.067851659822786
15,641,1405,28572090,28572090,2.2691494879343552,272.1935053901627
9,1983,1856,31273610,31273610,2.525525391588889,308.76157063087743
15,216,1595,36000755,36000755,2.7503896572013904,375.90335946730664
5,1684,1970,18870640,18870640,1.5351141589150112,205.1410224468187
10,1191,1355,18165140,18165140,1.452346607073689,180.65407228387173
14,584,996,13501786,13501786,1.4050968417259142,141.825086568076
2,1677,1073,2963636,2963636,0.1934975252505108,28.273384567344632
15,195,846,10206154,10206154,0.9111484111988157,84.21187601502398
10,1628,841,7751507,7751507,1.5013505867348576,65.09232463819463
15,110,1930,52409160,52409160,5.680956553770392,447.37131868890225
20,271,1307,32850148,32850148,2.345665262552048,267.70279849317217
14,914,1539,32234365,32234365,2.706730263720085,274.28946261885125
16,156,54,53578,53578,0.08633822439973743,0.5462373753634965
12,105,810,7319980,7319980,0.5384057708257999,66.85994958656487
3,1883,1596,8120458,8120458,0.4860756052198712,81.07885385856656
1,114,1529,191135,191135,0.03457576778604946,1.6277580391881725
6,1476,681,3334867,3334867,0.2247700981182228,34.03558342227215
8,1111,1010,8281000,8281000,0.827664069576143,79.98434332491337
12,1936,1464,26442778,26442778,1.8503305463456987,237.39133234825857
14,1594,641,6378601,6378601,0.5756337460043962,68.6579574979185
4,1222,1917,13394089,13394089,1.0157228178115412,124.18273917450975
1,439,1987,894160,894160,0.07374239852473209,9.570102977881644
4,614,1190,4995630,4995630,0.3508679073162261,43.67562567120787
1,1116,1291,1454967,1454967,0.08092999776210519,14.997007995484115
14,1098,1864,47259866,47259866,3.7770151668843646,453.6369001150881
18,1388,115,387675,387675,0.1440754616758754,4.033360019611028
6,623,384,982666,982666,0.08460128956049698,8.082509697511613
5,1565,1907,17559666,17559666,1.302129519052313,186.99234457496084
19,1413,1555,45766770,45766770,3.541940471248836,469.516473123775
21,402,1733,60816179,60816179,5.820266091781962,619.7234792576065
15,454,1238,22050028,22050028,1.8000095277706567,184.38504162889612
10,1301,148,392654,392654,0.11794548684548258,3.4683038098292416
2,1984,1401,4759207,4759207,0.24821500246401537,43.14545193255502
19,270,55,70905,70905,0.11798555311543399,0.675657773900565
3,413,1979,8675946,8675946,0.6317791374368142,76.59839003728166
8,252,596,2647442,2647442,0.1884694824618077,26.258796320203345
20,439,1346,35053888,35053888,3.525583245144716,325.25072696020544
1,1906,557,1067779,1067779,0.0870983740486174,9.360697470351438
4,1388,549,1673911,1673911,0.12122621460290853,14.513614589429558
2,1628,713,1677699,1677699,0.07892009672856809,16.937070980980554
5,1826,1420,10679830,10679830,0.8502260553705747,92.72975352859483
13,1577,1829,43069302,43069302,3.605602494654434,428.3653916978839
22,1257,1934,81040412,81040412,7.966919030178171,739.1111083056499
18,784,807,11726527,11726527,1.077634120338646,113.07118113760036
13,1970,77,224619,224619,0.10067393492623594,1.823825526512212
15,899,40,59370,59370,0.09980315378919027,0.5565258824455293
16,616,883,12262231,12262231,0.9252285265347594,101.44092547509563
9,1386,684,4703878,4703878,0.35419898707984154,45.635875271754266
5,1162,550,1857360,1857360,0.14859502292706714,16.062058961163522
5,246,1920,15246730,15246730,1.0670320230278707,165.65575814674983
11,1935,1643,30208208,30208208,2.9723768204615326,283.20477035085986
24,1012,1816,77750234,77750234,7.4497400348618354,807.6205840676953
6,1730,1565,14978625,14978625,1.1928699862094478,148.34172397510793
14,1614,1408,28078346,28078346,2.472043865458728,284.3512018027553
19,1753,1028,20854018,20854018,3.355573414091663,191.150020529505
11,781,587,3916474,3916474,0.4107106478741621,36.68911757096511
10,360,1500,20820010,20820010,1.5037069861622354,171.26524981734582
23,462,1517,51379283,51379283,4.872728067021607,514.753896947401
22,599,493,5415122,5415122,0.5017889664379758,54.90444712823569
21,1677,1507,47994946,47994946,4.209840057735532,521.0474084999255
2,1266,174,252658,252658,0.030731981277977185,2.1404914043108145
20,352,670,8785050,8785050,0.8450855965706668,76.05398561424751
5,1356,1103,6378659,6378659,0.4004739974052985,61.11224928922834
24,1758,1850,82032710,82032710,7.073513699140157,799.4068763835166
16,1580,866,12640146,12640146,1.1986021532330309,103.01665999143015
3,1898,1490,7287600,7287600,0.46229662430733925,76.92797394172025
9,687,749,5016812,5016812,0.3685090326915126,51.45152145343658
3,1658,557,1551255,1551255,0.0723561540394738,16.075196137308406
23,368,1204,32374366,32374366,3.7475749059319465,286.97070366449253
12,1271,1218,17893648,17893648,3.928109087516787,167.64480543675
20,914,2046,81467638,81467638,22.02131622640797,850.456382616704
17,1054,352,2362986,2362986,0.359889497563042,25.683940669201707
8,1888,415,1996575,1996575,0.18869250469277898,17.975304196880067
9,1705,1042,10482530,10482530,0.9908411818364817,91.67892947408072
20,422,43,54577,54577,0.102827019796813,0.49368739809595397
2,1709,1361,4194612,4194612,0.24107079368280576,39.68725455758696
9,884,1326,15263596,15263596,1.4136226466931592,166.8649738544732
6,1856,1893,21460951,21460951,1.544380202675406,234.23446540786009
10,1594,1928,36566458,36566458,3.145764664177443,364.8173211875261
3,1946,1542,7776316,7776316,0.5673543476576576,66.07429191636028
12,1520,99,260479,260479,0.08611376624153624,2.70768377467355
12,1322,1898,42177366,42177366,3.3223245576248654,383.2799929297347
21,1012,1440,42973930,42973930,4.146610868433667,446.2325199584149
14,1428,1365,26203915,26203915,6.109521598283373,216.00762309875236
20,1447,1344,36305482,36305482,2.6893541414831117,330.9550483710066
11,49,38,17110,17110,0.07200415883598238,0.14070116754153683
19,828,219,1050991,1050991,0.17760911956938202,9.272841948337764
14,1093,430,2884020,2884020,0.2689986825317331,24.13354585678793
16,1270,1624,41665354,41665354,3.719604753559743,455.5589251922609
7,1193,1462,14593694,14593694,1.0795677145116844,124.0776512339672
16,1870,290,1811350,1811350,0.24680363216430357,17.770773427046066
19,237,1809,59385862,59385862,4.874962171757564,522.8574911554559
19,994,1382,35792428,35792428,3.1328195817667783,313.80974258712877
9,915,341,1248752,1248752,0.16023359594285663,12.171032633836353
11,927,1782,33444586,33444586,2.796018777778844,317.8054733117342
11,316,1979,39831343,39831343,2.7306773575524206,412.37659436283104
7,137,383,939126,939126,0.09666410496933418,8.796713221656837
17,225,226,874178,874178,0.16013495006011913,8.601087906549711
6,649,1148,7352950,7352950,0.6040394711714857,63.1337530140281
21,2025,222,1442122,1442122,0.25893700418163457,12.173673341538537
12,437,993,11302336,11302336,1.1880431377659149,96.92615725996527
14,493,1589,33645496,33645496,2.774465374052016,310.35816631516053
21,659,1687,58083420,58083420,4.889135996488985,592.3910717615382
16,670,1713,45207793,45207793,4.270746193094696,435.82578277545923
8,1212,1405,15546335,15546335,1.266146889582476,150.52631637289758
15,410,536,4255314,4255314,0.4181657255205388,36.52620549695944
2,822,86,79130,79130,0.02375949136144837,0.7073125805050576
6,91,2026,20740172,20740172,2.391361718945488,180.9638758999061
14,1020,782,8766230,8766230,0.7933995871471133,92.58669320284304
4,1096,659,2034343,2034343,0.13316829547655049,17.535213884378557
12,1902,513,3881881,3881881,0.37479069970026013,41.40667308305671
22,1047,137,541982,541982,0.17379689796944572,5.832838952185226
19,1550,1138,25107704,25107704,2.3042267833665613,220.3787425521734
2,1914,751,2010437,2010437,0.14242255551996452,18.224605732783072
16,1094,1023,16843705,16843705,2.7034732593335944,172.48705395583485
1,178,1975,373285,373285,0.05767992576255326,3.3025275913529093
19,605,195,808090,808090,0.17463811382333258,8.025348370753028
24,1546,827,17037037,17037037,1.5517378116129483,161.01477237633782
3,1528,1803,9280051,9280051,1.2272364774575293,77.25501001811298
23,1691,1598,58934250,58934250,5.392912303842608,550.5682382323362
20,703,452,4213102,4213102,0.45247461935277183,43.14136625776323
3,491,711,1369396,1369396,0.10580308534884354,12.679533869692088
15,1105,1175,20656510,20656510,1.7502055653330588,168.74866136632878
14,1363,1615,36146940,36146940,2.6444822414751137,345.3899352813374
8,63,1602,18094600,18094600,1.6416690843333048,158.72715975573882
12,515,1474,24690984,24690984,2.25902578953589,260.3438576380216
4,1209,1420,7785870,7785870,0.4676581819971167,78.21288695387057
16,563,886,12296804,12296804,0.9509335495380736,104.30581269882077
5,1890,1611,13450249,13450249,1.0331905640417423,138.33576205591558
14,73,1271,21124030,21124030,1.8120096901304048,229.40998987336698
2,422,62,30762,30762,0.03092611146432537,0.25811441487205755
20,1891,524,6223558,6223558,0.6293870264571227,60.03821098755665
12,1990,1795,39053825,39053825,4.208611169690046,413.0164182388082
2,737,1740,4330870,4330870,0.4418986857425329,46.86551972668715
19,792,1321,32495289,32495289,3.064525095069775,311.07771025638067
3,742,258,327928,327928,0.0502556759021362,3.2972985441661162
19,924,731,10315151,10315151,0.7931070662333349,96.6368173116195
17,1432,789,11111497,11111497,1.0052510785115947,109.58275576421407
10,1771,197,702118,702118,0.12754337605294702,6.267947199188049
4,713,1780,10799270,10799270,0.7081833291514636,101.6841607511044
4,541,849,2633608,2633608,0.15238977686403338,26.018871917806933
1,352,407,147751,147751,0.02055912285703092,1.5871395111529745
8,1366,1912,28236426,28236426,2.126551271498197,263.5803243050407
18,148,1571,42233203,42233203,3.556383164469852,388.40444848717806
23,492,495,5650435,5650435,0.5888089233842564,59.525062496859235
23,872,1281,37260457,37260457,3.6666701399650123,390.57795338322535
23,803,1303,38441116,38441116,3.387542579709818,393.1052146703264
1,168,820,146790,146790,0.035577157895728684,1.5002903991825043
23,868,1468,48733206,48733206,3.588421624901242,438.03328010326385
4,1996,1686,11916658,11916658,0.9615027607216785,112.32295074294682
6,1719,179,470780,470780,0.07430943601926517,4.016259366083
3,178,1948,7961486,7961486,0.521260287587788,81.78573199045792
15,1550,1378,28754736,28754736,2.983523511439473,297.29174560326874
5,250,851,3122329,3122329,0.2107794612759293,26.15446372724876
12,1313,1894,41988096,41988096,2.8179448193962906,450.8447779325388
19,740,972,17753590,17753590,1.5555925672352837,148.37588880388904
1,1041,2023,2128206,2128206,0.10157064404595155,19.678646909127817
23,1535,1332,41121514,41121514,3.57951739601452,347.1081831003902
7,1709,1673,19681182,19681182,1.261474434893478,187.24668228609661
5,292,898,3501312,3501312,0.29809390424347687,30.25894198337611
19,600,1813,60305829,60305829,5.429428818932906,630.2714942641676
4,797,1249,5692952,5692952,0.35797185601925496,49.68455608297818
19,844,499,4917655,4917655,0.4835345507105476,51.0085141592803
19,1576,1650,51653260,51653260,5.2358176219384704,508.79911568220604
6,1847,1105,8163750,8163750,0.49533575636014704,78.19619448602418
23,772,864,17118442,17118442,1.5207623915236685,171.24184010022947
5,1597,1368,9690922,9690922,0.7960232082287717,95.98210196560889
14,821,1312,23486122,23486122,2.2211850680281375,203.6925946485314
5,496,775,2798535,2798535,0.18336983467955775,24.23229705708649
8,1105,1220,11788870,11788870,0.8645081855331651,119.28591056642037
19,983,589,6840656,6840656,0.5492500321141185,70.6759729604917
21,1929,1022,22892810,22892810,2.9916709506973636,238.5345693190612
3,942,604,1306462,1306462,0.1178355476962809,13.802178361013379
11,1020,389,1918169,1918169,0.21342870962191868,15.793553652149372
22,1274,1635,58273045,58273045,5.300641752335505,558.8697030810964
18,633,316,1906438,1906438,0.2515301538026453,16.67740072337003
14,360,553,4187879,4187879,0.4380396537244494,37.18648878198991
11,1378,1334,19661836,19661836,1.8411402914181012,185.17051040273395
2,119,161,47022,47022,0.0318043972061704,0.48321017698916974
14,1899,1835,47302640,47302640,3.9496248802422946,469.73524530612315
19,1845,1238,29907614,29907614,2.3582591627450125,309.9836834267379
18,1408,1916,65159338,65159338,8.524975003002542,713.5177250417191
16,86,703,7491881,7491881,0.7164209976165724,63.21653820097091
1,690,198,138808,138808,0.02625714483083104,1.159553336718996
8,1621,889,6989328,6989328,0.4720647367774777,58.54924144473229
7,438,894,5202196,5202196,1.1415602982449857,47.90074946608584
10,1007,357,1513690,1513690,0.16342704150115042,12.45629570808315
13,853,382,2085730,2085730,0.208406292720893,17.960949562539398
24,1158,149,688241,688241,0.1899858084995151,5.636490368445261
23,113,1799,71463486,71463486,6.563584252672505,623.6004985188962
12,570,196,538618,538618,0.11568263685888966,5.5675594731281235
19,497,753,10602250,10602250,1.0523364771475818,100.22344792867244
10,571,207,507988,507988,0.11836449644170387,4.437122397333263
22,262,1741,64164565,64164565,4.603675193020823,687.5952753968284
24,87,1067,26314364,26314364,2.4642584052347694,267.13841735298575
9,1525,964,8922794,8922794,1.7408323083395902,88.32178953668625
8,326,745,4141465,4141465,0.3874484990892774,41.44416203214424
21,981,55,116170,116170,0.13241624365473445,1.2385664271296384
14,1321,728,7868962,7868962,0.6683719318054089,83.31089513140938
3,124,929,1853365,1853365,0.1326326464729008,17.10462609495514
22,624,557,6880631,6880631,0.5462979875823873,68.29926713868238
19,843,1151,24850100,24850100,2.6313141488313376,262.43923488509625
21,1734,1207,31267345,31267345,4.72990628513384,328.94088258478894
5,288,2008,16736690,16736690,2.9770180901560996,173.95901066284594
10,1018,1379,18546181,18546181,1.7405798756376896,182.09148267098644
7,64,1628,16034182,16034182,2.337712844078014,149.64873005521753
7,299,1873,21640652,21640652,3.5966156820879482,225.87741538745655
17,1878,408,3440674,3440674,0.31917910310344266,28.458650815510524
18,1318,847,13336025,13336025,0.9623544304173652,136.73150305250945
22,477,1996,84680310,84680310,8.420562417740413,841.920233562262
19,1556,1816,62239778,62239778,9.623072162677348,546.3312338127527
23,1409,408,4250554,4250554,0.4926370854794951,41.87459759231122
17,967,1907,60081952,60081952,5.906165648017812,590.6248301740839
24,1660,899,20111539,20111539,1.7949229632335715,192.68986855978528
6,741,1492,12259774,12259774,1.0371012468977798,112.05394497130591
19,1539,595,7305420,7305420,0.6023860548117767,76.4899664506367
19,1705,834,13966174,13966174,1.2594104870974288,145.70606250646804
8,1514,1573,19730149,19730149,1.599349304052292,203.85558915729536
15,1501,1213,22450214,22450214,1.6662096708538876,190.25710494728463
1,1822,1066,1953988,1953988,0.1468666052611874,20.748053094854214
6,1925,321,1138276,1138276,0.1286939184180338,9.818975115773743
17,1974,1875,60001885,60001885,5.159554026796452,657.3403593964025
15,1056,552,4862578,4862578,0.33176915710305904,45.5894827685738
22,729,1975,83416110,83416110,6.565912521573649,902.8050129875509
11,1125,1272,17637562,17637562,2.707184865234871,145.95165050849815
3,2016,1969,11749033,11749033,0.956098968081379,114.50269003650872
8,302,54,37702,37702,0.07038973433319391,0.40433099413085094
23,806,266,1779816,1779816,0.3034765270771409,15.463637285525042
12,1157,612,4841542,4841542,0.34921308190147543,47.867241745521746
13,1180,1975,49183435,49183435,4.621159241651074,403.86403801923785
22,775,1230,32763520,32763520,3.1770715805078424,305.2928057527231
11,289,977,9848170,9848170,0.7381337222226874,95.86783131025413
22,816,166,719454,719454,0.19312321216618714,6.879297617284248
24,322,700,11519210,11519210,1.0780223610711996,114.655364388368
22,868,1888,76554634,76554634,5.908933956644383,670.3616719621875
5,96,2047,16988063,16988063,2.650191122564202,154.56953070400925
15,1383,1180,21155050,21155050,2.141315342365803,182.88744716250338
18,1526,145,582765,582765,0.19094971844625316,5.589164543417318
6,692,615,2326555,2326555,0.2580540691410522,24.725115566129862
1,1055,34,36254,36254,0.023042985062257278,0.3637704716687654
3,1546,991,3509141,3509141,0.1602293175009768,36.938938197340725
1,1131,378,431686,431686,0.029028008305063514,4.35903762010541
19,761,408,3318682,3318682,0.29355989096159973,35.9454860953495
21,927,984,20307802,20307802,1.9811533569282758,198.53940285991996
19,363,657,8027236,8027236,0.6311868092217863,83.50657279877898
1,1539,1303,2019660,2019660,0.08780047808543799,17.595744425958266
4,436,1113,4217167,4217167,0.27473018066820853,43.065581391210976
5,872,1225,7089085,7089085,0.46624091604089263,68.85042501960477
7,822,1206,9738460,9738460,0.5964640321734117,97.17581813310484
1,1592,223,357479,357479,0.02792464817345222,3.8127603059094404
14,1931,36,87238,87238,0.08384369424410891,0.7549600812962006
2,1771,2018,7670428,7670428,0.4947615547216375,74.78056824418145
14,892,876,10778314,10778314,0.8334102311721071,99.00670469578321
5,258,1146,5566132,5566132,0.4031147992780525,51.292260664476665
2,942,612,958402,958402,0.06417919613884396,9.924682870695815
18,188,1665,47487475,47487475,4.155370862414671,419.48863564758165
11,1730,1376,21343146,21343146,1.8004241693343805,203.14790571730876
3,1189,449,942910,942910,0.08521504042595474,9.319809756681355
5,1123,606,2158582,2158582,0.1882442899193072,19.064592550896034
10,470,805,6226685,6226685,0.8138456027727301,57.305503666671825
24,1628,1767,74749411,74749411,5.301966638305108,758.3791171358932
11,1312,1011,11568883,11568883,1.2671335802299055,108.10996398139542
17,457,1576,40503210,40503210,3.2056973722828794,376.6210824217422
24,1664,1171,33526911,33526911,2.6463535434676846,350.02696344218816
10,662,1105,11742845,11742845,0.9124713569991346,106.24792438094924
24,591,664,10555618,10555618,1.0806752878611374,104.89055624488091
18,663,859,13137556,13137556,0.9838192153430791,127.90891842576885
18,997,1433,36378148,36378148,2.939497606779781,386.38943002313033
4,1546,1436,8426458,8426458,0.5091794380597422,75.06520066125107
20,1068,998,20019890,20019890,2.1518377976798044,208.93388421341913
1,1007,489,497812,497812,0.04293524198198372,5.170874657167916
21,1546,210,1213180,1213180,0.2261116571281729,12.450119478730544
22,1302,638,9399026,9399026,0.7743030378462828,101.8033660962504
22,1528,594,8336206,8336206,0.8279159089593966,75.18508854966227
5,623,2012,17476242,17476242,1.9195941117000213,153.66239697037727
15,672,402,2542660,2542660,0.23835615898976611,21.177790042497385
20,943,1276,32176902,32176902,2.478502310713148,282.45259828272276
8,653,1721,21887688,21887688,2.0281670366393776,187.72082917001353
8,125,1614,18465784,18465784,1.4921995463778723,192.86891003791297
16,164,1535,35635035,35635035,3.7033683627086873,389.9377792380086
4,712,326,555514,555514,0.07351318891087766,5.527660842600082
2,1136,1882,5702470,5702470,0.34258164270097013,54.330323961367995
22,917,1092,26078062,26078062,2.259834663296778,240.13424643242726
24,1624,1456,51172586,51172586,4.6250567468036925,490.88226561892446
8,117,1383,13575538,13575538,1.2224084498231993,143.98358876095747
7,292,890,5027620,5027620,0.3650844723111017,43.264096957217255
5,950,2027,18390981,18390981,2.5985788788315403,151.03296131000906
5,1587,467,1620500,1620500,0.1807256383163356,17.3540166349874
15,1242,1330,26449720,26449720,2.0613376039095592,223.94311550475012
23,784,880,17755770,17755770,1.5406994308571897,147.73097685348858
23,198,1793,71140871,71140871,5.328563158994435,738.5955160045415
6,50,660,2221570,2221570,0.13656265888580024,23.753808793572613
9,1974,350,1677560,1677560,0.13743341161984116,17.04324427101735
2,47,1260,1661950,1661950,0.08770550356147257,13.938479275665498
1,1881,341,645182,645182,0.031833038998032734,6.956363508747482
16,1793,1608,41709922,41709922,4.372285271640052,456.7911154880519
12,515,720,6089050,6089050,0.4111813594886073,51.62722775822102
16,504,373,2284635,2284635,0.2940885954983464,24.57025227519537
3,1455,459,1095184,1095184,0.08418095548916006,11.355857892829414
17,1909,1523,40061002,40061002,4.3117268551032835,328.4699945804597
12,1575,1882,41966728,41966728,3.590650279824868,417.1502291925927
10,564,1685,26537075,26537075,2.2789093939588088,247.03760599496547
9,1274,1219,13463865,13463865,1.0993040387107966,116.38951239273023
4,2043,1709,12277466,12277466,1.230462891610774,117.33520092710103
2,146,2007,4345165,4345165,0.2671210721495486,43.75676532994343
14,612,1140,17619850,17619850,1.6252251894765959,176.7436441673395
20,631,655,8584440,8584440,0.8223230748643681,80.0616877383174
12,1496,1827,39490615,39490615,2.8474723529039556,345.99994706674494
13,1460,810,9074440,9074440,0.7042985749919609,80.1396855887522
22,598,852,15780754,15780754,2.3112113803333507,169.91280757717936
22,271,1341,38170234,38170234,5.831476469408609,319.0282664894072
2,550,356,326818,326818,0.05889527156110691,3.4321902606707875
17,1731,1836,57162034,57162034,5.252378336703021,579.5583603263892
17,1701,1411,34292954,34292954,3.7300531642769865,315.3773079365428
3,1560,255,531175,531175,0.07537566035209257,5.60353075713901
3,1116,1748,8084510,8084510,0.5079020686469622,73.57257358059158
5,710,1977,17067451,17067451,1.210384293166497,181.01585678166933
11,446,929,9064263,9064263,0.57583142914119,78.56877675587847
13,1434,1533,30434659,30434659,3.123453479270435,253.06861593323381
21,987,253,1537744,1537744,0.2743479373343836,13.608867149543485
6,930,1875,19351885,19351885,1.6893538783434636,188.62925648882518
2,74,1603,2707477,2707477,0.1581586628075664,24.167406328003047
20,881,1582,48992968,48992968,4.122137820888192,407.0713698905569
9,733,1992,33242506,33242506,2.894432115565305,351.26750892222276
9,1538,1375,17265885,17265885,1.7702821348476505,141.11265932396003
22,2004,63,211627,211627,0.12814508941588637,2.0288486969271724
2,1124,62,74286,74286,0.02596957867232269,0.7077861393117073
1,738,1553,1163207,1163207,0.08066158290995175,10.658756548859861
7,1631,657,3672640,3672640,0.2796235913724633,36.87385583429404
14,1378,330,1878370,1878370,0.23002998648154407,16.35686376501157
15,1190,1101,18308539,18308539,1.4898033253004603,155.81159197710537
24,151,493,5681342,5681342,0.44207321222627194,50.48606027577939
15,678,1501,32597227,32597227,2.8625414329866437,323.5321136671846
22,463,1259,33909916,33909916,2.5312963469341017,290.736855357856
4,2014,1904,14736970,14736970,1.2857790892237544,151.27720335406212
15,1942,627,6737125,6737125,0.5479938071282776,59.02612518079024
21,1664,949,19620585,19620585,1.5887780980492228,193.46156888687796
16,617,206,769008,769008,0.14925696961308094,6.618552527848458
22,1821,1370,41953520,41953520,4.579047908857386,366.4301068066285
24,1921,1311,42093598,42093598,3.2256658107801384,444.01516942212965
5,907,141,209536,209536,0.0667158798897564,1.9729335300603603
19,304,52,65998,65998,0.1000234797535565,0.5877324731553889
22,1723,310,2562160,2562160,0.2772953923798528,23.286831289595753
6,85,1985,19901620,19901620,2.0116409387140974,172.63333102835827
2,945,127,137678,137678,0.04064826313757365,1.306772670814119
8,1355,1551,18968740,18968740,1.96994395727629,197.7981578719695
18,150,430,3219850,3219850,0.2942868800962694,31.997531111081436
24,1144,1918,86870066,86870066,8.446295868936916,785.0382950987473
10,1332,1989,38294227,38294227,8.543046540967136,390.77526923319044
4,955,474,1133344,1133344,0.12128248658395283,9.56543611469784
22,1415,778,13836740,13836740,1.2436308850377575,148.72695105100274
11,1283,678,5480962,5480962,0.49379370874081346,45.87835544701804
2,77,754,635632,635632,0.06053201763539311,5.400692041710117
5,1611,375,1172260,1172260,0.11184792407907844,11.28784642576131
10,984,693,5018023,5018023,0.33975469245157414,41.76207038488036
2,627,1003,1646936,1646936,0.10314840974543517,17.81158806752139
15,834,1425,29652835,29652835,2.441643943014022,282.38241738742846
18,1546,981,17904241,17904241,1.653622098063424,156.6115697375505
20,1300,1214,29616754,29616754,5.232139510407532,261.1412654310611
24,350,291,2059417,2059417,0.39600865796975354,22.217907729134417
5,749,2036,18136698,18136698,1.9015017816389215,173.1890942436091
20,1903,955,19174500,19174500,1.54881001865805,171.41127903362138
21,1373,1193,30139962,30139962,2.354099940898988,251.73477570780545
8,1452,1338,14498578,14498578,1.645547674858118,147.42619254660764
15,1482,1946,55949456,55949456,5.394363517364052,532.373025848851
23,305,763,13065622,13065622,1.4052545209320193,134.20940253996812
21,791,1079,24171768,24171768,2.316540701458418,218.69085077863653
10,711,1982,36803768,36803768,5.7272376503651365,353.1265118262723
3,463,1372,4417850,4417850,0.3068649834454462,39.62806064289495
18,1009,1989,69316660,69316660,7.306967860556791,625.0745065377447
6,1597,1853,20156944,20156944,1.6997728433518462,166.91669907852955
13,964,1149,16976485,16976485,1.2630194644839912,165.03675024863145
11,1351,719,6156088,6156088,0.4305271763856766,53.65903170244432
17,1798,629,7478191,7478191,0.5496586979144137,76.82955976325015
16,1119,1903,56500080,56500080,4.6008942542019975,510.35663766664675
13,388,1507,27871975,27871975,2.271941725854743,292.4943577959682
12,1811,613,5257098,5257098,0.47520395814963634,46.19936009595035
22,1831,403,4161388,4161388,0.4386074509334264,34.36874012760757
3,1494,837,2662507,2662507,0.09587953217608162,29.178805904640484
13,837,1855,42887610,42887610,4.053663399966746,442.21244350554093
19,780,1852,63236550,63236550,5.799322168032107,558.5405333293086
11,497,770,6327870,6327870,0.542825658404717,60.27843659073131
23,181,637,9063246,9063246,0.8569209241558056,86.06448659177101
12,358,853,8327849,8327849,0.6622109360843985,84.48771075503873
23,38,185,766095,766095,0.2004542228254868,8.012254737895848
13,751,837,9054676,9054676,0.6656000767273907,80.63622348526299
11,135,655,4392440,4392440,0.38162129856984056,44.2040684867408
23,229,958,20441814,20441814,1.8966788548282159,187.55068641907314
10,2034,1947,38116429,38116429,3.114591984130528,409.62332546851445
17,881,1355,30606750,30606750,2.7246182603451063,284.98569043979
5,1679,1811,16186728,16186728,1.2095467855604896,169.920954550959
19,1407,158,676250,676250,0.14553892951503858,7.336806753921885
24,466,208,1099082,1099082,0.2330884241773425,11.558335886402215
5,1378,1493,10995955,10995955,0.7369534494180239,111.62721262891793
10,521,1151,12545910,12545910,0.9335257269228022,131.9142564625832
7,1793,1703,20483694,20483694,1.7646550441030275,178.23511523855657
6,1534,1936,21741290,21741290,1.7439782105493498,215.56584029635326
9,1336,1854,30010708,30010708,2.314909471831267,264.59034411780146
6,823,1808,17861242,17861242,1.775439944681643,179.59582383597436
15,1651,1542,35873098,35873098,3.8066418688076222,300.36465686634426
14,497,1171,18436234,18436234,1.2545316758076455,195.75728041139726
11,1427,1305,18919900,18919900,1.2302514977700514,181.0350873032053
5,1743,1925,18206660,18206660,1.464520268495995,168.7878317253819
10,151,1236,13960630,13960630,1.0610194271235327,118.6928897714149
12,1445,442,2797428,2797428,0.2077116469755467,26.752407460834768
23,1847,1872,80615818,80615818,7.301122324802092,770.3800326776031
24,1214,1406,47221926,47221926,4.624282422173138,467.09670251903265
14,1198,77,171181,171181,0.10710684724085913,1.7801432879469903
9,1131,518,2742302,2742302,0.21859444481831175,23.073775256561287
12,983,525,3559510,3559510,0.2772185688781649,33.230756538119884
6,1270,201,460501,460501,0.07098627479565459,4.937544044740624
21,290,198,847648,847648,0.1699624559500542,9.153326357488085
16,1935,1248,25809898,25809898,1.9530434840624165,255.00802884867977
14,1984,2006,56340526,56340526,5.90517129466697,552.64586514647
1,1653,1364,2269706,2269706,0.15651819463850272,19.904916010124282
17,665,1946,61937298,61937298,5.623634224656942,617.8580944205861
2,1105,711,1299718,1299718,0.09345320664505391,12.240071755165625
21,924,1842,69618400,69618400,5.630888346410945,618.5025711479559
24,1307,1308,41103910,41103910,4.058004713740986,334.832326095511
1,484,880,435610,435610,0.04789928943571584,4.711826392471703
19,692,873,14347765,14347765,1.354304695269465,152.67204768080612
6,1184,656,2938890,2938890,0.18323493206332794,25.100503221340876
16,608,198,713602,713602,0.13358732047230717,5.9659860502345445
16,870,637,6657297,6657297,0.5079507567086151,63.672757997094024
14,1158,1456,29280170,29280170,2.4510911723692383,314.23250763747836
16,728,882,12333898,12333898,1.0145432246486232,114.20682966897975
1,365,1986,746746,746746,0.06537795935149514,7.289306610856139
12,1152,464,2913002,2913002,0.23582492131817395,27.13508509251481
21,285,680,9462890,9462890,0.9387997814220622,85.65793033910582
21,1986,1677,59629099,59629099,4.632250277989148,646.178718036773
21,1994,1014,22617280,22617280,2.7580226964294425,236.64804793257466
23,424,484,5374830,5374830,0.5174992481465971,49.87905468973728
14,207,44,35342,35342,0.07570137860530025,0.3626709739964969
21,704,583,7226295,7226295,0.5604404631544108,73.03599212607381
17,827,101,249480,249480,0.10347368530357275,2.6583561767142956
19,1318,1069,22009651,22009651,1.8566510200705,182.1229663120463
14,334,1088,15778186,15778186,1.0914413895559762,172.1939606537791
22,635,795,13802800,13802800,1.0483079269881246,150.43016005857888
3,122,1605,5368735,5368735,0.38771003277849836,45.07827434863268
11,263,527,2926968,2926968,0.25682396115073325,29.798908657722933
3,1387,935,3057460,3057460,0.2030997859094573,26.84823542528044
10,1220,1953,36749611,36749611,3.222007287036516,401.4793208063404
3,2028,151,353803,353803,0.05892640267378655,3.3587337118400664
3,600,157,145549,145549,0.0422355455381155,1.4245087724960421
5,1900,104,242434,242434,0.04210680811031215,2.233306899769126
3,1049,1219,4266510,4266510,0.25970987066795187,46.564302245012506
12,1681,392,2357890,2357890,0.24255108863714628,21.933369759648393
6,60,1848,17215978,17215978,1.4257656163707846,168.67954802040657
21,1116,357,2958469,2958469,0.39480904635601693,27.134051086412267
18,1955,852,14029894,14029894,1.3797088864434666,146.3354395227241
23,1433,580,8251090,8251090,0.7686704112384976,85.55226035305166
20,1168,484,5030706,5030706,0.4254239594307487,42.74969121197532
18,1353,788,11644286,11644286,1.1139189849668212,99.08313395316425
1,1253,93,117562,117562,0.02629113689150085,1.1048383067291498
17,743,189,717076,717076,0.1936971613869781,6.0202255856775135
9,512,1851,28392499,28392499,2.7550241278133423,302.98300186452036
11,1093,928,9645642,9645642,0.7272061128929498,95.42753663515803
6,2034,202,618130,618130,0.09044135476249009,5.794619308913067
1,1061,941,1008762,1008762,0.057884890979021185,9.673965822005288
7,138,715,3178185,3178185,0.23644501224154146,33.335995875329175
1,1865,1613,3025998,3025998,0.18611649413464817,29.17974809979523
13,264,1951,46236759,46236759,3.7801550259708705,501.60465296123385
16,1184,1637,42177315,42177315,5.450106845293675,390.24496560271314
15,1961,1313,26743194,26743194,2.3529005859566623,285.8558646103234
12,265,1043,12265690,12265690,1.397617072268688,99.83461852363078
5,1809,1113,6985198,6985198,0.6565185103903475,67.73339245943438
3,637,434,658822,658822,0.07663891969929583,6.408012817845524
23,821,1595,57330690,57330690,5.887686562095659,628.4826828480193
6,536,1911,19314487,19314487,1.5325482076836425,189.25526406890904
4,1338,287,635141,635141,0.07567973624402279,6.406092732764928
17,1350,679,8311649,8311649,0.9713877006789831,77.89974516955093
9,1082,827,6381969,6381969,0.48761244752242056,55.666313575741434
1,1045,1177,1242922,1242922,0.06378435603349532,11.282295800001487
10,1817,692,5580990,5580990,0.48096808325157325,48.90071154723914
15,2009,509,4662450,4662450,0.35926033359214904,49.85306801754276
14,1937,1853,48270660,48270660,3.9076948979245474,440.1626166795909
2,1674,2027,7526261,7526261,0.9387837811783581,64.17834746096597
21,1229,1050,23373010,23373010,2.4727822395166976,227.6988045447019
2,1538,880,2138410,2138410,0.11802876432220007,18.116861104676605
20,38,1928,70757610,70757610,6.966768209795403,618.7992056486513
14,1266,389,2468993,2468993,0.3332252128773206,23.369559029447146
15,503,270,1163170,1163170,0.18984874792606501,11.718907949355799
22,724,37,56731,56731,0.12261733314912594,0.571069037154723
24,1729,957,22751728,22751728,1.9197043228690858,197.8173753975198
17,1444,69,177685,177685,0.12427936350385692,1.8432730441216425
14,1632,1924,51309242,51309242,4.123467962086146,507.93025271065596
7,839,1096,8145482,8145482,0.6845334590576949,67.23735340248999
11,1226,582,4113004,4113004,0.474711118697012,34.55795286691941
8,1089,1758,23580064,23580064,2.180742919158412,209.3703893896887
7,1841,1019,8123478,8123478,1.3726217443907256,88.61272717264292
7,997,1961,25061590,25061590,2.38059034972154,252.2055833016381
21,383,931,17720664,17720664,1.530783828595336,148.2865140913413
5,79,1295,6829840,6829840,0.49056949024616586,66.18878128398852
6,1386,697,3406249,3406249,0.22243424728535177,32.352033932555635
10,362,392,1532730,1532730,0.17317249925487843,12.964680169550697
18,699,628,7161094,7161094,0.5814078637783073,71.71439112453432
14,1505,1881,48872152,48872152,4.326439455442538,508.45616397339535
5,1521,1202,7625498,7625498,0.6041980383010485,68.99902951506965
16,409,1865,52984660,52984660,4.152403612990926,508.3833011534718
9,423,1079,9790856,9790856,0.7984997310160714,102.58132136849171
17,1529,147,574486,574486,0.16215206908760985,5.266947394089471
12,1641,194,736628,736628,0.12535083196834404,6.102063304648865
5,1554,1478,11056928,11056928,0.7025023352806479,102.47116041133451
18,2008,1291,30962063,30962063,2.7206873094491217,295.8255089208853
4,772,1103,4516795,4516795,0.30034714842289945,38.1128255739661
17,1163,2000,66380010,66380010,5.275978645084498,714.2975603747432
19,1804,1702,55262248,55262248,4.606238175341626,480.076438332033
6,1960,1579,15586319,15586319,1.2137911845913352,145.80936253989503
7,1680,1682,19829108,19829108,1.3510391721883084,179.2214481408302
10,1979,1496,23132658,23132658,2.0461750502609424,190.13087556880268
13,1128,1803,41084971,41084971,3.9912447477109114,396.79476322059014
23,896,2032,92726266,92726266,8.213293818669948,818.0726093667556
22,1806,1786,70268394,70268394,7.609167554035916,678.7267207651811
4,1288,399,997111,997111,0.11223316884038273,9.653633056045924
6,1663,1096,7846274,7846274,0.5729953433409479,84.25912225208623
2,667,894,1406272,1406272,0.09553165000553702,11.974787973922844
12,1865,890,10392540,10392540,0.9094636954273844,92.51907495446412
10,565,1744,28394074,28394074,2.0500647893142654,300.26943133536605
17,1230,485,4373255,4373255,0.6196444235982621,40.03796450560303
4,1035,1250,5998760,5998760,0.36183203817234477,65.70339777288818
10,1847,1506,23224036,23224036,1.7399663142457495,237.18923911435832
21,1849,1700,60996010,60996010,5.150932391485001,563.483563799279
7,277,1378,11798446,11798446,1.3188178175490686,113.17536200337027
1,526,1627,873709,873709,0.06716439573168827,9.438505686281141
15,1060,1327,26092811,26092811,2.4907889532441585,277.032923907263
14,55,1443,27183244,27183244,2.30177691928412,281.5306854914363
19,793,777,11505826,11505826,1.894237325371444,94.21632883001314
7,1435,1979,26372164,26372164,2.3232025852639837,276.58533780120894
17,788,1447,34680259,34680259,2.6304078803340185,371.0812206379156
9,1385,387,1741510,1741510,0.1759892706480724,14.805644992747919
4,107,847,2254724,2254724,0.1368659823645796,18.615649608948775
13,1966,1851,44796061,44796061,4.057345774445319,372.400567880134
18,1683,164,737846,737846,0.18004007531797334,7.604363246941241
3,104,1751,6336879,6336879,0.4469269160018966,65.11275554762769
15,608,52,70782,70782,0.09172948246858253,0.7140976859015066
5,226,552,1351858,1351858,0.0976264572319765,14.279528736744451
21,1958,1248,33632362,33632362,2.6943386224230523,366.7253198190955
15,415,1883,50468176,50468176,3.7525369577583545,436.27259697746825
3,1548,557,1489985,1489985,0.08084755095835174,15.826350206358113
2,475,726,880648,880648,0.05368194534876481,7.630995016693621
2,498,907,1285229,1285229,0.05883862102373446,13.641680311755179
24,1689,573,8538856,8538856,0.7384298946426985,77.61538977387212
13,1171,1253,20336200,20336200,1.5355433744403721,180.44494813701866
7,313,1695,17797510,17797510,1.2734749985764484,168.87913531619316
2,977,1990,5928220,5928220,0.43699644073965743,64.0553869598973
18,1475,595,6912720,6912720,0.6205782043975934,65.70787667527426
24,350,889,18518769,18518769,1.5983628456715555,169.458933353108
22,945,440,4495490,4495490,0.3888423161476068,41.847585476004795
19,1906,395,3572785,3572785,0.3718390680416235,33.14773343398008
10,1449,2018,39615368,39615368,5.708914244032842,397.71631848963517
1,1882,561,1061983,1061983,0.08521294996974199,11.503417263225483
19,717,1886,65432894,65432894,4.7127653934508595,664.4304854533669
14,886,232,910842,910842,0.125581931781815,9.41136620720472
1,1241,1982,2481474,2481474,0.08169675628327394,21.76030236447878
1,1471,876,1298242,1298242,0.048412886989152706,11.754135060259424
11,542,1428,21195814,21195814,1.760625866308051,204.1663999522252
17,875,2002,65933878,65933878,7.428725119928058,663.8651175931499
18,783,1094,21233456,21233456,1.63398558441964,209.49739361128033
18,197,1887,60957658,60957658,4.707315816526869,582.9832059103312
11,1538,881,9135099,9135099,0.7515274562237334,86.84855426756813
15,727,894,11861602,11861602,1.0867391316096575,117.00306718983317
11,1014,1941,39683755,39683755,3.571645711006325,360.4029495185453
1,1406,1831,2594537,2594537,0.11126992088947614,27.829620205610123
4,128,1894,11030666,11030666,0.7278106012925336,110.44853593021318
15,988,1446,30737632,30737632,2.8995698580530913,286.2666085748528
6,214,744,2938810,2938810,0.17910922164073398,24.768868819118325
13,1073,1838,42553386,42553386,3.3047481576507556,391.29430555796637
13,1548,1463,27982811,27982811,1.8087448508849244,279.0268699355759
9,344,518,2334636,2334636,0.16143805725885446,24.08619736924356
23,1901,669,11140198,11140198,1.0652603777789622,119.8211408892679
11,1321,1905,38846770,38846770,3.031914804092598,342.57543658914926
20,1183,514,5643216,5643216,0.5399283264327072,50.27508285170191
15,1908,1234,23703916,23703916,1.887718629846068,215.54532126168
24,534,530,6761750,6761750,0.6183970469512602,57.16683106300686
1,1707,206,353918,353918,0.03162273843854042,2.877086521513018
9,924,659,4095695,4095695,0.26741027190900024,42.13571570893048
1,1233,1772,2204378,2204378,0.10564115280205691,18.032639683592006
3,1387,465,1083460,1083460,0.0656159709147747,9.949687825951907
22,748,782,13451974,13451974,1.1136882309915526,129.6255586880017
14,1835,1994,55395324,55395324,5.426511251927141,461.6863576298225
6,551,1662,14753584,14753584,1.2509371298891045,154.66027862799538
24,1301,1708,69377262,69377262,5.717110161910609,582.0589624725242
24,183,645,9708550,9708550,0.8220090339150902,95.0471971760804
4,1412,69,112687,112687,0.04539004611999115,1.095026846491233
11,888,118,246512,246512,0.07161092127369477,2.4626621845951675
12,520,1394,22131154,22131154,2.1436432979265376,212.81692492945174
3,1110,1728,7912522,7912522,0.457008002451542,75.94488652425777
22,1242,1740,65796370,65796370,5.850537271522343,672.3203111671462
8,1734,1954,30150230,30150230,2.8469561837539272,274.42805401588436
1,1386,1640,2291090,2291090,0.12817064024769273,23.312688519511582
19,342,617,7081319,7081319,0.662882651926663,73.5176218530922
17,184,815,10799575,10799575,0.8823770587282495,112.09315258309367
7,1589,1849,23482310,23482310,2.2572858936176123,249.0528840552637
24,1010,398,4058814,4058814,0.3828859639673156,36.27900171936831
24,1772,470,5929530,5929530,0.619023646533833,60.57345948662175
24,1317,425,4728560,4728560,0.42840939709297765,41.76747564082503
15,1082,1570,36246600,36246600,3.1530938536421855,298.7381468637566
1,1156,1593,1859041,1859041,0.06724219859513027,16.62422986622799
19,1823,1132,25162106,25162106,2.1163440234998303,239.08227425006925
11,1656,1644,29784358,29784358,2.85091071577452,275.68911035884696
2,609,2010,5288320,5288320,0.3736481091715929,55.47189198546417
6,833,596,2282094,2282094,0.17384607732226245,23.553781527192527
20,1855,1892,71580046,71580046,6.264640138307242,685.0565227254978
8,642,316,907562,907562,0.09215217527046715,8.082663378882897
3,255,955,2080000,2080000,0.10440837123061342,22.036547868911654
12,91,1460,23612590,23612590,1.7153823368609875,216.65201196148885
20,206,1210,28103470,28103470,2.502853478456982,301.44557877395556
15,1276,617,6132373,6132373,0.5152898768951045,58.503696722597105
6,598,1754,16459546,16459546,1.4068150972956566,155.76459667538043
19,117,1698,52145590,52145590,4.4309684812503445,510.86740004276487
14,257,214,655492,655492,0.14081925879072615,6.816390229321886
19,1243,1596,47880010,47880010,3.607391827551232,465.20698800738705
19,1538,1468,41090798,41090798,3.216929799365458,436.7862940715669
23,1297,1549,54847002,54847002,5.798659935821055,469.3440971428761
13,1980,922,12047784,12047784,0.9812756594136554,107.33123486206601
19,346,511,4891813,4891813,0.5466243056900807,46.75344704522693
11,1695,1528,25969898,25969898,1.9889999719015983,222.28560132165998
4,181,355,447310,447310,0.07626228428720812,3.6768566858268112
12,941,327,1491130,1491130,0.2229387381068659,15.478757368050173
17,353,802,10596034,10596034,0.834250958161118,112.28625719853133
23,529,1415,44844190,44844190,4.225844039930824,385.5536271387198
19,963,542,5825426,5825426,0.5104038483260785,59.30123259671133
7,329,1367,11685126,11685126,1.1774814116604135,97.23549456607219
22,509,119,361770,361770,0.12341122965546741,3.110619532973767
15,51,55,46540,46540,0.07070566299474396,0.4987781203355205
16,844,1434,32092930,32092930,2.4889679056726384,277.90801709689265
9,336,1168,11328442,11328442,0.8188822408976885,112.41172076294188
4,1826,358,1043222,1043222,0.11279740117661971,10.807945404281908
6,1332,1012,6484906,6484906,0.509757725969754,61.606893599162404
22,1625,1262,35536668,35536668,3.3246916090996024,343.94509532342465
9,1851,2032,36832042,36832042,6.731787223712697,358.39545935182457
18,1450,309,2079889,2079889,0.3307331539261944,18.688381228145907
19,1002,114,351472,351472,0.12399068423341038,3.37543989803021
13,1085,1576,31551530,31551530,2.5295591528065717,273.9328324933906
20,1677,443,4484942,4484942,0.4599710675675636,48.26596411298458
6,77,377,745716,745716,0.1025473392467598,7.656332255028328
9,1466,293,1121907,1121907,0.11387228122509689,10.396658572028262
9,267,1013,8499080,8499080,0.9426354773348634,77.96606825311659
22,1946,1075,26394485,26394485,2.524720223645132,239.4801386334634
19,1322,2002,74848784,74848784,9.1650244143654,697.9788361343798
8,1696,745,5162115,5162115,0.4497546607125775,54.77482244637694
6,745,275,587410,587410,0.08131620376526145,5.2965036569416135
22,1930,330,2934370,2934370,0.35272641186218784,24.532935561686728
18,1747,1504,41123882,41123882,4.007167029025688,427.30673613264315
15,1494,1623,39343153,39343153,3.2824846188116714,413.0098286511504
14,775,395,2343940,2343940,0.24291034591026187,19.82891981556427
24,1462,466,5691734,5691734,0.5721081345784365,56.702093177333325
4,1305,491,1370882,1370882,0.1063964856978461,11.840266724872667
8,780,1662,20661994,20661994,1.6214655962941156,221.79901601316175
22,108,85,163635,163635,0.12919524306389976,1.4900917137662821
8,245,1405,14187700,14187700,1.0552496638759294,148.99788630618409
20,1262,233,1332537,1332537,0.2103144953234875,13.701973015221869
8,1561,1336,14603826,14603826,1.3135481259499724,145.30216403371466
5,1263,492,1597042,1597042,0.12287205928601551,15.857593410882759
22,1680,1186,31568958,31568958,3.0583306339326293,284.67316944403
4,509,875,2754510,2754510,0.18116488728403002,26.180837276924162
21,1385,1192,30105162,30105162,2.9607803428189707,308.33211202808354
14,1209,514,4068320,4068320,0.39858570795889986,36.689970826699906
23,1279,1217,34180672,34180672,2.9561079235576178,292.20455990014466
20,875,1573,48435826,48435826,3.6814503244774097,454.0619943969076
18,2046,1720,53860090,53860090,4.719080089507839,474.45188268811665
15,1600,1909,54122069,54122069,4.224601382966498,514.5898858085253
4,1759,471,1500616,1500616,0.137496849315163,12.312887823246822
10,1051,849,7396498,7396498,0.5453407283808225,73.81425670988246
19,579,1786,58502226,58502226,4.026326106092607,556.2138451410583
3,1915,999,3922084,3922084,0.2859797788953788,33.88555075115746
12,1670,1594,30646254,30646254,3.0349137825757286,252.10623133676236
1,1557,227,355946,355946,0.04861244308712283,3.6316310669662095
14,1452,1242,21886534,21886534,2.100313780198028,229.58835046978652
7,82,533,1757311,1757311,0.1236136783237241,14.615495423808374
14,1643,1898,49995228,49995228,3.819824177870839,478.5233974879496
14,1738,389,2652601,2652601,0.2363845869202535,25.32740123059551
7,989,1535,15681570,15681570,1.289338314762945,161.12354508114487
5,383,292,457282,457282,0.07738805386169374,4.6850301157265966
19,1629,1451,40302986,40302986,3.5373363681857932,394.3566511331814
11,670,55,68265,68265,0.08304459331060848,0.7297743906135683
19,1253,1470,40780750,40780750,2.873163096401703,398.14736283636927
24,957,675,11148310,11148310,1.063731539765988,112.09709534141686
10,1517,880,8322170,8322170,0.6108020421940794,81.46420156308834
23,868,1347,41130655,41130655,3.7106395888056056,418.44615418416936
2,865,866,1509448,1509448,0.14376952874995108,12.976277093089688
13,307,1303,20803708,20803708,1.6925826089193745,211.71525534402898
5,312,1749,12807937,12807937,0.8094560480379194,138.05523277300333
5,1452,1786,15379256,15379256,0.9611349381638465,147.0683271775323
18,112,682,8002598,8002598,0.8347840172280099,74.35925132247901
11,649,2013,41870410,41870410,4.05210455138337,342.8133391333063
7,299,1800,20008810,20008810,1.4690929720580366,192.5409281798237
24,1964,1885,85490415,85490415,7.028766051037548,737.5738869002048
15,1660,1892,53303326,53303326,5.574018310631024,484.84285551038624
12,927,741,6743110,6743110,0.6418165221918801,70.5458670381322
23,1788,1924,84942686,84942686,8.236069573306205,795.5284688578553
19,210,739,10006809,10006809,0.70748862417522,83.4132254006326
13,1719,363,2213584,2213584,0.3079458770589733,20.436444618029192
5,1826,345,1111255,1111255,0.08612653557688153,10.489778478012573
12,326,1235,17207265,17207265,1.8555338289886951,187.9117999883712
16,1274,384,2711050,2711050,0.22802013457604087,27.641659111969357
2,48,1223,1569119,1569119,0.09524607390261729,16.145717395063027
23,1883,1397,45612060,45612060,3.6194943298646307,441.40836552105907
10,1268,580,3774650,3774650,0.31963842864103487,38.04074109061111
3,1528,216,426178,426178,0.053654179583509425,3.6361656965050466
24,1431,220,1435510,1435510,0.22621495219560342,13.984715054282022
17,453,1934,60774026,60774026,4.920600320322713,581.5196641658947
5,585,819,3174454,3174454,0.15478494119547437,30.05443824859249
8,925,695,4036570,4036570,0.29810447587810524,33.943477810130986
15,1890,90,285760,285760,0.10468274639866362,2.640484430522525
9,2043,2010,36465430,36465430,4.877560987150819,358.47014264947137
10,1385,1207,14807486,14807486,0.9605707276589285,132.14447730668644
9,540,481,2119777,2119777,0.1775915897055622,21.915037437845243
5,1187,1536,11283466,11283466,0.8096533511782047,120.11718711483122
8,1810,1342,15059934,15059934,1.3984649263244489,155.27931809230748
9,1955,83,218964,218964,0.07066387208280946,1.908001615285673
15,57,663,6208342,6208342,0.5549478635726022,59.535959566173766
23,920,1461,48351805,48351805,5.06844266697861,525.0135885425697
9,1921,1423,18960062,18960062,1.6297964594688683,175.4295233810797
1,827,75,62860,62860,0.025799241009434627,0.6868956093008937
8,855,1734,22561084,22561084,1.6444578228792355,195.93016809767806
13,1282,2033,52250143,52250143,6.026895870838019,500.40330626948116
14,1880,210,973150,973150,0.16918436372719212,7.939905310570329
2,694,780,1159090,1159090,0.07867865779355689,11.117211568604647
6,2013,613,3122632,3122632,0.21508841530772338,28.11558006222707
14,580,1394,26104054,26104054,2.542027939719819,278.8561932504739
10,1184,960,9450250,9450250,0.6678622480414206,84.01564849377881
22,1412,769,13529027,13529027,1.3744598722061967,120.04551584919409
14,1801,81,233128,233128,0.10736538588978893,2.079049725987878
8,1031,136,272146,272146,0.08142949318754833,2.8018739548334617
12,610,1404,22570714,22570714,2.1496743780653795,221.16663229381274
20,382,2001,76900441,76900441,6.384576664039702,712.700147169045
22,406,1473,46209493,46209493,4.510166571552505,420.79588488612745
4,218,313,366533,366533,0.07823851106647858,3.102188831166737
4,1378,913,3771613,3771613,0.2618325880944294,32.38402894122268
10,152,1794,29274502,29274502,2.48991165941394,318.6297241042035
13,1812,211,921447,921447,0.13450522166156328,10.102395240024359
22,1019,890,17569500,17569500,1.9614906089356963,157.39452215335254
6,405,49,32644,32644,0.05778980802031863,0.31489975097530504
18,946,1775,55289485,55289485,3.665021711094435,477.9587808811447
7,1532,253,775961,775961,0.09503686553641404,7.4445642643331675
22,419,772,12863846,12863846,1.2070871594114518,113.65943500079231
1,262,1379,376477,376477,0.0445072660928177,3.3742894133390218
14,447,466,3042524,3042524,0.26089044115502497,26.398687480033452
6,1677,696,3600418,3600418,0.24260921873090793,38.418397630219225
7,908,1645,17757785,17757785,1.7360407444485004,166.16909998210193
8,1700,1467,17584939,17584939,1.5395241828985853,175.75689551937137
15,1380,1969,57043909,57043909,5.040920341516166,544.715311935236
6,1490,962,6076002,6076002,0.5071742099877278,54.27961628738725
21,1234,251,1577545,1577545,0.2343493095826749,13.361182131537888
3,249,83,35534,35534,0.033617388415212744,0.3496604976630231
2,320,492,405418,405418,0.03282857084972372,3.4842093898513213
15,932,1097,17897565,17897565,1.3217931353709438,195.5326840482011
23,1147,855,17091460,17091460,1.7325663899425705,177.16515043542464
20,984,779,12319895,12319895,1.219103393547616,115.6795690552538
15,1459,1109,18864100,18864100,1.7579257601259202,169.03039952952787
12,984,1276,19193602,19193602,2.8494248546153127,206.02961833278144
20,161,640,7904650,7904650,0.583996085044982,71.42853763149665
16,502,633,6344569,6344569,0.5425352881158888,64.23460736792241
7,347,1462,13356842,13356842,0.9624024238577613,111.33558255832975
10,1668,236,899642,899642,0.10833066241352828,8.008429991286219
19,881,239,1245678,1245678,0.1808550869965177,13.605177195694312
17,1809,957,16410646,16410646,1.2217972569418039,165.50144779792052
11,313,891,8236414,8236414,0.6908719357966056,67.22980538116133
2,728,716,1042506,1042506,0.05836349234852154,8.590120652050498
9,1786,96,247018,247018,0.060311009895832934,2.009953369516227
2,1540,1072,2812938,2812938,0.14203972392238143,29.36046522656097
20,1655,1121,25765074,25765074,2.7778579652648006,236.6477980470258
11,1603,1984,42584586,42584586,3.5981290612375223,389.29350205917723
14,34,1445,27228145,27228145,2.1511234727979547,251.97641506103025
16,1084,664,7350490,7350490,0.5987501156408376,79.5416447179544
16,890,1227,23706877,23706877,2.1443218361129066,253.37867801233548
9,102,224,428522,428522,0.08627780934328728,3.861394313755163
22,246,1541,50296709,50296709,6.842815020223946,456.067248467419
7,1366,1756,20929774,20929774,5.0869286399714335,216.02945880504782
3,550,1462,5098004,5098004,0.3406837223783899,51.23410650084748
16,225,1294,25441344,25441344,2.3571036551987063,267.6981978611275
17,1801,1096,21222954,21222954,1.679967761320171,175.9067503432552
10,1415,1443,20810956,20810956,1.8819327474862333,224.02267408766593
13,885,1428,25766842,25766842,2.1685251308417386,265.5291933108688
22,1945,1902,79729948,79729948,6.422124878973715,825.5593183487151
17,642,323,1885361,1885361,0.23191160345114592,18.58830860383547
7,2033,574,3153566,3153566,0.18675140442973057,34.41001041668143
1,609,869,538790,538790,0.03850630805097102,5.7648254008736775
14,1749,1936,52157786,52157786,4.1532215710540825,441.5366348402897
5,641,1109,5647038,5647038,0.4219884776886908,50.24713655795394
1,1299,902,1181630,1181630,0.09438842937817798,11.694077215210307
11,1523,845,8444940,8444940,0.5746023114263068,82.54281025744953
2,414,741,864757,864757,0.08426044674464199,7.891178559649772
2,1531,572,1209790,1209790,0.06552202210372217,11.739738471875967
11,2011,1781,35338612,35338612,2.626515058541887,377.8027632685898
18,377,1162,23424768,23424768,1.825130771506831,238.5181444226414
10,1281,742,5920428,5920428,0.45620632832383445,62.09114805838258
17,1676,874,13710448,13710448,1.0472207619521137,123.99863240571237
15,856,820,10136030,10136030,1.9325359813903187,91.93931046364338
15,902,995,14782725,14782725,1.6907338543850035,154.58170539545708
1,476,1111,541067,541067,0.05582553227811837,5.1713697147615605
5,174,1415,8276345,8276345,0.5714654561445756,70.44889680373392
12,484,1238,17485522,17485522,1.564180957989527,168.5537269340748
1,572,1479,862267,862267,0.07850293051413065,7.537335554340665
10,1252,671,4905691,4905691,0.3896694086042131,41.988805940990524
16,1175,1154,21361704,21361704,1.810994696608593,173.56030965875635
8,1901,1023,9288850,9288850,0.9176472270638946,82.45455540111506
11,2042,1139,15322977,15322977,1.1937927731645221,128.85749475717074
24,1422,971,23099129,23099129,2.2006900337107704,192.27018298148374
16,235,86,133396,133396,0.12037921969420294,1.37465258387517
3,911,1331,4772976,4772976,0.3586373107256082,50.733138664858984
23,305,207,1012654,1012654,0.22527290006126835,9.265972283834477
9,1501,1173,12790402,12790402,1.0823336659457004,136.62031519756746
18,1368,585,6634495,6634495,0.5533257565204864,56.50773445143582
22,1080,1947,81772063,81772063,8.264900009160616,859.1992532880291
14,453,221,740360,740360,0.16213151670991843,7.340338006482958
11,2004,545,4073885,4073885,0.31950848462777415,33.12794961212615
2,262,608,536266,536266,0.04542041617065677,4.96040131707268
17,1390,1936,62712858,62712858,5.905476978375284,586.0160421303974
15,1826,289,1704243,1704243,0.19973809915788068,17.583815394468544
17,1976,252,1520830,1520830,0.17399045352461587,12.934421922937442
12,953,306,1328356,1328356,0.15253265834199128,14.28117284574102
1,1631,1532,2515554,2515554,0.14287816833212838,23.773049757087467
13,1433,669,6344806,6344806,0.47027589146895526,68.81017991424544
8,1908,113,307031,307031,0.07169922552001314,2.744289717302419
6,336,1100,6437210,6437210,0.4149444967522162,65.43483730974434
16,163,1773,47488042,47488042,3.497221041699912,493.7148937189587
24,845,934,20885184,20885184,1.8482185876866777,220.10645850103154
21,1740,1824,69769834,69769834,7.010099520841343,580.4898554651996
19,181,196,732658,732658,0.15162861898083516,7.337238373653306
21,1234,1169,28810015,28810015,2.423968769939886,307.7607323972441
17,1511,432,3650410,3650410,0.2706689467486761,31.503941726582134
24,1690,1766,74775982,74775982,6.20758771405039,794.9552207932949
3,200,436,473070,473070,0.05176563069990559,5.030152212678992
22,606,429,4138573,4138573,0.4772305800019937,40.455339345506545
24,690,539,7072229,7072229,0.6254972851778745,62.803575563786104
5,812,298,601672,601672,0.07693968541881956,5.808047287280038
3,1091,1968,9918730,9918730,0.7800027510409745,107.9701740226927
24,1241,258,1859932,1859932,0.2738435805872068,19.40706047041293
24,772,494,6011002,6011002,0.5604983425603217,52.498658944955885
13,766,697,6379651,6379651,0.4441499003247837,69.61156079548134
7,979,1772,20604826,20604826,1.7289529579075993,213.4725637060526
2,1167,79,99392,99392,0.03197350011233433,1.0666356520943796
7,52,581,2065465,2065465,0.18123052516073251,20.054090653387405
19,175,1286,30030682,30030682,2.8901912368885196,300.4697822495917
22,1981,590,8497780,8497780,0.6764985898454359,85.61520913609422
19,644,1982,72043728,72043728,8.255508322368643,669.3620694688899
1,1586,80,127770,127770,0.03406571354639708,1.050440355621023
17,674,1079,19384245,19384245,2.0152713019879998,172.4652207170517
4,187,272,276634,276634,0.0554303948891585,2.7553509865612877
19,1977,880,15704490,15704490,1.2464699864494033,151.11891726799337
9,1967,1316,16468434,16468434,1.5475300618874137,134.62054013449534
20,1044,1601,50420303,50420303,3.684728454238109,477.1608242332828
4,1990,728,3048874,3048874,0.1662436684426079,26.786985021970544
5,599,1827,14473504,14473504,1.0312701434511662,136.04769228981846
21,495,119,345824,345824,0.15681179275197274,2.9367519517705247
16,1786,764,10139818,10139818,1.0127754460510858,94.5768585802808
20,524,1802,62695194,62695194,5.408877026246755,606.4857323345149
17,812,1557,40094317,40094317,4.003268535141661,370.2486116370176
17,1649,212,1074426,1074426,0.16183389889588984,11.364093241388082
6,1498,215,556645,556645,0.06538096058694755,4.867088606473725
20,1746,1606,51857750,51857750,4.91846813296012,520.3388069721991
1,389,1282,512810,512810,0.04894863621837487,4.978323376864781
8,820,1235,11711515,11711515,0.9553856452869615,95.62924668158401
2,1609,203,370282,370282,0.04672480182844065,3.158611104757283
10,1465,1326,17793604,17793604,1.4379964579220033,156.19340460982625
18,688,1474,37990886,37990886,4.64720629849152,388.39202261333384
3,845,1285,4404990,4404990,0.4471029259730431,43.27825798782625
14,1557,637,6282104,6282104,0.6296001898766301,61.0179990423221
17,802,926,14487280,14487280,1.6875258900008905,153.30115270706366
19,1487,1923,69478000,69478000,6.534322543706197,720.3698263640318
15,1258,324,1885366,1885366,0.31313442074485204,16.24684346519392
14,145,965,12269020,12269020,1.478959292197752,117.99580160029114
22,169,601,7706032,7706032,1.252075496766805,70.61693148254282
12,269,1914,40854340,40854340,3.318038095078067,340.90106700796815
17,1007,310,1858150,1858150,0.23310750291837526,18.816331337874363
2,1594,119,205285,205285,0.0376356483377982,1.9603953352919603
13,913,105,230590,230590,0.11646600609534087,2.512136185409159
23,1395,1442,47805194,47805194,4.243215931169642,431.7685760073838
4,536,334,518378,518378,0.07614696540956856,4.844799773682183
14,1030,1641,36737077,36737077,3.8228260681649457,307.22729645137605
2,1904,791,2141247,2141247,0.25536781394097036,17.580552057247218
24,224,1859,79964895,79964895,5.979360059600204,792.3469842815039
14,1005,1961,52009652,52009652,6.43306840861905,501.9963173726314
9,773,372,1401706,1401706,0.43750497457457965,13.266471932110427
18,798,325,2064085,2064085,0.3655018071212156,18.568192343041435
21,358,1941,76104679,76104679,9.720455998972646,730.7699838571573
15,1865,839,11440614,11440614,1.0165451937176246,101.52892089960102
4,1639,489,1525690,1525690,0.09460314884433368,14.625639479992781
6,371,320,635850,635850,0.06039106794795269,6.224876463074495
16,288,90,149770,149770,0.10689718923458628,1.520588611487262
12,915,1709,33728834,33728834,3.5302049427383477,318.23224343243487
9,507,1314,14503942,14503942,0.9919880771893048,143.66956991903712
7,1106,1346,12381864,12381864,1.0216679540656568,134.21680122685711
19,1661,743,11192562,11192562,0.9677927411219738,100.28361605223053
9,452,993,8356105,8356105,0.8948604882960012,74.34571624944786
23,686,1441,46718671,46718671,4.176959518216908,450.8991432890212
18,712,816,11923402,11923402,1.0435764392029359,116.92789830890146
15,746,1195,20913705,20913705,2.047406866851771,216.11544843444238
13,233,1386,23406778,23406778,2.2998124574086787,227.07838602498524
21,278,2034,83371636,83371636,12.445338513419303,763.2471616716093
7,306,654,2777548,2777548,0.2610968224995,26.443499990367872
22,336,582,7327390,7327390,0.7984230058172801,70.19653513392845
20,1773,1014,21363976,21363976,2.910916594057214,174.44632483861466
3,451,1487,5112316,5112316,0.42934369002212475,43.915449784155726
13,1813,448,3230986,3230986,0.26349861969549676,28.89898054457763
14,555,1239,20673964,20673964,1.7227775339815499,189.2800995003627
16,1272,740,9174530,9174530,0.7235876849185764,83.01422375899219
24,717,1749,71670532,71670532,6.346960691344236,590.4646594343117
8,390,1307,12491009,12491009,0.9492499949053,109.77499933848563
12,601,2015,45917830,45917830,4.104480748775142,438.9736889389284
8,1785,1239,12979774,12979774,1.1042621444927951,112.04614286976299
4,758,803,2554353,2554353,0.15996714340712329,26.862032806503798
24,116,1224,34641658,34641658,3.054972420184574,280.93690203519196
12,851,741,6686794,6686794,0.6589727724810426,58.64317256852991
9,1399,672,4565578,4565578,0.45697048084659286,39.81556266578064
4,572,1134,4522402,4522402,0.3108201716991721,38.576172926269024
10,1645,1613,26101576,26101576,1.9792705632255199,261.12819140772905
24,1664,540,7623730,7623730,0.7916847702411866,62.56767812684049
5,866,628,2130814,2130814,0.16878675047768288,18.35624885047053
24,876,1793,75573167,75573167,7.2502472311352975,826.584972112908
20,1176,537,6126643,6126643,0.5831904283999917,53.18489375511731
5,1811,1100,6848610,6848610,0.4714174676482516,72.36254781610951
24,471,574,7867828,7867828,0.6335629671026048,67.14847091821194
5,1512,1075,6264035,6264035,0.3808286857847157,59.09363582294194
19,255,1540,43126170,43126170,3.7358300153437978,395.32360368196436
16,1959,338,2384600,2384600,0.29645137722661186,25.60039070185132
9,283,1534,19288526,19288526,1.7456897061097982,206.26828710675417
4,728,1320,6206650,6206650,0.5803511498814247,58.31745888573161
13,353,720,6491530,6491530,0.7401865766743346,57.329004182052614
7,1647,579,2974912,2974912,0.3033505828174868,30.663927506809575
1,1149,1337,1550930,1550930,0.2785435246876871,15.489865104976657
17,1997,1345,31666690,31666690,4.071672923849322,288.4875512208087
22,940,865,16553515,16553515,1.738560823219854,153.98681567269952
11,640,1130,13515940,13515940,1.4704329498988944,128.441944914347
3,500,1761,7105645,7105645,0.42820299972814213,76.91483736468304
16,768,102,237058,237058,0.10844480607313745,2.108241316330498
4,1049,1523,8577546,8577546,0.6894127897724024,71.36509550018563
1,1689,595,1011510,1011510,0.07643139724242311,9.08273249849441
10,665,471,2319214,2319214,0.2811693161299039,25.354891518853833
22,1608,376,3585546,3585546,0.46333245859979805,30.478951247697612
19,1096,695,9476335,9476335,0.7353906819190239,90.55739785629144
2,1572,1834,6268622,6268622,0.8273948259001199,61.58834073140199
9,1041,1801,27857878,27857878,2.534659065077324,286.6288387448235
5,1106,758,3147984,3147984,0.24735312582778124,34.4086642367183
24,486,64,127498,127498,0.14103399095840866,1.3389363196510398
15,1066,1070,17195980,17195980,1.7711521049454526,139.7193303889456
22,1158,606,8433106,8433106,0.7782716266111108,92.48465960807371
2,392,92,45642,45642,0.023595082606379526,0.4287319619535088
4,1436,75,125635,125635,0.04534726806009356,1.256339776044481
13,345,1914,44665114,44665114,3.4740532004145064,435.1862675071123
4,800,1748,10589394,10589394,0.8458462307782765,98.34525364315422
3,359,513,717184,717184,0.08476969062557886,6.289854317083182
8,1966,1495,18611265,18611265,1.2507967248810217,185.86513884509333
10,1726,1563,24715729,24715729,2.0518979484257267,223.676231577249
9,1055,1784,27377274,27377274,2.4380548830581845,255.38039773948535
13,1126,1364,23893198,23893198,2.1684391922777264,255.2015023259957
11,1577,407,2306886,2306886,0.258357937947296,24.434441959335768
11,847,875,8415760,8415760,0.5680760871502702,77.52263896737105
21,265,1053,22487878,22487878,2.1889765760891544,229.33128272027776
14,1935,320,1958090,1958090,0.19286754421984076,19.004258549857948
4,556,550,1221010,1221010,0.1089951140156629,12.017543723567046
1,1920,1439,2778719,2778719,0.13803205807359548,25.033184757365905
23,1208,1195,32899555,32899555,3.2782137657870964,317.66674771091755
15,100,1509,32067769,32067769,2.9263839315456455,273.8380707335548
23,1453,1709,66794566,66794566,6.387191322824553,633.9429691769863
24,1492,1110,30032170,30032170,2.284738309949505,319.26811359184654
13,414,1520,28389050,28389050,2.4530631192376466,297.2069388120316
16,639,1958,58808540,58808540,5.905448993238041,545.1013740745557
9,1161,1392,17143882,17143882,1.3757148531490297,172.11279355257034
2,1719,1092,3082726,3082726,0.18435913196258158,32.24852500592338
11,202,727,5447421,5447421,0.44176541674501263,50.91473857718608
5,1286,1316,8639550,8639550,0.7013679440494295,70.62358656002928
1,1238,1199,1497561,1497561,0.0971076637514488,12.339135272941478
18,1254,525,5358685,5358685,0.5310183908211606,49.6451656684283
4,630,239,325289,325289,0.05592754158832313,2.8307384230508226
18,645,1832,58288754,58288754,4.910512024486645,565.181883703653
13,1454,1495,29028425,29028425,2.7386503432642977,310.130313138243
22,1151,316,2470814,2470814,0.35228288582607825,23.695532714936107
6,1046,1076,6931602,6931602,0.5658467863019687,59.483214851023384
7,208,1385,11820985,11820985,0.8614523568196975,118.25691213658745
12,221,1612,28975710,28975710,2.748707628273837,259.13732774411733
13,1147,907,10932988,10932988,0.8419134747228724,105.98331718194218
11,129,82,79550,79550,0.06869237374268994,0.7380072449860224
24,1015,1853,80916814,80916814,9.153435451626525,810.8627227716943
9,1917,333,1531810,1531810,0.20545434848664212,14.350233841938996
19,1547,1126,24596354,24596354,1.9433171728864667,216.75896524833252
12,1298,1533,27874549,27874549,2.50155879757164,261.58880636229776
13,230,60,58390,58390,0.07655905582018724,0.5655109252490463
10,152,1271,14757591,14757591,1.8628104590481525,145.68144344413204
20,1883,1661,55597002,55597002,4.337146977072679,507.52311737716855
21,1652,1330,37616400,37616400,4.213688409068594,366.7376580617295
9,1755,233,847664,847664,0.13728766358846375,7.544748551699788
6,798,1055,6423905,6423905,0.4725583760612456,54.748383985769046
17,331,496,4113834,4113834,0.2941043199711527,40.035866570599794
9,147,947,7331684,7331684,0.5450448597693854,65.32655590945963
21,1857,1850,71942810,71942810,6.1114752966697665,655.2281322289607
22,937,1234,33173632,33173632,4.183668359047491,301.1873878386108
12,1069,1547,28013086,28013086,2.6131361137657207,263.04981149746
14,1835,1845,47682190,47682190,3.656641637622879,476.62363523521606
4,395,360,536050,536050,0.05809997087140198,5.5898661001592815
8,1207,163,385668,385668,0.09892562532496099,3.2704899203960767
8,1386,1812,25527466,25527466,2.375505989514745,248.81119656251016
8,1537,1700,22873510,22873510,1.9725264773414015,199.34476106522857
6,1783,286,923504,923504,0.08702383602184945,7.565810394101445
6,1906,1160,8957530,8957530,0.7829710432478825,96.12504140179459
23,1627,1406,45824362,45824362,4.816950664426981,420.7585009471356
15,265,1013,14660146,14660146,1.5257411878910025,144.2878682683597
3,915,1369,5018764,5018764,0.32711527184566375,52.30030013028005
4,2006,254,706638,706638,0.06580533852606485,5.869381727338076
20,257,219,974122,974122,0.1760377468391589,9.639313677498176
17,1230,1987,65668373,65668373,7.718244528778981,582.677900372626
5,1421,867,4251778,4251778,0.4453457994946101,38.74505218566845
18,1478,702,9434890,9434890,1.0119044024864814,86.84158059006008
24,2038,1095,29846425,29846425,2.713003250260955,294.25945819859515
16,1590,1735,47957145,47957145,3.580938433599379,410.3203811879246
2,464,759,937375,937375,0.05027284177536487,9.235004629988113
13,288,985,11949045,11949045,0.9197041546351133,98.39364243373979
4,153,899,2574746,2574746,0.13286197859899154,23.972233002577028
16,571,1778,48480736,48480736,4.1647688610789775,420.8062316555801
13,986,1804,40873238,40873238,3.21431961569196,419.8850999149698
2,295,232,125058,125058,0.04019430555779079,1.2616749359703288
14,885,330,1715680,1715680,0.17318553801484876,17.974903418975167
2,1556,481,985579,985579,0.05755438306104178,8.627483598453868
14,1675,2027,56857360,56857360,7.6327650894061705,514.4180390622436
2,401,739,851338,851338,0.07931537250814595,8.740476998935707
16,549,193,669720,669720,0.15935228244825553,7.2356861363928004
13,1721,679,6716678,6716678,0.46967971167491285,62.83126283744298
4,1257,1291,6640914,6640914,0.4683062329678011,69.88392500520447
9,857,833,6280830,6280830,0.5353967967738351,53.23200513506352
20,737,1585,48947980,48947980,3.4618993046516917,476.0374790261318
19,615,1355,33921080,33921080,3.8904560599304534,283.5207173192084
14,991,1811,44474548,44474548,2.966604430958365,364.6321412266319
10,93,1771,28428102,28428102,1.9789552696526742,277.51560404558614
12,1148,1404,23326066,23326066,2.2033064733834147,240.44461856281094
24,1044,724,12836530,12836530,1.1219804763380232,131.82424579820383
5,2037,818,4355042,4355042,0.8197813859104462,36.7338626206054
18,601,1497,39038776,39038776,3.259096883047258,317.92075724404594
11,900,1395,20745055,20745055,1.4266650272528298,220.14440771407757
7,310,2019,25118389,25118389,2.3053628476140196,218.81661139804322
12,1955,1199,18184044,18184044,1.779469566369602,159.45903562320478
10,1973,843,8075950,8075950,0.6372344230393705,86.41234662753884
24,320,186,861562,861562,0.24346116420820044,7.920051598710643
3,288,1850,7401860,7401860,0.5643571745440462,71.43947736051739
22,1698,990,22294810,22294810,2.1146197333166956,211.89120606794404
10,1273,746,5973232,5973232,0.5433883490123239,63.46202214721337
18,464,1358,32018934,32018934,4.092172313343156,323.26938803868075
4,221,1933,11663732,11663732,1.1595696735049343,109.94897611776148
16,831,1389,30130198,30130198,2.716723873857055,302.1614028180887
11,577,1966,39827238,39827238,3.769832993763607,327.4007683456863
12,425,304,1152474,1152474,0.17946850710168286,10.432295687620314
3,336,1118,2890040,2890040,0.19724504580814578,23.64973448070919
13,509,358,1728434,1728434,0.172830423616973,14.947844197840606
20,1221,1526,46153880,46153880,5.0682772436690025,420.9742916796444
6,413,350,762660,762660,0.09148324006615116,8.211143277826377
22,387,1144,27962802,27962802,2.6542483261817957,294.6492414247414
15,440,1700,41250510,41250510,3.576558621402625,375.3808969984454
9,679,1989,33037300,33037300,3.0565262765236416,343.158155218383
5,81,1162,5512538,5512538,0.5365257504222948,48.83890900736321
13,1506,155,525305,525305,0.13145568867001833,4.288806754925333
10,1705,782,6852676,6852676,0.5917571277548125,66.75404529844162
17,94,1736,48429202,48429202,9.915694249931645,407.37283634032974
10,1861,1085,12635920,12635920,1.4542860901845591,131.1301345258073
6,1898,189,540361,540361,0.10962564086322445,5.566114896277855
20,227,992,18952170,18952170,2.7051839548821266,205.2823898609136
19,1379,1395,36992620,36992620,3.29788794188779,306.67486065557944
15,1331,156,552250,552250,0.1425549664052549,4.601279893486328
6,348,1963,19981387,19981387,1.5469326408042068,169.7607445081532
18,294,1725,51141085,51141085,5.239925055316947,418.581586357077
8,777,1065,8786260,8786260,1.1782671698206217,78.01915570603919
13,1423,1771,40198168,40198168,2.8649238536483868,412.37427213444204
7,966,1214,10036148,10036148,0.8370280636249201,89.3611796440962
10,918,1209,14289181,14289181,1.058782644507024,149.90175921976632
3,1868,1974,11506456,11506456,0.8870922161885995,96.83103971475744
10,1194,1647,26412949,26412949,2.092130354948553,218.43831679755755
7,1936,1689,20414953,20414953,1.8276194849641432,193.9611264493133
6,1479,291,858460,858460,0.09727650995803616,7.074969222003648
10,515,1982,36415296,36415296,3.699686073976256,367.1787733401292
20,35,323,2003256,2003256,0.6544161670235823,19.14793959345222
20,616,655,8574615,8574615,0.7503125482404759,79.65305488799942
11,164,1184,14237610,14237610,1.2139867972270542,135.8012303504448
12,1504,205,775115,775115,0.1505804741239129,8.381168952713292
10,1276,797,6749803,6749803,0.4985304863067283,66.080340289573
17,1005,44,76394,76394,0.09968505396176376,0.7442421978517101
17,1877,1604,44219082,44219082,3.6804594303483236,467.3839179463849
8,2030,1765,25421305,25421305,2.306180379637983,209.7590862850463
6,1836,1542,14744614,14744614,1.3279235144605128,140.0678739702608
24,1670,1254,38304694,38304694,3.724958874470082,406.763004436195
14,1481,102,288772,288772,0.10173079845735272,2.7825315564394026
14,1550,1409,28026429,28026429,2.5653028440971832,298.0860738082052
11,1176,1297,18374609,18374609,1.2522609202498094,191.46627903752724
24,1538,1531,56317845,56317845,5.841381627056386,519.198399253625
21,1405,979,20574674,20574674,2.265264170348607,207.69943408344318
5,174,879,3256705,3256705,0.36035483939904456,29.455261896234525
4,1943,303,868408,868408,0.09048837088593976,9.165796028690828
22,1893,1067,25962254,25962254,2.190888515080084,238.41570461536986
21,1486,823,14795081,14795081,1.5800272810997757,139.23366244994426
4,161,1797,10002112,10002112,0.6811390229578752,108.17592281526106
11,472,2045,42828445,42828445,5.702828598219832,417.87856003556925
12,810,1000,11832010,11832010,1.201477688720101,121.13238666306304
12,1872,1382,23626682,23626682,2.619383245797993,234.61423020738178
3,1222,1220,4483510,4483510,0.3370885928046938,46.49526779115439
11,982,757,6489771,6489771,0.5322987013498259,56.569766786506875
8,2027,542,3164748,3164748,0.24991995747494733,30.64409150245165
13,1038,983,12638441,12638441,1.1541980919633386,110.73832738951141
11,1407,799,7524992,7524992,0.6195369920450803,80.74966033711371
5,1984,300,959710,959710,0.08898933825424053,8.723248239502968
7,880,1010,7026580,7026580,0.5808675378614512,58.932116174209376
20,1865,1968,77316826,77316826,6.502280942882015,734.1724443722932
10,1788,697,5632467,5632467,0.49350591252699544,53.06564984195343
1,1385,1961,2737566,2737566,0.17269311589082142,25.249119529091395
4,2031,1311,7837168,7837168,0.7068148330376913,71.18266804782539
19,356,977,17557677,17557677,1.9664344687875817,151.1792130625452
12,684,1558,27800962,27800962,3.0342558180743686,225.69310061052977
16,1906,1011,17285077,17285077,2.1827015481829024,143.46142077134954
17,1070,1432,34380898,34380898,3.1120347594385542,339.0129732170742
22,216,1806,68942254,68942254,7.925382988680726,594.5219499392298
3,1894,1129,4702295,4702295,0.30976251610141087,42.28659733009248
22,130,1500,47493010,47493010,4.6312835692238,437.531718988885
23,1595,1054,26156074,26156074,3.277269501146108,243.34837853840185
6,127,1429,10414562,10414562,0.8365624509627165,91.98335217242554
7,393,46,31566,31566,0.08851427551741044,0.28040924936069067
14,1118,750,8169010,8169010,0.6838005475950886,73.60562452246005
20,901,1912,71239218,71239218,5.8287186758944225,745.9020571763898
18,1928,695,9570855,9570855,0.7364220521400473,96.29137323255885
5,1326,62,98528,98528,0.042385907605987365,1.044638454854653
18,976,563,5953735,5953735,0.4522734229161056,59.39303018359554
12,703,1403,22669684,22669684,2.158633642355502,215.20264572510962
10,1409,1481,21856608,21856608,1.8733105836764363,212.29155593121385
23,701,621,8939926,8939926,0.7680395623422354,72.62127048584648
20,498,404,3314426,3314426,0.37591302367612767,35.758757089419106
19,973,633,7846678,7846678,0.5635713205397164,67.98070443379093
6,639,1120,7005610,7005610,0.5317823407982489,71.97957128214686
10,1922,429,2489497,2489497,0.21988692428540094,20.345075918444447
18,716,947,15950331,15950331,1.3387993313169033,154.18006484960506
12,1274,194,665430,665430,0.1291051758210068,6.080845715402437
3,453,1529,5388206,5388206,0.3589411729255783,57.38813212015958
10,1464,1466,21517958,21517958,1.9507267294155997,198.67490845094792
12,1944,1342,22448986,22448986,2.294593603377789,244.7729165079275
24,1682,146,740814,740814,0.2050478199063234,6.2803389019272595
4,1005,1049,4370144,4370144,0.3104705250032927,40.10074694210808
21,705,347,2663582,2663582,0.40948651059915986,28.820458955128757
12,70,1874,38803054,38803054,3.1977045189912032,318.8655830251948
17,1666,1879,59671413,59671413,6.296180462469468,560.6642361752304
2,1587,300,569710,569710,0.06733729549877825,4.84267052211696
15,1917,334,2210422,2210422,0.27213921167670674,19.549415394028337
22,1656,832,15941130,15941130,1.3474071719938037,140.34573387685072
12,577,1610,29477500,29477500,1.926487555051551,253.434610385296
8,1566,1315,14187545,14187545,0.9562958516879166,136.39478830074455
22,1566,1681,62027229,62027229,5.7217307079403605,671.1766140392438
2,1428,769,1698731,1698731,0.08696522278983483,14.081585458637184
20,1334,2035,81459025,81459025,10.220176559617727,763.1950977123505
17,1258,1582,42076464,42076464,2.9719980128409658,458.70246572335054
10,949,1531,22579198,22579198,2.345742868791314,192.13651104511186
17,1638,2024,68915186,68915186,9.036150786006804,615.2743909788957
1,1357,1533,2097154,2097154,0.12179172244626113,21.623459270987436
14,742,749,7866757,7866757,0.664649419733025,68.21168884200921
10,873,693,4941100,4941100,0.42425330649541315,47.6482924477613
22,2017,538,7180696,7180696,0.7280208104164008,68.6356330398263
19,1415,317,2266560,2266560,0.3538219397725679,22.08469989107364
2,1749,597,1407736,1407736,0.07345890054099957,14.565100440113852
11,251,815,6863940,6863940,0.5936619110953607,57.65359470365341
17,1328,1160,23101410,23101410,1.9311774757780438,197.4290244010829
16,751,1745,47031250,47031250,3.582137443336275,469.8941412988063
9,666,68,83582,83582,0.06741850691343251,0.8895767308637677
6,1074,900,5031010,5031010,0.3929200678836066,49.15501983618131
20,452,323,2137947,2137947,0.2670846641848621,18.833523842817062
23,816,574,7735808,7735808,0.7038084699782453,77.39068115354895
23,1021,1198,32837190,32837190,2.884500909569563,322.4172814844681
7,346,1121,7946779,7946779,0.8079463554577397,77.77423355687061
10,1257,2002,38628600,38628600,3.6579765964800015,409.5225731524003
22,439,577,7263286,7263286,0.6468971075615549,67.91216899692564
10,1633,520,3293170,3293170,0.2749958960989348,33.149469513559964
12,1402,521,3727765,3727765,0.3043309519760244,35.631144296612185
10,1282,1808,31773802,31773802,2.820160577922262,308.69768547070504
5,129,1256,6491018,6491018,0.5214629036136618,56.2194557708544
19,1820,136,584402,584402,0.17926587186384405,4.909789440973983
14,515,1075,15602560,15602560,1.431270306321758,169.96163600357542
9,1232,396,1749934,1749934,0.13473392569751722,17.728533302691922
22,1051,1260,34704190,34704190,3.225386481773804,345.40388678067984
20,257,1395,37374850,37374850,3.2301986065258723,335.7100399974778
20,207,676,8842766,8842766,0.803439511804813,73.61744975461067
17,503,1680,46048810,46048810,4.559509286891368,491.3224312514964
10,1573,1220,15339070,15339070,1.0706149068671338,146.82010529711533
15,1862,1283,25466277,25466277,3.353397151012393,225.18041096007323
10,1208,1615,25457255,25457255,2.408103984555384,210.7866828594466
3,1535,598,1640922,1640922,0.1075746561025304,15.624226957782602
17,875,305,1763520,1763520,0.2878102962165385,15.279277263117729
7,115,1501,13716148,13716148,1.1677309246642598,149.05212473970428
11,491,1175,14407860,14407860,1.3961645853480456,141.12937847973225
1,1109,638,714570,714570,0.04697356553962516,7.35311659059561
4,509,1820,10889070,10889070,0.7165892866414841,112.71962968931122
10,306,1257,14630233,14630233,1.3007249025483114,135.66819447862744
4,1193,750,2592760,2592760,0.18058459750673136,25.962303749816286
18,504,1435,35770255,35770255,3.848826163584885,344.86796454347524
3,764,1726,7299264,7299264,0.6023012930733355,71.1432518357364
11,578,1910,37625100,37625100,3.765675374086961,329.9060923478253
19,735,1547,44259680,44259680,5.0137692797189715,366.6130661232413
8,1861,587,3514966,3514966,0.26633341160921387,33.36130096106399
18,1565,1545,43040620,43040620,4.865555902573025,455.701780467556
3,84,1407,4095787,4095787,0.27413505314154635,37.73741501251587
15,1372,1607,38399275,38399275,3.2716204026680304,332.20065420754804
18,534,698,8674754,8674754,0.8042064521035466,94.71121540920225
8,915,358,1231172,1231172,0.11680199120345636,12.143234796159192
11,1871,578,4434426,4434426,0.3710592454442321,47.93661192991172
18,644,968,16579914,16579914,1.579188674562213,138.89755748956566
5,1698,791,3857717,3857717,0.31424235355060576,36.69522516819691
15,1138,1384,28425986,28425986,2.4767656242669984,291.3144583951975
19,903,1344,33766666,33766666,2.6317307569015784,359.495152861581
7,326,1531,14588909,14588909,1.3383469000196704,150.47485077989577
20,1466,356,2940570,2940570,0.35808450305029804,28.347494620020743
23,297,1007,22641398,22641398,2.6900235777372887,230.28218729058182
13,438,1576,30531858,30531858,2.4542513770560554,314.27575118599697
4,1420,387,1004275,1004275,0.10145841979894908,10.562161639986225
3,1354,1661,7788439,7788439,0.7337336712110215,67.46392854576403
8,827,1899,26848072,26848072,2.033506571212255,278.00146929263553
13,1603,1966,49578598,49578598,4.822769975189995,480.2814458911992
18,879,901,14617834,14617834,1.1804725731906178,140.33052354118934
20,859,571,6702408,6702408,0.5707597948926348,69.16768264249293
3,112,765,1266085,1266085,0.12847376404491112,11.951981012303284
14,863,104,232866,232866,0.09259197263270827,2.0108140689098692
12,102,1226,16685870,16685870,1.6926182553084812,176.29028850740056
17,1262,502,4679152,4679152,0.43175151542461293,40.82706506678282
6,1869,1533,14640160,14640160,1.6394216527474372,137.42735928517098
7,358,1387,12062749,12062749,1.0000309178834816,121.7495545222927
23,517,1228,33851058,33851058,3.088693624899042,312.7676476004043
7,949,1271,10920442,10920442,1.4217785560745428,93.87183594494243
19,1313,1783,59616398,59616398,5.349348201243608,502.00161669153107
5,1224,1377,9290629,9290629,0.8378492032407824,94.69263791436545
24,111,1392,44768122,44768122,4.66470214395903,391.62956335068566
19,565,308,1890514,1890514,0.32686173551687164,20.234594563676826
13,1448,2040,52940050,52940050,5.601398822293071,544.6546264730862
1,375,1405,542340,542340,0.0781093081624528,4.86169442977255
20,1835,1270,33013660,33013660,3.1248605741011297,307.59521445161636
14,1485,605,5671280,5671280,0.5774322089790432,50.443689663976556
15,310,1541,33761779,33761779,4.252554679603626,296.97445990620633
21,882,388,3365134,3365134,0.4159306143509126,36.76222224823104
3,414,355,403645,403645,0.05831457361901425,3.779777640395616
2,231,930,1090900,1090900,0.0965567135987103,9.56670924461395
11,1411,921,9801292,9801292,0.8097898894650006,80.7376504451746
15,2038,1980,58970350,58970350,7.206301186668994,488.7378500705054
8,718,940,6877050,6877050,0.5934941411839756,62.540969995331594
20,1779,1068,23603878,23603878,2.3297380971125206,201.76692592421568
2,1650,903,2316205,2316205,0.1420699481623383,18.860686224387692
12,1168,845,8859835,8859835,1.5906763299146913,81.49873160854354
14,1495,176,670042,670042,0.16114800399000476,6.958242694599599
2,1007,1305,3032830,3032830,0.18449723973719534,25.01367837777439
15,322,660,6327430,6327430,0.6086686314766039,68.48786359656147
4,519,1637,8911838,8911838,0.8529400103361411,93.16303336675918
1,1293,331,431634,431634,0.03396390962295256,4.306370014434857
6,1419,581,2521550,2521550,0.1914046007548224,26.773448781201658
7,1082,2033,27032811,27032811,2.7447998008539445,264.44335847912004
6,438,1122,6803818,6803818,0.5189736016916298,67.1742874273966
1,910,1866,1718596,1718596,0.13424413916222777,14.885085542135275
7,1133,1914,24181486,24181486,2.811357121240629,217.49351437083374
22,1155,1667,60335408,60335408,5.168472125878562,490.39724474066423
15,1009,1025,15768610,15768610,2.21033770308839,139.04658998816598
12,582,1517,26230457,26230457,3.557068113087105,263.2613118300008
8,2041,888,7348210,7348210,1.1103068953188377,70.36878264343268
1,1205,1033,1256138,1256138,0.09475288384164102,11.516655022828834
14,1965,183,799354,799354,0.18661866779545344,6.867412564239722
23,647,208,1093258,1093258,0.23723962965647546,11.66763651331912
4,864,1543,8497311,8497311,0.8212300190412483,81.05712332458899
3,612,1805,7644185,7644185,0.4913761764144962,79.04059652951129
7,1912,1029,8337997,8337997,0.9744354908602817,72.52171054219872
24,1924,724,13473650,13473650,1.1250278120481583,141.24605928612507
20,391,1256,30501970,30501970,2.6155623940583173,250.0830516533953
2,534,1464,2942650,2942650,0.1922793878306418,27.23654540736191
22,664,445,4468255,4468255,0.5149253797989145,41.99857711471872
18,1769,1107,22821922,22821922,1.7175146109775163,227.853827867677
2,844,748,1199802,1199802,0.06931299891069381,10.984114409546079
6,676,1585,13657955,13657955,0.8313791436448174,113.96108743364194
3,1216,331,625931,625931,0.05057898187966502,5.800388528543492
21,927,111,352768,352768,0.12440261596785851,3.3519464636054335
4,163,940,2817190,2817190,0.1631033894256484,24.92416605535399
14,71,1853,44812962,44812962,5.052443763241104,473.9677371549031
12,795,1007,11977268,11977268,1.2396244294380523,131.15683975914123
6,762,166,266938,266938,0.057514149878376136,2.644919048699825
24,535,786,14656552,14656552,1.377254111362863,146.59938407536325
1,681,1737,1202014,1202014,0.08349376888031203,10.29874984056116
20,1316,1324,35088658,35088658,3.3955518456542158,344.84227433006396
14,760,1640,36250570,36250570,3.206485259248049,371.6606762217998
3,793,1312,4500170,4500170,0.8732468004679249,47.07272746376847
13,61,600,4370410,4370410,0.3676103512224537,45.1558305002486
2,136,1568,2690698,2690698,0.15672595609526127,29.258907011782735
21,93,174,627106,627106,0.18944318931357676,6.520823853323043
1,828,1058,887672,887672,0.059577826286045577,7.665722540119268
15,1002,1950,55237660,55237660,4.995353261940157,521.0943385263686
2,663,359,371216,371216,0.05970715579805296,3.6624339578121723
5,1306,1392,9589498,9589498,0.6174784948763845,97.59513214299025
7,1040,1051,7738523,7738523,0.630378408118328,63.643914974479
24,1580,1486,53186922,53186922,4.553217267387314,512.3311405242212
18,466,1717,50965721,50965721,5.781037695205507,543.1866739157504
1,1746,267,469129,469129,0.07159907771320209,4.783766011211909
9,626,1621,22066683,22066683,1.752978164529805,220.24455486120317
10,1812,733,6178467,6178467,0.48770450185482905,60.03887391673168
20,791,581,6890670,6890670,0.6660391808192244,60.89559633303684
23,1633,471,5665198,5665198,0.7302846332847299,60.86514672258428
18,1478,916,15643458,15643458,1.3873992123524341,154.48531513773807
13,1732,1340,23898910,23898910,2.1293554161120647,211.03196001870145
5,423,1366,8062142,8062142,0.5476798240892494,68.17541533837897
14,1460,724,7888714,7888714,0.7366508020011344,73.00699274520224
7,275,474,1486474,1486474,0.1598640834322493,15.576345829915661
2,890,668,1048770,1048770,0.06895247478436446,11.193555903705382
22,1052,99,313147,313147,0.14065749871665673,2.6676201672127404
23,582,629,9090947,9090947,0.7538227262131992,97.80903853362803
19,699,629,7579460,7579460,0.7311394117466848,64.25864742499775
3,1145,897,2647954,2647954,0.15781147670310616,24.679803189744632
16,991,411,2951812,2951812,0.29842481142277155,27.206732125989436
11,1886,148,501286,501286,0.10805342593523468,4.854704581255712
11,1819,1018,12236370,12236370,1.4764723842890086,130.23023091494053
6,911,793,3879366,3879366,0.2783168041214472,41.11015113206099
18,206,1517,39476901,39476901,3.86485632119687,420.5848864489692
11,1802,1245,17769895,17769895,1.5152515325019367,176.2188507041303
16,1171,956,14853382,14853382,1.134518125591629,135.21396881995943
3,1480,48,76282,76282,0.043757437050035215,0.79211009628131
12,1286,1726,35027454,35027454,2.8889918717537237,311.2680541028883
4,1435,1660,10672150,10672150,0.9099091479791288,100.59695960916737
21,154,301,1867715,1867715,0.24039861727503095,19.089121181727393
22,1522,379,3605437,3605437,0.44209087872401925,31.623398543921805
4,1571,1028,4799742,4799742,0.33270693292170234,47.010773456182726
14,1684,1420,28638570,28638570,2.295021511375079,313.04138621758716
21,1195,1790,66276550,66276550,5.240135892456139,636.2589188023397
19,338,1098,22103848,22103848,2.7182467336820744,220.98581708527766
20,615,87,199936,199936,0.14026792715182246,1.6208098731609486
8,825,1023,8188102,8188102,0.7331873001619218,87.07468898181372
23,1159,535,6934680,6934680,0.7998096061658964,75.44259438356735
14,164,361,1762051,1762051,0.24738633749239855,16.81433353703791
17,1156,1920,61253770,61253770,5.621493261863345,597.1425168778662
1,1129,331,377350,377350,0.06239638997566787,3.791251170163379
16,234,832,10599690,10599690,0.8682952898662374,87.84050604419461
14,330,1620,34690690,34690690,4.036338375552484,358.62299642438865
22,367,335,2490400,2490400,0.43333900347415844,20.32280259905018
13,793,422,2481370,2481370,0.23358857506205657,20.441361308150796
15,994,714,7864720,7864720,0.807345909900197,68.49546456266991
24,906,1292,39607562,39607562,4.8557831571599674,372.96333218968135
4,1208,453,1169203,1169203,0.1128224941188132,12.1585153042873
2,529,340,299550,299550,0.037908740707940036,2.913186810840704
9,111,1421,16338668,16338668,1.4693368162050844,178.46103113140242
7,1923,243,825724,825724,0.11312271197491643,8.3720708397948
12,1133,567,4191274,4191274,0.3864788517219469,41.71881502713596
17,613,1666,45475146,45475146,4.351757772817699,389.37183091790314
1,1596,429,689413,689413,0.04295580312862799,6.956285010162814
4,766,1420,7156810,7156810,0.44362506946519487,75.20481210723493
3,1990,533,1635787,1635787,0.09809338316807215,13.788868330457923
16,1952,1523,37805439,37805439,4.4417750669070095,322.73516165054696
11,1292,2025,43665085,43665085,4.59364872954401,370.79015919125635
5,1706,522,1988308,1988308,0.2228726027838369,16.370248263839677
8,1206,1533,18327025,18327025,2.2313005448702703,162.46836837585627
15,1163,1217,22181052,22181052,1.9539752353661932,194.2675461682005
14,784,1607,34870303,34870303,2.884043104554477,345.5803285721358
5,1858,1657,14086167,14086167,1.0649086989439662,130.94867320228755
18,1412,1463,38493003,38493003,3.113158180747732,408.9282008783427
23,114,590,7744940,7744940,0.7635918565757851,80.744474052822
12,887,1657,31708362,31708362,2.8234743875238104,320.0646832494915
6,928,1021,6176039,6176039,0.5947972174176528,57.6077021008558
13,2003,1458,28463086,28463086,2.4854815003731603,271.7500444680039
9,708,1820,27822350,27822350,2.7041179585942694,291.25521871892346
7,1695,1867,24110448,24110448,2.345556215432492,237.50651084895006
15,1153,101,261802,261802,0.11487487043096883,2.7354901670503122
12,538,1788,36167674,36167674,5.738387274809085,307.7755759248982
4,429,1627,8662158,8662158,0.5541423269784026,77.63947894487741
15,1624,982,15119864,15119864,1.6247512958897983,143.9285246177415
23,1546,408,4306450,4306450,0.4954144521251193,39.79365261573122
16,445,1372,28881982,28881982,3.1550513791913755,313.7442021715946
16,1167,737,9026786,9026786,0.6812351288357704,91.4031904672209
8,1607,356,1465662,1465662,0.23231612822325517,12.290556469805182
16,1114,857,11993725,11993725,1.0834131749775195,122.66917993561601
8,1414,1221,12184369,12184369,0.9726479392873402,112.86917016393622
16,809,1622,40817640,40817640,3.3147529618710605,365.0312313146944
23,1099,506,6205594,6205594,0.76482074936279,65.72392324512538
1,498,664,337986,337986,0.03571866784439659,3.459417749832458
6,1405,756,3931966,3931966,0.30230336011732734,34.963836087576595
14,181,1517,30227752,30227752,3.071769170632182,282.0291875311977
10,966,542,3178298,3178298,0.2676640847032017,26.639306107687073
21,1309,1416,41998570,41998570,3.738377162557938,441.8772393215698
7,1725,1344,13179274,13179274,0.8919501877041258,119.20065669276092
6,933,140,230870,230870,0.08772740794496123,1.9267108467031333
21,1494,1994,82561580,82561580,9.357559528359356,726.4712478338121
24,2005,1762,74999540,74999540,7.949747212612433,803.7420131316571
8,1347,953,7658318,7658318,0.5163899550218615,65.51727884961906
22,1585,1084,26429014,26429014,2.5028874843472004,246.93712428094184
13,192,1486,26817852,26817852,2.2077152568133687,279.8848632674633
18,1581,156,664726,664726,0.1756257155476288,7.2244521061892035
16,1582,930,14468950,14468950,1.2033752388001628,131.6635266025598
22,209,1304,36023010,36023010,3.978291098166914,310.07825882133574
3,1924,193,448349,448349,0.061142537056582874,4.525148351691364
3,109,1454,4405630,4405630,0.30235339403993583,42.920200589278984
5,1944,1935,18767575,18767575,1.8509199333374102,156.10115698970822
19,296,68,105342,105342,0.11800798985071932,1.1125235655619363
2,1977,56,114530,114530,0.035360853910992314,1.2286673714015734
24,1602,1424,48968522,48968522,4.222383512178109,513.0528089748063
8,1160,918,6980482,6980482,0.6393889181736412,56.715132076969056
24,1868,54,169786,169786,0.14633092388776175,1.7984337828349823
22,1074,1017,22844881,22844881,4.070053842758422,195.19237898369454
19,1613,1387,36905306,36905306,4.175480541606949,402.2857547099244
13,524,1718,36358044,36358044,3.123598814089989,314.20009321023593
21,1712,222,1372636,1372636,0.2833357196023682,13.342364600052596
15,1506,1940,55660550,55660550,5.75724893618358,498.65101720045186
8,314,1103,8882469,8882469,0.611828871519216,97.26400248201728
22,1142,1270,35361890,35361890,3.0149447653001142,298.0219322316094
3,1224,1980,10290070,10290070,1.9496942599357305,90.5916159107511
12,299,965,10553250,10553250,1.2847033529778926,107.61869978486897
23,1529,1874,80188470,80188470,10.417865060011081,834.844635360793
1,1086,1931,2118317,2118317,0.1464775799210769,19.470519035081786
16,989,972,15158350,15158350,1.6517981548186624,123.33779664746442
14,140,865,9868795,9868795,2.9624183852400394,101.06831485210067
15,580,195,650335,650335,0.21685924627842001,5.499776423876157
21,1364,158,719700,719700,0.165555642846485,7.0494838938649345
11,1157,361,1728478,1728478,0.2262795015738127,14.431043287340778
10,1089,41,60608,60608,0.07967404179980365,0.4934927408705503
2,964,167,190891,190891,0.0303987834006693,1.801394668336739
15,1371,2033,60701324,60701324,8.426134810166934,602.1130914495328
20,2005,1539,48133774,48133774,6.427549828928264,469.7402744307763
18,2025,1807,59219014,59219014,5.221937416460966,525.0245181688143
22,1947,1183,31730436,31730436,3.284334704402365,338.27033475405096
8,1941,74,183308,183308,0.08841971010716175,1.7748992835388946
11,1161,1523,24995486,24995486,2.5252018525644107,224.29170719226903
12,412,1792,36101642,36101642,3.220349556439703,386.2998974137088
4,1731,390,1136860,1136860,0.12565103909071665,11.345534523868329
1,1719,1322,2287070,2287070,0.1340229831711572,18.7096655318406
17,1303,716,9154786,9154786,0.737809446193792,76.37453796237182
14,1695,97,289070,289070,0.12288247055120777,3.133920482817663
9,747,222,564334,564334,0.10330870023060014,4.946818441037917
21,58,693,9666667,9666667,0.9630438151636644,78.78311559729282
10,730,1411,18976549,18976549,1.7176428708851825,167.45039045898017
24,360,1065,26506795,26506795,2.581896384592298,264.0758684120242
16,1340,1338,28681378,28681378,3.3848988258216024,273.0738820446269
14,95,657,5689630,5689630,0.7057319865720146,46.17110703878585
21,307,1630,53688950,53688950,6.764207954589488,498.3752138054004
7,801,1749,19784698,19784698,1.5179830696910346,195.33176498627623
12,1918,107,333529,333529,0.11444794411727607,3.561971692131103
23,1236,135,572275,572275,0.23622483404231834,5.439845127150059
19,1648,1905,68517145,68517145,6.4732659751132955,559.8035533623214
2,1352,1384,3803242,3803242,0.2768944528312051,41.6636463488992
8,1282,222,633598,633598,0.10711827177155285,6.481442815571213
10,1934,1983,39265393,39265393,4.4276798886314745,428.212356062945
19,177,2015,73499150,73499150,9.310862821241969,735.3164243563723
14,165,958,12112004,12112004,1.1556476778788844,122.04803056913052
13,526,1599,31559473,31559473,4.1578790116123105,325.3879646657364
1,1736,256,447242,447242,0.059285401501381486,4.230311602750618
24,1628,1292,40540386,40540386,4.035586444818456,416.8887400897527
5,1720,1403,10307851,10307851,0.7414230073821205,93.00945385811467
8,246,1357,13248401,13248401,1.5423410322342463,124.18869610138896
4,987,2045,14593130,14593130,2.1020080683723714,128.63616340973266
17,1839,1820,56394530,56394530,4.797621270738255,557.1770975237821
6,492,646,2414758,2414758,0.2100332102202326,23.38223607630622
4,1892,950,4518210,4518210,0.297531044800121,38.80925722936288
9,762,1461,18217219,18217219,1.532386746261122,148.98093440123114
9,1883,384,1910026,1910026,0.12749276985501745,16.330609105878217
7,1542,1099,8960157,8960157,0.6583962815547504,78.73855905011881
24,1046,1993,93509577,93509577,8.822790945559744,884.7547656416635
6,1396,183,425851,425851,0.0822041235278318,4.478127819949562
24,1398,179,993281,993281,0.23202299110370198,8.861802470984719
10,818,817,6692057,6692057,0.7655984553038312,68.8164628462684
19,1033,1078,22062358,22062358,2.1636519542482207,228.00178047932667
20,454,863,14568313,14568313,2.8478201012235527,134.93925115794167
7,138,94,67596,67596,0.07168158132337545,0.7368177510264775
14,450,1593,33744529,33744529,2.929396274053117,279.11717609176435
8,1074,218,570734,570734,0.09091859698559256,5.347584874210691
8,630,1434,15323734,15323734,1.239203151725069,154.47389884582714
13,622,616,4950802,4950802,0.4083745164095746,46.2793111784248
17,596,1285,27220165,27220165,2.709317963083699,240.7280297632695
20,1433,1921,72925012,72925012,5.740194517838671,700.2098403386054
4,799,1020,3950470,3950470,0.28050109307157595,33.904827527471696
19,1398,345,2634775,2634775,0.3845667246957533,28.73179309333439
5,440,1113,5461501,5461501,0.5518460341102398,55.55854604901398
4,1826,315,877285,877285,0.06410485939712378,8.32394978979502
2,1330,1814,5724994,5724994,0.34461696386577745,54.61256173140366
5,1140,1162,6743096,6743096,0.46206039217900957,59.35318061607527
17,407,360,2229850,2229850,0.23393899889453215,21.905127759594258
24,1174,570,8161270,8161270,0.866978874505164,83.92763957325286
9,1380,1725,26218285,26218285,2.2476045816812458,231.38337506739387
12,1052,1994,45877962,45877962,5.484926236862999,429.9330563864957
6,130,1288,8482778,8482778,0.6171798335574379,73.36376137933149
15,185,1910,51474510,51474510,4.582687265694404,544.5538059200557
10,1064,1493,21679863,21679863,1.5024505261666394,224.78115840231882
16,1710,1861,55180521,55180521,4.845655948313147,562.4035336994191
1,1271,937,1201244,1201244,0.0825370729606264,12.833689680471796
16,1530,258,1399918,1399918,0.21384585234055903,14.22209885887542
11,1767,583,4441304,4441304,0.44324665713694605,43.50602343138733
10,1276,494,2836558,2836558,0.36998012737179664,30.945569649142136
14,596,1389,25942363,25942363,4.187239220605007,232.4888639914856
16,134,1734,45378790,45378790,3.7149271503034993,399.06437899476936
17,1882,1351,31782285,31782285,4.07143334895889,309.59311292270405
4,378,408,659338,659338,0.12986044608003297,6.467014661571915
4,810,395,793565,793565,0.09513004234995732,8.172100364476972
23,114,202,927392,927392,0.1933104340199788,9.039532994081725
15,1984,1241,24054313,24054313,1.9657490211635076,248.1359380134184
2,371,1271,2102244,2102244,0.14596288358794962,18.52670450022771
21,1986,1842,71574604,71574604,5.398323432161292,674.0433559215536
16,802,956,14500618,14500618,1.3841752468274715,152.41041767538027
14,1419,731,8001536,8001536,0.686421790965987,72.55549146829632
11,1486,407,2269849,2269849,0.28599535419947203,20.668917113266925
24,1232,1954,90290442,90290442,10.127940928738909,884.7387301551864
18,415,663,7766392,7766392,0.8077232175552347,72.46558373962496
24,1141,1168,32749562,32749562,3.2120083068052825,274.1127804950449
4,1124,1228,5921426,5921426,0.6093651025186736,56.822091832132564
17,429,1857,56021986,56021986,3.6907231214596026,568.1592856117127
8,1433,1578,19720276,19720276,1.4619243515667968,211.28519885691694
16,579,1607,39708980,39708980,3.1418162585771965,409.9183306595811
19,761,421,3522938,3522938,0.6429372944667033,37.48383875308078
6,1989,576,2813770,2813770,0.3406403606581273,27.97243612032827
6,1659,1635,16104760,16104760,1.2573742004656747,143.8991645177594
4,888,1465,7760115,7760115,0.49848045425939663,77.89405795098078
23,617,100,285010,285010,0.16056563114230954,2.7437245592975317
13,1573,1070,15446530,15446530,1.4780702012311915,153.48824972557736
4,1096,758,2565082,2565082,0.23615315364052478,24.06331889540517
6,400,1564,12881114,12881114,1.0618916169676154,136.5871868994799
7,1856,1515,16608955,16608955,1.7284842621118572,150.59200069063513
8,1902,1485,18287785,18287785,1.290357132255393,189.05122573609745
19,297,1138,23681790,23681790,1.8954391621854225,192.1665373699813
10,959,1426,19697348,19697348,1.5091566990674885,191.18766819974488
13,1013,823,8980586,8980586,1.1255291425924716,93.86683095634619
1,1336,1420,1912750,1912750,0.11830435004437787,18.45401484881742
22,1736,345,3109495,3109495,0.3784681935626863,29.0148812224262
18,655,1388,33699262,33699262,3.381582108662276,282.5396966703684
13,1487,95,251760,251760,0.15700649764116842,2.354298726182774
7,1171,1738,20188618,20188618,1.5266399910680857,210.0320393892292
4,296,491,875463,875463,0.08489992589595291,7.232651392036292
15,1518,818,10629920,10629920,0.8849678003783779,104.43764574519922
15,940,731,8186479,8186479,0.5996298983506907,78.56322629721315
18,1618,803,12283501,12283501,0.8876768255688058,103.32504974687805
16,1822,1452,34307866,34307866,3.229495585207449,336.87486095141907
3,591,1036,2772346,2772346,0.16829660629837975,28.00085008511063
4,1363,1338,7213168,7213168,0.51238127277076,63.878230737718106
24,620,161,701487,701487,0.1926754993561749,6.2138757146816
2,1817,681,1709320,1709320,0.07354911459771521,17.492639221561685
24,1515,1289,40211654,40211654,4.133777884023569,419.33426470630445
24,1812,1110,30387370,30387370,4.848507802500037,282.64374557146664
1,987,1715,1711580,1711580,0.10287368809555218,17.85862114667722
11,65,566,3252246,3252246,0.30514403802679113,26.426085832233994
22,264,605,7865615,7865615,0.708888873633734,78.82132873509252
15,529,1560,34934650,34934650,2.6840758810376006,337.36907927077823
8,1911,1105,10678730,10678730,0.8402548454092021,111.02745908514193
12,1860,1114,15747514,15747514,1.1266414072689206,139.87508323840396
3,1596,1852,9839686,9839686,0.6906437004775359,82.73977840135464
16,1668,84,248146,248146,0.11069487694296487,2.5913353822003233
8,687,1526,17376572,17376572,2.2315401997954383,149.3223565098463
9,1411,1647,24056092,24056092,2.664024016189204,244.96405967205902
12,106,1965,42725005,42725005,5.017164061731288,416.8931725132614
22,552,739,11900127,11900127,1.9785940877108048,98.43098851040698
23,1329,845,16859450,16859450,1.7225065700605433,172.1007806667757
18,1099,1434,36574180,36574180,2.590222883510705,316.3797420624777
16,1747,204,985942,985942,0.19392202049124213,10.667117598817555
6,1428,1873,20245267,20245267,1.8033704623188147,220.9591476763917
11,183,600,3722410,3722410,0.3440461090393182,36.318698451228975
13,1507,303,1565308,1565308,0.27192661684679026,12.694688631573975
11,300,623,4081283,4081283,0.37310042787846376,41.08801252513281
14,1296,321,1763263,1763263,0.25873049201944903,15.704459165391498
2,1175,1715,4976940,4976940,0.28206103982764674,50.76838343884892
2,1195,334,514704,514704,0.0415640995382418,4.661464719224447
21,1114,1488,45986650,45986650,4.173608473710375,468.9766981771369
12,185,640,4638090,4638090,0.30111008197034905,38.10034707217278
16,1346,519,4752493,4752493,0.43500978720061345,43.84335326244139
1,682,308,213454,213454,0.024693822205327735,2.1944727764676903
6,1726,227,653089,653089,0.08055326240132034,6.6635936064672725
2,119,1241,1702662,1702662,0.12996572775009968,13.874190204156562
14,763,1601,34581610,34581610,2.987575132875959,334.8600191130442
21,1308,1447,43813723,43813723,3.919985580980471,469.6263620941877
5,345,469,1048694,1048694,0.10762872045559015,8.958409795106663
17,1146,990,16842880,16842880,1.6717603225459507,145.81534423287624
13,1285,1535,30282490,30282490,2.557074386019115,297.1011119514633
6,1627,368,1281754,1281754,0.12895139390690968,11.411078116805264
3,1038,326,555188,555188,0.050469204577055914,5.624107623369476
6,675,282,592492,592492,0.08247646029374137,5.567606219684199
20,917,2043,81237862,81237862,12.483877515267695,785.9328723407203
23,795,223,1278692,1278692,0.3075995379642894,13.892410332339871
10,478,1602,23895442,23895442,2.6822564734475436,219.8041361152568
11,439,1654,28118010,28118010,2.841430312147196,300.37272830563234
8,974,78,119974,119974,0.09579813478523755,1.2695622624215548
21,1009,1337,37141870,37141870,3.651275229965677,333.33001515545175
2,1763,624,1496986,1496986,0.1360532474671412,13.025172324559549
21,1910,1085,25650495,25650495,2.8712643158788778,212.54656982227894
8,560,318,891682,891682,0.12090433830264923,8.289097281853914
9,371,1671,22989628,22989628,1.973672723422669,192.6599762081548
7,2038,1929,26290351,26290351,2.314947001314482,255.35531969189378
10,1973,990,10793980,10793980,0.8860831488373426,110.19932607075329
21,918,186,868444,868444,0.24435420226690602,9.32906980255637
22,977,52,109262,109262,0.11496192214164341,0.9605931626983988
17,513,171,560206,560206,0.1588547860469446,5.575492477493019
13,291,1596,31067746,31067746,3.1629373421504274,340.29813961456716
12,1195,505,3419870,3419870,0.2841065836209253,31.90704867814583
12,1079,1641,31428442,31428442,3.776330857025034,314.6312629069147
5,135,36,10594,10594,0.05000452702998716,0.10084977820137112
9,1927,248,974650,974650,0.10773802724430695,8.859029291609112
2,1906,1340,4365730,4365730,0.2369947269791428,46.392977446549835
11,901,1978,40948566,40948566,4.834528268493976,418.1802451652198
14,959,1402,26931028,26931028,2.584848524617901,238.93308054874257
23,356,1522,51554716,51554716,4.939274299731574,552.3999324956167
14,161,1993,52005352,52005352,4.381192796776365,442.2946258228407
24,1158,858,17954518,17954518,1.4349665882245173,173.6816280611134
23,1181,1231,34832386,34832386,2.899284798349276,293.5857135467917
8,1989,1856,27838154,27838154,2.1134456039277922,293.04473850903895
9,311,1126,10514598,10514598,0.7565828445315802,95.24849874943585
9,1825,664,4751594,4751594,0.43846868532760663,41.44811288545915
6,1773,1488,13732762,13732762,0.9758975623064857,112.47622788597842
9,1076,41,58353,58353,0.10114539916826143,0.5702648066748498
9,1471,1498,20184062,20184062,1.6128873613935455,169.23528114918597
2,900,1512,3665098,3665098,0.2152034998036944,30.22627405977281
23,197,383,3315258,3315258,0.4112393409746295,28.32026441653393
9,1312,121,278189,278189,0.0780815077890666,2.741128137874908
19,1503,1181,26915000,26915000,2.264831039909405,260.17801077363634
4,1887,222,569884,569884,0.0725578907316779,5.077682445706607
8,917,198,459568,459568,0.08642519456685027,4.337342675572167
14,1179,104,265730,265730,0.09312022892663664,2.7741910784199364
1,799,775,627760,627760,0.033925781319890595,6.193417469830435
19,1063,1833,62479648,62479648,6.25858711908752,661.4527657923744
11,151,1550,24291610,24291610,2.2923809525113517,211.17147942248405
17,1920,1355,32014595,32014595,3.3151956275091505,297.68886897578795
7,704,1068,7613782,7613782,0.5799336376698612,76.90513424347711
18,770,1006,18007410,18007410,2.1383264695453073,150.91434904030518
15,353,390,2276830,2276830,0.3222010721172607,22.679820982675682
24,639,181,875326,875326,0.28257595856174117,9.59211701408845
14,1070,831,9886417,9886417,0.868951375538742,89.15741633691447
22,1187,1979,84657672,84657672,6.65441480011865,864.8152234045987
10,763,293,1002070,1002070,0.2720617999531826,9.084055246696332
12,1518,1096,14901226,14901226,1.2401250826760468,154.3073582451388
11,1623,356,1852634,1852634,0.34446524542728496,18.766340985818196
8,1008,235,627695,627695,0.08096452440490512,5.108064465321293
14,1128,721,7588535,7588535,0.5222888001670892,70.91433258230845
18,340,1403,33979267,33979267,2.5085897790543097,281.7666344576945
12,1370,642,5427478,5427478,0.43287045505121613,53.45117685807595
24,1848,156,853330,853330,0.17291245835873253,9.29913046881272
24,1522,1106,29855374,29855374,2.742576773134654,315.2493890328352
14,540,692,6615530,6615530,0.5934124645996476,67.48198279420141
18,1252,64,151562,151562,0.11661506188163924,1.5734996657542828
18,1086,992,17834186,17834186,1.8091114634505663,177.29969662883352
20,1136,247,1447183,1447183,0.2357356197401421,14.692289060429584
14,283,1092,15837286,15837286,1.4796678162542896,141.9387576677883
21,2017,273,2049694,2049694,0.338174115833905,19.48505813361576
20,50,526,5298934,5298934,0.7502304161923845,49.18274303753606
11,1219,113,267820,267820,0.08884673004054144,2.211096621122997
19,1677,1568,46930250,46930250,4.386907948478839,500.5691234468778
17,118,1651,43852221,43852221,3.554242343230927,470.9349909620049
22,360,1309,36496239,36496239,2.9491384181610365,308.5972326406737
20,729,420,3670390,3670390,0.38224784635708264,34.28913600922845
14,640,588,4885114,4885114,0.3800645195962906,45.32058672388926
5,922,1562,11222980,11222980,0.6835420896374618,101.2810103210418
18,329,969,16308280,16308280,1.4240627482418895,153.30521128882341
9,550,1151,11253337,11253337,0.8721187681516379,115.73114364807942
16,1502,538,5163734,5163734,0.6174942330974436,50.336914574716
6,1169,1747,17330250,17330250,1.9577247407599148,142.11663864381862
8,1031,1179,10967068,10967068,0.8922822165734725,109.18899063654997
17,1744,1402,33932616,33932616,3.0750862905341463,312.1313868454071
19,1079,606,7281706,7281706,0.6112185988343211,73.6730625882781
14,1137,418,2756720,2756720,0.24604852516771192,24.766059490255152
3,1331,1963,10345020,10345020,0.699696828385011,108.49037638481055
6,1294,860,4824610,4824610,0.37449742873073094,41.95428160678182
21,1637,1153,28511394,28511394,2.365916009871693,275.18145560586106
23,1294,1931,84595189,84595189,6.580451078722515,849.0198416535773
23,1490,1292,38691534,38691534,3.091278204012872,374.6253527915065
24,344,1308,39844306,39844306,4.404921339327262,412.7039396075928
21,2011,186,1071742,1071742,0.2444039211138381,11.55329855519602
6,1773,597,2850088,2850088,0.24711071871338966,29.997972617608383
12,538,890,9211510,9211510,0.8111896575575978,83.8059655490925
23,324,1898,79930484,79930484,7.805926351776811,725.7850378876508
4,227,1935,11699020,11699020,1.0519281906986224,106.49747102407228
4,105,1421,6226832,6226832,0.4127738132491293,61.2971275864717
3,983,1019,3091656,3091656,0.17179421323714664,25.56013749164033
13,2030,693,7185727,7185727,0.5516046476338152,70.19331534669679
22,1023,240,1462810,1462810,0.25236397418724327,14.775412296180619
8,1070,1203,11439337,11439337,0.7575797730184948,110.17582254494411
9,475,673,3955904,3955904,0.2784732804620937,40.349414504364375
15,499,1980,55923130,55923130,7.027892959037335,481.1375644946166
16,662,697,7766681,7766681,0.6850283801086436,78.72133798698913
8,1476,1272,13226266,13226266,1.1582537170014304,131.8697965442491
10,636,586,3474990,3474990,0.35583435312032513,31.060089579494985
17,47,1381,30616780,30616780,3.363218429320386,317.6909780144421
7,142,1658,16757416,16757416,1.3848863545252923,178.723345892782
13,242,354,1597612,1597612,0.23214811845128205,15.743934909917376
1,307,1659,527572,527572,0.057981747410262394,5.265681589248331
15,166,1170,19388080,19388080,1.458371751164117,191.12693950053796
15,936,1602,37469188,37469188,3.5353348191332885,309.5632651614038
15,600,1916,52592294,52592294,3.790832412658167,494.51724579918306
3,1374,1763,8661629,8661629,0.5968974823670534,80.21648069173278
24,1094,538,7264086,7264086,0.7526635571122466,66.85700624138055
7,1895,1401,14455528,14455528,1.0755170070869153,117.64412526534339
20,1091,1640,52940850,52940850,5.430826907687189,558.6861709586141
19,838,820,12814150,12814150,1.4849562543751074,120.88358056601562
14,513,828,9357238,9357238,2.4039838204125115,77.09547841715793
18,32,1144,22317162,22317162,2.0901946049322673,221.99272453135794
3,496,917,2148541,2148541,0.39430626805591434,22.03716959340649
22,1305,1759,67327494,67327494,6.378141089093922,631.3347974051932
4,366,1973,12427937,12427937,2.7313604482391156,102.08805326285214
16,589,105,229960,229960,0.12636178093643172,2.2812702948568893
24,1568,873,18927523,18927523,1.8280939662573896,161.66920462121644
23,1278,388,3820646,3820646,0.5094733699762484,41.43680130712404
19,872,1911,67456399,67456399,5.832678189600941,725.4883336361129
6,1168,1008,6273802,6273802,0.3898106169222554,63.378262568418286
15,1963,135,523540,523540,0.14648740106993266,5.1394927029070345
13,346,1380,23362030,23362030,2.4853859420284516,223.5534746294629
24,1534,1324,42394490,42394490,4.680613988216463,396.520568373569
11,1482,869,8857727,8857727,0.7830204999185879,88.36475739812295
10,1662,858,8068642,8068642,0.7917096592909079,69.97374545654672
5,503,1421,8813052,8813052,0.8938681472537837,74.01814991909352
19,165,1677,50947270,50947270,4.883086187517427,441.211625867878
9,612,36,33094,33094,0.07452716114403653,0.28019581339083605
22,863,1523,50073204,50073204,5.301661741768885,447.9246005727684
16,98,649,6398501,6398501,0.5743724387933528,53.272916334137975
19,1020,708,9765454,9765454,0.8008031554822899,84.69921028488912
12,678,77,119129,119129,0.08287940279393297,1.0908088514169754
10,686,1158,12886234,12886234,1.0388792218469411,114.56807744582682
14,421,1139,17372038,17372038,1.4943839919820625,168.5735401184684
17,676,1432,33816690,33816690,2.820430317550637,297.8208277781125
5,1075,1323,8443396,8443396,0.5710512016268228,77.34683955698712
7,1516,1110,9094240,9094240,0.7258758373990165,85.02712543265451
17,235,985,15781680,15781680,1.7369636998365963,141.08004655577264
3,1839,1142,4723322,4723322,0.26092254307444807,47.174091434658756
18,398,1251,27137953,27137953,2.3066090915860133,230.90853563168605
19,1494,866,14818136,14818136,1.2542641290058965,129.15169185494457
13,1480,1140,17308630,17308630,1.3875025716106297,160.8200342477925
14,1934,722,8190378,8190378,0.7228894607764486,85.5955863459235
15,1542,976,14865466,14865466,1.2194934198133558,127.9528144086718
22,1443,1791,70003036,70003036,6.606866999807031,568.9711908327844
9,1632,1173,12944065,12944065,1.3938856550895065,138.01237857252346
11,756,955,9862295,9862295,0.8834703469283209,104.29059627983418
14,1886,394,2770618,2770618,0.43371023523418617,25.754644515049055
14,142,1084,15455682,15455682,1.307219007858615,160.90250898615807
16,1302,1413,31825009,31825009,2.7196808129868013,335.0121894661143
20,392,1232,29358570,29358570,3.6182695711208632,315.5064022736722
8,621,324,941878,941878,0.15034826063739043,8.540862156142984
2,159,927,1017856,1017856,0.06911252536528457,8.918459048069975
11,2038,148,523782,523782,0.10476125508043505,5.660206112250777
17,1643,33,72544,72544,0.11612602257740348,0.739496130762248
10,812,1342,17325230,17325230,1.4941658334040768,182.17674475166385
4,1481,1301,7022808,7022808,1.2101093254170991,61.333714375744506
12,1677,1478,26540456,26540456,2.4421944293012614,259.73160430041594
9,1760,1779,28483579,28483579,2.3434541974637404,305.14287073937646
1,1266,134,171128,171128,0.026972796658162587,1.7826761672902105
9,1075,997,9042800,9042800,0.9536210114815797,85.72028080014874
4,898,1442,7553206,7553206,0.5431441899338748,63.9015843042918
20,365,1220,28761510,28761510,2.5564823352581563,243.148984883854
16,1465,1033,17546548,17546548,3.0344652713810416,146.6036079441165
2,1957,1720,6345090,6345090,0.3847255709203908,55.60728104850391
16,513,229,910056,910056,0.2125832178282869,7.598141390524788
19,1768,1933,70730413,70730413,7.273084430491615,576.8517140443427
7,1071,322,972450,972450,0.1335565815273787,10.104633152218547
21,874,1821,67968835,67968835,6.913400449432498,669.3622522495659
17,1787,1072,20331562,20331562,1.8552267004012915,190.97566432278845
2,1490,375,703885,703885,0.06732380061350862,6.791868423236845
3,830,1612,6556014,6556014,0.4090745454566796,66.55471312791511
13,70,1297,20307139,20307139,1.9343263067574146,209.11779069839116
3,1615,1647,8106544,8106544,0.5102350032176776,74.30399070247762
21,910,1695,59055505,59055505,4.488733409588341,602.8237118938467
9,1662,1813,29343415,29343415,2.338062232276074,245.4591778652501
17,1378,854,12868936,12868936,1.0595868493893632,116.33088132648102
5,1751,973,5505244,5505244,0.35408035216035066,47.16422216217388
13,810,1565,30694355,30694355,2.5212366786725267,328.1514098640387
13,414,446,2581904,2581904,0.2498747624344479,23.5122856963536
24,42,686,10875854,10875854,0.9846422393919677,108.57372693335206
10,823,1876,33255862,33255862,3.130385546970609,270.49705613734506
4,1271,1024,4461578,4461578,0.26953220143834977,42.690515222063624
4,581,1367,6419442,6419442,0.39952520033969807,53.21036749035576
14,1364,521,4251891,4251891,0.34883253090038513,38.8906861990048
15,1918,235,1229765,1229765,0.19613094176876888,10.180747413279782
13,1920,433,3091197,3091197,0.24980034874840804,26.229853489503967
8,1990,86,224470,224470,0.06697241193667001,1.8365312222332209
4,2039,418,1382336,1382336,0.07853005313722088,13.784784708727559
3,1779,355,888220,888220,0.06881963574381368,7.892329418655722
4,261,1053,3616012,3616012,0.21853327762001754,29.754195580490126
1,259,562,151750,151750,0.03576143188875279,1.446357927159271
7,2039,1113,9720952,9720952,0.8432809157413568,103.9073695432872
6,1803,982,6607888,6607888,0.4858977068266412,66.23548279943523
5,1628,1988,19074870,19074870,2.3421468274430426,159.5738431549006
17,716,367,2427715,2427715,0.34877764463663835,21.338091996299173
3,496,1337,4255681,4255681,0.32491504016858713,37.86190581485446
24,976,734,13132738,13132738,1.3849908134117,131.74380212959295
10,847,1887,33682960,33682960,2.973533767126448,308.9560538529271
12,1917,962,12045212,12045212,1.0785096633034041,123.02946987392369
21,1904,1634,56560920,56560920,5.2875677673228845,530.1079287103948
22,127,508,5500126,5500126,0.49472743143546544,54.414692275192785
24,1865,1898,86459604,86459604,7.606270528404268,752.7366749419966
19,1657,1927,70088854,70088854,7.6490066675766,761.327920593816
19,316,649,7805533,7805533,0.6925312966354967,65.57900297547516
13,425,178,459962,459962,0.12638340451353233,3.893484552710439
12,1401,918,10576288,10576288,1.6456621417998194,104.84542762883775
21,1282,1226,31671268,31671268,2.8480289589441763,268.4955274614618
9,324,1760,25384490,25384490,2.4976469260143013,241.7956099753881
8,433,1759,22451886,22451886,2.207766677415365,240.6408881938363
10,357,990,9194140,9194140,0.7866154013218994,79.49960173572681
3,1482,1042,3729328,3729328,0.2701465846792116,36.66483904405158
10,1816,1570,25066630,25066630,2.1734860269036225,218.85475539452497
20,1702,1536,47486986,47486986,3.44173594527826,396.95447802196446
21,1028,674,9799296,9799296,1.1680984512392987,93.16170727375724
14,651,1862,46328432,46328432,3.2578109019958985,440.4176348041368
3,811,415,686420,686420,0.05471021239143144,6.807405076588423
24,39,1380,43901950,43901950,5.0607264257244235,462.69373891590385
20,1735,336,2738074,2738074,0.4365351816021309,28.680007310048236
11,1206,534,3506788,3506788,0.3221725229981615,31.163677026582327
23,290,1240,34227730,34227730,2.6844037593699746,327.0040922499406
6,1016,1308,9904186,9904186,0.8271660813071406,96.46489902162975
7,653,349,964646,964646,0.12356859765420516,7.932399511936843
23,274,1801,71912139,71912139,6.161332919375394,699.0087523271427
4,1578,1714,11542086,11542086,0.7279502442208685,108.65038689848619
24,2012,1864,83727162,83727162,7.506871983129594,875.8485637699707
24,1650,159,849229,849229,0.2573868623466907,7.934008306855252
8,464,1451,15437199,15437199,1.2283363806105394,165.29622001461863
14,186,562,4224002,4224002,0.36604584271024593,42.413535398563205
3,1853,1584,7973866,7973866,0.5131767180020592,74.35064080968854
12,980,626,4937898,4937898,0.5797520245246307,45.285456522358274
6,1061,1425,11687860,11687860,0.8889733568441047,124.74595974105951
10,1567,1465,21640990,21640990,2.389289479902665,229.59733373382352
21,1624,969,20382925,20382925,1.845399465393785,215.66161662455488
13,716,703,6450035,6450035,0.4794388966104929,55.51671502493643
12,1257,1126,15386800,15386800,1.2119976675127315,136.1371048487477
13,1974,367,2349177,2349177,0.22973648320203985,21.719927369523283
6,1707,984,6536722,6536722,0.5403354007003832,56.84994498691331
3,133,1873,7289726,7289726,0.5879391555708988,64.5816477436295
2,1560,209,372239,372239,0.03954063569592984,4.027370271990504
18,1320,1910,64592390,64592390,4.882715048638021,626.5407414383255
17,1607,241,1323100,1323100,0.20547455187498287,12.328940712585682
18,125,542,5076924,5076924,0.6432265793474199,47.731701512940575
20,359,623,7616808,7616808,0.7399945955243123,72.43431478644021
13,313,367,1739590,1739590,0.20942008809025855,14.143940823730878
4,217,588,1173070,1173070,0.11471792424073075,10.553803131859043
4,1409,1063,4902566,4902566,0.3404201753725443,43.48666272867559
22,77,764,12340902,12340902,1.225858625793123,121.4008166457828
1,749,1961,1490370,1490370,0.13475785263334708,12.738806775989792
7,651,1194,9351418,9351418,0.7606857268145916,91.90438779943938
17,77,2041,66863170,66863170,12.208017720165456,629.8261907718127
15,1018,2026,59578592,59578592,9.698280424033928,567.8517963673241
5,214,1537,9801459,9801459,1.0717145889526687,97.22373232787784
6,915,757,3570022,3570022,0.26394086693801594,29.85464231120984
21,626,1987,80268849,80268849,6.32889731128425,834.1055461941313
1,178,1235,233425,233425,0.03539056452790012,2.4568059649750733
12,780,897,9570103,9570103,0.6753273456130644,92.76030921569016
15,1273,135,430390,430390,0.1369103476725972,4.415523159786927
6,330,1002,5366722,5366722,0.43433148396740917,49.2611682199801
22,169,1672,59043346,59043346,5.762784038761229,560.1758463669245
16,827,176,614778,614778,0.15220950036628247,5.511161957680434
21,1089,1124,26526410,26526410,2.2175356993322346,216.46200773815684
21,944,1156,27853830,27853830,3.201702958196063,263.3255528165883
2,68,1273,1722379,1722379,0.15038110803266272,18.734252174484148
16,1693,1265,26177920,26177920,2.66332982596361,271.48847746404664
21,1544,1876,73342230,73342230,7.4705595805324805,759.3258430559806
13,1600,789,8750809,8750809,1.7540750897990052,89.63015794360076
18,1645,230,1284100,1284100,0.2059410870782183,10.623162427444916
21,1897,1154,28859242,28859242,2.1505976619450706,306.03923040862924
9,587,889,6861312,6861312,0.4625934773951323,73.79367101036726
23,1560,1679,64693559,64693559,4.865848559797777,641.5198863613426
15,1939,541,5160068,5160068,0.5106138115942007,47.49265865829406
9,436,1970,31943560,31943560,3.9262461246389253,292.4328405534807
6,49,1355,9268210,9268210,1.2133115249797357,100.45456691862002
3,1533,2005,11139790,11139790,0.9773276203406095,110.8782724759988
2,356,1034,1449678,1449678,0.1012317992771988,13.393417343227718
8,1341,1510,18012800,18012800,1.5524938061253337,160.57912601592312
8,525,1984,28631114,28631114,2.482368889658998,308.300058072855
10,1823,616,4550402,4550402,0.3478216995199648,43.77898776022255
6,507,1382,10272416,10272416,0.8614231515287807,84.61379800828755
3,354,1494,5012380,5012380,0.33839661917542824,48.99016263927139
7,1367,138,305266,305266,0.06240646486737019,2.636158209140373
23,1751,1597,58958056,58958056,4.778837902849349,627.5930046413386
15,963,1622,38434922,38434922,3.1983811538659097,398.9144518350967
7,1636,252,797590,797590,0.09447351291874619,6.9478167299722475
16,852,653,6969479,6969479,0.5156911322908044,71.1988978105853
14,541,637,5634912,5634912,0.43562348107313154,46.33317497382806
10,363,911,7818212,7818212,0.6673890211348443,67.39163366608454
9,1004,312,1097938,1097938,0.12028006543978398,10.8082471306217
12,216,231,641959,641959,0.1770401425505723,5.313575881605602
9,168,978,7834768,7834768,0.5818740415902787,85.0922376987609
4,185,181,134312,134312,0.05234165702042172,1.1866293906559493
18,1084,1819,58271675,58271675,4.811031260839746,631.6779801452739
9,1681,237,852262,852262,0.0950240369822588,7.755137764409436
13,684,1005,12830845,12830845,1.281423100611215,114.2085082386998
21,1892,1829,70421997,70421997,4.648180430530458,571.7114420194061
1,249,39,10150,10150,0.028447892125003878,0.09534226110318018
21,1381,1400,41176810,41176810,4.083898382455749,338.1596382124261
11,591,527,3099824,3099824,0.2517411215030539,27.348008740815775
24,1575,1313,41763914,41763914,3.573337141540694,431.47729640697474
4,840,352,672330,672330,0.0840745688861668,5.481565538321479
12,860,1879,40494339,40494339,3.454984811199813,384.60142744788556
16,1963,1776,50845114,50845114,4.380639470956983,522.731940916923
23,739,292,2101242,2101242,0.32883591163882087,22.346746087142492
23,2009,830,16850670,16850670,1.9353599772297703,152.94854806778173
1,1837,697,1288066,1288066,0.08383625759039456,12.336400231869742
8,72,222,364978,364978,0.12504676237966178,3.5435510924819855
18,1631,1912,65319666,65319666,5.823747746926399,657.2015886443849
12,674,1249,18029325,18029325,1.6670317780819106,188.6620750831509
15,1199,847,11080464,11080464,0.9460260557992991,109.75729305335628
14,1003,713,7341058,7341058,0.6568579700117687,59.97261701032925
5,150,1347,7479901,7479901,0.4554347245950579,75.43130317521688
15,1538,691,7764777,7764777,0.6117515734808538,78.23200862179829
7,177,406,1067790,1067790,0.13476063931514068,11.191321602576235
3,140,1325,3713985,3713985,0.2205667706792209,40.46748230982
16,1424,1104,19883050,19883050,1.584672432552899,201.15173264925613
6,1496,340,1092090,1092090,0.1111802296334408,11.846292876050331
12,1581,287,1366130,1366130,0.23358241562004772,14.732247391318628
5,1293,1546,11582642,11582642,1.250098128862153,109.54138190365242
8,1606,1384,15655818,15655818,1.4335786147598186,149.43110699868078
4,1356,492,1400242,1400242,0.12077648189421691,14.706950536783904
14,1533,1770,43483600,43483600,3.529107621610538,465.0317525216064
23,1478,448,5092426,5092426,0.4832471462421198,47.11379542364645
22,1341,1170,30353320,30353320,3.0248768409826385,257.80723521898904
6,903,337,877558,877558,0.12342408637947118,7.260791579748134
8,1785,970,8335220,8335220,0.538652066753972,75.52881051817342
12,1613,478,3294864,3294864,0.3222278587317295,34.60488312832642
10,712,1482,20851750,20851750,1.6063629474220178,222.25121862810795
14,1505,537,4569880,4569880,0.34653791799111483,48.67939728116649
23,1349,208,1239274,1239274,0.23794160431510852,11.315348565328804
9,1647,544,3273802,3273802,0.2123266168281992,32.80723167488753
9,273,1528,19124458,19124458,1.4399430802966817,180.12048037965235
19,1917,1160,26478170,26478170,3.1207639226608084,223.98482871426432
16,1109,101,267660,267660,0.12081045991650777,2.2563244331101413
11,1190,2026,43500256,43500256,6.614940822230698,470.9037543917272
1,915,1525,1412160,1412160,0.11793587926737505,13.935653882720324
1,158,1813,306407,306407,0.04421333614235514,3.0497619132006575
1,815,1384,1143194,1143194,0.07511886032727588,10.2890022302768
3,1968,1322,6114260,6114260,0.3625057454177397,60.22344001546324
12,1558,64,146186,146186,0.07857972495892716,1.3926223064849292
23,366,199,950633,950633,0.2502594624977227,8.296343536818073
22,220,481,4979803,4979803,0.5929992797931148,46.145304926856284
24,1970,554,8169294,8169294,0.8299825467171732,77.6729585024157
10,977,1876,33544766,33544766,2.771579443850079,295.5932842163049
9,1016,430,1924260,1924260,0.17487537865307742,19.119095770637724
7,373,1488,13865194,13865194,1.5042752228629424,135.84084331498156
7,1755,1737,21180988,21180988,2.09090177424373,221.78183090784896
17,1572,269,1587917,1587917,0.20042363443143904,15.178388732470623
8,2009,404,1961430,1961430,0.17657187601993063,18.26600119681965
24,1280,1686,67595122,67595122,5.829140798463895,590.9741845993561
19,1415,1533,44515264,44515264,6.02846865208418,466.544164349606
12,1650,1533,28414165,28414165,3.313895373966286,269.3628414525461
18,1075,1169,24520954,24520954,10.687636925888887,261.3885571907349
15,186,1413,28250119,28250119,2.3007575244697764,288.86283657879704
9,2008,1926,33579820,33579820,3.637365810572295,360.4379494253137
1,710,480,346090,346090,0.05511133039136375,3.323027704513005
7,1766,1509,16353043,16353043,1.2243192216671013,152.58961828540941
20,129,623,7473518,7473518,0.6591585721438523,75.08964477936689
18,1201,1148,23815270,23815270,1.887444176816993,220.57399088186463
8,1555,187,538944,538944,0.09354178888840012,4.5864008380237955
1,681,672,465034,465034,0.03956641807221513,5.077901578867408
18,397,174,588652,588652,0.16188175146526712,5.9301092556563315
11,264,963,9548155,9548155,0.7702633547616667,104.40962688905572
21,220,1745,61338505,61338505,4.9597061850364375,546.4676812727803
20,1657,758,12195472,12195472,1.2308846173836094,109.16326876961212
7,1797,577,3044262,3044262,0.32773942880831697,27.829124154543855
15,856,549,4703293,4703293,0.4779532833061246,44.83109272045883
14,1268,1677,38726971,38726971,3.4312676579337764,387.68081906773944
7,1493,753,4539094,4539094,0.30077282225745605,37.37476586289528
8,1549,552,2997922,2997922,0.18223653168965448,28.84985212519191
6,1535,303,929008,929008,0.09551361124551361,8.26551454889332
13,1516,1668,35953750,35953750,3.3998858929963958,334.1326708911288
9,1656,432,2216602,2216602,0.17860078951176606,22.155621795449353
16,1796,1539,38331883,38331883,3.9789438851159753,375.57915668509395
24,2041,777,15498052,15498052,1.7600175513995757,130.44532838706635
7,1635,333,1215460,1215460,0.14641626452308742,10.352602532402303
23,1365,1498,51462302,51462302,4.624079020655517,478.4880062390537
23,904,1657,61956897,61956897,6.699054757356396,546.687717657396
17,799,568,5631162,5631162,0.5634462891075263,49.48106401479067
12,478,1163,15459769,15459769,1.3831898682770227,130.90987555926662
24,1480,970,23109290,23109290,2.594444168995574,243.98046002320862
17,1202,436,3577390,3577390,0.32702522194261535,30.904285444059415
24,111,890,18347360,18347360,1.5853266376043234,171.32828354590427
16,576,1759,47470143,47470143,3.8216034041212747,433.19638196026733
11,1720,1085,13661245,13661245,1.281638032562245,147.86064392360652
2,702,408,457786,457786,0.06186439525719129,3.891010937844924
1,887,937,841436,841436,0.05809403681557587,7.393720257312672
19,608,118,325808,325808,0.11710912364059052,3.2482877434391026
4,1893,1799,13139906,13139906,1.0643191487118895,139.20630376226586
9,1141,1167,12248842,12248842,0.9175119757801484,108.39807202944935
5,124,1711,11947923,11947923,0.8990797166633054,111.88422170609724
7,875,620,2859450,2859450,0.2226351127547505,23.76351481118084
10,1273,1003,10350970,10350970,1.147416419991687,104.87005666811744
23,845,750,13033510,13033510,1.0098564096487195,123.08098370149911
23,797,858,16907758,16907758,1.499867803644694,144.25069608549373
23,891,1894,80669258,80669258,6.324168679075907,749.9624486970829
20,1658,1762,61962502,61962502,5.167439182290396,508.4047954874421
13,1665,1915,47239230,47239230,6.076697512389198,501.7748086382534
20,526,922,16664238,16664238,1.3188877537288692,153.1438569121177
15,1253,880,11966250,11966250,2.380869635311759,101.22079821344653
3,1026,1659,7228273,7228273,0.5935178106706304,71.31114346936553
17,85,1359,29702314,29702314,3.1057326977732984,244.05883146373287
3,677,678,1387198,1387198,0.10948107803931388,14.809779761307936
15,778,1435,29981465,29981465,2.9509110230808315,294.8011587327507
19,674,1441,38389691,38389691,3.3342609564823866,322.27703148910956
19,180,1923,66964639,66964639,7.5730124125918135,636.7685818056605
13,362,144,304282,304282,0.12459413663381749,2.8371864920706877
7,1701,381,1525534,1525534,0.1375137267442095,13.743529616495419
6,1901,1484,13856118,13856118,0.9236504949489224,137.48368763205445
5,1584,1407,10168399,10168399,0.714403817448927,92.62522453507961
13,608,877,9782945,9782945,0.7509097934257863,100.06528794371819
22,1620,221,1390763,1390763,0.24731854924455993,12.015782011188662
6,1849,1527,14506510,14506510,1.4626554326666323,151.9162207038316
20,831,1572,48305998,48305998,4.3332565907349405,512.9461111584716
8,860,562,2704354,2704354,0.2514285554883794,27.975045642023154
1,1093,631,696634,696634,0.04446739701324348,6.058014873885403
23,265,253,1483602,1483602,0.2043375094612567,14.365268219505188
7,1130,1514,15489744,15489744,1.1096369652113147,130.76316303986752
23,363,737,12241580,12241580,1.15890782218453,130.00779999312832
16,250,1232,23107402,23107402,2.17191633676523,227.24108316836345
14,1030,528,4180714,4180714,0.3684436537376425,42.10862131353347
3,448,107,72235,72235,0.03834585543701089,0.7653424505545932
9,446,2025,33746635,33746635,4.149501813407604,310.81415447603575
12,1037,1912,42238002,42238002,5.335753841150115,426.49404045310393
16,1989,615,6912610,6912610,0.5732360869967643,72.87907311980625
12,1563,171,592696,592696,0.12285044895466797,6.466014035433526
23,1394,159,783085,783085,0.2105167469893294,7.58507817091285
2,1948,1478,5081374,5081374,0.3025868530826344,53.86715583702538
13,2018,1384,25810226,25810226,2.661776805693334,236.0796177784058
17,667,956,15286450,15286450,1.3770008268495917,164.38374341101348
11,747,1737,31505716,31505716,2.4746778649824517,309.3642525781226
16,1270,349,2279329,2279329,0.2954942246541048,24.24153356777511
19,336,1860,62951710,62951710,5.01411577205331,513.0448454693766
17,1044,1150,22391660,22391660,1.9827340059963667,207.83892841975833
13,1381,897,10914706,10914706,0.9217313907065202,105.55497033466514
1,1279,1108,1429330,1429330,0.0781591068073417,15.442896129374146
11,664,1501,23558205,23558205,2.0376034108502403,216.31056455783605
20,34,1351,34765293,34765293,3.2028978649441417,360.104674837646
21,1511,1466,45243702,45243702,3.906178928536303,376.87595167209304
8,993,1457,16332980,16332980,2.066080521947729,171.85658445502543
20,960,970,18837410,18837410,1.7012772431223582,188.33900903336158
8,1683,1284,13724686,13724686,0.8976174964982984,135.80160096005483
7,776,1824,21408298,21408298,1.7827363995748156,210.40167180272397
14,377,1000,13401010,13401010,1.3228516355943367,142.20249707967707
18,1621,1028,19660510,19660510,2.0932818878250687,208.795203566984
12,1479,415,2517400,2517400,0.2757144818124135,23.83943142117966
11,1033,861,8320714,8320714,0.6597750763810916,77.11158553748758
5,49,1177,5616654,5616654,0.36918399320840395,59.66138435706821
17,77,618,6175066,6175066,0.582646836914163,60.613473067745716
23,290,1018,23127952,23127952,3.249279287908965,245.3181145994076
7,1368,62,108944,108944,0.05743509995030458,1.1065803861119865
22,1997,1347,40835662,40835662,4.043261432485722,426.86130932459156
4,1810,721,2874637,2874637,0.18479661016342758,27.711122682093148
22,497,201,954760,954760,0.26263743013585655,9.937990672415147
8,1198,700,4281210,4281210,0.2825454508466616,40.54170673471352
7,631,104,132298,132298,0.0667026942956521,1.2426930117371617
13,40,1459,25636099,25636099,1.865521263057997,276.46000836925464
23,1053,963,21447946,21447946,2.060574278566806,205.04337764329267
24,1536,1941,89699443,89699443,7.071235212922744,935.9920578188812
24,1836,635,10461635,10461635,0.9248705023668679,101.63806341095002
3,1980,1880,10815650,10815650,0.7861334585291038,107.40184592899645
16,96,1186,21243642,21243642,1.7708215590249468,229.79159846478277
1,1399,161,227020,227020,0.03196037354723445,2.086386721080718
7,91,305,591100,591100,0.0886600757295842,5.962471023880472
3,2005,1344,6324874,6324874,0.35646030966281256,65.7892775794555
15,473,962,13435302,13435302,1.0464487659617294,128.51239695612435
17,1763,1081,20631976,20631976,2.198086844526672,197.76312802566696
15,1839,927,13758544,13758544,0.91062615119822,125.27124350318896
18,319,2034,71037460,71037460,10.379086727972105,586.5756409383897
14,1245,1322,24397520,24397520,2.113983392140262,202.06150398310922
2,1636,815,2007355,2007355,0.11989416444314137,18.662151550710202
8,1741,2026,32296476,32296476,3.9424372030813073,352.25261726718895
9,506,40,33810,33810,0.07006326980346955,0.35439480394759976
19,1578,105,367195,367195,0.12166847206561178,3.564454370363842
19,1466,1126,24505148,24505148,2.000304740507205,201.38437843206177
22,194,1829,70663425,70663425,4.859199061105339,688.8307987228948
7,913,768,4253194,4253194,0.2604365614593958,42.663747939080615
13,1316,1606,33101276,33101276,2.8732750335908905,338.3398139069393
8,1365,944,7543514,7543514,0.5498300481859517,70.18337753713304
10,544,1055,10612255,10612255,0.9890480074471384,99.62374669204742
9,1254,1554,21297580,21297580,1.694286729740016,199.56765587895973
21,1526,641,9215667,9215667,0.6950720785006315,95.72883512645193
6,1571,1258,9909276,9909276,0.7116321869779365,90.81859884274148
4,40,1627,8029255,8029255,0.6132276805335555,65.3618449516232
19,1231,656,8572618,8572618,0.8052948247164651,82.7715097818798
7,1797,1326,12955030,12955030,0.9707421036115029,140.1272983467091
8,444,2037,29986687,29986687,4.980052734289278,266.74657931906313
19,1301,592,7095722,7095722,0.6343130891808815,65.85050182080913
23,1037,1390,43993510,43993510,4.388656318187058,446.57567148068296
9,246,1293,13717447,13717447,1.0437208554277706,139.5382687193695
2,804,1148,2254682,2254682,0.14450677901642267,18.69455174189136
15,227,1781,44856276,44856276,4.235903748614462,455.9784007858217
22,333,241,1307676,1307676,0.19854816209364637,11.923502822463591
3,697,1954,9023582,9023582,0.5850948856414881,88.05800374495351
13,639,199,606960,606960,0.1251143884201039,5.617171592390236
8,472,1874,25501402,25501402,1.8811383648618696,221.2813706429238
9,245,2022,33241690,33241690,3.3343264894999,360.42450983894247
8,1889,922,7708852,7708852,0.5171482566578239,69.50791319255083
1,1824,1918,3519540,3519540,0.18315886757568572,31.78515171580866
15,129,430,2654830,2654830,0.2500815028127247,25.791556148665595
21,861,154,611698,611698,0.1963056245069911,5.630105711727767
1,1212,1763,2156159,2156159,0.14063312510082826,23.270406347864075
13,1594,252,1169542,1169542,0.13684110871226338,10.52017280925243
24,97,237,1322944,1322944,0.26053196987222293,13.166767436081315
15,607,1800,46497610,46497610,4.434128907662597,494.6042031249348
10,478,1476,20342242,20342242,1.4015471458602102,177.7925315208468
7,1273,858,5523814,5523814,0.46743417079622857,52.213050359046605
13,1981,278,1484530,1484530,0.21033495143817318,12.542008681788653
13,974,877,10103927,10103927,0.8271922878497102,83.84132236474622
16,401,817,10361204,10361204,0.8531962379969686,109.74723639266566
13,1276,2042,52689736,52689736,13.851033119917762,485.2025422762494
24,1441,1576,59451458,59451458,5.588225063230875,557.2930212377619
1,260,1474,399464,399464,0.054424732364330305,3.5580848131545966
17,1554,1491,37926577,37926577,2.6781843981084394,385.2914921674563
23,1980,980,23101550,23101550,2.3456066982974506,218.68246581346455
13,416,2035,50588075,50588075,6.68879835809299,482.8923945390629
4,1877,1517,9772524,9772524,0.6790958983413372,96.18580249529464
23,1975,1942,86869554,86869554,6.9617850702553605,907.4662823092846
4,682,442,893734,893734,0.10094141724419557,8.348458446536654
13,1232,1204,18906422,18906422,1.5918130296471062,188.2394145634468
5,1614,440,1491170,1491170,0.11155936642751103,15.285576360663242
13,1768,1997,51432745,51432745,4.180051342593289,471.13945587251345
22,172,658,9226486,9226486,0.9073353011683348,75.56222214069464
4,949,668,1981966,1981966,0.13517929582790753,18.2971171720256
4,1571,1214,6345588,6345588,0.47148879727676724,59.81349420156921
21,1183,287,1995808,1995808,0.22691302507073974,20.813137843188656
5,1080,1439,9858599,9858599,0.7137683591253996,87.58445847978837
24,109,1020,24075070,24075070,2.926885251658276,231.3725718150344
14,66,663,5774077,5774077,0.41140910773904465,51.68020881829588
3,1737,1407,6421558,6421558,0.40698067178162106,55.49207024602112
15,655,357,2027056,2027056,0.26185968238948343,21.616947108719227
5,94,904,3367410,3367410,0.21532151322516693,35.05730566537603
6,669,149,213080,213080,0.07076442699588964,2.295009629573142
23,1732,1740,69678310,69678310,7.2794191216205615,695.143555681941
7,1982,1325,13182435,13182435,1.070724962012817,121.2248039010866
1,1048,1219,1290931,1290931,0.08411638285151408,10.539775516642292
15,2045,1110,19547110,19547110,1.7757098617043792,166.12749465008048
11,1451,1031,12147252,12147252,1.2611540153907597,125.10254237136441
4,226,382,529462,529462,0.0775174729088909,4.8655655620306
14,1163,610,5561380,5561380,0.4385233046847204,56.53469126726725
8,183,167,228800,228800,0.07716630582855069,1.8957116321348446
17,1756,1683,48320623,48320623,3.82592340036829,528.3715528006827
21,76,1108,24671846,24671846,2.2105611529889133,218.3365562265328
11,1260,1686,30585736,30585736,2.841152149898123,309.37795956428977
17,1220,609,6693529,6693529,0.5709021312369222,69.04758495223528
15,820,1998,57576376,57576376,6.200286277197975,505.6299308932387
19,833,895,15189950,15189950,1.127967209280712,145.82312827297554
8,826,1181,10760101,10760101,0.695204914013041,93.0759822041255
12,46,1079,12880033,12880033,0.9845468997864557,139.931347629215
20,1959,798,13686508,13686508,1.0271876244772988,134.1280195501938
4,1226,1175,5598885,5598885,0.4046452543558375,47.11136541174473
17,1785,1432,35404778,35404778,3.2372079613784406,290.41390784461555
4,76,882,2413162,2413162,0.19616141090372483,22.94457725071845
21,1256,584,7572738,7572738,0.7514886334713179,62.07682725735487
18,1710,1736,54250010,54250010,4.430879668698286,477.1161163614474
18,897,1217,26304248,26304248,2.5084284887047255,254.28848251819093
16,545,1232,23470842,23470842,3.032840374591848,237.5514974745189
19,315,860,13608650,13608650,1.2656996972014083,120.18966301112745
4,1228,1358,7219138,7219138,0.5216086352183319,78.148507894115
4,233,1100,3901710,3901710,0.26673200680832454,34.31442231460425
24,624,589,8366755,8366755,0.6529589992041132,91.73971573090398
11,822,1253,16756379,16756379,1.0997785343094284,142.34968140756953
11,1873,1524,26112226,26112226,2.5452321789215384,270.9906336019678
24,1289,1754,73080420,73080420,6.509104947586121,661.5858181424143
18,954,712,9317242,9317242,0.8464574344423498,93.79926691737333
4,1223,171,299260,299260,0.05356460550130052,2.4370019497416653
7,108,581,2098001,2098001,0.14276789187191757,19.694689081409468
11,626,680,5063970,5063970,0.3111951889923431,55.372811173388996
13,1508,365,2157525,2157525,0.25698604856986446,21.90582110613416
8,318,1488,15998986,15998986,1.4279521008481333,152.60032202686781
4,638,1631,9043905,9043905,0.6197140891837267,75.28165382815934
11,1121,1807,34716094,34716094,3.0516137402634604,334.0976589377738
7,65,1967,23375838,23375838,1.7171146276553126,241.9097883382501
5,1187,1486,10618966,10618966,0.7629186644956,89.23330857354536
19,376,465,4080385,4080385,0.4479474846673873,39.38051519279481
12,846,1056,13183114,13183114,1.276486767933907,133.77755670826744
24,898,1324,41552426,41552426,4.5329135442285065,341.4586803883369
13,1390,1482,28449964,28449964,2.1864440273549492,275.54431666293715
12,1947,276,1381390,1381390,0.1517465908140564,11.435890752916675
4,960,656,1929962,1929962,0.09434479759112117,18.714674797169604
21,545,800,13260810,13260810,1.1518316618209945,118.0236632507758
1,400,1325,544585,544585,0.048912034921298995,5.238291516411602
23,1609,54,152830,152830,0.1321452886874645,1.2688711894005007
10,551,1529,21913638,21913638,2.4285282285246987,238.9986819691107
16,568,1819,50711911,50711911,4.241590780451989,444.77923884097794
11,201,1429,20737658,20737658,1.6014314104854317,221.4856204951953
16,741,644,6714998,6714998,0.5102631775108908,60.8911042069757
8,1388,126,288298,288298,0.07591000605448156,3.125904293356857
6,1344,564,2357530,2357530,0.17526700496136863,23.161246901547806
14,178,1429,26835201,26835201,2.1452852500136617,250.36586775369238
22,1208,1376,41467146,41467146,3.8038187364100273,364.9479274782713
16,795,1139,20394944,20394944,1.6683007020893466,189.57518742468648
12,1099,1241,18332062,18332062,2.9946318629259685,187.4280841507055
14,103,669,5903266,5903266,0.4397204909934757,56.32834203648831
11,1167,1214,16180202,16180202,1.5883886424482179,144.26427371579692
9,1981,1442,19518922,19518922,1.3597973216177621,168.1434899087523
24,607,679,11039192,11039192,1.1096738651427722,89.95220968115245
8,787,1974,28865812,28865812,2.6406106004420966,311.68708596254544
3,1279,213,365944,365944,0.06296801924701467,3.5329290764509165
24,1015,669,10995694,10995694,0.888612971886918,104.49278499474045
10,435,639,3965644,3965644,0.35796492717339645,40.960590263364296
16,719,259,1199180,1199180,0.19580079696176161,10.939017759896222
8,1123,1912,27771810,27771810,1.9002123986259791,284.8675808106392
17,1840,949,16181409,16181409,1.263739147002563,170.19472512735635
1,1386,1031,1440317,1440317,0.06977900083679081,14.123319159785845
17,1047,160,581450,581450,0.11356980530311866,6.012375083194853
8,1345,1224,12155554,12155554,0.9235455122767641,98.80887731845372
10,1595,1988,38779926,38779926,3.5377025613958923,402.0281646572813
11,72,554,3120692,3120692,0.31253028726322274,29.508527601839234
10,1555,1078,12156616,12156616,0.8488213409871423,120.25469177222591
15,253,1054,15845846,15845846,1.7890579186344786,158.91784578189075
16,1448,1749,48463051,48463051,3.7899313030482493,429.09271612361465
21,274,1171,27781985,27781985,2.466493500246436,287.48885129202563
22,946,1171,29941309,29941309,2.6301483413061644,324.9328428865391
16,132,1070,17342570,17342570,1.5673477337514887,188.69978330307083
2,1533,1252,3501854,3501854,0.20917363864689245,29.125049316708647
22,1725,161,827228,827228,0.18890530060031158,8.157598147858112
7,792,688,3396666,3396666,0.2342432196578699,29.704644525942285
11,1617,234,930862,930862,0.12064282933743192,9.200103656311102
7,113,1144,8001146,8001146,0.5502216753383405,86.677337395753
19,600,223,1035399,1035399,0.20828917711309303,9.533747218211866
20,1187,268,1690822,1690822,0.2687427492489843,15.838473668183548
17,266,900,13223710,13223710,1.1492830991084542,122.40892888765514
4,1109,1578,9242356,9242356,0.547316486051819,78.95611669795358
18,493,1262,27732460,27732460,2.3255124703618564,231.16318879075783
13,1969,938,12426634,12426634,0.9124807691442901,121.98623930803188
8,840,698,4009322,4009322,0.3133846267644298,34.46840137955647
4,766,634,1700398,1700398,0.11655301776043545,16.5036173594374
6,1684,1679,16949515,16949515,1.0208589086805504,148.45857544051287
11,38,1443,20907637,20907637,1.6523574292320744,208.96516581249426
11,432,1564,25169462,25169462,2.125379802805384,204.82963579587798
22,1054,318,2468962,2468962,0.2937817575578825,22.903733423087335
3,1944,1180,5094070,5094070,0.2928283965158915,46.910996138876065
24,998,1698,68066038,68066038,6.734452042766551,622.1426006578872
14,1241,1466,29793528,29793528,4.747530176395251,298.9264902407991
5,175,2037,16984516,16984516,4.309056432840187,175.42146281832925
2,1080,1810,5252630,5252630,0.29370135218069193,48.20977203256527
23,711,1763,69691400,69691400,7.4295869276298605,583.0239765880236
8,688,1633,19819731,19819731,1.8585442194833355,181.87671226241196
12,293,461,2482956,2482956,0.24027996194132856,21.34054199380934
5,2046,925,5328935,5328935,0.3554916233119753,54.59199832545663
5,1781,1448,10987434,10987434,0.8060372930916183,119.69926788437438
7,1656,366,1416064,1416064,0.15208186481883448,12.252696725232267
5,880,1546,10944144,10944144,0.8924465832173528,113.14161947846237
20,544,397,3222459,3222459,0.3330508327534932,33.069183265222954
15,998,912,12577402,12577402,1.0454916547482545,132.68875591964814
8,1058,1796,24511818,24511818,3.1623964010468404,257.76780771474495
7,1556,1152,9774730,9774730,0.7488106945586442,82.01879473649173
12,898,755,6964885,6964885,0.5274929407105595,59.58736017234426
6,1544,2043,24056335,24056335,6.3398925312993715,215.51878425524941
12,902,1685,32788425,32788425,2.4229447144764285,332.03336136028406
5,176,220,235630,235630,0.056536246376710536,1.9328956762733671
18,1233,697,9137680,9137680,0.7927856694799394,82.16230393966812
4,1662,1711,11650209,11650209,0.8988427913443198,106.81138695882524
9,319,1507,18677768,18677768,1.7756120312962782,162.9685847713525
23,327,66,119602,119602,0.12140972317301309,1.1237488790543568
1,539,978,537910,537910,0.03524991920464602,5.609068706610698
24,1864,671,11629111,11629111,0.9105868907467596,96.53213379207456
11,1915,1998,43788178,43788178,4.341746833456506,377.50800908495245
13,210,813,8121067,8121067,0.6384245240506755,73.27231613279203
8,1826,441,2174581,2174581,0.22039053566502204,19.3209595944096
14,532,1204,19514442,19514442,1.709431988825046,213.03901137134173
15,484,1654,39141920,39141920,2.8713061224444987,403.04751448518056
1,445,1978,901978,901978,0.050484580000276544,9.42722989390069
20,1280,602,7674306,7674306,0.8072014385081441,81.37322016602181
5,878,702,2598112,2598112,0.13492321673049112,26.517393752131156
1,1750,1573,2770063,2770063,0.12623098813696731,30.26488693200918
17,1729,1089,20887030,20887030,1.7307511541327993,203.41926591570555
16,469,495,3920410,3920410,0.3117547678528921,42.48151979315018
23,1433,1758,70569646,70569646,6.121347590578862,690.1487515738008
8,1681,974,8295568,8295568,0.6349792872744325,68.07303934975789
16,548,992,15330378,15330378,1.5187447073999083,167.15543592298678
20,417,487,4723910,4723910,0.4063919980267729,48.60340432841008
5,1629,541,2060138,2060138,0.1284385752384526,22.131416649357963
3,886,1802,8114416,8114416,0.4966111920661731,73.2253226419084
4,1526,600,2004010,2004010,0.11155973447987201,20.212185754564363
20,1392,1092,24209650,24209650,2.306373560727883,248.71657361319384
19,719,83,186096,186096,0.12311117242935585,1.6741761937155093
10,1893,1323,18283870,18283870,1.5296181652682688,151.36979434602722
21,899,1502,46516950,46516950,3.5153278105550543,415.45888972843005
11,1950,516,3679606,3679606,0.25282362305556677,34.088307004569884
6,1124,530,2008710,2008710,0.1395208333808863,20.916223257060533
22,180,1702,61193718,61193718,4.245145097033518,562.8497666906459
14,990,1367,25679105,25679105,2.883208538104365,211.27183682940827
17,192,1516,37104110,37104110,3.4129341144950796,378.2759519244435
17,1246,242,1245100,1245100,0.16432454662750945,12.817115925231995
2,1356,162,247870,247870,0.028564935204427672,2.3117388676459587
22,671,1732,64213910,64213910,5.5836751240933316,595.7380893277871
7,861,1111,8381394,8381394,0.5706185990425512,70.2390199485375
14,1904,1622,37328718,37328718,3.185785009506575,363.56661990383463
17,886,1182,23433160,23433160,2.1238841672211595,231.0969820223455
15,1709,1421,30733398,30733398,2.3548500108404977,258.6667468470462
22,1014,1296,36627562,36627562,2.8129072015168886,353.09558266106467
11,1414,419,2356885,2356885,0.25644576316981577,20.626473251578876
15,213,214,692086,692086,0.12278765495454537,6.381909434493143
22,1384,1729,65226535,65226535,5.839263471845282,594.9075263206822
8,1004,1367,14477907,14477907,1.345230380358077,149.55049305857034
14,1343,995,14230500,14230500,1.7419792125359148,138.97656334652333
4,1479,1585,9903090,9903090,0.6255604393548644,93.86499949709803
20,47,303,1767712,1767712,0.2850007067219232,14.353412523835946
23,146,1880,78093330,78093330,6.660812969194367,781.2696874135696
1,501,1418,726026,726026,0.0709112700412446,7.064369912845236
10,651,1225,14327610,14327610,1.1832992666973996,143.6241869733361
11,2034,251,1145825,1145825,0.14248388010320623,9.717324619928696
2,846,908,1603538,1603538,0.09517178483605727,16.722403079966693
1,91,146,14902,14902,0.016647265967541926,0.12527211578733283
24,1649,800,16066410,16066410,1.4169117165945422,166.6380394232004
24,1417,603,9237970,9237970,0.9157400399426483,98.45158295476787
23,1021,280,2019930,2019930,0.24344399365289573,16.544631403588028
9,1446,997,9412687,9412687,0.9402190928167028,93.43685157336773
22,113,1995,83869810,83869810,9.017415669719126,824.3966594987392
17,532,253,1165581,1165581,0.24135388778527003,11.478919115874401
21,277,78,145714,145714,0.13389015278801114,1.3881490336868676
15,788,1004,14928486,14928486,1.2720326566916151,163.0372008319243
23,1422,370,3550160,3550160,0.38781824904238377,30.91682509243091
4,1850,1249,7008149,7008149,0.3634982976515981,72.9245417361434
1,446,1679,767313,767313,0.055114783675679124,8.13035429626964
21,759,1954,77905990,77905990,7.2359651609693705,795.8860508589106
14,836,1905,48815635,48815635,4.705767880823583,408.2050033913068
16,893,1184,22115946,22115946,2.7187432438434302,231.28204590215427
13,45,1997,47991914,47991914,5.674870641514009,499.3871412109177
21,1011,1774,64790038,64790038,5.3370713581113955,621.2977687378329
14,1973,657,6923476,6923476,0.6464045638906394,56.540151772827535
8,1775,1581,20331670,20331670,1.4541328432308998,169.3528722071042
21,553,496,5209994,5209994,0.44230096175217054,56.365019924013275
23,118,945,19789255,19789255,1.3983695010427966,173.77210369647463
21,57,949,18095542,18095542,1.6485913930573213,159.80255738159016
7,60,41,13253,13253,0.048832128997314,0.12116219836247862
2,995,1648,4375450,4375450,0.22912476934138093,36.482311371791475
23,77,275,1694010,1694010,0.25409807678199187,15.319994113389932
24,438,1145,30694025,30694025,2.5374964208587434,255.5855566610099
8,1017,1870,26413760,26413760,2.05501993126461,217.1505732567066
2,1292,634,1228702,1228702,0.10085341965003201,10.72509970676505
11,1665,157,511202,511202,0.11647585948454123,5.187213586182576
16,1223,901,13302374,13302374,1.1377052065823987,134.37846623667608
18,1394,1998,70705234,70705234,9.670475054252133,717.7101333706146
19,179,490,4423730,4423730,0.4668942493594063,38.1717065370662
8,2043,1253,13572506,13572506,0.8713791774339701,145.42328135970024
17,283,506,4253446,4253446,0.2960929214448844,43.297553393336784
10,1119,420,2065990,2065990,0.2382560332919316,22.30448835797911
2,2041,1028,3167278,3167278,0.174827990629273,29.75382576109829
6,1545,941,5896316,5896316,0.33389036252777227,58.87753896296717
23,57,1447,46194038,46194038,4.106745719563507,491.75222385905334
19,1103,1681,52766600,52766600,4.866382356259999,483.3619924752564
14,1800,624,6200074,6200074,0.5087625182805813,60.51806162341208
23,98,530,6249240,6249240,0.5537058390071062,58.347169963213794
20,270,242,1185326,1185326,0.21543750435045506,11.644652968062937
18,1581,1483,39774070,39774070,3.083606941279184,338.10235585023753
15,1529,1354,27770550,27770550,3.2054776631203263,277.4077723980736
16,945,1794,50018524,50018524,4.2921876652778606,490.5185219811817
14,1670,488,3922554,3922554,0.3417189050808409,36.383325446881535
14,825,1193,19515104,19515104,1.7961800643190484,181.48706435431257
13,83,1172,16607250,16607250,1.6183678498494094,138.05068827339315
4,1223,1562,9251736,9251736,0.5311310908126067,98.32832415174101
2,1348,635,1266835,1266835,0.09323758122583937,12.982015328115052
14,100,499,3298899,3298899,0.2797549154472222,35.15662466587692
10,1861,140,439750,439750,0.08670951178900455,3.7968534537532252
1,1198,1806,2183464,2183464,0.0948780411464302,22.505114921237094
20,1000,134,479194,479194,0.14715958141695054,4.8122120213739175
16,214,1015,15696985,15696985,1.668998472821377,160.15316073967765
21,1749,659,9858650,9858650,0.8392316657448194,97.50162959680418
5,2003,1375,10337260,10337260,0.7176683248225938,85.54004137384669
13,1128,2017,51141045,51141045,5.280618125697517,512.4156533714327
7,684,898,5467932,5467932,0.37458619057707787,57.97035048215053
17,1208,853,12695209,12695209,2.321859573734757,130.75081334066442
21,661,557,6590434,6590434,0.582678809966986,54.554237828890614
4,1033,1095,4743550,4743550,0.2949408783434757,39.402022857673565
10,410,1075,10862885,10862885,0.7867151211397231,94.9782159226063
1,795,1486,1197726,1197726,0.06782834036296828,10.993658848927424
14,824,1344,24622090,24622090,2.064475484083299,239.55931957612478
18,1377,329,2302352,2302352,0.3597848642290419,23.034628554818678
2,502,364,319602,319602,0.03992308264947618,3.044617470072849
18,1681,698,9475360,9475360,0.8253763310436562,93.20462441424964
9,286,1353,15057547,15057547,1.1045165321536208,130.70161242831028
19,1730,705,10186555,10186555,0.8176538094302688,101.54702997507395
18,1719,1111,22924384,22924384,1.8719951766939025,209.31262449483785
17,1213,1262,27047194,27047194,1.9758318954598348,246.50717242141272
5,839,1495,10216840,10216840,0.6710214743881171,111.7547749181155
7,1809,1850,23913110,23913110,1.8881963232665246,226.36470055761362
19,945,1639,49950174,49950174,4.754587540193121,424.38607978392133
10,458,233,599985,599985,0.11870660307568202,6.468896153806248
17,1974,1988,67212302,67212302,5.70239970420408,618.2540168178853
20,478,1858,66534990,66534990,6.541551974768196,722.168917950652
20,1592,268,1799362,1799362,0.25474644463451446,18.10441935434742
5,1141,323,790714,790714,0.09967422033759363,8.28489700167376
19,587,1142,24178434,24178434,1.814385710239585,228.8038622030774
3,1857,1206,5164102,5164102,0.3215116491580438,48.12061360159896
2,1681,764,1877158,1877158,0.10970844078873346,19.337224223992155
6,1865,320,1113930,1113930,0.09011044150130315,11.162553207125757
23,926,908,19008990,19008990,1.9227660242192737,162.98031214187418
19,872,1358,34418520,34418520,3.504238271697626,324.86757149070996
2,1133,136,174226,174226,0.056464817073344185,1.637711649750413
17,432,147,413227,413227,0.14705259273603097,3.631495499316154
15,1343,1512,34074442,34074442,2.854570486751179,328.26286491500116
18,473,1003,17604666,17604666,1.8386315087450342,192.1517307843153
11,578,1953,39311947,39311947,2.9335006457130457,416.59499647190694
6,500,1555,12892515,12892515,1.1279315698441426,111.82197263378752
8,214,943,6443529,6443529,0.48045276128941616,69.58195574100412
6,1477,225,589060,589060,0.09906298189147367,6.107392462980049
20,46,1999,76075953,76075953,8.826827504754798,734.1945665137819
13,242,1274,19814532,19814532,1.7036443305409543,166.83991665984993
22,1529,1460,47042670,47042670,4.211290919391196,500.00614600984017
22,1709,1601,56614572,56614572,4.442331910699933,603.5790267109181
18,386,70,112290,112290,0.12809028562047237,1.1891813080107163
1,786,1805,1438595,1438595,0.06476619555454008,12.722343160476061
15,237,1750,43333510,43333510,3.429173498334135,415.40265426816495
5,831,1850,15255110,15255110,1.0932634178692293,163.91072804872877
18,694,979,17000345,17000345,1.3399447918652363,146.0072234739257
20,1787,789,13261522,13261522,0.9907126624959711,142.4771472757182
14,1527,96,268714,268714,0.10803980663009942,2.8916695226048645
10,868,1573,23665795,23665795,2.0628918971513444,238.164258771839
1,1466,525,775435,775435,0.047641137430224814,7.784850596729389
17,1469,272,1590666,1590666,0.20076557467336495,13.230613378324106
22,247,883,16619836,16619836,1.3192068778182484,167.10915776256007
14,1482,1733,41652665,41652665,2.869538966540861,426.78718179489374
12,1893,99,297406,297406,0.09352132976926512,2.9992299740047543
16,1549,501,4554100,4554100,0.3289250848892477,40.120235385003724
5,1201,1278,8087194,8087194,0.6267164186213522,83.73405462529574
8,260,380,1116450,1116450,0.11276913560603827,10.833450288426409
20,580,1857,66653311,66653311,6.831300690128468,701.7628437192419
6,965,753,3573748,3573748,0.25199938864510635,33.59889140187312
20,631,299,1896268,1896268,0.2739507222026077,19.582438449207828
21,1448,65,180645,180645,0.1425859659410724,1.8714450357187575
18,145,139,352514,352514,0.16694205828741093,3.309804756689556
23,1818,1220,35003030,35003030,2.9929764911599124,327.0631045474251
13,369,808,8151114,8151114,0.6652312417191322,84.28553385324629
9,695,499,2348304,2348304,0.2085181080367141,25.556642934083722
5,1477,2035,19601130,19601130,2.443111269250849,162.1823151283086
6,842,2034,22430962,22430962,5.270430080356597,197.34455700806728
7,734,1441,13541087,13541087,0.8766306887782466,146.79686675042416
22,1226,1643,58755333,58755333,6.76435718259073,639.1908797737333
9,980,1737,25872625,25872625,2.3262815441913807,267.8048397352572
10,1662,1746,30373426,30373426,2.258735688619368,305.37126298093347
13,1251,212,809426,809426,0.12297940572076944,8.527589543846663
18,1734,370,2979250,2979250,0.27300357383765034,24.34545131222873
6,1204,2015,22759435,22759435,2.080186628276644,205.67419092408247
6,492,1975,20506435,20506435,1.4752151884608655,198.9660437808171
24,1508,858,18254818,18254818,1.5819931320832046,171.5178212699762
2,1755,1039,2915444,2915444,0.1385924112238839,31.460760785770784
8,334,752,4223242,4223242,0.2724034109607301,40.92776349355847
22,1851,212,1343030,1343030,0.2122773770405607,13.229520308238106
9,1961,350,1673010,1673010,0.12206462153583472,13.90838467023798
20,1427,220,1240150,1240150,0.1887005010042795,12.954508588065027
23,990,666,10439560,10439560,1.1679824852706762,94.82866765445037
10,1000,1380,18547210,18547210,1.9991982667527795,163.30176862073247
3,1007,963,2837008,2837008,0.15644662877871132,25.954379971175854
17,1347,992,17108042,17108042,1.5083120629989228,167.9499523609471
23,959,1827,75246832,75246832,6.009653612341157,794.4365753094023
19,1893,405,3730870,3730870,0.37729560094504483,39.4383856139249
6,1990,1333,11558453,11558453,0.8033089559329601,94.1211124600963
16,971,1924,57444878,57444878,5.570242255674945,533.6241214637213
23,1126,520,6551490,6551490,0.5786207490557639,63.61693718663395
9,1587,287,1119884,1119884,0.13701015931920407,12.210712274932394
11,126,257,698279,698279,0.1001801152059571,6.881099700380067
9,1305,1104,11212234,11212234,0.8561051959479704,97.92281283453681
20,691,839,13979428,13979428,1.2676565976844767,139.80778927493645
21,53,185,700050,700050,0.1677043310060289,7.441847168090746
8,75,51,22960,22960,0.046698124704469254,0.23718651687286446
20,1764,205,1166255,1166255,0.17080665538069065,9.522411931550668
14,133,1483,28823598,28823598,2.314446140153426,299.07330474846646
20,1676,1382,38646258,38646258,3.8566369277264125,389.4538766878594
7,1912,1155,10232155,10232155,0.7407719964635807,92.11826750575652
4,528,532,1137426,1137426,0.09171474286351505,11.860988367246543
1,894,1969,1781955,1781955,0.08129294853177146,15.82371632422295
17,119,1108,19804402,19804402,1.9453684245567453,191.5598810796093
10,845,1223,14519466,14519466,2.8300782877980897,118.52300520816567
6,1664,154,377310,377310,0.0802021907066595,3.1612297443761457
22,831,959,20140928,20140928,1.65943814818377,218.5339513837434
13,180,1650,33004960,33004960,2.6757380859578164,308.1395030230949
14,1184,114,306670,306670,0.09868869721151088,2.5106603028607895
16,278,968,14349642,14349642,1.0783512911957043,118.5873324834548
3,1155,613,1467532,1467532,0.12013100491158067,15.029514935132223
20,1384,945,18303715,18303715,1.6490204456976847,188.38413583623702
7,1942,1228,11453566,11453566,0.8898886469687171,113.30492460507317
10,1709,1365,19129120,19129120,1.5132101094468133,190.93184935431916
17,1664,1794,54528640,54528640,4.3157532474058655,476.35155138044615
11,1334,1032,12048610,12048610,1.0412387343099474,108.88322970534418
18,1526,1147,24147801,24147801,2.2692078738328254,259.5315724384623
13,1126,1526,29697496,29697496,2.4449560499049197,315.45169572315945
14,98,585,4520305,4520305,0.4198660255406469,37.75673507747918
14,1192,746,8141854,8141854,0.6770745714612755,67.65243857502556
13,395,847,8962964,8962964,0.7081017265074986,81.3135084788434
14,836,656,6158538,6158538,0.6328851893571913,57.31392281121984
24,338,1400,45600810,45600810,4.225311187953263,380.99067518630426
22,468,1515,48957235,48957235,6.957442488796308,489.40129550882654
14,1952,360,2396170,2396170,0.24548904703526045,25.257775586138006
17,249,1817,53325326,53325326,4.128767759510871,440.31240585606315
14,1524,693,7316011,7316011,0.5580066677529134,65.80256866982263
18,903,268,1470526,1470526,0.16798943628906268,14.799568400481165
18,1266,1468,38535010,38535010,3.570835638355843,350.8894571357351
16,1776,1679,45311183,45311183,3.0713549748385334,374.41788938588354
8,720,1228,11462162,11462162,0.9352489499943963,96.28423102243785
4,1335,191,367112,367112,0.06051374637565218,3.334912347469061
18,239,691,8301684,8301684,0.7092689525536493,68.46842059377211
18,108,329,1884851,1884851,0.21096370579469192,20.106166196491376
6,732,510,1681990,1681990,0.0942462334947919,17.621881011358028
4,792,433,911475,911475,0.06955259897830028,8.034587907577157
23,625,1293,37631482,37631482,3.6276335319792317,310.0355685652634
4,1022,741,2414929,2414929,0.16512286847509883,20.480858623138253
14,590,560,4420650,4420650,0.3364310980611234,46.84883295898198
2,664,1411,2944767,2944767,0.16657487591954842,28.270659013088395
17,1955,99,353044,353044,0.10716795843755555,2.95473576827233
4,997,913,3423760,3423760,0.22967930555959284,33.83334864686744
17,289,1922,59712706,59712706,6.223642779498165,527.1357987674978
23,1285,631,9591210,9591210,0.8375668584167116,103.70651985503699
13,504,1284,20460550,20460550,1.5328944753706923,216.69635994834996
8,309,362,1035692,1035692,0.12379640120487151,10.27681017325168
18,684,1619,45712475,45712475,3.1118952726144284,431.72818122082106
4,274,176,143626,143626,0.04594372709845038,1.5602582766939401
16,1320,598,6168978,6168978,0.5909440850891722,58.095561314885586
10,999,625,4152510,4152510,0.3010066864685639,39.15669708832108
9,1969,1678,25861346,25861346,1.7644711619082918,256.0923549192113
1,736,1818,1358056,1358056,0.06085953482784232,14.852206071728526
12,599,1828,37892622,37892622,3.6927495333705815,383.78268237874175
8,1641,1323,14447170,14447170,1.2205857974406478,134.84072112863757
22,244,746,11892742,11892742,1.003118175829372,125.8761394808313
9,249,1053,9152686,9152686,0.9027696209179485,96.29458184603591
18,2039,432,4065562,4065562,0.33010237719570257,37.89244776911768
22,1788,233,1564139,1564139,0.2707363907407905,13.716744093732284
10,322,747,5277565,5277565,0.3867402917638811,44.33636334795426
6,357,906,4442128,4442128,0.485249810211454,47.72792290350249
23,1349,1202,33446862,33446862,2.6357566609236347,275.01416123225357
19,1223,1742,56803146,56803146,4.590108707326111,492.5295463460728
9,608,260,703830,703830,0.11548677728300967,7.448484795959189
2,1842,1275,3989485,3989485,0.18672924756430007,39.3303957987395
3,789,127,134122,134122,0.044713281083099576,1.339815608178592
2,1926,223,481913,481913,0.04013769469934696,4.155863709819048
3,1176,114,161548,161548,0.035899913426372804,1.517176527923338
24,1878,128,621578,621578,0.17792026148855827,6.550618220816567
1,1837,1641,3032578,3032578,0.11050646271447781,31.78284985526827
16,1638,637,7146513,7146513,0.5288928820076332,74.13205784757221
17,47,1613,41747676,41747676,3.4853412308613256,431.7303581448037
6,1980,1554,15176374,15176374,1.415543457732565,138.6499568732209
16,1911,861,12787582,12787582,0.9381859812926937,105.1148998244091
8,795,750,4547260,4547260,0.7443969961827388,49.848547211328
4,745,387,743050,743050,0.08611198044551972,7.928026613152217
15,1937,807,10700830,10700830,0.7569321886039769,97.25281679727384
17,1804,917,15133261,15133261,1.240671714134387,159.37958204326785
20,477,709,9910412,9910412,0.8779140089298034,88.869570199863
23,368,120,364930,364930,0.1617829307330348,3.7847441272275795
1,1111,172,192994,192994,0.02843611035852101,2.085577733309776
23,1913,1320,40901530,40901530,3.325825681173463,355.56102678432035
3,1526,1548,7174990,7174990,0.4172929248992826,64.12859049626474
1,1320,1932,2571502,2571502,0.1793702340308855,20.954268270022734
18,383,1631,45893088,45893088,3.5832270918574007,453.94271819527256
11,834,506,2993000,2993000,0.2581742167024209,28.839070652354927
9,358,1555,19930445,19930445,1.803836718696953,195.10925700257204
7,1684,621,3370177,3370177,0.2589772516414445,31.575248274576428
15,1902,884,12643862,12643862,0.943334514278365,121.74191988044663
17,1256,239,1220583,1220583,0.18500981806058195,11.28611328725761
4,974,1488,8112586,8112586,0.48771259407624684,79.15624305938563
12,889,795,7676530,7676530,0.6551470864625383,63.14700968996872
23,1370,720,12414970,12414970,1.0486985106968894,113.28278513072098
23,133,128,381706,381706,0.17159787138604174,3.544452586749918
11,1525,1570,27076230,27076230,1.9531548513375383,248.2431933778128
21,344,394,3252480,3252480,0.358322647405744,34.037732019158284
6,1731,2035,24261280,24261280,2.999827012196615,221.43857702926107
18,1224,639,7741495,7741495,0.7039941822367801,63.59414089400925
13,1546,922,11647636,11647636,0.8978051134284517,122.47364403155062
11,619,1839,34996180,34996180,3.272157384771863,323.2500583563467
12,2018,815,8969085,8969085,0.8547360515233577,94.46579846437655
20,105,84,145414,145414,0.11230106481880105,1.375191031830871
19,1677,774,12103822,12103822,1.0677787128776193,118.41954970632044
20,408,1934,71913866,71913866,7.848353483904216,774.0842368191463
19,49,706,9026926,9026926,0.7719812835533626,73.74165094483939
18,311,1919,63254088,63254088,5.270031976248834,647.0012077465018
3,1886,1004,3922638,3922638,0.18934583815042,42.422518363954126
6,1001,275,657810,657810,0.08274123892354134,6.007073985577058
17,1470,879,13678129,13678129,1.2918599756451041,140.9563978084829
6,120,1932,18925882,18925882,1.7210740374184705,170.42097105988194
20,1859,1891,71513848,71513848,6.129207734455349,692.5883784130516
3,384,815,1652015,1652015,0.07164203605979477,14.099047645149883
15,1384,1410,29820100,29820100,2.3507836548816403,284.4789770519219
5,635,1628,11659746,11659746,0.7881266735069277,100.60832369854768
6,1041,1208,8573186,8573186,0.6260230001942054,87.69510695793088
21,368,84,174646,174646,0.1251591030523087,1.5111250465360024
20,1831,154,737208,737208,0.18178830269117652,6.023291317116422
23,1003,1264,36458826,36458826,3.5325537956937882,396.29054204602875
16,1495,647,7263232,7263232,0.6131552777994613,72.1341898098751
20,1228,894,16310146,16310146,1.1796972580423477,147.32791331346596
12,865,1514,26557084,26557084,2.1881059730025396,275.5928217961514
23,400,414,3949984,3949984,0.35580879514669406,36.746295400153834
8,773,285,794020,794020,0.09755478117111865,7.855823756019686
13,938,1743,38131621,38131621,2.727120158114124,313.0286573874874
8,779,662,3595332,3595332,0.2560478938286337,34.33923738846809
20,2041,421,4239480,4239480,0.3920907090289971,41.34077814687734
20,1891,571,7291680,7291680,0.5267627672777421,65.85818336670714
16,1673,674,7959276,7959276,0.5611255240538653,81.8146655285498
17,1881,1488,38265418,38265418,3.4028687648073674,311.4899205383262
1,1401,1761,2486542,2486542,0.15324763645515108,24.163002305238678
12,998,1891,41263521,41263521,3.263017711589983,419.4153411422281
11,549,1587,26090290,26090290,2.1176831410136554,247.96530238392486
15,292,1860,49024030,49024030,3.8335382685928923,531.9339812290611
8,1669,1896,28362274,28362274,2.2280127832474013,243.1780610639
5,1927,1536,12420106,12420106,0.7817065158938964,127.67277073925452
21,689,973,19635150,19635150,1.9843088412190444,173.58662304829664
5,1587,1035,5942980,5942980,0.4402608178197965,50.468953221904435
8,665,1214,11145744,11145744,0.6807189246499794,116.90509468957711
13,1752,362,2215088,2215088,0.21471628508228846,20.976700158175184
2,1643,1002,2662324,2662324,0.13565115673889377,22.69724639893934
1,1897,1530,2919250,2919250,0.146087539191791,26.46610855980745
3,874,115,128465,128465,0.03335076859457135,1.3531322790822042
6,1707,1144,8514802,8514802,0.6306164871664419,92.19784742591519
3,134,514,603960,603960,0.05534312415955764,4.904181795236956
5,1628,2003,19338975,19338975,2.403222285809503,179.2889069333194
21,2040,766,13321516,13321516,1.0968242873221523,126.40109990021344
10,279,518,2569808,2569808,0.21959638166639123,25.313187261581554
1,1184,1089,1301365,1301365,0.08534374986900552,12.590158220017356
6,1437,1942,21678556,21678556,2.007790229431987,228.76462730249582
20,1135,242,1394656,1394656,0.24439518891175377,14.688666271419867
13,626,1797,39916771,39916771,3.5452122850439496,367.8821937816295
24,775,1015,24516320,24516320,3.2550651207025862,244.15655267276304
12,1225,256,1040138,1040138,0.16136762749507397,9.064346537382361
7,1609,1387,13797886,13797886,0.8838458083761458,124.24866299179443
14,604,1738,40359846,40359846,3.458649171924314,376.47865803651297
10,1651,524,3346798,3346798,0.2773548196437737,29.613314376971907
13,575,1883,43674312,43674312,3.219290274851711,389.3974938173064
24,1015,1541,56234182,56234182,7.698579518783396,508.76982521699125
5,630,1004,4679654,4679654,0.3078109813880318,39.827619595055936
16,661,486,3876832,3876832,0.32277955967254496,39.69566563568418
6,964,233,499795,499795,0.06885049391175223,5.075829976841326
24,1471,1567,58834592,58834592,5.863875837020464,609.1944549525015
21,1586,567,7346629,7346629,0.6004014535612977,69.59854188988646
20,90,419,3385949,3385949,0.3620546595210096,33.04475915451977
9,168,1029,8663161,8663161,0.9609903073007937,88.98231056383428
18,1211,1139,23465688,23465688,1.684472888697188,195.79447757124282
2,626,1692,3942370,3942370,0.25111543783214807,32.630057239905284
2,1437,674,1430912,1430912,0.08395821651986525,13.14257294285889
5,1978,1636,13966542,13966542,1.092689940535138,131.47534073814495
10,1981,1248,16514794,16514794,1.2046687449471671,171.89672127493432
16,326,1793,48853881,48853881,4.403868275552023,466.753190513031
9,1363,547,3149636,3149636,0.2866805754793234,28.743581462484318
22,1445,1999,86868554,86868554,7.905067336488676,758.1155711537793
4,1231,1579,9445588,9445588,0.67477045540238,84.50196427540666
15,1142,34,55872,55872,0.09393134155438297,0.5117532840235817
2,788,2030,5744910,5744910,0.3670300798153701,56.9151542905995
5,672,1549,10661777,10661777,1.0145013708216681,90.82477481560053
14,765,1841,45513212,45513212,3.809348874895308,393.17036357988263
17,1369,942,15512866,15512866,1.190529464050917,146.3594733195302
20,874,1154,26345830,26345830,2.3953934899371476,282.4383925916868
3,1345,1655,7725550,7725550,0.5591428782880181,68.63946065533342
11,643,1759,32108796,32108796,2.502017921969592,299.7594039780466
5,902,1761,14019331,14019331,1.0717394427818725,128.02958872726242
5,1016,1054,5530348,5530348,0.40085226229487003,60.477198968241716
16,1799,1882,56563520,56563520,5.174045579721929,501.4476315827879
11,151,2034,41721418,41721418,6.738744862589228,366.6138706905587
3,352,79,41327,41327,0.040693882125396375,0.3820513682503479
23,177,867,16719238,16719238,1.5383704605682922,182.77579431609342
3,1069,1035,3262330,3262330,0.19043497031281126,27.381707735008185
19,457,744,10325242,10325242,0.8931167376971528,106.52868393190276
12,332,540,3398770,3398770,0.2809628349382594,34.240567776043704
6,104,1877,17840895,17840895,1.4093555774258746,146.14414744924773
3,317,1097,2768838,2768838,0.1749131324865279,23.758658423570463
19,1723,1743,57738628,57738628,3.969480754580942,502.9731279700563
1,137,75,11110,11110,0.019731023145801493,0.09579363745863684
1,962,1766,1718328,1718328,0.0712856958336346,14.879891170635343
21,1890,2044,87485254,87485254,11.193172348137342,803.4563015089967
24,197,169,695952,695952,0.22763607393399515,7.6317693607231245
15,414,1631,37958273,37958273,3.0421064310379586,313.11972582598196
5,250,734,2349544,2349544,0.14441264051545974,19.880413421123723
9,765,1055,9731330,9731330,0.8328815975929682,105.62481447354675
3,623,1282,4102410,4102410,0.261240218415105,39.7034322534537
18,1853,346,2686008,2686008,0.2625034126006607,24.928982431965572
13,744,589,4614825,4614825,0.38811843556701503,40.54744927444588
12,833,166,445056,445056,0.11422603427497491,4.179044733452356
9,144,2031,33330751,33330751,3.5148889878914975,364.54192550967963
1,2009,1429,2886590,2886590,0.12562378024333323,28.457594503778708
4,1876,1449,9037423,9037423,0.6583964907344013,78.64831103550428
1,50,1180,71990,71990,0.028333487069133276,0.6110345477962673
1,1765,787,1397722,1397722,0.05959795413055907,11.794114045630348
2,205,826,861528,861528,0.04799539885566241,8.033970596395703
9,412,1682,23357944,23357944,1.9430822035144317,205.69767678212673
3,245,419,459234,459234,0.057882129236437256,4.528191904729718
4,1571,1214,6345588,6345588,0.47001218999669214,58.197983138986125
11,1970,1962,42400792,42400792,3.263090945001732,403.3486869083309
8,825,1943,28064702,28064702,2.0156773285716456,277.2935557852499
19,120,1685,51357125,51357125,3.5359159336061903,520.5224356696946
14,73,876,10060870,10060870,0.8325319789397804,87.10225413927552
20,1165,551,6426874,6426874,0.5532995483363853,67.28188575834002
1,656,1512,1008514,1008514,0.05527719293477505,10.343932857801644
5,816,167,250343,250343,0.0591224985171793,2.6776825245770928
20,927,1161,26721586,26721586,2.4254626876817653,219.03303339354912
24,1960,676,11858402,11858402,1.2606886841075944,127.00752550808164
22,1023,1013,22618274,22618274,3.040502587075177,197.6655312490213
11,995,686,5402946,5402946,0.4100908216132567,47.23452245372451
23,960,1687,64286519,64286519,5.952319770351975,625.4650675316492
7,1461,1054,8223318,8223318,0.5695463311449762,67.1247050193755
14,787,1980,52570990,52570990,4.231321004052247,567.0069646118146
7,835,488,1844650,1844650,0.141665619339103,15.831510027168482
12,459,174,416740,416740,0.09824504290850533,4.4414378564901975
15,1147,1532,34653850,34653850,3.0800393166325755,328.1364565075757
15,828,101,228977,228977,0.11892977558125503,2.024568228979737
7,1468,1858,23472124,23472124,1.968314791505258,219.33229632872647
3,1489,1868,9784594,9784594,0.7001121716072606,83.21415081884737
3,393,1109,2910026,2910026,0.22801403127831094,26.06068567621462
11,1835,97,274132,274132,0.0950960524803266,2.7726631715571166
24,1046,702,12092662,12092662,1.128392193421613,132.17416842714067
14,1067,554,4594332,4594332,0.4812893888805935,42.05978792344656
2,1588,1141,3127491,3127491,0.21193740701358985,25.531852820642168
14,446,194,580458,580458,0.10877802163615834,5.264983008422991
18,1759,1827,60009652,60009652,5.248945405211386,510.1138451001868
10,1921,821,7659940,7659940,0.7010850026440723,83.89258657217827
7,512,1220,9575790,9575790,0.8556834850811279,92.28947353162519
20,157,1230,28975120,28975120,4.363170295454446,298.6275799508501
13,1866,1197,19454851,19454851,2.7936374539092936,208.34066591376958
24,1046,180,939610,939610,0.23452953485960287,8.494072648865698
11,865,1528,24701658,24701658,2.1696398895539697,269.30583389087485
17,406,1560,39613090,39613090,3.458142985806206,359.69981694355744
2,1046,1792,5107210,5107210,0.25894123232564353,45.21649321409166
10,717,1418,19141592,19141592,1.248975910438037,165.43490858103254
16,940,1231,23919571,23919571,2.1229139057149826,244.01149788313384
8,548,1433,15185511,15185511,1.1614663182569633,144.2037705060391
10,453,1839,31307146,31307146,2.5449218307755967,266.134015750108
23,509,300,2142610,2142610,0.24784674451401084,18.179940385831046
19,541,343,2313202,2313202,0.2652305571259862,20.504022841906213
24,1268,75,227035,227035,0.1592434384766108,2.214982797972817
20,1562,1423,40739077,40739077,3.2212286003215396,432.4562335174048
5,1543,1801,15780372,15780372,1.2690684425249312,167.74317888770213
8,2033,721,5117668,5117668,0.36434356255595846,54.943648490006375
18,594,1052,19468322,19468322,2.0828576023888496,211.92120354300988
11,845,1787,33481242,33481242,3.0842791377423744,344.7980860072866
10,730,1591,23974789,23974789,1.6919322672094075,197.92728009062114
23,827,1071,26155972,26155972,2.4612577479052056,254.601852228219
9,1071,1681,24438388,24438388,1.909624015646649,233.17842030265348
10,314,1306,15786938,15786938,1.2142563136865518,168.55329729313755
2,1849,1626,5669872,5669872,0.31036648589819366,58.969697699747215
15,1087,1768,45727562,45727562,4.514606989375847,406.3457796132679
21,1491,975,20496460,20496460,1.9697915294031212,178.71266534888656
18,941,139,463158,463158,0.1906411958269846,4.997574973461813
2,1677,1718,5853236,5853236,0.426468678629477,48.88737839202643
15,344,1897,51080529,51080529,4.202098736645463,536.9760800975836
3,1581,1745,8871590,8871590,0.6897756782926914,75.36824525107762
6,1432,702,3480526,3480526,0.18257554254157554,38.00437623505645
9,1313,1281,14833990,14833990,1.0294697066372605,159.10185156797925
7,1441,221,615274,615274,0.08613013557349787,6.135526540190797
10,813,399,1765186,1765186,0.1521239623566484,18.109984170745914
16,59,1361,27900510,27900510,3.0672873614070006,304.71905932599054
6,518,1473,11635237,11635237,0.8569902511394172,97.25998152563167
22,127,1146,27761860,27761860,2.3817965419710014,232.8470946079423
19,892,1463,39874075,39874075,3.3778027954848184,437.261258974211
1,1399,927,1307080,1307080,0.05396429427165744,14.041143407554799
11,421,439,2121258,2121258,0.19477486983061665,18.674247017600997
19,944,1376,35419626,35419626,2.8412646404642397,372.4707369904206
2,1379,608,1215402,1215402,0.08989800083691804,10.810243793678918
11,352,810,6863140,6863140,0.5588163761773611,64.80650248436133
12,1222,880,9613130,9613130,0.6821087624352661,94.02699391206438
9,1856,623,4273167,4273167,0.2967679400041622,39.48755116148259
7,746,1379,12462033,12462033,0.9176509269296139,125.90028302865863
7,1967,1293,12596416,12596416,0.8099595331035693,116.62871214398251
3,1513,1705,8415890,8415890,0.5727283405607068,80.69710340187686
12,477,1533,26615956,26615956,2.8731434589031926,276.5310405903582
1,1802,85,154115,154115,0.0254342725571012,1.311551940200784
2,1419,1022,2506976,2506976,0.16953538724642864,27.323323720386263
2,1424,1280,3476490,3476490,0.19184828206426371,28.877198241665358
2,1756,1482,4816510,4816510,0.334050392430419,52.367691107606426
12,1619,1111,15400692,15400692,1.17639161437428,133.3905824762989
8,195,1261,11399450,11399450,0.7552844673121751,116.44394146586845
15,1477,1851,50747026,50747026,4.3771690590680485,508.96568712839013
23,751,256,1642506,1642506,0.20056396162979043,17.519516171933432
10,113,1881,32093632,32093632,2.305911952704109,273.03654560065746
19,189,598,6567246,6567246,0.697698893791017,60.6019925768214
14,601,1831,44727678,44727678,3.3029358232385473,456.4003956512461
2,1073,1626,4408096,4408096,0.2918730951279115,46.32767296003895
5,155,1844,13914834,13914834,1.1010259916646192,130.69018254415863
3,1531,754,2301218,2301218,0.09832972544406281,19.778951585160964
3,165,257,177854,177854,0.043850423538045184,1.6758402297799426
7,905,331,962558,962558,0.11733388746974771,9.05928523765658
13,39,1547,28814432,28814432,2.369722608383678,283.38745311174245
2,900,1846,5091278,5091278,0.32181930828870536,48.92923834935164
11,505,1449,21758194,21758194,1.5500030242741685,188.45235396524933
17,515,1323,28722340,28722340,2.2674436263801065,266.20060822800536
4,2023,1819,13631596,13631596,0.9016504982462618,119.70091950425513
1,216,1033,234501,234501,0.036818621291504344,2.097650231177737
24,1186,726,13008478,13008478,1.176715513111015,118.56907270783191
16,51,279,1189108,1189108,0.20793123729862045,10.376487467486013
24,580,146,579922,579922,0.18983222738072558,4.938862027253532
5,315,1078,5004086,5004086,0.3577202783473879,46.571599441890775
12,318,526,3222286,3222286,0.27171286844367076,30.266113123837222
7,1771,686,4050154,4050154,0.28350493684106426,35.67666725476725
5,485,1389,8411794,8411794,0.5913167246081452,84.67423356838334
19,1105,133,469234,469234,0.15783249769144272,4.694267260749224
5,1545,1047,6018166,6018166,0.34441041303607445,63.849905296638774
6,1086,1866,19466122,19466122,1.3930299755098288,212.56165610839645
14,1770,259,1336709,1336709,0.14710037589525765,13.349848031169461
4,1775,830,3551580,3551580,0.25406995229909274,30.77338831613127
24,1376,1612,62039442,62039442,5.516816578371284,562.3325940860809
2,1065,1721,4815368,4815368,0.551652896197593,41.407831232006494
7,282,1884,21860062,21860062,1.6808829465962059,216.773305836922
2,2047,1885,7434450,7434450,0.41708798399456215,65.02262460772339
7,1269,204,512050,512050,0.07048159874662692,5.289520314958287
10,196,756,5307130,5307130,0.41431788848022066,46.373470273736444
8,676,962,7145746,7145746,0.5046883528447454,64.17188903402572
12,1838,1232,18987594,18987594,1.7584620669852693,187.9448026219862
12,117,922,9479092,9479092,0.7504227822306553,88.01472817799974
17,1779,1742,51699086,51699086,4.1270931273381635,536.016157313306
20,2013,649,9328736,9328736,0.726527637616697,82.62978439888761
19,1722,472,4836594,4836594,0.40597711274106146,43.701450061116724
22,234,1945,79960905,79960905,7.215545374625742,850.2574235692099
16,974,1419,31622425,31622425,2.3276231663706635,270.5045867329128
24,1435,1157,32488570,32488570,4.982039358093635,348.12277657725286
22,1908,430,4717110,4717110,0.5417027106134037,41.234548648985104
13,331,1726,36359926,36359926,3.3385111606650644,329.70518185328336
11,1424,277,1167565,1167565,0.15776931217756865,9.64545088780012
7,322,912,5299642,5299642,0.35070084307748217,52.65814437683751
3,1317,1643,7584098,7584098,0.4139534947847215,66.60318249279199
10,1603,903,8804260,8804260,0.5704481066647851,91.26937082739832
12,1322,459,2934397,2934397,0.26660671594324437,30.40805728644685
9,798,244,675646,675646,0.095515794742872,5.718474846958547
9,781,1428,17455882,17455882,1.538494284534089,146.04511030040638
11,1784,1685,31433685,31433685,2.784865063735647,288.4819118401577
15,721,1482,31854118,31854118,2.742751288908959,293.37659547478097
14,898,1883,47830093,47830093,3.696932376518904,510.04856463526613
18,1723,40,97250,97250,0.1176306679761029,0.8715848400846723
24,69,1281,37874056,37874056,3.180950556317872,325.68999197117734
17,253,435,3149410,3149410,0.2538491411180209,31.15359338032859
16,1768,555,5616055,5616055,0.48726049163735996,57.11025264116598
4,556,743,2079667,2079667,0.08799445752718342,22.752172806543296
4,946,1120,4838410,4838410,0.28061842731459935,52.906100137350805
12,1569,547,4161586,4161586,0.37627760339849753,37.78926937112858
13,1344,625,5541885,5541885,0.49272483661389715,60.648121513191654
11,456,1812,33697774,33697774,3.017208708685231,353.73979938284833
17,1590,1515,39173365,39173365,3.202242362505593,390.8905394364288
2,786,1148,2234018,2234018,0.11690203726865254,20.003661522841558
15,1441,1893,52943434,52943434,4.325459886040234,435.161604460193
1,1503,1072,1623018,1623018,0.06509458900016472,15.579185853657261
17,1443,478,4358414,4358414,0.3333912225673654,44.89704981184558
19,789,619,7403250,7403250,0.6173911979207797,64.04829783787712
8,2000,743,5363727,5363727,0.3749494004253306,47.42607814396134
16,632,143,400839,400839,0.1421330828742174,4.253069747532689
22,693,768,12943114,12943114,1.1109422301360996,123.66332213327628
22,479,1920,78395530,78395530,7.186603655746442,746.5655891425553
16,819,97,223110,223110,0.1248168659491747,1.947854632730787
15,490,545,4439035,4439035,0.34476071635571165,46.622660639716585
1,1743,1705,2990580,2990580,0.17336816070254446,30.828320103092047
2,1086,1536,4045834,4045834,0.2459958282512704,41.62899393016919
16,1868,2001,63849919,63849919,6.638388458196245,677.404642127093
20,168,740,10550930,10550930,1.0637647626803077,90.4404433531682
9,1742,969,9218107,9218107,1.1438990991284999,94.75529690683595
9,814,2003,33764581,33764581,5.3657479887895585,330.0444226623307
1,985,1301,1295806,1295806,0.0865796804543647,13.38578316266567
22,727,794,13841812,13841812,1.2100793777015613,115.57406986595093
4,1084,1042,4401418,4401418,0.2679677176322071,43.1018948502642
18,1642,1826,59732122,59732122,4.537630163091684,579.8048895208697
19,597,52,81234,81234,0.10218916529889699,0.7972930222985009
3,503,1841,7728528,7728528,0.5362351287780113,83.37930302694215
11,1142,878,8729964,8729964,0.6260906734910244,73.12638088819081
18,2004,905,15762395,15762395,2.087352465267291,160.90240994570772
2,1639,1406,4298152,4298152,0.5364713236156263,42.67172167053102
15,121,1909,51298658,51298658,4.60190654415151,468.45505647132586
4,780,390,765970,765970,0.0717074456514444,7.501994310724077
3,1223,98,140346,140346,0.046633965228187794,1.1577804964720886
2,322,1856,4064650,4064650,0.17155400325666256,41.34019245131236
2,1205,568,1013890,1013890,0.06805047501759666,10.029639478475104
8,983,1978,29367376,29367376,2.2429985549591116,251.41108940218933
7,732,1319,11426507,11426507,0.7403639817167504,116.88630874416643
6,656,1019,5876583,5876583,0.5273948427440222,48.71835018455029
12,657,1876,39986950,39986950,3.4605717071144046,402.52921089769524
2,715,743,1092220,1092220,0.09199161185915523,10.816182305120092
10,574,51,53713,53713,0.06961387349416641,0.5808070803501366
20,1348,815,13743355,13743355,1.151885853653281,131.66134934235453
5,556,1082,5300728,5300728,0.3759477922703426,49.601224276810505
6,1924,112,280010,280010,0.056505496518304825,2.5309676746272043
16,158,842,10789398,10789398,0.8865274928702834,101.20066571131821
4,1473,245,544400,544400,0.060770011559118674,4.78242124859865
3,1836,1748,9343070,9343070,0.5562345080744585,77.03441133999304
9,1021,2031,35111938,35111938,3.942975671146856,345.495272075488
23,174,1268,35634614,35634614,3.4052315924075462,346.63512724870424
22,989,1260,34626070,34626070,6.791285645740807,378.8006647547467
2,1728,121,225191,225191,0.05009630998435004,2.3501980041361077
10,1759,528,3448378,3448378,0.27372904095930395,37.30060773840759
18,48,1141,22218703,22218703,2.071508495694611,182.49015183951212
21,422,904,16753842,16753842,1.8066794245758115,182.33112707601944
1,1331,1654,2219678,2219678,0.187358540789172,19.187953191000414
6,1291,408,1365586,1365586,0.09377188146012969,14.182120054924802
20,193,1782,60732352,60732352,5.364582583597361,657.7812358756586
2,2031,432,1069210,1069210,0.12091031682231235,11.465136107412334
19,1631,72,212842,212842,0.12470360439980005,2.2443973410844804
8,1157,1199,11472042,11472042,0.7532414079732969,118.55917929492163
1,1308,1628,2147342,2147342,0.12356538086750975,18.89082844279662
24,293,327,2566306,2566306,0.35588643182358487,26.504273947747404
21,1349,546,6715810,6715810,0.5839806584784679,55.98658764972574
2,924,1178,2490302,2490302,0.1579889960208371,22.15516370014533
12,1964,1364,23174370,23174370,2.4478351129495275,223.78947151459874
19,187,1236,27765514,27765514,2.097558346371712,281.797385760113
14,1923,1957,53598326,53598326,4.033333659291513,473.09058327100627
19,1679,270,1773370,1773370,0.2402020388511819,14.507951714408218
6,1235,979,6016944,6016944,0.48720831614377663,49.2944174258683
18,1816,1535,42886375,42886375,3.7199979794346545,417.5563483759564
5,413,1430,8791650,8791650,0.6687143910831144,94.75336830737044
4,2033,853,3928928,3928928,0.25222215436781725,36.92074828277924
5,1976,1350,9977860,9977860,0.7984730599136939,96.4060058095573
3,1679,81,150184,150184,0.04629418175841837,1.5186758726879324
22,829,1111,26877322,26877322,2.2811007635137823,226.59455075582048
5,1688,1943,18409935,18409935,1.3660691966344833,165.23096012266612
9,1997,852,7524874,7524874,0.4938381515962847,72.40434492264619
13,532,65,86785,86785,0.0926671081721664,0.786592589952133
16,1442,1383,30720589,30720589,2.5812049023580097,272.9708797032368
15,1785,1948,56651746,56651746,5.3104026589318885,499.1516320061091
10,1935,1588,25800246,25800246,1.8763543956905564,250.96791179151228
1,330,1561,532311,532311,0.06080450443800996,4.875428129015232
13,1163,215,809700,809700,0.15544850886202086,8.000605251851233
1,2001,2047,4118574,4118574,0.1970466617336435,40.75187561625237
10,94,1652,24750274,24750274,2.3907347120904343,260.7907644796686
6,1746,1215,9521965,9521965,0.6962019968528561,98.90098888925505
9,431,777,5179492,5179492,0.3459987568332375,46.97177492493611
21,1378,1706,60612484,60612484,5.273920088253244,564.112447445514
12,2022,719,7156217,7156217,0.5348972036573917,66.6608152407918
3,1582,1958,10790548,10790548,0.7800869258254981,105.21980601990715
9,1497,1295,15379430,15379430,1.3199534697570339,146.7194315428134
3,923,942,2656450,2656450,0.11772227709278849,28.83231410226479
19,1183,1426,38330890,38330890,3.728048638835775,369.9550341058989
19,1584,1263,30750271,30750271,2.2545358658527412,314.1870109031379
11,550,1298,17589208,17589208,1.2849219459052885,180.39793672488867
1,358,550,202960,202960,0.03458531833541532,1.6787041808567917
15,911,1155,19757440,19757440,1.4162852993189405,170.05997759057286
4,1812,594,2143162,2143162,0.12470541127874747,20.92101501790383
1,1928,522,1012168,1012168,0.05501354934660159,10.508828368896088
21,1415,1690,59565750,59565750,5.3266208093814775,564.5515296159701
24,1295,498,6365944,6365944,0.6205360930047936,63.23777167535966
24,1475,529,7234614,7234614,0.6947558225504388,75.90104873563344
3,1597,1497,6892198,6892198,0.49230768143383036,67.99572140844901
9,333,1970,31740650,31740650,3.183351765094063,326.4483615932263
8,892,638,3429898,3429898,0.2919868115190323,34.32821314656732
13,1173,821,9070418,9070418,0.7393080668453634,88.99514655132748
24,35,1024,24187914,24187914,2.031792535530799,225.36852815243358
15,788,734,8139336,8139336,0.6217138251165515,70.71594202125165
8,1334,720,4602250,4602250,0.2969418837713903,40.613590068102226
12,1482,838,8985046,8985046,0.5810772421526282,95.07059618994121
14,545,1995,52875490,52875490,5.86619384094349,495.0125926258489
2,81,954,998848,998848,0.11980122001965064,8.716737543425909
22,1308,1162,29912214,29912214,2.536875091186384,256.7330730990548
10,44,993,8938003,8938003,0.8475009912208562,72.51984976109426
1,798,1280,1035530,1035530,0.07789273382402905,10.431444447886626
17,1302,819,11820637,11820637,0.9378647474064563,120.14864939314674
5,145,357,566926,566926,0.08935996654949657,5.190485272931677
1,61,951,68482,68482,0.03242393225303181,0.6276005919441353
22,631,1165,29274130,29274130,2.288334554452651,273.24845480642375
6,1172,1306,10079718,10079718,0.7261498314832154,101.52583591705424
12,526,357,1597585,1597585,0.16316951073193697,15.183087600046434
21,1144,1316,36183430,36183430,3.6881579521151826,376.3233763615579
23,1223,1973,88118136,88118136,7.94249793725446,863.9576459631229
16,1915,1263,26379028,26379028,1.7768618241326022,223.80492087200818
11,163,958,9353922,9353922,0.652209845299979,92.58821782882286
5,563,129,141136,141136,0.0492396719011483,1.3608129720125781
8,1987,1602,21176848,21176848,1.7321866993041244,201.88426053779904
8,1434,988,8267594,8267594,0.5411387414913691,87.74114208452325
9,152,1648,22009050,22009050,2.081019378458659,178.56289802751033
8,1738,1422,16651630,16651630,1.084749602760002,137.1676933067779
8,1792,636,3982642,3982642,0.32395478387252935,32.739027243421575
19,1050,974,18127124,18127124,1.854752452458611,197.2962303648019
22,1781,1363,41484278,41484278,4.8824636388558345,413.67323790330767
2,301,953,1206508,1206508,0.1188726250281781,10.932592744323422
10,578,816,6480682,6480682,0.6178565765622539,63.028164229174386
10,1769,351,1736758,1736758,0.1944495188185092,16.063861542921806
2,454,1233,2094877,2094877,0.14188376028559843,20.26580735496308
2,2012,438,1078366,1078366,0.05432319899099175,10.629903865362573
20,1629,1308,34676398,34676398,2.8414589909346932,357.73482403120966
11,2017,908,10095154,10095154,0.783347141087162,105.04307956866693
8,1660,1806,25861930,25861930,2.02435162730331,246.89879558351373
13,1176,1195,18569115,18569115,1.4386879598205153,165.5039977088018
20,1726,1688,57101674,57101674,4.760012552803984,573.60115903566
22,498,1370,40141010,40141010,7.937837605190663,363.3122365416718
2,1005,140,161990,161990,0.04252865476228978,1.5405320469313901
19,803,1451,39104460,39104460,2.852333479741087,331.471936836268
22,861,356,2979374,2979374,0.2575604920624,27.68394275991095
7,525,1801,20437758,20437758,1.70575056300606,190.57640961282124
3,1487,919,3067632,3067632,0.10794088948153124,27.09235075235623
22,526,531,6217489,6217489,0.5765178976465272,54.59120770881713
19,1881,1092,23550082,23550082,2.326780245360843,191.41328296551868
19,517,369,2652382,2652382,0.3010752595561507,27.61863980691916
24,1291,1194,34371688,34371688,3.095270178573352,335.20904274485383
19,748,1137,24153301,24153301,1.7811685927313872,219.02666856871056
24,1299,57,150718,150718,0.12330966941753187,1.5883891257755132
1,499,239,121900,121900,0.025486105955427725,1.201240000218437
9,483,1092,10087906,10087906,0.748892423711575,97.22969167669044
3,1328,765,2196325,2196325,0.14112019620128802,19.662260463268247
2,984,825,1502335,1502335,0.07472075744718044,13.13085533610867
15,1451,1694,42675258,42675258,3.620948692621976,394.9304259758893
7,1979,1442,15354426,15354426,0.9782111191428916,132.88216918330664
4,291,675,1572760,1572760,0.1084349167512549,15.378246844240515
10,1803,1102,12938592,12938592,0.9825999915951237,119.16904227887584
3,1836,1733,9210905,9210905,0.6426194797647534,78.44428585782443
10,1247,1691,27877836,27877836,2.50228167157476,277.439471398269
8,1542,1767,24612553,24612553,1.733470906101485,235.47981832496723
9,1177,1836,29163034,29163034,2.4556498568165495,281.25200786510334
14,1659,1619,36799880,36799880,2.5834045087799185,339.0093697479095
22,1119,328,2636802,2636802,0.2357887720695031,28.22974604615147
11,1241,1915,39088990,39088990,3.2485074418304456,336.5740610836769
24,1348,463,5570363,5570363,0.5576215559373697,52.9210242137471
5,477,1329,7718842,7718842,0.49186047035966923,68.87801613841032
15,1018,1665,40547755,40547755,2.9403745362528313,398.0126214170905
19,1993,114,464446,464446,0.1205554130233495,4.080309156574005
1,1715,831,1434316,1434316,0.05106258946895872,12.528346744652673
6,1302,1354,10951162,10951162,0.8685599812573002,93.15511018608734
10,1977,398,2220452,2220452,0.1188056735285927,22.11238153717203
23,1239,1599,58283560,58283560,5.127513399615586,521.2007086539329
9,65,1033,8623494,8623494,0.8718392037414159,80.65618208985468
16,1556,1120,20587850,20587850,1.947848852741493,223.93118768954014
22,1824,753,13304767,13304767,1.2914164179326801,116.56615999148555
19,659,835,13124540,13124540,3.3436904347026823,111.19366200782481
4,2035,1004,5081254,5081254,0.5853854686614146,54.320734335618845
21,1091,1907,74872644,74872644,7.45083184750856,740.3014161171508
7,1057,1526,15610990,15610990,2.8319831309909658,165.73655261239873
24,268,493,5739023,5739023,0.5957520339728026,51.10223210768333
24,1856,640,10630410,10630410,0.8675650306188637,105.38419989500744
18,289,1322,30129712,30129712,2.5099913432398058,248.8047204730021
12,311,1616,29264154,29264154,2.5306608492318503,242.300327745757
13,614,650,5484060,5484060,0.46036036141836134,45.65245175328992
18,441,316,1845766,1845766,0.2693983485902473,19.146552291317274
22,1300,1479,47906299,47906299,3.1720403280406173,504.4694820738475
1,54,519,33745,33745,0.019012595032732813,0.3174444631108303
22,1285,1336,39242338,39242338,3.412925267410535,366.6954137721198
10,100,1777,28632811,28632811,2.5928514850144424,286.07315344469265
2,760,576,776458,776458,0.05954144374395644,7.402508911812484
8,974,1216,11556874,11556874,0.9087863236365098,98.34863940971633
11,821,511,3041482,3041482,0.26423035497785613,26.910248894188296
22,1897,145,721240,721240,0.2266680080144649,6.0569125262242975
16,1589,911,13920090,13920090,1.1817537320150926,123.69190950912571
13,387,600,4566010,4566010,0.3661289301137458,40.453738485594556
20,995,1636,52530334,52530334,5.635246842192015,456.7634925183356
4,312,1313,5599955,5599955,0.4054523900689738,58.9459055586088
10,1862,1162,14339090,14339090,0.9831987461876325,153.89178333624997
12,372,1611,29183275,29183275,2.339530234866851,292.0645586062346
7,922,1604,16943062,16943062,1.3522762879575343,168.3214272193889
17,1919,754,10563550,10563550,0.7599688655735127,105.5216182012288
2,1273,939,2088346,2088346,0.11701594699586802,18.090947927659204
1,1516,965,1473565,1473565,0.07562056963550202,13.255530712469806
18,1453,920,15751330,15751330,1.605971804653812,154.14956284164987
3,1405,1456,6304490,6304490,0.3741769148026392,68.70498253852342
17,473,183,627334,627334,0.1887087692599027,5.7493940786742375
12,86,877,8555145,8555145,0.6023495795537246,86.61738983790606
14,538,498,3503938,3503938,0.3239922257493583,28.753168118510292
2,1511,165,278530,278530,0.03720114013910315,2.5914124753845127
12,770,1053,13030885,13030885,1.3524179735111028,114.17230901643516
14,1735,512,4308490,4308490,0.32380974578606875,38.18368459048963
10,44,1518,20836078,20836078,1.9019640306704353,173.81177446172427
5,63,86,36302,36302,0.03800588935923869,0.3223626366161727
16,966,926,13780742,13780742,1.0670722475364176,126.1522162725238
5,634,566,1648768,1648768,0.16278468525686618,16.786998051702177
18,292,838,12206318,12206318,0.8613361892964393,126.65647821679198
13,822,1872,43634458,43634458,3.447223314554894,461.244926086305
6,112,177,179311,179311,0.07422285544146316,1.6703046586637376
14,1681,1334,25408708,25408708,2.3655725524956455,261.68396985746375
22,395,643,8957000,8957000,0.7983843736786643,76.72305579036805
5,1310,1584,12135034,12135034,0.9340124606564753,111.07768613610533
2,1682,774,1910242,1910242,0.14034460129815388,16.306016969279874
21,1798,1904,75986746,75986746,7.092690051691519,830.0845863402734
16,1615,1722,47305072,47305072,8.616145615718896,512.374658183277
23,624,1920,82362250,82362250,10.089768035167644,788.2098280707131
10,511,486,2383840,2383840,0.2545071035175786,19.332641986340793
15,2020,829,11316689,11316689,1.0891837680139589,106.88650113279066
4,70,1607,7882345,7882345,0.5232299872552965,64.76869618951665
6,897,735,3372190,3372190,0.20241613381405651,34.38776341835666
21,388,1440,42075370,42075370,3.516536164679459,431.13698768222366
7,1976,1088,9270858,9270858,0.8142723184666941,89.14987063199217
20,2041,1514,46687228,46687228,4.117780353671583,378.6090862392346
22,1166,1032,23601850,23601850,2.4896301346263705,256.93809595356277
21,835,931,18141476,18141476,3.330090151754101,187.5889294887175
10,308,870,7097470,7097470,0.5991132018279128,72.0951838205207
3,283,2015,8716900,8716900,1.4960506135641791,71.3230235697424
11,1732,1167,15664651,15664651,2.424617954748436,142.63539457113524
6,1604,1526,14115510,14115510,1.0800634254866561,124.35880592509088
9,1747,1419,18614452,18614452,1.2163414903224024,200.9935051527335
23,1488,1833,76705561,76705561,10.019422126357723,774.988148391533
5,1171,787,3410868,3410868,0.2861588276402436,36.14848739248568
13,140,1894,43355564,43355564,3.97996563735588,360.635727958263
13,1109,1143,16971274,16971274,1.4503417583783405,155.05993207144243
21,402,851,14852513,14852513,1.1676241143219712,144.3405991448341
10,1535,1423,20437136,20437136,1.7324548776095317,209.1086332999374
7,703,1922,23548354,23548354,2.595052456811141,205.42921214298812
17,806,61,110359,110359,0.11221870210037857,0.9125550695786312
16,151,1143,19799056,19799056,1.7517700725172807,197.8036563998212
11,1174,1747,32607765,32607765,2.5183792965038676,288.2252502831121
21,1980,290,2265200,2265200,0.308059910316436,24.43127761535502
3,1601,1793,9323610,9323610,0.7509568212356245,82.4005678769808
12,1695,526,3946588,3946588,0.34466035090283154,33.06247976144847
21,1710,92,329462,329462,0.12699411392445104,2.7172414223737364
2,1875,602,1498388,1498388,0.07865429922138305,14.942452567878293
18,1092,1158,24093358,24093358,1.9254677244505227,254.51523680377562
21,1977,1032,23372746,23372746,1.9891119696666502,229.70373722202126
20,1664,401,3734523,3734523,0.4235702351010473,34.464331660174764
7,931,1435,13715740,13715740,0.912112231961703,125.11639755510772
3,311,1773,6861520,6861520,0.4658075783853804,62.7864935761775
4,1062,251,459089,459089,0.06095912088416515,3.855531305376625
13,1522,1634,34564012,34564012,3.3907623588401017,322.048316011772
22,493,867,16240654,16240654,1.3098888281674217,160.32975687698456
4,1925,1218,6812284,6812284,0.4747059155654608,61.071726663381874
18,1996,653,8570635,8570635,0.7164666466367987,76.9008812046221
17,246,1112,20088290,20088290,1.754978719956042,192.35772634532623
23,1730,1849,78473419,78473419,8.468215077874845,692.4708385558212
5,1570,105,210535,210535,0.07125708411261403,1.8519362422461603
18,1409,67,172602,172602,0.10781199615687696,1.7838475514679486
14,1437,1440,29060650,29060650,2.239757388963267,259.8571312573592
7,623,1000,6640010,6640010,0.45543102405216773,68.33090180954513
1,1694,1249,2129555,2129555,0.1503237284434761,17.70056865064182
18,1415,924,15847534,15847534,1.574165875727835,131.80241000892147
8,1378,379,1534581,1534581,0.19104295326300236,14.097747045968402
23,1786,1407,46111621,46111621,3.934812343163812,390.6859509976874
3,1871,1497,7302376,7302376,0.5691145132110457,60.25003855489954
18,401,827,11981586,11981586,0.9709813435925145,114.66390969528884
10,738,1639,25419261,25419261,2.1575685041348533,260.5368793236988
14,490,140,326770,326770,0.102275428188561,2.8981864010784744
15,1121,1895,52446030,52446030,5.586586629223678,521.5144423403735
16,88,934,13191826,13191826,1.2695349314266315,124.6366047129935
16,918,371,2414849,2414849,0.22965861976149654,22.788258703370506
20,284,443,3867843,3867843,0.3707877440569293,34.41976623792832
2,427,876,1151950,1151950,0.05326004510503292,10.514125682211617
1,1276,1794,2308888,2308888,0.09215735373676064,24.718090611742422
18,1539,1859,61663040,61663040,5.247035201049939,650.2799402026986
24,2000,1964,92712594,92712594,10.098688568149077,765.7623745126807
18,353,974,16498596,16498596,1.4201183608693908,143.91614008309426
4,1169,208,375866,375866,0.0689622693521,3.33650730914496
13,1427,1235,20093460,20093460,1.9083086634321373,187.63011241232698
11,1530,1126,14425196,14425196,2.4036974586065085,148.19131357935746
18,510,600,6442810,6442810,0.6627389105154476,68.57506061151962
5,836,347,776943,776943,0.09952699938842863,7.624988071324151
16,36,235,842955,842955,0.17662855215372877,8.120269705852246
3,1167,136,197482,197482,0.044773973391339525,2.042503645874966
12,704,1871,39865407,39865407,3.1686273943601266,368.06065904136494
16,1432,148,544354,544354,0.14039458302289712,4.768361402452069
22,1080,676,10348218,10348218,0.9246560893871437,84.83064385550558
1,481,259,127438,127438,0.024360691355555308,1.2245210093891068
19,405,397,3009270,3009270,0.278823195122466,29.4054462198502
23,2027,1836,77941882,77941882,7.1143689546608195,817.1905974067937
16,690,875,12110885,12110885,1.0111855551908984,131.296626556177
10,1127,1586,24457716,24457716,2.0893562840935966,232.24989351495927
16,702,1845,52403545,52403545,4.499584552378736,529.2481816647468
17,1494,811,11757077,11757077,0.8727822873517039,97.27635943932408
15,1701,193,854614,854614,0.15121935259745944,9.299882462767911
5,1507,319,892572,892572,0.08393296216366641,8.15272034307458
13,743,2043,51651136,51651136,9.697611005806953,498.58073282108353
22,1951,253,1845898,1845898,0.3111032655101656,15.27819066700671
9,788,955,8066895,8066895,0.6429951882934383,71.17951750953337
21,494,1633,54191115,54191115,3.9303014002070746,511.3850505243733
11,534,600,3933010,3933010,0.2801599575591112,37.32303160163218
1,578,2004,1180366,1180366,0.06100183711690212,9.84730419856519
12,530,146,315078,315078,0.09881395063730214,2.9031701943065253
24,654,1965,90160105,90160105,8.607653101907973,793.8451103346284
2,1550,344,655674,655674,0.07456737018586293,5.919816896705152
22,1848,82,295374,295374,0.13226005808876748,2.590451303597961
15,1863,188,849770,849770,0.16368042443188352,7.139547669991912
20,1922,1894,71854582,71854582,5.482905917820422,585.2895653249103
3,668,1244,3942246,3942246,0.19765146861049482,32.09843984822056
21,1989,1426,43550050,43550050,3.438028075807905,389.9168088037581
4,86,998,3087822,3087822,0.14760226912360083,31.949908490936107
11,177,1306,17314958,17314958,1.4735503314188907,150.3299855301404
11,328,1118,12889432,12889432,1.5511494641203036,140.7012157352896
14,1411,1210,20769660,20769660,2.0343988049204276,225.57268471825395
8,141,260,514550,514550,0.0983658336847034,4.58873643999103
22,1168,1871,75758671,75758671,5.684849057760976,783.3073149118225
5,1239,492,1585234,1585234,0.11512054512418893,14.830081870301015
24,2044,653,11164351,11164351,0.867094058160415,93.26798788455594
12,1363,974,11784436,11784436,1.0633852134976454,110.08609006565236
18,838,1439,36448441,36448441,3.264910504739683,368.84231989797286
21,783,970,19607590,19607590,1.771430055277264,186.21736341003603
8,1889,333,1411264,1411264,0.14861762316293753,14.658070005613563
7,705,1009,6836994,6836994,0.5464761526806358,65.43014306041665
11,124,1909,36719625,36719625,2.6444467874330955,301.87113133079447
7,868,1825,21598885,21598885,1.815650776752837,203.94615555971703
7,49,302,567166,567166,0.08372050615649482,5.5687094234766565
12,698,1346,20898006,20898006,1.9743720568750316,187.6856398595371
11,1743,1178,15954842,15954842,1.4643981692449957,132.31552196789534
16,1650,1811,52231061,52231061,4.284962354907088,441.5449441161359
9,292,1318,14306900,14306900,1.3555305734053418,122.3445632738776
4,853,1626,9341380,9341380,0.7270773077196243,83.743777130189
5,1411,1027,5683428,5683428,0.47561516764738604,46.23769708845496
14,1287,1133,18173330,18173330,1.3808896229710308,150.31373254172982
10,317,276,778606,778606,0.13662452895628488,7.692837197653124
4,474,494,973190,973190,0.08507250275242687,9.963263916113963
3,1138,1470,6013780,6013780,0.38452359247000345,51.12196097067978
8,654,237,552457,552457,0.0933853353803189,5.84052342020496
22,528,823,14684799,14684799,1.5249831837933623,126.63518250017911
4,1900,617,2323015,2323015,0.17704827951729885,24.772358126356263
13,1167,117,303508,303508,0.10172515708375467,2.9518411061164596
12,417,114,193012,193012,0.08756937673820026,1.8189745824226236
1,634,1217,784975,784975,0.05845402580166756,7.206285159927537
4,383,1020,3526150,3526150,0.1956363076638711,34.42780514470525
24,1174,1705,68921225,68921225,6.605391509349091,747.5241928773747
6,1483,610,2774900,2774900,0.2316552025455745,28.989625840346807
24,41,1810,75486060,75486060,6.7435979347800785,782.5959852842143
16,846,65,120065,120065,0.10549356251899462,1.2761450522029751
11,469,480,2539210,2539210,0.1672853987902202,21.525763543104407
16,1658,272,1567818,1567818,0.19313342936340955,16.934646461434056
8,722,930,6742510,6742510,0.5353159801599152,68.5949399145536
6,1556,229,622203,622203,0.06754319628253054,5.959920054782393
15,542,1825,47663535,47663535,4.226924604568522,508.10237167631806
7,1162,275,777985,777985,0.12656610978571536,8.457953762239482
21,1085,989,20666154,20666154,1.789523133541267,186.50614545154545
2,1761,1212,3617830,3617830,0.1931805436158725,30.226799618464185
8,1848,126,346258,346258,0.07282466859873593,3.313614202703718
13,613,1624,32681386,32681386,3.2071814307302593,333.50245797178377
16,632,641,6585003,6585003,0.5629912019411405,56.0568402020686
16,1122,750,9298510,9298510,0.8859660477392984,76.30441849683017
9,1043,284,946866,946866,0.12717273744169041,8.25321796711861
18,903,1247,27596120,27596120,2.292924365593336,287.00065267478556
16,269,73,101480,101480,0.09725525244479197,0.9646879728361989
7,914,1081,8017787,8017787,0.5570712441162916,71.32253014914612
18,1086,1392,34490986,34490986,2.7963179133203138,292.68058631461673
20,1745,1430,41391360,41391360,3.953236740043511,358.3775800643131
16,1276,347,2257939,2257939,0.34353047008131504,19.684729468026035
5,476,1769,13386033,13386033,0.8885062554800074,143.79439307296497
12,1329,1327,21163006,21163006,1.4065867235977985,212.18349898216957
21,338,342,2465488,2465488,0.22596725136079812,24.83025389724126
4,220,1592,7975930,7975930,0.6369622512081551,84.80075114093044
4,743,755,2281620,2281620,0.16795300957995501,23.56954159028807
22,876,1108,26787018,26787018,2.6562606247819747,255.993528353721
17,803,132,388354,388354,0.129136110673995,4.216175544702226
16,486,154,434598,434598,0.11600698165239154,4.033812366130414
22,669,1608,55426162,55426162,5.835818469653123,507.2741131173954
10,1409,293,1191348,1191348,0.15591499619924049,10.783171288098128
2,147,1929,4027762,4027762,0.1992815531484896,34.28376940619713
11,2017,1090,14102430,14102430,1.1137648507238405,144.077607620319
5,1702,150,347560,347560,0.059910947371834986,3.601009719042733
21,1915,825,15217960,15217960,1.818422479921597,137.8711950137704
5,1939,1081,6786528,6786528,0.4710429618394341,72.67984443961204
7,712,1588,16288126,16288126,1.3414725282724103,151.13554351248587
2,602,691,901765,901765,0.06801971400463896,8.540314223581909
5,376,527,1316983,1316983,0.11301150896724223,12.1363273022304
10,427,676,4414966,4414966,0.34717712387590305,36.52843403469274
24,1748,644,10686546,10686546,1.0025439702048287,90.89805863199597
4,2046,1659,11674393,11674393,1.0673077420475758,113.18502585411831
20,1146,250,1481510,1481510,0.24943473857424545,16.07157190339901
22,174,333,2397277,2397277,0.35835193121156456,21.133636188959784
7,1667,2017,27806372,27806372,2.468984629323404,231.29378881202797
17,806,578,5826828,5826828,0.563159411022233,52.429122068404354
16,791,1276,25465142,25465142,2.1735042740985673,222.4104079273938
18,438,535,5115145,5115145,0.37752896783448997,47.409434691587414
22,607,1338,38450116,38450116,3.6140281807499646,316.73837259863285
6,1524,127,276235,276235,0.06145102781093928,2.4247072338246056
18,1006,1215,26352145,26352145,2.11057707748442,250.33099686964607
17,516,1718,48157268,48157268,4.115624452791578,397.9200976726636
16,637,1875,53977510,53977510,4.390084925789343,438.2467533693234
9,61,1616,21020938,21020938,1.5095223780318645,199.14383736448315
10,546,1543,22300989,22300989,2.160845577325943,235.5963690426392
23,228,1187,31307135,31307135,2.401024589974476,269.0701159273798
7,210,589,2215239,2215239,0.15019568782457973,23.731038289215576
2,1290,1180,2928770,2928770,0.15972120799665424,25.47432845871785
21,246,1112,25038914,25038914,2.1216082885718266,238.71868004343725
21,543,897,16607068,16607068,1.3655072813398101,166.9059397724148
10,348,2016,37320202,37320202,3.902886950299012,330.56143989242173
7,1984,1450,15516460,15516460,1.2263036547079613,151.58250371939624
23,758,978,21816256,21816256,1.950851684631584,228.4450856404564
15,1078,1458,31368880,31368880,2.3611248922279726,284.5818120209743
22,1042,831,15394285,15394285,1.4993141645870676,129.68249070426435
24,1776,1140,31954210,31954210,2.693398424888459,311.4786689158882
22,1176,1717,63984015,63984015,5.787180336331757,523.6435188755427
3,1358,1525,6742035,6742035,0.453041942008873,62.37049300992057
2,346,1242,1987210,1987210,0.11667172741965623,18.02069757597669
7,1835,132,349018,349018,0.08096619852804529,2.983053229848209
9,668,875,6726135,6726135,0.45224219667614446,70.8008605819617
17,1971,270,1705870,1705870,0.2320996409884528,15.550375297668232
13,1465,1663,35661382,35661382,3.071955274708188,332.31316226531914
8,495,468,1773262,1773262,0.13246941422937933,18.78003028567617
17,140,256,1091338,1091338,0.15838415078522458,9.658332172608832
4,477,467,883574,883574,0.06938538214787501,7.948168893504823
18,253,475,3969110,3969110,0.3830052849015237,32.243034246068994
23,363,663,9933076,9933076,0.9196440367280986,108.7514185347412
12,838,1758,35508094,35508094,2.5885034021991484,319.59758511237635
1,1799,179,324000,324000,0.03340355016689634,3.0637097616589775
14,1273,1244,21731446,21731446,1.7784113385678797,236.87217743724216
7,1857,333,1289386,1289386,0.1562030733173943,10.514215110312923
17,229,352,2072586,2072586,0.18594408565768253,22.709633505736104
5,703,121,145452,145452,0.046270763011562535,1.5389026870467242
9,927,1962,32651614,32651614,2.8709943562582034,281.55697216557286
7,664,265,601825,601825,0.09446465620268028,6.349519055329318
13,2041,1317,23532166,23532166,1.851889196237458,239.5551102125373
15,1369,450,3462310,3462310,0.2873342630664754,33.12708984590569
10,1259,1973,37558038,37558038,2.7053820290056274,382.34621923849335
14,1377,1760,42734570,42734570,3.3124756868474163,355.51002116104434
12,1279,1821,38845582,38845582,2.682833067973598,374.92378016872004
4,1545,416,1167722,1167722,0.06522352612917108,11.128585361474613
21,37,1611,52015978,52015978,4.126063090568754,537.7653851558997
4,587,1460,7272270,7272270,0.5341607036257677,68.80769793552757
12,1210,104,247114,247114,0.07838915591430488,2.6328383833911557
2,101,566,384324,384324,0.04730883040990821,3.929298666114921
4,1129,1777,11504308,11504308,0.9343267321480447,114.09350480802064
8,362,900,6012010,6012010,0.45817504756349686,53.04598621530522
15,1166,1478,32343084,32343084,2.7071073479033427,280.73613241356776
5,1768,398,1343260,1343260,0.09928026188963684,14.61561288817762
24,926,1960,90238410,90238410,7.702956310161312,825.0147918545775
18,1424,770,11197350,11197350,0.923731456734634,104.70475568601286
15,735,561,4832464,4832464,0.4973380296995008,44.98663519946269
14,1732,1610,36524470,36524470,2.673405246579486,360.0842213388402
16,100,575,5031835,5031835,0.48688727426650413,47.86155273917386
18,1239,804,12007750,12007750,1.2804378948263666,105.42896926378711
10,1469,738,6000688,6000688,0.43467318017700607,54.96632509433169
21,1040,814,14123724,14123724,1.4226014847057014,136.651500901058
19,1756,668,9224422,9224422,0.9440873905480726,91.28107938998913
16,1261,1828,52476406,52476406,4.659534557390054,518.3803726759927
21,1525,299,2253274,2253274,0.273698311642716,22.27498988410775
15,1632,1937,55737185,55737185,3.83048681696759,506.06586288101295
10,1184,1161,13529143,13529143,2.202513409199568,124.51011938626839
11,64,438,1955680,1955680,0.21716037887705394,16.78949679688577
24,162,1794,74375662,74375662,5.832723201594906,731.4970202458536
22,712,1245,33476815,33476815,2.873692750619049,283.96633761750485
11,920,1868,36652038,36652038,2.804057358351024,327.47823430686685
13,345,1052,13667594,13667594,1.1825591890912335,134.18534410494715
6,942,93,132349,132349,0.05430400290498376,1.115173606585236
17,1006,578,5942428,5942428,0.5992020784730765,62.56133645835176
5,685,1724,13095514,13095514,1.054987500920675,109.50755059336947
6,793,569,2079136,2079136,0.1380002476796287,18.71016302128392
9,191,900,6669010,6669010,0.5815293994934227,67.64350819110788
22,214,1860,73109170,73109170,5.341275978888209,597.9689425212528
18,172,1109,21129787,21129787,1.50492391687976,175.93236798807757
20,1096,350,2721610,2721610,0.25154760484497174,26.97162667426091
16,2031,1355,30327620,30327620,2.9911843757002963,313.6226981119282
14,760,511,3795207,3795207,0.30776480595313,39.197065185292416
2,131,118,30808,30808,0.026832562785420004,0.2530775727935205
18,490,163,536117,536117,0.17322807831312598,5.815928334586892
24,1275,1000,24309010,24309010,2.1888369074206153,204.3541805309874
20,268,292,1707042,1707042,0.22024528615677605,14.500493771574348
9,696,1330,15102160,15102160,1.1904042678048585,159.64933872890086
3,108,224,127466,127466,0.035090585151568834,1.260441069657076
10,370,1284,15338674,15338674,1.4611979076664967,158.2833901391005
13,848,1513,28787861,28787861,2.6856573428066928,266.5769878404344
16,834,483,3914725,3914725,0.32955725856627466,40.49862983549149
24,747,1107,29049904,29049904,2.7077194986558455,291.5094179161684
3,216,144,74458,74458,0.033358006086236174,0.7971661810105378
24,520,993,23229259,23229259,2.1295381652622356,233.37227565594097
11,1518,1891,38669069,38669069,3.301848516418008,319.04742945984395
22,1010,1352,39794778,39794778,3.9767933723631703,333.40163397496843
1,1376,345,478525,478525,0.0482047615992163,4.02643576033412
5,560,50,38760,38760,0.039163914227718914,0.4213601430305555
1,1305,1202,1581842,1581842,0.10775396077436118,16.70992386180738
23,1215,1027,24485744,24485744,4.881886585485911,262.1719782966252
11,665,778,6586558,6586558,0.5070231623609862,53.84151839336433
7,925,386,1257598,1257598,0.1342818952549517,13.600423679915915
24,1866,125,596885,596885,0.17988364589672898,5.683351369376372
4,1697,87,171574,171574,0.04162470965552529,1.6728284108324887
7,1905,1766,22106798,22106798,1.8928898582687608,240.46023158424785
20,1575,2026,81240584,81240584,11.089924375215766,828.9011845263349
2,1567,1611,5139100,5139100,0.35119525525857054,45.75059173043734
15,918,1545,34875295,34875295,3.8462310631182444,320.5981378007365
2,47,450,229060,229060,0.035089023022015074,2.047704539700626
4,121,1260,4932910,4932910,0.42134316679171535,45.82277016095626
23,968,1927,83622175,83622175,8.974613729661463,691.82199506067
9,438,806,5565440,5565440,0.9987836267250223,55.9351461392507
16,1100,1041,17427391,17427391,1.7771097075852134,141.29339425517455
24,2025,1776,76202842,76202842,7.578750953811314,656.4394192807373
14,520,822,9231070,9231070,2.000953872250468,93.72507397573449
16,856,545,4936075,4936075,0.3984460150919807,49.99795410444608
22,1878,1829,73743461,73743461,5.142446681505136,661.6256522934679
12,872,1545,27638515,27638515,3.5482328817543465,290.0674408114779
5,143,981,4004452,4004452,0.24960789531472918,35.276316198754174
7,1347,1482,15199402,15199402,1.1574872672335015,162.88595268178327
1,1347,627,851476,851476,0.04416093080796309,7.485540434834937
6,1641,1156,8597182,8597182,0.6493505157359514,78.64151406555175
10,1133,665,4746780,4746780,0.3297167842345402,46.913428711992196
15,501,1360,26609770,26609770,2.06240896479469,258.05819305736634
8,1479,67,131732,131732,0.07258835318729287,1.1693526575672673
23,961,552,7252186,7252186,0.5706907136399684,78.95270749997388
13,1317,982,12887778,12887778,0.9898632529754279,139.78989978605333
12,1579,590,4773700,4773700,0.361457434003328,44.14295549420268
1,688,1554,1086256,1086256,0.059425266996934845,9.24628429441877
15,2030,628,6811926,6811926,0.5866692964785211,56.12368595333046
11,1435,350,1734610,1734610,0.15723797411223203,17.609675408083554
21,976,704,10621258,10621258,0.867319641742802,91.21895746113694
19,603,1010,19000130,19000130,2.07310144659408,164.41985761908356
20,1726,474,5101198,5101198,0.39165564927466096,41.98149510039659
16,934,711,8265385,8265385,0.597364414720543,83.54614692784145
4,1096,228,409042,409042,0.04659960287458113,4.326227211061025
21,1529,545,6790710,6790710,0.6052234952702459,58.95689391621327
12,1111,676,5792654,5792654,0.4862401596833784,54.9094226506953
2,1975,1163,3663460,3663460,0.27736228951926595,31.535368057445016
21,176,2038,83490756,83490756,13.284904271530724,792.7793123663935
13,1938,936,12348658,12348658,0.9655345115591163,100.41236089416319
11,711,619,4284728,4284728,0.36006014911135475,45.02272204675855
20,1369,1504,45082410,45082410,3.752175475000351,467.9806076493348
18,2012,1666,50583102,50583102,4.058138665403725,524.2620227290123
24,1550,150,755110,755110,0.18919774218880617,7.630139798810167
8,337,1684,20448822,20448822,1.5481934912166917,175.37041694791043
17,1402,2034,69101092,69101092,9.535546212148795,650.2939463088327
1,1225,748,924538,924538,0.05917835135867719,10.032826218217204
18,1238,1098,21885346,21885346,1.6317267122606023,238.42746298830798
13,1475,1308,22489762,22489762,1.7484593420226762,236.85164393838326
15,1722,1912,54520690,54520690,5.239279813818475,527.5462907113125
23,580,549,6967369,6967369,0.5895557267984133,57.232936841760626
22,1712,1548,53022106,53022106,5.373151411340946,475.6964156904302
11,233,2042,42216318,42216318,7.267273788697814,459.0668028003781
17,1447,93,275476,275476,0.11688544662803621,2.581868319506123
2,469,244,176910,176910,0.03266358140196933,1.9337063506119347
2,1320,860,1885130,1885130,0.15088589984009784,17.189483545928088
6,1780,92,207562,207562,0.05099676979866392,2.1554318465549414
8,1137,147,321058,321058,0.08117552241770856,3.023191206114531
19,1167,1880,65867690,65867690,5.803419798518643,637.9194498760961
17,597,1935,61115050,61115050,4.6951966624221315,548.8522623514402
5,1529,245,618390,618390,0.07218976496330264,5.8917107348298625
20,1985,922,18009436,18009436,1.55493575678439,185.43200308577786
11,1183,1764,33240826,33240826,2.443497893624748,287.1678459563853
11,572,476,2548038,2548038,0.19919846364596266,21.459322301166907
22,747,1573,53186286,53186286,4.567290724319847,463.3264698229233
17,737,1891,58658830,58658830,4.864333927054142,630.5298660510366
16,1011,989,15697418,15697418,1.4823091598328473,160.64478392252076
6,828,997,5811523,5811523,0.8078818865718719,55.85828117605859
6,676,860,4293130,4293130,0.323376752051738,44.6170040947671
10,1178,824,7097946,7097946,0.5178748327487784,62.305379188382446
7,2015,413,1862640,1862640,0.15221653485259315,16.639192114961944
20,122,1686,54265606,54265606,4.70825803560447,545.6772414840308
23,97,515,5901910,5901910,0.6152770367223205,48.25559062550499
23,944,571,7730779,7730779,0.6149817216262538,74.46090154006706
16,429,1606,39419280,39419280,3.104773389093212,324.0275456995455
10,735,1598,24188936,24188936,1.739385811169338,235.5423526251314
20,1257,289,1958852,1958852,0.1976985931791584,18.05581853637817
20,1104,88,246938,246938,0.11753050705857383,2.356800318689181
19,1931,1412,38654922,38654922,3.17169213584542,315.6332634585905
21,1985,1806,68873626,68873626,5.088775684649268,626.4562939562181
6,624,1042,6095710,6095710,0.43426737539507704,65.37932497303778
15,1645,1891,53220314,53220314,3.7653156272559327,447.2283893473451
15,1553,1695,42897070,42897070,3.2189100464931117,376.37912569630544
7,544,1860,21801070,21801070,1.4603116210003488,190.6754664272273
3,1270,1149,4114579,4114579,0.2923492109250897,41.14105294582197
1,429,2008,883530,883530,0.06013055570137644,8.722162206140847
20,1111,1419,39876748,39876748,3.390468911373741,352.95078018016846
10,1647,1053,11734642,11734642,1.2117054531453413,108.13593539744757
5,807,1065,5412340,5412340,0.37886397909127156,49.5839923439379
14,1614,498,4039786,4039786,0.33466413727821714,43.50295634868829
20,1987,1502,45893620,45893620,3.4002401214281557,466.85725422360065
9,894,222,596968,596968,0.09019166329352774,6.460441971967626
11,184,1343,18311815,18311815,1.4183977033166075,149.3659080978165
19,1157,459,4336642,4336642,0.3954286634473872,44.64820809635045
20,1285,79,222474,222474,0.12438012466829819,1.95954465385134
7,180,40,17490,17490,0.051023411949755425,0.18713102698107223
13,1516,254,1165108,1165108,0.13506298685769166,9.838561033366252
10,729,1186,13547688,13547688,0.9822090874481029,112.11532496672262
19,1792,1124,24787582,24787582,2.073757877370985,229.82342944131634
10,637,474,2333512,2333512,0.194939700418551,24.464804502104087
13,123,1471,26180868,26180868,2.2875534488596214,233.6692148509016
7,587,332,861882,861882,0.11361126216768837,9.206682115715829
24,1778,422,4860606,4860606,0.4824075594475647,43.52627943208566
22,808,1682,60824494,60824494,5.644810809051488,602.9587861809526
3,1191,1752,8248426,8248426,0.559319424636397,84.78685966845673
18,149,1278,27992044,27992044,2.3159988003695813,236.4794501280101
1,901,1134,1034218,1034218,0.06926338256365755,8.524904086604545
20,1610,1297,34089061,34089061,2.673062752717478,293.39008113959284
17,1316,908,14410878,14410878,1.199844279009391,131.2593422872495
19,1891,411,3829708,3829708,0.4532586726959296,41.88248628139379
11,748,1710,30556000,30556000,3.0510454582382236,291.5555046804743
15,802,723,7916137,7916137,0.5291181021936473,81.92953543374388
16,411,1316,26552942,26552942,2.5927066769011717,278.038114898996
1,1926,1196,2316662,2316662,0.14649564635804802,20.31614030199925
5,207,580,1474370,1474370,0.12700319938651397,14.199367134576264
6,1607,255,739000,739000,0.09570008454620667,7.729157273219755
6,1801,365,1329340,1329340,0.1417458585579644,13.053091513771436
5,988,1831,15246747,15246747,1.2957525091194084,128.68878273793487
6,1597,1905,21217900,21217900,1.5741708486634465,196.49527960470016
21,320,1437,41803777,41803777,4.08753491681093,442.1149019708178
20,1057,429,3963112,3963112,0.43691982729834933,32.48895462022975
5,763,722,2646862,2646862,0.1974045688189472,26.749000064996157
7,439,1078,7464082,7464082,0.5009025620688582,68.6474406664791
8,1625,459,2228914,2228914,0.18020152718116345,24.0957225468317
12,1599,1915,43443700,43443700,3.4545546233426303,454.0858739546346
19,848,1260,29681830,29681830,2.227685431963681,305.9492464385567
10,1414,496,2925418,2925418,0.2278665260917966,28.46743519576845
13,960,313,1483317,1483317,0.17149007154140958,15.590928462477098
20,610,2014,78356694,78356694,11.767000955855474,823.0987706860133
3,958,1064,3297346,3297346,0.20577627027742706,29.96350059208359
15,405,1717,42011566,42011566,4.125645302940685,440.4033145094716
8,923,36,42958,42958,0.05963279171877992,0.4051107178999282
7,1615,1858,23745250,23745250,1.8254695268554395,203.22842313570627
13,1655,1442,27372054,27372054,2.430466971531946,224.94829946886827
10,758,1818,31160530,31160530,2.580866437184935,291.21402167069533
5,869,2018,18073218,18073218,1.7112004094407944,195.62822187699757
20,432,1393,37512107,37512107,3.2396198045004976,329.82375724591714
21,718,1661,56422519,56422519,4.737767140163889,501.2348232796336
15,1691,689,7828428,7828428,0.528750026006252,71.75989759727919
21,1393,1222,31605818,31605818,2.83903745601203,271.2112216082168
6,2029,634,3306320,3306320,0.1990354904448207,31.78502775399592
3,1007,1058,3317898,3317898,0.1538880344577155,28.822331467055033
20,1707,694,10356572,10356572,0.892271926180036,88.49166361105762
18,600,1863,60173047,60173047,4.066666645805297,543.4933014719455
1,1943,842,1645278,1645278,0.0590526134783403,17.49951599576632
20,1970,737,11794221,11794221,1.1196220034671096,114.41802584597453
3,143,888,1715626,1715626,0.13846017433050037,15.508486062487298
21,74,1280,32902410,32902410,2.257333975197566,359.57978693051984
21,1268,1726,61823604,61823604,5.11038662855804,667.0064844766003
4,141,2030,12677360,12677360,2.5291150340261463,133.42595500853142
14,1677,633,6285700,6285700,0.5006277560132893,55.90432215139345
24,1566,1936,89303818,89303818,8.503823469197963,892.1329715260943
6,966,405,1217845,1217845,0.1431188644075859,11.764807860125998
5,328,1937,15672277,15672277,1.152752453419144,153.18122166108753
6,807,1694,15742352,15742352,1.2363322519335087,157.4070809410443
24,1027,468,5534110,5534110,0.533157856317281,45.72939846952197
21,1402,1660,57490790,57490790,5.276072957295302,627.1629521040426
2,1230,1381,3622373,3622373,0.23817330513764692,35.66637980137942
11,1066,1853,36350311,36350311,2.928745866723787,312.9507795537966
3,866,623,1323885,1323885,0.0857002317007905,12.245409581445221
20,902,1964,75119082,75119082,7.829409810030863,782.7675183661487
3,107,925,1822260,1822260,0.1139340932918352,17.63595168334417
10,2044,146,493198,493198,0.0904693028140041,4.449381396117036
22,1569,853,16645452,16645452,1.2984851088922957,180.93353213298408
18,774,1843,59221129,59221129,4.633909777102401,587.3412529394847
14,672,185,573695,573695,0.1346879831020062,5.062607609206237
4,564,840,2602330,2602330,0.12040368267391845,22.05526479352847
2,1713,163,307754,307754,0.037406349708439625,3.1047759892528206
6,1385,1282,10013712,10013712,0.8204800320675216,87.63467705591513
23,1896,453,5388445,5388445,0.5079443370414409,57.71807812979257
10,952,338,1356742,1356742,0.10820841581069696,13.790867731140331
11,1900,1266,18459556,18459556,1.3980740144317085,155.07693554001415
14,869,641,5913876,5913876,0.526588309713407,60.83092588501124
14,355,159,388924,388924,0.11424293173998444,3.6048443406085178
7,131,852,4481530,4481530,0.2751589641867306,46.26370132711264
1,165,1627,286362,286362,0.03761049208938881,2.5032267094487057
20,1606,1661,55136905,55136905,4.843903040249798,504.2771321165449
4,665,1366,6525392,6525392,0.44531634497207007,70.77100612009484
7,272,920,5344290,5344290,0.3931307289948322,51.317233307970646
19,503,1776,57720010,57720010,5.306091702756242,599.8022823043166
6,1105,1358,10743148,10743148,1.0981599582176058,101.52757099248035
18,1579,589,6844190,6844190,0.6261976749248153,70.65849834912525
18,831,1501,39590386,39590386,3.4247764421782154,422.4785247477962
8,1051,1113,9861190,9861190,0.6617407967538845,103.38931132569
23,1287,1511,52223192,52223192,3.793062121653996,436.57522419427994
3,1905,262,639814,639814,0.06308149520148024,6.251608450889234
12,1298,1148,16012314,16012314,1.4258832147881402,151.39937196232432
5,340,327,543811,543811,0.09316993882914573,5.434135267303424
18,1012,979,17311667,17311667,1.6468337027711601,166.37710012794304
5,488,731,2505147,2505147,0.24757849615881805,24.940584327432227
17,1823,644,7827186,7827186,0.7203023549725103,72.78015549775726
16,589,1861,53094340,53094340,3.741126161694109,480.87401662733254
9,1934,1210,14075940,14075940,1.0295300324414303,120.41583010975248
9,265,878,6416434,6416434,0.5224076886242925,53.09776956252092
9,606,1422,17065432,17065432,1.4729396689336554,154.41975790882984
8,491,1225,11127910,11127910,0.7965469405994606,91.17803179624471
6,1774,93,209725,209725,0.05384509128436611,2.061119788428476
11,76,258,690676,690676,0.11683401909266865,7.386783807627102
2,1456,697,1509015,1509015,0.07033807794855906,14.832225171266638
16,51,192,567754,567754,0.11407053521588364,4.655902443995628
11,781,1911,38051842,38051842,2.58247851252788,363.44699098978316
9,624,1607,21692903,21692903,1.677324490083969,203.03090866544426
14,1186,1678,38634282,38634282,2.6310083624432266,319.0550633400549
7,73,1828,20214034,20214034,1.412320627904865,167.39332499233058
8,1493,173,470916,470916,0.09717185140577805,4.4395663278796
1,691,1521,1067752,1067752,0.057323188010597916,11.527759195284917
16,126,644,6318938,6318938,0.5428591191892252,53.88485413686311
16,169,1429,30909280,30909280,2.6127081639605425,335.97471862782385
9,455,797,5459460,5459460,0.4792281952508172,50.967843148149086
22,528,1928,79140554,79140554,7.609855259501292,704.9887900595093
17,1351,627,7154080,7154080,0.621268840474815,70.36914845354225
23,1811,1566,56839546,56839546,5.2788318805976475,520.8323795804438
17,1727,1239,26735152,26735152,2.117442543068886,289.5311433311904
5,1208,1967,17882007,17882007,1.2197354574611265,178.34123389664677
24,950,1232,36122250,36122250,2.8693455004344726,366.46943185579386
10,455,442,1968236,1968236,0.23422354339665521,19.17048972593841
4,2024,1272,7446298,7446298,0.4661944262069807,67.78161841392429
16,534,1991,60576185,60576185,6.70963589469984,495.48716128357916
16,1583,661,7617374,7617374,0.5654321597338003,61.88722407518936
14,931,764,8317678,8317678,0.6139871125062983,74.97371282759728
20,182,579,6492337,6492337,0.5013229905485914,59.216945918796995
4,124,601,1166551,1166551,0.13093206945656322,11.695208049479364
12,701,1849,38943648,38943648,3.052128809007638,399.7118407315751
17,1672,1950,64153060,64153060,6.381089225562974,677.6020856853087
11,1005,1754,32564774,32564774,2.6354398819838663,318.5906316012749
21,1467,503,5813684,5813684,0.5805364085666381,53.67175577042769
6,1035,211,444376,444376,0.08078317735389741,4.519076248757263
6,1465,33,54328,54328,0.046384548025964985,0.5305035427642211
8,538,1327,13064325,13064325,0.9654718523568411,133.9331276121848
17,1922,1527,40283797,40283797,3.542830636268443,376.1376657480169
12,169,1798,35904272,35904272,2.5288382103174745,318.1846019341295
13,37,220,594010,594010,0.10595543110973711,5.339874681278591
16,633,1192,22098498,22098498,1.9438971882560068,231.8012868936709
22,1663,1645,59614810,59614810,5.016274725019614,626.1507144729457
21,234,837,14233195,14233195,1.2318644466874726,144.28858703527317
19,1773,459,4619386,4619386,0.42365006308569636,47.21635467667468
21,44,1503,45292915,45292915,3.200836038144208,452.3899962596681
17,279,344,1998650,1998650,0.20332025364912154,19.038214079105767
13,238,402,2044180,2044180,0.15848132209776108,18.3410959032004
4,945,1270,6056640,6056640,0.49874870034358704,56.78264770972941
13,430,408,2182402,2182402,0.13740485006744482,20.41760881707828
23,1018,1944,85184146,85184146,7.952207493378457,815.3148258006391
21,889,1927,76039430,76039430,7.184131335477385,637.0447568183022
23,610,115,364905,364905,0.16071396995697435,3.175412732524607
19,81,1366,33737478,33737478,2.88796214868728,305.6065911612802
7,1542,1797,22176787,22176787,2.3490306570575346,185.90350640992537
22,1124,835,15606995,15606995,1.1449101740550125,158.01816030873988
16,1428,813,11096647,11096647,3.1895202062832606,107.72603049417864
4,734,1397,6899793,6899793,0.47734391803246323,75.62849947970706
10,995,2027,39035976,39035976,6.178932664434148,351.4997507579053
20,180,110,253010,253010,0.15021971064366504,2.104324809604803
15,1123,1644,39725626,39725626,3.524665869084519,390.9242679711885
5,586,1789,13877283,13877283,1.31723937868769,140.2173309907432
20,772,1151,26094331,26094331,2.1415528115360027,254.87714549214448
4,293,1136,4220250,4220250,0.6094757111479249,34.59650422767439
4,1883,803,3457728,3457728,0.2551522810527881,35.05408690214942
6,1951,1009,7075118,7075118,0.625709003268572,75.23252232350045
3,123,1608,5390026,5390026,0.40677344013589267,48.55543150066321
15,1225,1269,24131314,24131314,2.05838104080088,206.9077278169957
17,1716,1356,31783294,31783294,6.181201914542168,313.78353767829736
6,119,701,2551650,2551650,0.218484298357642,27.37982613647277
20,1402,123,463597,463597,0.12731592975745204,4.977916198339192
7,533,883,5163794,5163794,0.38448256860873026,53.5812530331335
22,91,293,1838878,1838878,0.2493157405766552,17.15637034582016
22,384,1815,69933775,69933775,7.3110728413355055,751.995206499497
5,1971,873,4782304,4782304,0.3898123769798739,40.14971267269121
16,1813,67,190558,190558,0.09647657641443425,1.816336184468524
9,1592,1578,22462840,22462840,1.576228983145123,236.11751851271163
22,1356,1646,59180294,59180294,5.286939238038765,637.2287962589452
8,284,960,6741130,6741130,0.423335776080223,61.12958693204635
10,1041,1030,10640940,10640940,1.2799278631145283,114.94534329225222
3,952,1395,5238235,5238235,0.363463564632141,49.57380860780933
7,743,799,4437656,4437656,0.7510060353476757,42.6761632743056
8,1163,1957,29120170,29120170,2.8597846894969225,263.3609992179558
10,943,181,469162,469162,0.10384864177383167,4.676357376081268
2,143,1539,2607076,2607076,0.12409490914998994,28.371030786388637
7,1662,561,2830255,2830255,0.19666499629543618,25.760929751094416
17,1735,1251,27244288,27244288,1.8998600166796342,228.8911180732789
11,472,476,2500438,2500438,0.1934103615011592,24.02027402633916
15,1617,211,969766,969766,0.1485081264734955,9.71642739329552
13,1618,1578,32470516,32470516,2.2851950041872735,326.1590059334239
11,1766,159,536953,536953,0.1018246885966469,5.760273849139319
11,1511,1502,24861114,24861114,1.8657773476970154,238.12913864223623
22,102,386,3180650,3180650,0.2814397150296166,28.80497417087624
24,1658,1988,94263018,94263018,9.988024403879013,816.4083009091693
5,68,597,1475197,1475197,0.1559174130995131,12.98170397121685
4,377,2044,13333022,13333022,1.2545364739615639,117.73764604994828
24,494,1901,84121161,84121161,7.717169038405038,899.8348634086376
18,692,847,12805803,12805803,1.1688213291820624,134.7661479840422
18,426,271,1371541,1371541,0.23394967317408497,13.292468839915738
15,1594,61,150863,150863,0.09846275594105156,1.2733746141946802
14,485,391,2186482,2186482,0.3281041185585989,18.995821911148155
22,656,908,17938458,17938458,1.4951279309185033,191.89384615291777
5,2006,461,1781775,1781775,0.1684216446418152,19.076174415217814
14,2021,1472,31178442,31178442,2.3825347008401194,263.21606195007286
13,1363,598,5120086,5120086,0.4021937651579181,42.534225022716946
3,328,239,195751,195751,0.04372970348836288,1.6786458674130682
16,577,1793,49303924,49303924,4.056956105567137,508.31836982499294
16,1969,909,14207680,14207680,1.0176690900213057,119.59973572367178
2,344,1983,4638247,4638247,0.291912779716345,42.823594469406764
12,1985,43,106650,106650,0.07269053391333298,1.0306575407756575
9,1662,1503,20598625,20598625,1.7499224515105527,169.1283361831793
12,1424,193,688827,688827,0.12475042861783513,5.851000794697026
21,619,114,334030,334030,0.1351038099471304,3.4995705307726666
23,977,1366,42430702,42430702,3.2921870497497756,459.4383553820409
15,1203,721,8163172,8163172,0.5971410402234139,72.79392040334808
20,434,717,10100389,10100389,0.7671950873389853,98.64381577813982
23,1531,1561,56049276,56049276,6.269823227126954,590.9448788984477
3,286,984,2230738,2230738,0.16391051241636573,23.164196368351504
20,352,578,6568402,6568402,0.5317702388458081,57.26127147664556
12,1237,1456,25152410,25152410,2.16094410446149,225.6896811277226
8,129,596,2574134,2574134,0.21981444690983457,28.170176083447878
8,1699,1141,11072274,11072274,0.7076016347944201,94.2014890498938
24,289,1038,25116496,25116496,2.7798566372779527,248.95597116398451
23,1562,1303,39430093,39430093,3.496625310268583,426.07868900331096
9,1890,1888,32120554,32120554,2.2389037844003936,289.0633227802366
18,343,500,4435510,4435510,0.350548743494228,37.71220875064465
3,522,1725,6874135,6874135,0.4371309114252582,61.89032181435701
5,1187,1250,7752510,7752510,0.476213956846796,65.68537914556724
4,635,1467,7408360,7408360,0.5360456902200221,60.16255983809954
13,1709,352,2096522,2096522,0.20683839557086192,17.246473404336367
24,1338,1875,83431885,83431885,7.658996961067357,905.5854254791459
2,777,1000,1789010,1789010,0.13423704977681106,17.672734277776932
11,114,1705,29300435,29300435,2.736161744507251,319.38651984716967
10,707,1868,32762862,32762862,2.571708040090363,344.65136721575533
3,1984,952,3713762,3713762,0.2193055825299059,37.21850072162814
17,50,302,1482528,1482528,0.20999715675693917,12.369098906220088
2,1424,1725,5452735,5452735,0.2910775268039441,45.898862728078996
18,1277,1587,44886718,44886718,3.4055920725145703,437.8694743517345
1,725,1403,1032618,1032618,0.046828271764313235,8.990066569047869
3,1333,1434,6042886,6042886,0.481034408125125,62.96296691067052
13,1885,624,5863114,5863114,0.45648982705567387,47.58161157191853
24,160,1285,38227475,38227475,3.699693309667981,340.2534749670941
7,591,1027,6952800,6952800,0.7280381737462827,70.7480381008716
17,1854,1088,20986442,20986442,1.7156925423018203,183.98547819306515
6,912,592,2301706,2301706,0.15778853598366685,19.927204943981366
9,788,1803,27461503,27461503,2.619283158911911,224.79406309915092
18,1704,323,2333039,2333039,0.27341067782934586,22.813257636960582
6,295,871,4064096,4064096,0.3089282517695613,41.16124544344374
9,774,368,1375226,1375226,0.12620374002381815,14.297078299692016
1,238,1802,448708,448708,0.04739141924060556,4.665991814959855
4,1363,1961,14236870,14236870,1.0937158842505408,139.55319738296697
18,1237,128,440458,440458,0.13902410980216662,4.288294166126402
8,1588,1990,30916650,30916650,3.628405849041882,267.0835786925052
7,1740,582,3054928,3054928,0.2580382522914629,28.526331260278177
10,1220,153,400411,400411,0.1014064998366016,3.576471266703231
15,1300,1369,28052189,28052189,2.823778204218804,303.7506691973149
24,1388,604,9249666,9249666,0.9987004647298945,94.80749795901656
10,419,1706,26942868,26942868,2.3012675211627918,275.69648226262325
3,741,875,2191010,2191010,0.14757024159051443,21.743860470080122
3,287,1433,4536888,4536888,0.26191905542452737,44.000269310373945
12,1356,648,5511898,5511898,0.37392067958081066,46.75135362375032
20,1284,145,590015,590015,0.17110926257228803,5.147801269711154
20,1312,903,16704607,16704607,1.665260147113311,170.77040583197925
18,1697,1248,28630378,28630378,2.4487559732084674,308.6395498416529
22,1382,1372,41470082,41470082,6.666122484878718,429.89889858871857
4,1327,58,87880,87880,0.051339470171198685,0.8913177225210568
1,1914,1004,1932710,1932710,0.1370432609409927,16.43431476131276
21,1299,1413,41810680,41810680,3.0485500672475134,355.26824662700756
1,1958,543,1069177,1069177,0.07309315966992065,10.718547014483603
15,1357,355,2254970,2254970,0.23836079589010953,21.864864029530448
9,1261,225,693010,693010,0.1174605177680273,7.382874766283942
17,1827,636,7651090,7651090,0.6530292049156184,69.66797399177148
15,1680,1928,55327826,55327826,5.375390966933189,546.2384821975588
12,1344,1317,20878411,20878411,1.736873796835447,189.4723212363922
6,704,449,1331295,1331295,0.11594882920279342,13.991756385749786
8,799,1012,7995822,7995822,0.5624741026927965,73.23213436340168
16,720,164,525794,525794,0.12001166302767355,5.292735302865586
7,1302,264,766402,766402,0.09272675662302202,6.471723199503089
11,386,894,8356228,8356228,0.6480096727359387,69.32288105656556
3,1499,70,115650,115650,0.04594800380076121,1.1295459816747115
24,1389,404,4328870,4328870,0.4338765435222238,44.95447762179664
9,51,885,6327760,6327760,0.37187711499105297,65.4829149503035
16,405,855,11333890,11333890,0.9171228834342957,98.16618802210851
2,1310,660,1308130,1308130,0.09819326588963273,11.175705393082454
10,240,1333,16338591,16338591,1.0746711054398115,148.83435665488238
17,1381,1515,38856730,38856730,3.0065724303004195,393.415720474466
22,432,1038,23107966,23107966,2.527814958639638,222.91393520860456
22,402,871,16309485,16309485,1.562498347539454,138.99216749715072
18,1079,1815,58011040,58011040,4.471081582966033,481.49311081005106
9,1790,1287,15579145,15579145,1.6365545622485653,153.78458864191595
24,448,2040,96700090,96700090,15.950800549993751,995.0182259094722
11,158,989,9958251,9958251,0.8300748340127496,82.32573711938896
4,1620,1389,8057599,8057599,0.4971948852103503,80.31434475925786
1,613,969,604666,604666,0.04762926138395447,5.364556613870851
10,1109,305,1181580,1181580,0.1617710609174658,12.22104186505562
21,641,1222,30686874,30686874,3.130313084841157,286.831678935694
12,1697,759,7641622,7641622,0.4916365174798426,72.87355844309522
17,812,1634,44090232,44090232,4.552068250456476,416.07819893158853
3,1791,1449,6813208,6813208,0.48168007785145706,67.07671109080877
5,129,1406,8109818,8109818,0.48224665615171614,68.3026796785039
23,795,963,21199492,21199492,2.1542054232840995,210.49133868966987
4,1194,997,4186413,4186413,0.34195131330593054,43.36428763906182
9,1236,1726,25998748,25998748,1.9332873305250533,249.60060880700624
10,606,1948,35371794,35371794,3.3930401112388804,333.580196985979
16,1873,1143,21767302,21767302,1.7630709552524177,226.68558198584475
19,815,1679,52159824,52159824,3.5220194350848755,535.1824827636301
15,1016,2021,59286045,59286045,5.013069083246591,493.87621135172026
20,749,1331,34696518,34696518,2.384830010127883,310.3998602639416
20,553,1983,75869590,75869590,7.292450193687585,690.8470352636563
6,1270,338,1005898,1005898,0.12643081967899894,8.27159295140134
22,1596,938,20003798,20003798,1.8633245340599065,173.33115014568426
18,856,178,695990,695990,0.18936846819362874,5.651463497517584
19,556,1036,19925398,19925398,1.8829599102936114,200.2296500547139
6,796,606,2328262,2328262,0.21687108212661463,21.50446628367497
14,889,800,9050410,9050410,0.8113170198039104,79.74300876120769
16,197,681,7108288,7108288,0.5478812988818313,74.4676435462919
2,434,1673,3545097,3545097,0.2556377058359262,34.41477949690144
16,1792,980,16187650,16187650,1.6007186579119168,168.85584666769424
1,1222,1979,2440117,2440117,0.11753397487100428,25.46528543277754
4,1289,991,4237526,4237526,0.26909615490324207,38.78895374693566
14,1668,353,2217203,2217203,0.28583936345527555,21.837368293584994
14,133,1270,21167100,21167100,1.7846954078088888,172.14591896808642
21,1542,596,8041838,8041838,0.6480867621193854,77.59889623008628
14,1377,533,4439900,4439900,0.33269540100178424,36.715390719867955
23,823,1227,34171960,34171960,3.2241808586882126,330.5752675019415
1,405,634,263754,263754,0.030990318562215464,2.274596530993684
15,1057,1071,17217406,17217406,1.7159763099710403,152.62442717065295
1,116,1105,140345,140345,0.032386512076361895,1.2116395345377526
13,1051,1971,48734956,48734956,3.903428662101321,456.73194807201793
13,497,1402,24316298,24316298,2.300516252590441,254.37675424868257
21,1777,930,18979450,18979450,1.5229335125496954,180.6039416716029
7,1705,213,639010,639010,0.09049760799395593,5.720078984468811
3,34,602,753112,753112,0.05649965213934166,6.727828504406482
3,1765,328,798362,798362,0.05716520159683555,7.189686615671961
1,1366,811,1116757,1116757,0.047470854862387016,11.594785211380458
13,1968,942,12523900,12523900,0.9749742628239457,120.4880529958427
18,504,559,5609575,5609575,0.472293717629402,59.64923103111113
13,198,1108,14976846,14976846,1.3221275529648926,161.30558005590086
5,1376,1347,9131323,9131323,0.6186555438311566,82.0189701501747
10,475,245,661510,661510,0.10219515535247829,6.775963819032886
15,1433,1577,37116282,37116282,3.331621333717774,344.2941436372994
2,977,1304,2990082,2990082,0.15174962524670818,32.51572971658004
2,615,1482,3125548,3125548,0.15203186433030488,32.23258343575358
10,763,1136,12503962,12503962,1.0636387080452858,113.88277617199213
2,1292,774,1608382,1608382,0.1252480524084454,16.497258771260054
23,56,163,599035,599035,0.20846764518713468,5.535210367751188
9,840,153,318709,318709,0.07842045650586839,3.0301398391706695
22,2027,1502,50468712,50468712,3.6814277927336954,520.0468872361234
8,1903,469,2440686,2440686,0.22751820209508664,23.136075735993764
21,207,1652,54975266,54975266,5.721470218114842,453.7847888416997
21,1262,185,923715,923715,0.25090621591935575,9.447567759791108
4,196,2008,12517882,12517882,1.1411801088708944,102.60514164150973
22,1992,2026,90298830,90298830,13.946186592875046,957.4225030543158
15,447,126,281746,281746,0.10241820598944039,2.9299054504362223
5,455,313,538996,538996,0.08500348019842706,5.332315569862312
22,1459,71,211732,211732,0.13280239623551562,1.7408138233490462
4,1652,69,129247,129247,0.03773653139452726,1.1581729347659047
15,1353,1531,34925182,34925182,4.033435543484496,361.97918259867504
8,877,153,300808,300808,0.09111688395566588,2.7725237225046717
12,381,853,8347468,8347468,0.6090103422811556,74.32678145252582
15,1962,1878,53107972,53107972,3.991337203528551,565.2703346224796
14,1178,445,3109225,3109225,0.2749273786606628,25.670129324024472
4,1390,1505,8908105,8908105,0.6132920624747726,96.93231493493693
11,786,1024,11312138,11312138,0.9053519238013158,92.89037536423314
4,1433,205,422720,422720,0.05262032162648142,4.534826820440118
5,611,1143,5941324,5941324,0.3248492693136879,56.760303639696275
5,96,1844,13806038,13806038,1.117779613505483,146.99985312087892
12,968,1554,28102546,28102546,2.382331339031365,282.8050984334966
23,1373,985,22729870,22729870,2.075907018867541,212.74714350074845
23,566,1024,23682058,23682058,4.822846789470618,240.5181797945426
17,265,841,11562078,11562078,1.0723064932766093,105.59992384280609
11,1067,1157,14645316,14645316,1.0918258388216588,135.969838264901
5,1069,1755,14222530,14222530,0.9251055046534149,154.32421978119078
23,1727,1241,36065952,36065952,3.4173759372902976,394.3413662701584
2,610,924,1428514,1428514,0.1280630515492614,13.175119009156319
17,544,1323,28760707,28760707,2.221844507943578,311.37892189979647
12,1700,1040,13688490,13688490,0.9909864211793554,143.94521708020878
23,1605,174,951094,951094,0.2542757102692872,10.358758993859977
9,1022,2019,34712677,34712677,3.501384620703256,362.1262327241687
21,1860,1264,34344154,34344154,2.8587353020660085,374.4577946156933
6,1419,1540,14067910,14067910,1.4475054312630509,122.45156479777324
20,849,1448,41110178,41110178,3.896180521880796,422.2626739691587
14,1956,113,389747,389747,0.10537149709137891,4.180638747545533
3,720,1791,7728175,7728175,0.5046851206274686,72.85156908243778
10,1889,1108,13164158,13164158,1.0382107133899445,122.93030253759123
5,1362,410,1236980,1236980,0.09672442034276911,11.891543169829168
3,580,1083,2988007,2988007,0.18718053220971223,27.298540252636595
5,1956,660,3043270,3043270,0.2007330592639236,25.463624668399635
18,1298,1071,20919853,20919853,2.0434778141534746,219.07701087060065
15,655,1752,44164426,44164426,3.525392051301776,425.2711379644911
1,1882,647,1224781,1224781,0.09306789628382696,10.58989881993087
2,819,476,622142,622142,0.06371448912322462,6.504649596193877
19,190,1563,44315749,44315749,3.620937115677381,443.6237711178102
23,1486,1670,63892540,63892540,5.733325999853675,649.19346459029
4,87,184,120162,120162,0.05388199095554599,0.9815427572799176
7,1967,1988,27657066,27657066,2.798383317684918,231.67231971230294
8,1133,1443,16236646,16236646,1.183807202646524,158.45126239602996
6,613,78,79492,79492,0.05397359036512518,0.807739250178463
21,1528,1461,44968129,44968129,3.3010728942125547,366.25531632292774
17,535,1977,63647548,63647548,4.297610221379689,695.6064078891819
8,1723,388,1729326,1729326,0.26789775245295017,17.321323524890264
5,865,97,123006,123006,0.05528680808879075,1.2757197389022856
19,1993,502,5551126,5551126,0.5445440348771031,46.20969405778817
3,1915,1447,6977444,6977444,0.42674848422528144,73.08364697071906
4,46,1895,10886785,10886785,0.7886995196254912,116.69341532562497
11,291,993,10170316,10170316,1.0828438971404322,86.58991581131733
6,428,1852,17971818,17971818,1.4609867459956176,150.77809824800192
18,1712,1743,54679663,54679663,4.3272691365472875,467.02121525677774
9,419,1497,18583768,18583768,1.381268586599187,177.88984092333445
17,1516,1269,27723853,27723853,2.4030458814146614,267.1794399328442
9,2038,1257,15226051,15226051,1.1500085482356994,138.34744367441334
5,301,1942,15699138,15699138,1.4139064052437091,137.94454685849894
15,534,594,5271760,5271760,0.5082856306699371,56.39588962060377
20,559,1789,61863630,61863630,4.888964698120732,670.9886959363504
21,516,342,2526364,2526364,0.2694836520560759,22.871535867187774
12,692,242,817002,817002,0.13571618893295792,8.7582521912842
17,179,222,834286,834286,0.13482160601015147,8.44198102986037
8,1766,1690,23007670,23007670,1.7642869286886862,242.1330775112634
8,1590,457,2196809,2196809,0.13047616356172484,19.6274681228313
14,838,646,5981970,5981970,0.5452294103376258,62.78651352822729
4,1038,1656,9969130,9969130,0.7867034160950498,106.94709339321867
22,1077,1742,65657732,65657732,4.574034443976754,700.4208905994416
1,929,1053,989830,989830,0.05927549352396586,8.476072467035394
12,322,1371,21147685,21147685,1.785122148479003,194.4597041379957
17,464,1733,48903537,48903537,3.8961210187902293,459.16377726828983
23,998,544,7071466,7071466,0.8663632225013613,74.73844737413667
4,1057,834,2979892,2979892,0.20505985250659625,31.45834018027936
19,1752,1311,33271879,33271879,2.717493874601547,310.5864356283106
17,1774,1890,60557500,60557500,4.837622752869854,541.7638545318022
19,803,667,8562956,8562956,0.7353767444729703,93.45400860807325
21,1159,467,4917520,4917520,0.40074167754886236,42.635582854999626
22,1357,1142,28973692,28973692,2.3736782801924883,237.55918846859484
11,1192,906,9307348,9307348,2.036046654930739,87.67110353892069
16,87,1905,54650650,54650650,4.3044663804238175,532.424309839085
23,41,535,6336550,6336550,0.5918433479627698,61.016331200722405
9,185,1921,29913822,29913822,2.4374245510522563,322.7034276161851
14,100,1657,35898915,35898915,2.8922107802005046,391.1859609150533
10,1112,255,873895,873895,0.1204612392873917,8.549900754411837
7,1718,184,522386,522386,0.07329741614146403,5.222876746932849
8,544,795,4870975,4870975,0.3614162281044087,53.063324993923956
1,304,115,36235,36235,0.020602987073538925,0.3529978240288758
11,1540,1034,12305644,12305644,1.3316854751024614,123.89981343450775
16,1182,880,12679050,12679050,1.1813457508168077,105.42652105936084
6,169,1756,15742550,15742550,1.1702506443169656,164.20865494892684
4,432,210,225970,225970,0.04391806512905489,1.8921548674819597
18,987,33,52018,52018,0.1069464716659949,0.4741946887648328
6,1966,628,3216626,3216626,0.24663634535411694,27.773467079752123
3,1777,1162,4780478,4780478,0.3323246887062808,48.017494112541996
3,2014,312,827122,827122,0.043937458459544915,7.301736110641804
4,1852,187,453859,453859,0.053195143296350444,4.777119106587874
12,59,932,9630366,9630366,0.8424920222864386,78.70679592816694
13,1224,768,8035594,8035594,0.5385334381883689,80.96232432171882
16,763,1828,51566062,51566062,5.391448503365395,536.14752805929
19,1981,1762,59425222,59425222,6.709575828465446,607.5754904151889
6,770,574,2098554,2098554,0.20743042820373764,17.056162674993278
14,1765,2007,55955170,55955170,5.445594496251482,582.3166241990725
10,2001,1350,19130860,19130860,1.8628421552862833,165.64285247302328
9,1969,342,1615618,1615618,0.1718222656714081,14.100605687589061
22,619,1090,25659700,25659700,2.148361374656801,250.64694624532495
22,206,1065,24072205,24072205,5.144137102613775,197.26358216071893
14,1584,1599,35809615,35809615,3.050471999504872,334.3173442151387
19,1198,835,13574605,13574605,0.9711229795751853,144.39880514337355
21,1657,486,5544298,5544298,0.5521044704854671,54.466554299739435
3,530,263,281157,281157,0.045854640312701374,2.9210402329071754
9,486,1526,19400048,19400048,1.7138732828724905,197.74320316405726
3,1662,451,1162237,1162237,0.08220069192231652,10.05174363180776
16,1572,1042,17951586,17951586,1.7676381793332576,159.4513879378539
21,1976,1473,46350901,46350901,4.064540375027885,409.6889261173618
16,207,1882,53567376,53567376,4.579058620604236,514.4040820875476
16,1799,112,392570,392570,0.11209364225402725,4.037137877703103
5,703,1717,13025172,13025172,1.1526195677717272,116.31240995504822
12,50,107,133653,133653,0.08013997247707418,1.1871735782654866
1,966,1534,1498728,1498728,0.09306089174826847,14.8457859695808
16,517,419,2860942,2860942,0.27962124619626744,27.333723893377854
6,1045,966,5690716,5690716,0.3391385877280334,49.24188499643346
17,1540,268,1569150,1569150,0.19919236163825513,13.01644952515063
16,462,1899,55019737,55019737,6.144269638056596,567.5311113297242
7,1108,946,6433756,6433756,0.45934778999902465,53.28346354700574
20,1141,1297,33480768,33480768,2.281574322370976,275.4787811301905
9,1763,430,2245470,2245470,0.1357910359201644,22.41347537522492
24,1755,702,12590380,12590380,1.2270123510823874,134.88914132663538
19,992,584,6735282,6735282,0.6208906131665684,64.38054439910117
19,1683,681,9513580,9513580,0.6918469779052001,93.13653992167983
5,1779,903,4881628,4881628,0.320539796356238,39.8494701424207
3,1704,707,2213627,2213627,0.1393538810044238,21.505828708124856
15,1955,1529,35757204,35757204,3.798930662463061,364.9362511925734
2,733,1155,2194510,2194510,0.13087936708996312,22.91226438386905
22,726,370,3155370,3155370,0.29357256867234494,29.25225566021017
17,555,982,16000718,16000718,1.5959649331438783,138.145009468689
17,777,83,176966,176966,0.09676762796608858,1.8282369114451136
4,1602,1676,11135354,11135354,0.8590127087531425,91.98825328839224
22,1578,605,8660585,8660585,0.6223940580472883,73.15590669293857
3,1880,127,272679,272679,0.03742455605509549,2.4857790690320725
10,483,397,1618182,1618182,0.17256781033270735,17.265258518846682
6,1114,690,3160210,3160210,0.1956718231314536,30.818150022693754
5,515,838,3253126,3253126,0.21257479467513327,28.146484855678473
13,1193,706,6839738,6839738,0.48831026931941485,65.48061022753893
2,1440,661,1396703,1396703,0.0754693495026342,14.816598346876138
18,1816,999,18808183,18808183,2.1428620848628026,203.30382414602033
22,1491,314,2548748,2548748,0.2976807930166773,24.05557856683752
1,1132,1346,1538488,1538488,0.08532892970406741,15.025003951688639
20,1114,1848,67001098,67001098,5.279524943479004,682.9695102456219
20,650,265,1514485,1514485,0.24640430667507604,16.578192907976128
6,1865,780,4509190,4509190,0.31197766892540374,48.311459177356305
18,906,939,15866293,15866293,1.1030676186451815,169.35348288099843
14,398,1240,20512090,20512090,2.8317128358820294,217.41186489568855
23,256,2002,88754676,88754676,9.46228226443038,970.9348056403184
5,1294,1724,14145430,14145430,1.0735573717235907,139.13742350697223
20,281,1638,51487264,51487264,3.6024254236757525,557.8478684513318
12,117,850,8065660,8065660,0.7476804867986537,76.635458459096
3,621,320,407690,407690,0.05050115983420893,4.25425972542304
21,885,113,358898,358898,0.1470669714546874,3.797622398224128
5,316,682,2086248,2086248,0.11674687083901568,21.425780874891228
15,945,854,11038814,11038814,0.920702431766008,110.39116526119363
18,175,984,16660114,16660114,1.542148728059287,151.31620665165596
9,1623,904,8022106,8022106,0.5402258118965192,78.373531051252
19,1426,367,2958397,2958397,0.3932881238978447,24.175168673860128
4,1567,1961,14636914,14636914,1.105080637513979,136.56605597848963
24,1827,1586,60805664,60805664,4.788802624619832,559.8763020874385
11,709,1067,12163810,12163810,0.8874539476883618,118.1065789557511
16,1428,1039,17703531,17703531,1.654569483593485,168.8993200243061
12,2003,38,92844,92844,0.087835122659696,0.9359846674727975
11,885,1846,35749646,35749646,2.6387301366755,330.4841728624308
1,1332,1252,1681446,1681446,0.07687817706807006,13.913940974297406
9,1328,530,2961120,2961120,0.26935875253478075,30.274625491909664
17,1248,1316,29387606,29387606,2.3342026125252358,307.71908107052457
21,545,417,3717982,3717982,0.42878901068115644,31.41494688348795
18,1572,301,2021827,2021827,0.2911267231456454,19.829180403306996
23,250,1839,74922709,74922709,5.46194608063769,793.8491154189056
15,996,1112,18446978,18446978,1.4987486736662599,185.003305859162
9,1749,1361,17224826,17224826,1.7701415541291532,177.80624233121836
20,1669,391,3569058,3569058,0.4431952265886572,34.78035507749633
23,901,1241,35040886,35040886,2.679150906993505,362.9324812174205
23,329,984,21657850,21657850,1.9011524546926057,216.11569061274864
22,1908,1682,62674694,62674694,4.252513863742778,550.0795048143387
3,304,901,1909229,1909229,0.20184101789367104,19.39335500563194
22,358,525,5992885,5992885,0.522889865547643,58.17315598341643
21,1533,834,15215506,15215506,1.2586060972592144,130.66933604021966
9,1962,347,1650689,1650689,0.1393533796573156,15.769958667009268
8,969,1730,22657820,22657820,1.544989356329931,209.1660643916629
21,1273,1337,37494838,37494838,3.465200334338719,351.8473904197578
2,1681,813,2037388,2037388,0.1496887799467627,21.50724121638768
9,2007,1161,13135564,13135564,0.8817495716062452,136.55204394655834
22,1603,1287,36888004,36888004,3.546115280331469,398.79912490758977
4,210,1942,11749110,11749110,0.8407369989840678,103.47580526382532
12,301,200,504610,504610,0.11581786521484264,4.937910489194747
16,1496,1444,33474818,33474818,3.3027130886707745,362.0023064680903
14,1308,1274,22796966,22796966,1.660549588595038,207.70881693130806
18,153,550,5242060,5242060,0.47830745293189997,47.083216561474224
23,1760,1075,27351235,27351235,2.7392515656698255,277.9286874200778
3,157,489,561382,561382,0.07017949714225476,4.953487573957743
8,1362,1188,11518858,11518858,0.8075988019934124,118.28518384912054
22,477,552,6679762,6679762,0.5216292620834174,67.9717039180702
5,718,1539,10602181,10602181,1.1757461786558696,114.49483913749884
13,449,140,301290,301290,0.10039022075358435,2.5545243577291004
5,2023,1682,14744422,14744422,1.16973617267043,124.73699213075123
24,1987,643,10808840,10808840,0.9204276747613863,114.0978759376494
4,64,1344,5523850,5523850,0.2717428928710421,52.10716482198649
11,1913,324,1676386,1676386,0.1767307968791926,16.714443150232015
19,374,1945,68878295,68878295,5.330757202231349,570.0175265323813
14,1574,1431,28907641,28907641,3.9752557755444977,289.30123591631383
15,606,377,2227703,2227703,0.3018380869582495,19.562522640040957
15,1709,1908,54274978,54274978,4.780892593708383,485.74834157608996
20,1222,1009,20606817,20606817,2.3883855524023385,196.53927283133348
19,940,555,6082255,6082255,0.5725111743775547,56.75135920612477
2,1569,1463,4453382,4453382,0.2913191988511189,38.90900778629279
6,319,1395,10197460,10197460,0.7486252023381037,84.5937340368436
7,1505,81,162658,162658,0.06350789011741308,1.6279614178926343
22,267,2006,85104560,85104560,10.551027371662782,919.8079098576904
22,1900,1969,85220299,85220299,7.590285187124173,710.4649091576604
14,340,1058,14936854,14936854,1.5151994353363447,127.55589798059465
14,1468,1584,34981066,34981066,3.027756589845192,347.3264321117167
7,864,720,3744730,3744730,0.25436827366255216,34.417166855715614
22,1151,483,5470468,5470468,0.5468277146347502,53.73581990166709
1,1991,401,802812,802812,0.0354485643022569,8.379955882762342
17,1801,705,9241150,9241150,0.6169915641895876,81.02929221431368
17,810,1605,42559795,42559795,3.289773719813489,435.20624505115035
15,1710,1640,40499810,40499810,3.6882427782977865,401.2201343147151
19,1981,1735,57671410,57671410,4.171931346674837,601.9446006610607
19,1511,1147,25447352,25447352,2.47988406274974,234.49267705626167
9,1962,1877,31903379,31903379,2.7793888213966764,267.0831059313525
15,1733,360,2447290,2447290,0.20229159408237637,20.010220827679987
2,1134,1673,4716197,4716197,0.3390680619435389,43.55344936178078
4,294,1949,11996105,11996105,0.7349144094589506,105.93119391095512
14,2018,493,4166353,4166353,0.25735863557996197,42.39516670489037
4,228,679,1547451,1547451,0.08467590445867214,15.593704869267128
2,1985,1753,6573760,6573760,0.3700714048755789,70.26592261482037
16,758,1848,52675402,52675402,5.218537719362505,489.93944625726726
19,1666,131,530953,530953,0.15229456156898566,5.490072791700346
4,520,204,233794,233794,0.04973996004411291,2.4075091600868372
13,1118,114,286036,286036,0.09907279790582921,2.4922691361534497
4,280,142,102250,102250,0.05066429075612175,0.9658695132957534
24,893,482,5790276,5790276,0.6009461626591258,50.016410016501744
20,91,969,17957518,17957518,1.6936374592356749,180.63884520414518
12,1675,1878,41982700,41982700,3.457755697816392,424.85539816842544
22,81,1553,50823488,50823488,3.8313855193712523,467.4900398888835
15,481,1832,47914138,47914138,4.985430521744329,436.9638537882028
15,655,1321,25328864,25328864,2.515328550891551,272.2271515290325
9,107,645,3409480,3409480,0.3449351763554329,28.77488206746221
17,1502,1857,58014547,58014547,5.289550514360907,558.6211683414498
11,1249,1214,16279750,16279750,1.424536897673876,148.14372338687676
9,420,1143,10953379,10953379,0.9200700772872653,91.81603107910696
1,1539,1414,2191710,2191710,0.07440441314114753,21.40043871250072
21,453,1042,22219618,22219618,2.445871871310846,239.36586572738756
22,1191,1179,30632788,30632788,2.7546140244976045,257.55441875630447
10,1645,1230,15664060,15664060,1.0898872764823302,129.4686336739807
14,1190,617,5698005,5698005,0.539786640622241,54.66223299111515
19,1057,629,7804642,7804642,0.6307116191693828,63.88485943730602
14,1612,954,13392262,13392262,1.018136387446642,118.6890298789504
7,1256,593,2864793,2864793,0.1771674028265816,26.400243642380687
9,1674,661,4614451,4614451,0.35874968171312344,41.034955973059425
8,1000,695,4088695,4088695,0.2714103815555297,33.853063985434936
20,1510,1058,22897246,22897246,1.936836471404536,233.56388723665467
6,1313,1649,15787536,15787536,1.1025407243608598,153.76745446577758
19,393,1908,66333538,66333538,6.511430625106185,539.4348394545156
1,602,1025,628335,628335,0.06458563381833435,6.100569813526281
21,712,956,18989038,18989038,1.5871865721927538,175.05115818358064
21,114,1373,37901675,37901675,3.8737147647557206,362.4582981612417
14,1044,153,467731,467731,0.14226715999500622,4.078270445681013
11,896,1678,29695576,29695576,2.5232694347480495,295.626036750735
22,1002,1361,40306025,40306025,4.5321085186791485,438.76351218320355
24,1169,1256,37794306,37794306,6.128465816699616,348.8802035840706
6,117,1930,18881200,18881200,1.9593780138594075,160.06896238690098
9,1352,498,2666800,2666800,0.25624635750978253,24.714755331631476
13,1497,426,2825242,2825242,0.2753292702456586,24.25610522042245
7,1196,527,2305635,2305635,0.18821487691805577,24.81748035592501
20,483,1791,61864732,61864732,7.19154433684197,626.3911207129455
10,1989,297,1390564,1390564,0.20196016952456283,11.658979843835517
8,312,209,374747,374747,0.0890829970239766,3.11653044291408
2,480,1191,2004463,2004463,0.11369101081223186,17.439808176804473
8,679,791,4931104,4931104,0.38419347178409874,52.435614369835974
16,1763,822,11605828,11605828,2.666772305424775,96.3019940303274
14,939,602,5290988,5290988,0.5313478248824814,44.25445892412933
22,2012,1699,64091387,64091387,7.1485929191344635,527.5779798476507
20,2034,1470,44091190,44091190,5.926686685076394,419.6448500819812
18,1042,1667,49024813,49024813,4.0949269425035455,452.9168698010861
18,1575,1478,39505472,39505472,6.21038634109706,383.57964737590396
15,1998,1801,49053847,49053847,8.00800051234748,526.1613642100994
23,364,410,3860980,3860980,0.40339893644004443,32.14375059652527
8,369,875,5698010,5698010,0.4122870726693825,47.18176584471376
13,1237,857,9893218,9893218,1.0036911549769145,98.34439361480271
11,1974,403,2428085,2428085,0.219706110152246,24.72761334970677
2,1494,514,1038290,1038290,0.06278470012569966,11.23772847017562
6,1552,1404,12057562,12057562,0.9624408962750296,120.45536184625372
4,162,1956,11822074,11822074,2.3219852706157615,122.08269269334227
24,1899,908,20717846,20717846,1.8989680616167717,218.43594970348204
11,372,937,9147941,9147941,1.885670284482846,88.85506005815151
2,1652,420,875290,875290,0.06747243008378455,7.280635894243877
9,1957,1456,19836554,19836554,1.5489375229912963,196.29612018458351
9,1214,545,3048195,3048195,0.26135825523573264,26.07715076653026
6,1514,1296,10380970,10380970,0.7265363757647609,94.67484345786666
11,956,816,7455802,7455802,0.6421925749498939,73.24729265389485
17,1780,1414,34545444,34545444,3.086271083728465,281.166637873637
22,1422,1376,41761610,41761610,3.2876532318450296,372.0936660105211
16,1999,1814,53032300,53032300,11.261594098769907,501.43078452437163
24,730,826,16323422,16323422,1.6946706714176325,165.09412081672167
20,66,1309,32681813,32681813,2.887950921471723,287.564202232348
11,745,421,2094906,2094906,0.1866524742957425,20.580619039637348
20,1038,381,3164977,3164977,0.3458051927650293,31.90763639717215
10,895,715,5255260,5255260,0.42064215777784575,49.80136323110825
2,888,776,1300586,1300586,0.06544716413713153,12.421221687524191
11,1528,1560,26752450,26752450,2.1112081601632955,244.99820047901864
18,175,1774,53860424,53860424,4.843102601704257,453.6407502598821
2,560,871,1256863,1256863,0.10460011308157693,11.698201553339985
10,1405,580,3854110,3854110,0.28283226398839373,41.006055211499536
12,663,1739,34456556,34456556,3.0531845878438824,335.19371892356224
16,1149,269,1401500,1401500,0.21590143664717665,14.097295260128657
16,220,1381,28947151,28947151,2.6297272058539676,305.7786646308327
12,1596,488,3409178,3409178,0.2408545611025221,33.131053691136934
21,938,2032,84549498,84549498,8.110021621073699,712.8317040864657
3,997,678,1604158,1604158,0.11533284706080273,14.233195665340501
8,1924,383,1770619,1770619,0.20113573254247225,17.824999699501756
4,1886,671,2625633,2625633,0.15289356874813945,24.75277255354352
22,2026,1965,85129705,85129705,6.443995638666392,760.8144570525698
10,292,1352,16872970,16872970,1.494076469825823,161.87348455483192
23,1519,1247,36145552,36145552,3.370989623005233,376.5365111397836
18,1641,1863,62112430,62112430,4.70536367229479,559.876272460693
22,1122,698,11036786,11036786,1.0529500215383387,91.82504191578857
19,446,937,16248527,16248527,1.330084062900677,132.87090787937893
2,126,1895,3852545,3852545,0.2295750058833792,34.613565907438065
20,1961,1368,38280754,38280754,3.261919028284454,347.51100356680536
12,1844,1657,33294111,33294111,2.6902385196519902,287.4152540056372
17,636,887,13176395,13176395,1.012516148607245,129.10731624968471
24,999,927,20722168,20722168,1.9774125280541512,185.24623065718686
7,263,37,18584,18584,0.06934919446083176,0.15805448969784114
20,1775,1439,41941104,41941104,3.063522112730554,425.2376209260551
23,1223,913,19485256,19485256,1.6544652973537757,194.75391056432287
11,2024,1953,42135985,42135985,3.4243369076413592,379.4584790049674
13,1602,1416,26361682,26361682,2.2431574120775286,260.6519921137604
1,1377,72,99946,99946,0.03196725986126005,0.987860099200548
4,83,1822,10135796,10135796,0.7413062736002324,89.34691757780085
6,1384,1292,10155130,10155130,0.8631622488278884,94.81825173753668
3,1416,1356,5615206,5615206,0.30877920826633654,48.503723399345716
21,1937,94,361722,361722,0.13378364443751578,3.3297187193761175
7,736,470,1679320,1679320,0.12874442791701476,14.983222586078304
22,526,115,341905,341905,0.16075955486315197,2.8267677770944006
5,108,589,1460141,1460141,0.12728283526589804,13.274134731578084
2,2036,1180,3809050,3809050,0.2146135350829641,32.716218248316395
20,2006,360,3195370,3195370,0.21587955218774446,30.387219375952384
14,1924,1103,17964571,17964571,1.425585323995101,173.3669216137946
15,2036,46,124440,124440,0.09532204478768455,1.281433156931177
21,394,566,6647680,6647680,0.7373514654139731,61.986736014635504
6,862,1620,14544370,14544370,1.1439322851213425,146.80258588210563
8,1658,214,679246,679246,0.11519186887872646,7.252976004682894
14,151,1912,47859282,47859282,4.316221746987159,476.78210838622067
12,568,1671,31700551,31700551,3.2269248597802833,299.5912376895224
4,1757,958,4449920,4449920,0.2681638831392213,42.89081131339962
1,68,917,72453,72453,0.028102552965699825,0.7144458037383775
1,1159,256,299530,299530,0.02839363025896461,3.1928650786029533
16,1078,364,2389306,2389306,0.23667239018566874,24.86975143319754
13,1112,880,10291610,10291610,0.9388883986886517,96.50717017026638
24,407,1493,51926550,51926550,3.9396161861352046,421.463963267822
7,1771,177,504460,504460,0.07691304220527231,5.130749633259414
19,742,150,520660,520660,0.17495883028700182,5.300883177531699
15,1127,1970,56602050,56602050,5.645935866094035,532.0208724439741
3,326,710,1248900,1248900,0.12980668073383647,12.097103599735163
5,1077,1140,6443290,6443290,0.41500325391967174,53.101313621207424
18,2017,1877,63731668,63731668,4.744375508577489,668.8879542449665
19,1242,196,940614,940614,0.18408497655283793,8.198518493655195
10,1323,527,3207332,3207332,0.21935990646056383,29.859549182809133
16,917,990,15635080,15635080,1.5603104015250717,164.21342216897185
21,625,1415,40972750,40972750,3.375873909993176,413.1158077754748
18,197,327,1891378,1891378,0.21033332688264167,20.631194524161725
8,1628,318,1231306,1231306,0.11290157546192309,11.528469877975017
4,273,1372,6040926,6040926,0.4890474349879762,59.710112937410635
21,1224,957,19518025,19518025,1.7054265615875377,206.29791456616474
11,884,326,1357800,1357800,0.15340062388894468,14.056369443402748
8,177,1073,8268548,8268548,0.5706285378249493,72.06053323455188
13,1020,386,2190560,2190560,0.1831293783031224,18.80593734521646
4,1525,1307,7136230,7136230,0.5117248463874843,67.55379560751959
4,675,573,1379794,1379794,0.07322483687245344,11.615941859527606
6,106,178,180146,180146,0.04794518199938489,1.5712132234847807
13,1512,1378,24901848,24901848,2.5872965559610726,232.62425220047945
14,1780,2011,56201427,56201427,5.955392091009965,543.607440517002
19,921,1871,64788998,64788998,5.962952038009535,691.6117365753636
8,1829,1062,9856432,9856432,0.7700630684210016,89.09569735974196
15,1148,1988,57661950,57661950,6.359682171649661,611.1191199056766
6,1375,608,2694058,2694058,0.17360388287542333,25.175465691470603
22,963,1556,52392086,52392086,4.431207302969589,496.3629367949732
1,1738,1466,2564044,2564044,0.107277294081972,24.88373705028376
22,379,1601,54485242,54485242,4.536761272765253,522.0927815308819
15,1916,556,5407110,5407110,0.492210722583058,52.6418194799658
19,1447,556,6385114,6385114,0.6416014673390174,56.4966023070093
4,1625,1835,13109250,13109250,0.9166259154198309,125.24446424935924
15,723,1176,20241322,20241322,1.9751704949719924,187.0314619930541
2,1303,1114,2705916,2705916,0.2177604365603473,29.299049434942873
20,753,1482,42890572,42890572,3.7099989104620623,442.37370886846594
10,482,1368,17529562,17529562,1.6507476098442349,157.69850388323357
16,87,1497,33784306,33784306,2.9373529618129233,368.2453643500782
18,693,1488,38713306,38713306,3.552005807206532,406.17897004682357
6,989,188,365670,365670,0.07601453086527207,3.549052132202049
22,1212,269,1854227,1854227,0.26438007220669685,16.987002569458443
15,756,38,49904,49904,0.09467140111187633,0.5411862679784722
18,986,1457,37565841,37565841,2.8163900325001148,358.23115475546507
10,975,1144,12916914,12916914,1.1787620757215753,112.96697343645633
9,1375,1417,18038420,18038420,1.1275385951236119,167.84464613836727
20,616,52,84978,84978,0.12460760277287755,0.7979616954902798
9,795,1112,10797530,10797530,0.8323447941669345,116.18126069648142
5,2042,917,5249835,5249835,0.3288013533857181,48.87648564896148
4,1004,1784,11364090,11364090,0.8821466437491359,97.41339746501323
11,269,400,1716010,1716010,0.16162408370980977,14.03671519906331
22,1382,441,4707685,4707685,0.4873074617594304,45.325918370129436
4,48,1332,5405266,5405266,0.3678744670121543,51.30524209809952
22,1492,1846,74375350,74375350,5.810320217448801,700.4098230643789
10,277,630,3759220,3759220,0.3022033771775538,39.34072770115614
24,1265,305,2535780,2535780,0.32762425563776365,25.73487872461465
17,1354,165,663475,663475,0.15993644592170456,5.7771531559194536
10,132,965,8527715,8527715,0.7667696305788302,82.99070590329575
8,2025,341,1510640,1510640,0.14224716016730218,13.882416353752776
4,125,1777,9720200,9720200,0.6744197344628065,94.06172681768366
6,1155,234,547804,547804,0.08032504776731841,6.004634177973282
20,1811,1479,44284228,44284228,3.2425586781999414,461.19517995903044
20,446,780,11930890,11930890,1.102131889751886,126.21967173835873
3,1244,1253,4715049,4715049,0.3436113725018932,45.71594933452099
8,390,650,3222710,3222710,0.2628972316269826,33.64172709831684
5,1664,1699,14399035,14399035,1.3365127791368239,149.3671824109056
18,65,1306,29117280,29117280,2.1728749671364187,278.84073258765005
16,623,864,11758186,11758186,0.9925713441614636,116.26760864286479
24,1571,1697,68959302,68959302,5.781332962368453,725.3107236158261
13,186,448,2502090,2502090,0.21329076188890045,21.884177658239878
18,250,133,337697,337697,0.164650303741559,3.6363495415601186
14,1299,683,6967976,6967976,0.5326148634635336,57.67846336068064
10,1800,642,4877926,4877926,0.3346779530327889,41.72848422774503
6,183,959,4789256,4789256,0.3203266502776432,48.64558753080041
3,1516,581,1563481,1563481,0.07645480390708836,16.259952416964964
12,1867,154,551792,551792,0.10895349317508737,5.136409378632412
22,784,797,13989751,13989751,1.3111128091865716,148.93115385043765
5,176,1929,15252613,15252613,0.9704939382029408,126.37252084850753
18,136,1790,54763270,54763270,4.45281871700692,487.77675714405393
7,760,1385,12585505,12585505,1.089871827486748,115.59053615465353
9,1654,1204,13611230,13611230,0.9796568623623159,114.92639327887605
21,433,1956,77426314,77426314,7.968470949933176,847.1407103743352
15,2007,62,179810,179810,0.1142333246712985,1.5521969148447277
11,1335,1585,27271520,27271520,2.323162806607206,250.05109851609825
7,1860,1163,10298375,10298375,0.7533142403918859,85.10040401254368
19,921,1015,19508310,19508310,3.542505392173497,176.03342985514016
1,1861,441,825562,825562,0.07028761224073009,7.428193831215939
14,1409,1404,27637750,27637750,2.609543755649332,278.7688240088339
21,566,102,268984,268984,0.11617768561012048,2.2673825257251616
17,1442,582,6274552,6274552,0.49287587487404644,66.57327656326879
1,1792,1936,3490618,3490618,0.1659749160367436,38.16517218327241
10,1897,129,397072,397072,0.09712649265975586,3.888812848269593
11,1990,578,4503208,4503208,0.3555944309838264,38.01192752869637
4,1585,810,3263500,3263500,0.1898745030880518,30.407045503796937
19,1422,283,1852245,1852245,0.22326772862240327,19.00851503777747
1,1218,863,1060637,1060637,0.049845422179478086,8.775311836445102
12,2030,888,10496170,10496170,1.0805634155299995,107.32864988834892
3,1162,1423,5721893,5721893,0.36346845112988707,55.75213106321075
18,776,837,12582631,12582631,1.0158460796367756,126.70206096203403
16,1332,620,6607970,6607970,0.5920361652976406,68.98156769201258
4,627,1981,13042914,13042914,0.7635041016433006,142.50617196824956
7,1320,1445,14460125,14460125,1.1354240753195068,130.42116060064444
18,1765,1359,33833674,33833674,4.262854503047259,340.1093016222577
24,2045,1607,62737290,62737290,5.56440914919749,658.5274320158286
18,592,1732,52070858,52070858,3.9984147140647606,532.0383787245479
7,1113,502,2079294,2079294,0.15859354548191487,17.122957179788152
8,1830,307,1227089,1227089,0.14366142484244213,12.98101423750907
21,1268,1783,65897907,65897907,5.858292555889219,578.8698630224551
2,566,1414,2816698,2816698,0.10609482387074563,27.07841173655362
19,1605,352,2805450,2805450,0.19671794163832898,28.036191391321278
22,1911,683,11123348,11123348,1.0228218995274145,109.6860243109334
21,1204,2003,82713895,82713895,9.052774818731145,851.3819181234529
6,1965,459,1962694,1962694,0.19664653129066786,18.87844824545693
8,258,273,597061,597061,0.10051093128141776,5.09961049166299
23,183,1041,24065848,24065848,2.6969292116696244,243.32303328381667
6,555,519,1643164,1643164,0.18659865520574312,14.762959577781247
17,1242,1033,18384311,18384311,2.5028258452886334,176.83386340958367
2,1367,1078,2648656,2648656,0.15475406574951028,26.864896753762167
4,1353,683,2333138,2333138,0.18176521351456826,19.44071930517007
6,1185,624,2696314,2696314,0.18482344638740006,23.497027383364816
6,1020,563,2168123,2168123,0.1784761920914113,18.11116208124976
3,1177,761,2063842,2063842,0.1055004435766684,17.438225100300436
9,1159,706,4819166,4819166,0.3299182541570563,52.16847515537939
6,1111,1717,16675514,16675514,1.5501930515335003,182.81187506263745
15,458,1481,31422387,31422387,2.578923066172625,280.4115386509734
10,1284,277,1051779,1051779,0.13658535727335083,11.034550824501618
20,1092,1257,31431295,31431295,2.868453122167908,318.70489636465095
14,630,1190,19187570,19187570,3.933594526800091,179.00948343902505
12,1102,613,4822481,4822481,0.4694941298277396,41.43208377739335
13,261,102,153826,153826,0.08316810340473496,1.2884696984975759
9,1005,1501,19561042,19561042,1.405286384480968,172.2024971067489
2,779,1200,2389210,2389210,0.11733954162685722,24.90170626211376
7,1722,2002,27529512,27529512,2.713077531183657,260.28159106890837
23,1827,1903,83210588,83210588,6.699742891612797,888.0970234498244
23,1253,1633,60767206,60767206,6.292487302505964,601.1816912037821
17,1192,485,4354825,4354825,0.4184038908127428,40.32927961133619
8,1071,219,574228,574228,0.10953591071638806,5.787059057348121
19,83,214,848306,848306,0.16195777380812654,7.4778813239268835
9,2036,858,7652512,7652512,0.48474230053387785,70.90384967446303
23,1689,1670,64231550,64231550,4.868878521929665,606.8817999264908
21,709,738,11439010,11439010,0.9592783177839738,98.81277194930767
20,211,1916,70211830,70211830,5.801181747759808,682.947384482775
2,963,1537,3860954,3860954,0.27024277307925604,38.322105630304826
11,1071,88,173546,173546,0.08321055528006567,1.447559178588466
22,1352,1521,50687335,50687335,5.085728392292816,477.08889684108885
12,1445,469,3107604,3107604,0.21263420354194904,31.93789115469373
5,2009,703,3399718,3399718,0.1869761750327352,31.36147936242567
4,634,864,2799370,2799370,0.12707219276124124,28.876170859596503
14,1654,417,2960293,2960293,0.25322412890576235,29.829021786528955
23,752,1466,48432252,48432252,5.158630961181358,411.3626930410938
7,1370,877,5831183,5831183,0.4092692031603522,50.92065352040119
19,951,792,12066922,12066922,1.1145923644676863,116.33466938246443
18,719,1866,60587164,60587164,5.334303762058381,499.3331386614441
4,1840,704,2792074,2792074,0.14078991238992264,29.51844151864474
1,299,1378,427190,427190,0.036794617229415814,4.2636963144480005
20,834,449,4218365,4218365,0.4259535048691517,38.13209933415301
21,562,290,1853980,1853980,0.2199202790622664,16.674764806427664
9,221,1626,21541258,21541258,1.75899339443434,202.51004636585967
21,1567,288,2119114,2119114,0.21643902720155841,17.575949963926902
14,1542,808,9752570,9752570,0.7504786716759088,102.71418405921295
8,599,461,1772094,1772094,0.1361713365487822,18.34500776781065
23,1481,313,2629210,2629210,0.34867670133626855,28.418225137898393
20,1040,916,16922194,16922194,1.5436647409126083,164.30227559115448
22,1931,1778,69877188,69877188,5.666767474569413,618.9536740820291
19,1427,207,1072684,1072684,0.22695513717330418,9.279542245014724
3,1482,1020,3605710,3605710,0.21315417881079796,33.44079198055422
22,1818,2038,90992634,90992634,14.416388145887668,880.2385035666163
24,913,176,879130,879130,0.18970409015138462,8.643053423254239
23,788,1415,45210675,45210675,4.502469748679752,490.8748065597123
11,1203,905,9297980,9297980,0.6864018900419351,100.01085713742488
8,1980,1906,29238050,29238050,2.509740264406474,251.38091254462117
20,81,116,268550,268550,0.13603367168992708,2.6593889550465954
1,786,1958,1560536,1560536,0.0780985211923285,13.95656761841132
16,2024,1399,32225975,32225975,2.7889232190238755,280.197205674037
7,111,573,2043328,2043328,0.1462129613234249,20.725905200026276
13,1806,1130,17389580,17389580,2.026439668871881,147.5639829854989
1,1356,298,407376,407376,0.044752091368244054,3.6139450598456584
17,929,1293,27985702,27985702,2.4344109307931845,254.35932433212483
9,140,1277,13248885,13248885,2.24587040605917,114.58237284754746
9,698,1168,11751258,11751258,0.8476318679883937,102.16018681909532
7,1263,1730,20171810,20171810,1.5781627246566055,213.05928874999188
19,1201,407,3482302,3482302,0.35834712163995125,33.180746433524305
24,325,1500,52288510,52288510,5.28218831260865,509.4182682461115
21,519,759,11939080,11939080,1.0126984090773365,114.01013097954876
4,914,1104,4680970,4680970,0.35759247186049176,41.698252329864516
19,1707,1620,50051530,50051530,3.682712776514729,437.4383595500494
17,302,1548,38850166,38850166,3.247671666593108,326.4571276623712
14,1116,998,14085782,14085782,1.534526437088988,116.50679300743323
6,752,1734,16365502,16365502,1.252729950866118,147.98018746136088
12,577,1789,36277352,36277352,3.3131613124424533,321.22981254237516
12,955,2041,47816558,47816558,7.92292689236971,416.07639154269737
14,1413,1123,18008438,18008438,1.388499443583277,158.63762488146756
24,281,975,22171510,22171510,4.237670461794062,213.97998823858617
19,309,1161,24655006,24655006,2.0293661902725626,209.2756622976068
11,1559,849,8549440,8549440,0.6229657402650843,79.56918784703281
5,146,411,741865,741865,0.09435899841621534,7.066008636334266
21,1061,1536,48863242,48863242,4.090344997995221,524.9863330380693
24,912,160,740170,740170,0.16133090397352062,7.1320816044378885
5,2014,871,4801833,4801833,0.3349659956760825,43.63871519881938
20,394,1404,38048410,38048410,3.748095276858554,389.4158352117786
13,1393,1186,18558538,18558538,1.4879488754307189,197.53698594690374
23,754,1949,85103095,85103095,8.374901021466547,704.7411290749557
13,1416,1990,50384820,50384820,11.552385146126985,433.29271127786404
24,1872,836,17668034,17668034,1.7047515016884844,149.16185732532838
8,1248,2033,31505411,31505411,3.6390863190715796,327.1449629886914
24,630,670,10769590,10769590,1.2665959672704215,116.67288097776469
22,1420,202,1150198,1150198,0.1879621832540309,10.436000910595137
12,1451,1992,46582930,46582930,4.6497485171066835,465.8974252249053
17,1400,1706,49001448,49001448,4.015494650233674,442.4767891500465
22,1775,1933,81959210,81959210,7.401885556952437,707.7300986878947
22,1887,161,853310,853310,0.2378915448021351,7.037868464041307
9,1451,1804,28687218,28687218,2.1975612561589513,299.69351440700177
18,585,1705,50464600,50464600,4.664047421174852,500.87430817584186
17,1211,1160,22965690,22965690,2.21237895895571,230.72594445424693
21,881,837,14774734,14774734,1.840957357407187,141.7469195613575
16,477,1445,32047220,32047220,2.6738070576238697,329.8643256157544
20,1972,383,3553867,3553867,0.42249948400453835,30.77938797408214
8,670,1258,11943462,11943462,0.9370936731593004,129.56791651719269
14,1040,577,4942015,4942015,0.4276599987976419,53.10550878863772
9,1948,672,4934506,4934506,0.35899132766228903,45.114059741242045
18,646,1571,43015561,43015561,3.984067385409394,430.98604716985636
23,320,177,751729,751729,0.20087288041023724,6.3652545555563105
14,1995,1044,16277014,16277014,1.7535279472686283,144.40631838575268
9,691,955,7974260,7974260,0.5337029828502277,83.52488766734577
22,1794,1142,29472746,29472746,2.5544145030285934,254.85715668028894
19,72,1603,46414875,46414875,3.9193008753759218,411.09296682419375
13,965,1298,21500082,21500082,1.7627749246237263,191.59947292696884
11,92,490,2456380,2456380,0.21670191581782766,23.383246396858453
4,237,435,676870,676870,0.08239597339977334,5.804360066519675
11,932,1551,25534123,25534123,2.771880537612024,262.93373163418494
2,1474,1662,5231986,5231986,0.3185844742691525,48.48185178884852
18,448,1217,25757815,25757815,2.302873207373138,235.61985017584857
23,1846,47,136921,136921,0.13055114609794635,1.1979491620402347
4,1519,985,4420690,4420690,0.2883370637368038,38.47772568100373
7,714,404,1274630,1274630,0.09857954759033796,13.00742622075198
9,1106,646,4065288,4065288,0.3450236800489997,33.41168541770331
23,365,1873,77924302,77924302,6.466256988666088,742.5141439379465
6,718,1223,8376337,8376337,0.6257800826209611,73.53179493822212
15,373,1800,46076410,46076410,3.505801495101978,503.78552640916496
13,1703,1556,31739298,31739298,3.08132432699289,308.6706822157297
21,604,1128,26163970,26163970,2.5019088573189814,284.51519669992456
12,266,939,9969373,9969373,0.8108393535176833,100.6198121151306
10,1350,657,4784941,4784941,0.380443262758759,47.70739420853225
18,1707,298,2026708,2026708,0.23668802658067817,18.10740861393194
20,917,1154,26395452,26395452,2.1779548916497933,288.29965611845086
11,1540,1370,20907580,20907580,2.1924815548386443,200.7970882561151
8,1481,2029,31859368,31859368,3.759857831712622,315.0492416075382
18,761,544,5460138,5460138,0.5015031705092402,49.0459227248345
9,1052,1161,12026809,12026809,0.9404940770536142,130.27756537450222
23,1295,2008,91372042,91372042,9.749721249350737,745.8873746142668
22,508,1998,84911014,84911014,8.0221414802774,724.6694009123665
22,1956,841,16524819,16524819,1.1996590425018692,153.11968425609336
14,1929,508,4346966,4346966,0.44524381039737926,45.24028248741636
23,1791,750,13743010,13743010,1.0698027489331392,114.98501862295316
4,1008,1794,11488786,11488786,0.9309866893374442,109.4493399421825
21,1243,1204,30526226,30526226,4.359464297657049,294.88318663116934
8,1492,1118,10437658,10437658,0.7067606539888033,91.03744916151841
6,1451,1489,13269978,13269978,0.8311386591373233,117.67251471222403
23,1185,1783,72111662,72111662,6.953891003590106,684.7293128106231
7,276,796,4034934,4034934,0.3611579634206881,37.706829283774354
13,481,1128,15837130,15837130,1.2662822031628662,168.91477141506712
24,1591,1239,37321168,37321168,4.909572088522768,367.16593780226344
15,823,1202,21246562,21246562,1.4561119292003692,205.2917546453478
11,70,1740,30434350,30434350,2.599414613835866,256.6720490083402
18,980,535,5405115,5405115,0.4499121030176452,51.60076677112292
3,1412,883,2817663,2817663,0.16609533410279517,27.61445402038792
20,1550,1378,38256046,38256046,3.640665502626614,392.27024202072425
3,1134,691,1747549,1747549,0.12788532910752254,17.497806606184525
20,108,677,8801687,8801687,0.78073978004689,82.15490362260556
15,615,1959,54981304,54981304,4.41956015084829,591.754328931281
9,305,1317,14302630,14302630,1.1531091132231928,120.86638234342468
14,1067,1990,53652400,53652400,9.878757727146349,538.5103897305372
2,1724,1314,4007710,4007710,0.2796615768204201,34.87092005266459
18,1469,1193,25981164,25981164,2.415020446558191,284.00383586343526
10,1051,1724,28595998,28595998,2.631476248365377,246.4316743095033
8,617,1197,10789768,10789768,0.8062940819321729,93.47211959250482
14,1576,1924,51201498,51201498,4.344598419218604,544.0117102765543
1,282,320,93770,93770,0.03197924179951187,1.0082177070141796
17,1530,315,2078065,2078065,0.2453831815806344,22.136055742659597
16,1831,858,12635776,12635776,0.9730766135671148,138.06797232044192
21,1360,1153,28192013,28192013,2.5002513545968226,287.1629327751031
17,296,260,1165590,1165590,0.22743694778861479,9.598672975586174
2,1950,246,543178,543178,0.047127811111302355,4.409896532268731
5,617,1530,10330570,10330570,1.0770224452147763,91.88649754403932
16,1603,1572,39628558,39628558,2.717746344832652,390.88716082556476
16,364,1460,32543410,32543410,2.827171681138339,266.95695565074516
23,1890,89,345419,345419,0.14072442343603273,3.5216382698265827
11,636,1235,16063655,16063655,1.5053654212922545,169.7219623556614
20,476,1666,53578570,53578570,4.916599233162595,446.6245385703382
16,281,1965,58521640,58521640,4.7655685068677345,625.1149986075698
19,1897,1518,44401510,44401510,3.530026954588864,480.68320583526764
15,535,544,4447754,4447754,0.3513795921239573,36.95752953902578
4,1253,889,3497336,3497336,0.2552952568697996,29.801375022686948
18,457,1690,49373360,49373360,3.943418052884349,492.74990178186
24,1919,1113,30665386,30665386,2.3041697826648986,282.423514022346
12,909,1894,41222920,41222920,2.7107402240603817,365.48841025009517
19,330,1736,54869762,54869762,4.964724469210739,592.6397119748655
14,1735,1217,21394870,21394870,1.9200092426453828,203.24923233840136
13,1900,420,2924470,2924470,0.2842148289528829,30.027560776515166
24,950,1199,34244649,34244649,3.5576770234193935,305.63845336627804
12,892,1153,15677351,15677351,1.1775334139894602,153.4861896006426
22,1341,2044,90543078,90543078,17.767915709202583,770.1240668668619
6,225,790,3310900,3310900,0.5151005946094742,35.659825001596126
9,358,1119,10439161,10439161,0.8398749215036192,109.09133627043629
7,1317,60,101650,101650,0.06097711957993881,0.8789084661815938
6,1462,1122,7952746,7952746,0.49491109447690573,72.11782188635347
15,1913,582,5870062,5870062,0.436739401178743,51.126940793465224
23,496,1279,36665103,36665103,3.882241889440972,306.51746391072356
8,348,1353,13309471,13309471,3.3371522858907965,108.31095189870906
13,2004,1394,26144480,26144480,3.3662665222266694,229.2439705966404
12,1603,1048,13784354,13784354,1.252689446954698,138.06668191884805
3,238,422,462100,462100,0.06950095845095715,4.707359330585822
22,1695,1160,30260930,30260930,3.1350245780024273,331.70450016808974
17,1808,178,833584,833584,0.14791211593274217,7.41403095105943
8,1440,243,767647,767647,0.10308571560970879,6.846769637508679
10,1045,492,2702566,2702566,0.24512538354281058,26.30564130292568
4,1623,320,831050,831050,0.07040639974300053,9.046235876194816
7,363,2016,25151626,25151626,2.2633044629477497,207.8931756057693
4,160,1708,9048994,9048994,0.5666917494677055,75.35121834442677
11,1683,1733,32985932,32985932,2.4284747174350447,283.6428476694387
14,644,1217,20067123,20067123,1.598842551129555,213.7303392094754
14,82,1502,29487274,29487274,2.169350881342093,242.22675488449977
10,998,1929,35453101,35453101,2.7005684629815656,335.5943491717102
10,1982,1690,29088290,29088290,2.219746281829004,269.8576453618918
21,993,1361,38440094,38440094,4.098654038174949,319.8165051947843
14,1822,1514,32593402,32593402,2.490734906607777,323.10895903998147
11,1105,1316,18800386,18800386,1.717652890578866,198.06376308724086
5,878,1951,16967857,16967857,1.1314741018250196,156.46816182578058
16,686,772,9489434,9489434,1.5559140629860313,81.78806974330939
19,1514,649,8583035,8583035,0.6977056663730178,91.92318380929316
24,1317,1811,77880254,77880254,6.209770270034829,718.4284900838455
3,1569,1361,5857754,5857754,0.407144064631379,63.78242875775907
10,1203,1083,11880520,11880520,0.8530087819755386,125.46828450894814
13,1040,1667,35118699,35118699,2.59786001773495,357.9484044579496
23,443,1242,34527610,34527610,3.0659509098154145,355.3643056942994
16,1394,637,6991085,6991085,0.5735920509245251,74.08969391398122
10,808,1789,30285991,30285991,2.868603076295536,245.7296072224527
22,1987,782,14420872,14420872,1.33914715338415,135.09246811430887
11,1444,1527,25554355,25554355,2.5394873381477803,250.34158045141052
12,796,1238,17871778,17871778,1.7730494330612845,156.70596882285474
11,397,1521,23770198,23770198,2.108823684158555,195.8587738816682
1,67,444,34642,34642,0.026118702729690746,0.32434017721294234
13,182,667,5475413,5475413,0.4658851653993341,57.893322729717376
17,1774,1088,20899402,20899402,1.4898630692782269,183.99709109418762
4,752,458,980130,980130,0.08688241711167081,8.373711759100004
18,616,1903,62789495,62789495,6.2463044717654785,616.8271479220924
12,896,303,1288063,1288063,0.19330156965546946,11.745301044357012
22,291,489,5179498,5179498,0.46812152951473984,52.60926832059579
20,1312,1066,23021346,23021346,2.1840023492974225,198.20113912263136
23,782,380,3486510,3486510,0.3762436639651678,30.91342362269858
11,1206,300,1268110,1268110,0.12864744843812165,13.850228863645293
22,839,1954,81882380,81882380,7.815718390194289,896.9096949252714
8,565,1531,17300310,17300310,1.973832637122205,141.22067961735996
17,524,1082,19327776,19327776,1.673567807198318,196.12231074235004
3,1207,1272,4787818,4787818,0.3274880132940917,51.2321062050252
10,1886,750,6492010,6492010,0.49986553315917076,64.6894328769701
1,340,838,294148,294148,0.03206039703215377,2.388325618063897
1,571,859,499948,499948,0.0361408791342974,4.181088741326226
2,655,1536,3383818,3383818,0.18652167323916535,33.01086532003098
10,341,1861,31841720,31841720,2.193330426780717,347.9925840005012
1,1298,1495,1956965,1956965,0.09842288455433033,16.815569884110946
23,1964,1891,82445719,82445719,6.912733501198391,899.656181992507
2,1357,1061,2578240,2578240,0.09385248792785673,25.299946381212006
2,1903,1316,4252006,4252006,0.20557284472445767,36.87773972727848
6,1397,2030,23472900,23472900,2.8785922198102343,215.46853647601756
5,803,1895,15914220,15914220,1.114363575437816,136.68255617234152
14,1805,405,2873080,2873080,0.3081185641970392,27.737731731491277
2,1836,805,2135675,2135675,0.10809591828312415,17.318009763693592
16,307,1849,51897742,51897742,4.341185532442153,504.6833789942069
23,599,1251,35220664,35220664,2.7642195152566726,323.2880046986494
19,37,722,9430774,9430774,0.9233544633009743,84.66535473464374
7,1858,1024,8211466,8211466,0.6195490978459737,78.30863953019568
12,1287,469,3033502,3033502,0.21391767660485686,32.326421297341966
14,1861,1374,27132388,27132388,2.939181212388738,259.39318148224856
21,128,546,6049144,6049144,0.5573977161413042,60.34122700862597
9,224,325,923985,923985,0.14056761676753088,7.702942997025409
5,713,1219,6831286,6831286,0.44187539853770685,57.75601222544904
23,1872,1482,51142348,51142348,3.7554022518974572,532.0868617840774
13,1793,103,314366,314366,0.10163145924436125,2.76688341911485
8,467,994,7398352,7398352,0.6095173758745074,62.97984686150751
9,1933,850,7439210,7439210,0.5609134441527058,75.59774249789139
1,1359,1585,2171460,2171460,0.08740608347145484,23.47891210120416
18,124,265,1234115,1234115,0.1933222438582422,11.708687440529712
2,2036,208,469258,469258,0.03489562570816868,4.1294325543707835
9,542,539,2626557,2626557,0.17436684927027252,26.947475063182363
21,911,1743,62402896,62402896,4.859461249499715,674.865320482428
14,1803,2029,57225926,57225926,8.18549183583152,546.0677306469864
15,1081,1526,34289230,34289230,3.179598827283108,357.89852835481054
17,1817,1940,63794970,63794970,4.812958798506876,623.3003230607878
1,2021,166,337322,337322,0.03824666956360577,3.069909922703176
6,1527,202,515716,515716,0.07972944793130313,4.729115969274493
8,673,586,2808708,2808708,0.23993128096040828,24.173658016919465
11,1976,1222,17373184,17373184,1.6364889592674396,165.53135531643528
17,1053,1146,22250746,22250746,2.0765190486296263,235.9875327751335
20,1275,2022,80319916,80319916,9.481602139918065,837.9902971595685
15,435,1214,21191594,21191594,1.863464301154308,178.8608627044653
22,595,683,10224520,10224520,0.8052882289991735,109.0119750841658
7,461,1888,22289738,22289738,1.8072032614127185,192.7284460125638
15,227,808,9343722,9343722,0.8260951163417058,96.7148549755247
7,1713,1497,16035874,16035874,1.186501379271569,134.41521752006568
20,255,1791,61456384,61456384,5.844612014986204,504.0331179216904
15,1350,1696,42601834,42601834,3.8160539592861036,410.8394853832972
18,583,1413,34805026,34805026,5.623065818168003,302.88627114496086
5,1821,449,1630778,1630778,0.15608188554958477,16.95986469643403
18,795,1893,62476582,62476582,5.202610777593744,511.2633812618515
2,1797,155,304430,304430,0.050565277306004464,2.8453688954604686
7,1532,308,1046286,1046286,0.12261425086045677,9.056535619470951
11,1813,557,4124038,4124038,0.3554627482133436,42.465099353692246
14,1738,539,4726501,4726501,0.4112778237846805,44.80276135017211
16,1819,1242,25429960,25429960,2.423702185523533,266.6767755760924
17,1603,729,9691336,9691336,0.7387641389090056,85.2711618524273
1,1477,1451,2159098,2159098,0.1043761509346454,23.33233423395943
22,1248,836,15746906,15746906,1.6375815577997614,167.84469489988672
3,1738,1884,10397806,10397806,0.6218857666795704,105.25106356603746
21,1489,990,21106810,21106810,1.7590401668779503,171.44382955675832
21,1572,1180,29739550,29739550,4.027104149505247,309.8378484679051
17,1060,1434,34460464,34460464,6.53044179748855,317.5180286506977
3,1949,94,202110,202110,0.04588574025681884,2.0319083536428537
21,576,251,1412387,1412387,0.21134633495793248,15.24626718052252
8,1693,84,193126,193126,0.07345650911958368,1.68859037858247
7,1100,1997,26158713,26158713,2.7338920958020343,218.31090220396501
11,884,117,242785,242785,0.08551610114672036,2.6141855531168035
4,1752,1242,6821074,6821074,0.43866962850098445,74.24421109773803
18,2033,87,307990,307990,0.12108003724921845,2.63031225852599
2,55,721,568158,568158,0.050145483368072064,4.670813629600526
11,649,1651,28364190,28364190,2.855365061201972,258.82439917880924
23,1288,515,6515275,6515275,0.7228361724826159,52.99076108064503
9,1193,1114,11278146,11278146,0.6970200740124928,112.52252307571055
3,1177,1288,4850618,4850618,0.3225937413249476,43.03995934029957
18,1278,451,4046833,4046833,0.423424174115286,33.65346866488858
20,396,1537,45539783,45539783,4.949196946143936,420.3037927602634
4,1765,136,297442,297442,0.06362705838425957,2.844123986396053
7,1533,1194,10404526,10404526,0.7846501875993521,103.76524861109557
2,2021,1872,7310170,7310170,0.5079222503924533,78.18787725677386
20,1568,1011,21035887,21035887,3.040857012232187,180.1665187630438
12,1505,629,5312544,5312544,0.40676077096337854,46.97305917063163
11,1460,550,3839560,3839560,0.30409251091650696,34.266075031774484
20,930,270,1644310,1644310,0.21194800010954787,17.071496883017883
16,1094,313,1820105,1820105,0.18855205438212058,17.78850427751049
9,1263,2027,35468456,35468456,3.7967721144544266,356.1106641806292
13,1259,1193,18608424,18608424,1.5575089267116387,199.9220594636371
2,1063,1593,4250134,4250134,0.2490213275835791,36.74019671105927
14,469,398,2255476,2255476,0.20707398744966596,24.467493186509103
24,372,446,4756154,4756154,0.42524804273876704,47.14306064697378
17,1969,1183,24753102,24753102,1.696454946200219,253.00602557548834
9,1805,947,8901810,8901810,0.587872378553318,77.62785537005901
3,2032,434,1264252,1264252,0.06387925544438544,10.973575832514815
12,1164,1235,18242195,18242195,1.738756378031773,178.97534584232204
5,1862,928,5186602,5186602,0.3828941877369441,47.21933419882378
11,1001,1131,13947502,13947502,1.197383325698199,145.02016208165097
23,936,999,22924063,22924063,2.6845418135435852,247.6930670697072
2,925,652,1036038,1036038,0.09652035852595535,9.034693198228991
3,41,284,176658,176658,0.03419097709714446,1.4563122269535056
21,636,708,10497526,10497526,1.0697526967091608,90.86777542062744
2,838,628,928194,928194,0.07684467038887903,9.920935606735185
8,325,132,167254,167254,0.06090574634344581,1.7001312544184712
21,496,1314,35224408,35224408,3.0763507745220116,353.48839977926224
10,1997,1013,11278752,11278752,1.0855061893159497,105.74285194459699
23,318,740,12306950,12306950,1.2964549517273523,102.61676223989372
9,1795,875,7712260,7712260,0.5311746318225132,77.64054268435899
12,461,1379,21584118,21584118,1.7050233197519165,175.77528737450757
9,415,548,2640274,2640274,0.2104962027373663,24.126559300983462
7,321,1139,8168918,8168918,0.4966274063674759,79.26650161466026
21,689,1132,26443530,26443530,2.0209321890223233,218.16910204815323
22,434,500,5483010,5483010,0.48952462738250146,47.983740356956076
5,228,40,16130,16130,0.03930193980062755,0.1589795684278918
4,1168,1778,11585458,11585458,0.8575152127467653,124.55018914764987
16,1050,1920,57361930,57361930,5.682129340143652,628.2204921109861
8,139,452,1501102,1501102,0.16004916508730885,12.247732313802207
5,934,703,2643993,2643993,0.18657253721072817,24.31739255042481
11,226,541,3060447,3060447,0.21865084886835395,25.31282977869144
13,716,308,1365990,1365990,0.18388785244212985,12.661084875279698
12,1395,1927,43577188,43577188,3.6973303828177526,369.1337453136093
13,1043,283,1262756,1262756,0.17117117219191863,11.426308986662324
15,1687,1005,15860920,15860920,1.378797721402195,144.392042746318
6,1053,1483,12581782,12581782,0.8267847038189051,109.2537190979365
11,1117,1510,24519390,24519390,2.2322541341283397,240.55506356862733
1,1478,162,241228,241228,0.02776181590114462,2.4795032307520786
21,619,100,265010,265010,0.11434583684195476,2.6352712482173777
19,1609,1215,28562230,28562230,2.422323222251314,291.32850642428485
13,2029,1778,41583874,41583874,3.3110634398605656,370.59650848328977
18,1602,1283,30074813,30074813,2.168117399934706,275.50691256889104
17,1613,2024,68864586,68864586,6.808332734579935,603.8137371465998
21,1028,746,11920344,11920344,1.1344968742763855,107.16954767113207
11,1434,1462,23501660,23501660,1.627863165413062,199.06150997038924
24,83,417,4048246,4048246,0.44937752556659216,35.95153798608152
10,192,40,22890,22890,0.06338281548452016,0.21045826485105812
13,1251,826,9239646,9239646,0.6598046304151636,93.74258761941866
22,419,1863,73726372,73726372,6.419582103670263,739.4783353708808
2,239,543,431152,431152,0.04089903607443606,3.975461350144594
9,1255,656,4278442,4278442,0.2999267454538093,37.68232340423828
24,1985,172,1027710,1027710,0.19212798543801213,9.946828098384076
6,107,157,142566,142566,0.05470656563890944,1.4714894843013537
14,1988,393,2798563,2798563,0.22826712576200744,23.319930645635786
11,136,1415,20244415,20244415,1.7104731960651132,197.2015914635911
23,1838,544,7528426,7528426,0.7211329524664127,77.78900609692901
20,1430,624,8309194,8309194,0.671247799251516,79.03695771386437
2,208,1356,2137066,2137066,0.10572805526831619,20.244298094654493
17,158,1639,43284361,43284361,3.1181983032411837,471.7787482196722
5,513,1892,15317642,15317642,0.9990124876374745,164.2195816892359
10,396,1492,20655258,20655258,1.6494472397614064,185.54730365250865
13,573,1059,14088946,14088946,1.1401633012530294,151.11131499794638
11,1677,135,411490,411490,0.10076442770373276,3.3931605541350973
2,234,91,30677,30677,0.026604838389423235,0.3279726210238068
4,1013,126,177040,177040,0.04701199770009197,1.6579219380741548
6,1415,1663,16207608,16207608,1.173540189607116,169.380080279776
1,810,932,765182,765182,0.04978443474191256,6.2369160975805515
9,597,714,4518202,4518202,0.3105852657165601,38.72244473819123
13,311,647,5239416,5239416,0.39442610402172407,48.93512150536619
11,978,613,4370087,4370087,0.2728391023667729,35.895462461695
20,1640,1057,22992931,22992931,2.387231297770215,195.44629150522914
24,987,1216,35250634,35250634,5.360821870399185,369.4171458685176
1,1125,1192,1354122,1354122,0.1281834061272528,14.386138885243337
7,1328,738,4260484,4260484,0.2942041143282988,38.8598928025453
12,645,338,1482140,1482140,0.20160539820321158,14.624778024329363
10,495,503,2536136,2536136,0.23700979528209648,20.906596571906807
21,280,1436,41688526,41688526,3.6504924632405924,345.48606253075803
3,794,388,614214,614214,0.07759271259504863,5.862913859219321
1,677,693,476794,476794,0.03219574247061456,4.735501786935452
12,1803,178,673384,673384,0.0997940774661602,6.320586090225294
7,1132,1682,18907372,18907372,1.2210305245231163,173.03795200478967
4,2012,125,300135,300135,0.038204765126444155,2.5777187545234184
11,641,863,8019006,8019006,0.5679978890006141,79.18843107790039
21,397,1250,31785010,31785010,3.010598436805288,257.6895621964809
6,515,1275,8805160,8805160,1.6337783781516664,87.82044872088737
20,615,1846,65937284,65937284,5.8631167963823225,580.174559443694
23,1288,659,10424731,10424731,0.9976781203435519,95.79305609749883
23,713,679,10649446,10649446,1.2382859359471965,98.96335798337341
11,232,1915,37156755,37156755,3.043724165185367,344.3459741243942
17,219,363,2197612,2197612,0.23590323496701507,21.253059049417153
8,1118,612,3317050,3317050,0.22459672693493987,28.55296070005179
6,551,140,177390,177390,0.051658983383590935,1.924707263407471
8,891,309,949258,949258,0.11429631587305077,9.480878535899649
7,586,1649,17309563,17309563,1.2729383389671403,160.16221977586096
5,824,247,451279,451279,0.07171042781357143,3.891469791829892
2,401,478,425908,425908,0.04283112540463297,3.5492489654509756
15,1517,1851,50821066,50821066,4.339935509175053,431.8567501340315
22,2025,2033,90976760,90976760,13.134767529561419,923.3423142737329
18,1723,1040,20208250,20208250,1.8260354289633285,206.80655652516154
8,462,701,3776297,3776297,0.3398049878688375,34.784526120587735
2,245,1590,2936740,2936740,0.18059569403258996,26.53280317999826
14,1219,35,59440,59440,0.07923289376399865,0.5927176221511362
22,1097,935,19414350,19414350,1.7542609759338648,189.15182214157778
9,551,434,1754238,1754238,0.14124091499418065,14.915551528937108
5,1317,760,3322730,3322730,0.23226484231214534,31.732876016006436
11,864,48,65530,65530,0.0613805949035011,0.7170407738669298
11,1717,1973,42356374,42356374,3.4257217297794256,399.71004395701965
16,326,1491,33871057,33871057,2.8349322182866064,307.55463932731334
2,645,448,495050,495050,0.042942772877263585,4.471665184556769
15,584,1217,21476409,21476409,1.780648608964461,197.32016119343285
18,1520,874,14338854,14338854,1.3402741902456705,121.9011099757245
15,1783,2023,60953000,60953000,4.443773711985104,559.3042505224059
10,456,1880,32704490,32704490,2.542137633644692,350.06045736191896
23,1059,1797,73004932,73004932,5.591690131269984,733.6820166314554
20,1626,1899,71662573,71662573,5.091679596892751,737.5520806428524
11,1073,898,9046462,9046462,0.6433489883883058,74.54168929013127
23,867,282,2003338,2003338,0.30021208495423435,19.47739436190877
5,1558,1046,6021832,6021832,0.42673240249070915,57.668381126923876
2,816,912,1586890,1586890,0.08276636849456137,16.502505388479044
7,1341,1702,19692150,19692150,1.425643679463676,209.02568869566812
24,1226,464,5536458,5536458,0.5270605184230147,57.80750087506838
2,1556,1340,3896730,3896730,0.22085257161910962,33.40150959186535
8,227,252,506278,506278,0.07435506286378413,4.681041121449108
5,981,253,508034,508034,0.0603781278660291,5.183906942671751
11,1893,1156,15575954,15575954,1.4656258356742529,131.33813255883427
3,1256,1887,9516151,9516151,0.5760712804125613,82.62122835467589
11,1796,261,1155457,1155457,0.14697885425711937,10.077278761335084
16,367,66,91288,91288,0.09827692628245756,0.8227579691305115
4,1135,1140,5208670,5208670,0.29989719173457957,47.00405994739808
10,382,774,5702842,5702842,0.5288353485094442,57.70181380026315
8,1682,1623,21198013,21198013,1.3347024677897668,230.38168268776738
10,989,419,2002830,2002830,0.18828532566539666,18.84087758808019
13,1454,1446,27226744,27226744,2.6135014048418874,235.89684145531342
19,1886,389,3468723,3468723,0.34646458716460493,36.67064882516738
1,436,974,435388,435388,0.036400023888701255,4.386059732121344
12,1702,332,1784842,1784842,0.1738288046435576,18.396863801572586
12,1905,1669,33857344,33857344,2.4620343542009335,367.58674668488675
24,1409,1518,55189936,55189936,4.897377712961147,515.340971831293
13,1219,237,968392,968392,0.14861877658747313,9.599538507171046
24,78,593,8154353,8154353,0.706701319991642,72.1988439794225
22,1811,904,18827618,18827618,1.7532095873863551,162.2422742868685
8,1195,1658,21253912,21253912,1.7480138182259919,207.4673379758322
13,1122,464,3114842,3114842,0.23962387098132104,29.17220960050693
8,1787,1872,27909658,27909658,1.9665522569416483,293.17765360799154
2,415,1658,3456940,3456940,0.21621044847377358,28.291489446721513
10,545,187,420386,420386,0.10149817137949657,4.192505629173282
22,607,1845,72663490,72663490,5.234842330443984,737.4836952095116
16,463,432,3010618,3010618,0.218542652548327,31.644755150393994
4,1422,1480,8696490,8696490,0.5831872585160113,78.53562431095408
3,578,1529,5579331,5579331,0.3141628397772268,55.13398195252377
10,1184,664,4767530,4767530,0.3609921760237424,49.14072566865519
6,399,1759,16200400,16200400,1.4506737949770163,173.04828569704256
22,244,456,4492522,4492522,0.34366667866252115,40.60978719080022
8,1628,836,6268338,6268338,0.48422771577432006,53.509618417777354
2,588,663,837379,837379,0.047601898238729755,7.472536913858711
23,1358,936,20576098,20576098,2.129146266861817,219.44850128711886
5,2039,1781,16346028,16346028,1.6013110656086196,155.51535555936448
16,727,1643,41728924,41728924,3.2856108950567915,381.8292101262002
17,698,1076,19304526,19304526,1.884959349045612,184.92912966993268
21,1493,670,9999090,9999090,1.0626434173500459,105.75319562242926
1,1732,1265,2204905,2204905,0.14532025580205976,20.056547336448926
1,882,1709,1526147,1526147,0.09908107831734746,13.12545296551469
23,835,1432,46356714,46356714,4.597806528353321,382.23289852285194
21,631,1150,27211310,27211310,2.01538726476191,281.9501751898823
23,1594,907,19573977,19573977,1.5004647524109198,163.41429541373418
9,1100,1936,32151162,32151162,2.2407398537182277,326.3139367591483
10,1620,1017,10976491,10976491,1.236015122389729,106.66470589141899
3,1569,1213,4861714,4861714,0.391531204414656,46.20599807627587
22,579,467,4865216,4865216,0.5545083307984572,46.90870408450285
23,1134,865,17470415,17470415,1.2464828079870418,176.10043555439282
15,637,744,8242042,8242042,0.7939427882096013,67.84001748872947
11,466,327,1228549,1228549,0.1953910283213306,10.117921358806575
8,1300,1610,20266690,20266690,1.4176856167875171,206.98118258208982
9,1886,483,2786437,2786437,0.2379412999274976,23.84782076889182
5,2025,1685,14794310,14794310,1.421501504761726,126.50557209161867
22,633,1749,65402116,65402116,6.321876367407459,630.7738174325075
1,1101,1761,1958242,1958242,0.13801313961743042,20.562425614538263
13,557,1763,38320578,38320578,2.9541584047006224,332.22864234091054
10,418,1898,33252970,33252970,4.469285812013418,283.1993264622058
19,952,1645,50322205,50322205,4.16628309092134,550.9977700007092
15,258,712,7298722,7298722,0.624420981903677,60.661088524584834
21,2008,1612,55257758,55257758,5.587809413118915,481.94091472510297
1,1931,1206,2342062,2342062,0.13970274302327812,21.753913554897753
13,1716,1480,28858530,28858530,2.2201023330002267,243.25009486044115
17,378,646,6938696,6938696,0.6440430627305822,61.48715881408989
9,569,1919,30588870,30588870,2.376264670114222,275.64802194230776
22,308,1712,62131914,62131914,6.254893649221334,636.355522640916
23,133,1207,32251050,32251050,2.546611555223026,264.8069930331694
18,1109,784,11340570,11340570,1.5593154004720329,102.44300581474755
22,1433,178,926144,926144,0.21710190028247697,8.735322909473329
23,754,1258,35806464,35806464,3.237106295963574,342.1874585181593
19,1612,601,7487869,7487869,0.6275611097536766,80.33036171817858
13,1149,1646,34440914,34440914,2.5576310003856046,373.4796972498446
22,1806,122,536810,536810,0.12789820134600857,4.785109320302413
20,1967,1693,57839662,57839662,4.908607415707081,555.9601353304014
8,1637,1526,18826272,18826272,1.7159123705714698,195.88084752015854
4,1014,1284,6265930,6265930,0.39803631875947676,68.06855278537553
23,791,429,4402408,4402408,0.5081286027840924,37.52202713407641
12,1930,774,8100694,8100694,0.6868442826100951,77.8931518979771
21,1500,369,3288169,3288169,0.3989837050360817,35.11728955436845
12,1895,209,881154,881154,0.13992765849191502,7.239667231220635
5,80,1529,9496629,9496629,0.853555765844635,94.41955390444551
5,703,86,91342,91342,0.04823267431635975,0.8432227757282489
24,124,1983,90755971,90755971,8.499444609212409,871.9264808655375
6,666,235,436405,436405,0.08758618567533687,3.991288942618405
6,405,1319,9254114,9254114,0.5673605571299586,77.27325525534192
21,1135,949,19118564,19118564,1.5506187010415589,159.3083230947875
10,976,1254,15401638,15401638,1.1621131420648805,154.43560245775515
6,399,816,3667930,3667930,0.29359056880599343,33.62025653430941
23,736,775,13809735,13809735,1.5747790381461761,136.88798794007724
11,463,356,1439674,1439674,0.15896693257103814,14.55794309389613
13,1228,1992,50108770,50108770,4.492460969819422,492.78912989616276
10,1405,303,1258066,1258066,0.16310853274610063,10.368758717232545
14,1055,1458,29208124,29208124,2.705978179143492,289.7352512767286
3,321,1566,5427766,5427766,0.3904671761704872,44.993187681638865
16,439,904,12678610,12678610,1.0816098011145148,125.3873826713118
4,254,64,29450,29450,0.03948749834313097,0.25486656438152233
19,1232,1573,46521485,46521485,3.3031141536244406,418.1507871764596
2,369,1340,2306150,2306150,0.1114420159380923,20.773902334643935
22,1646,1378,42188858,42188858,4.610501632220694,346.92610461844487
17,577,1101,20060230,20060230,3.265510816323721,173.4347986002771
3,212,1916,7773222,7773222,0.5491539907016763,71.97197302641544
1,1708,615,1057195,1057195,0.06039111629553313,9.076701897381259
3,1017,1285,4626010,4626010,0.26999253262864154,48.88189563466817
4,1617,383,1064750,1064750,0.1179246718715263,8.906279885270225
16,1315,1734,47426644,47426644,3.959640313794177,493.9976004355893
3,1748,44,81366,81366,0.03711240357437012,0.8735381987678871
14,1349,248,1140066,1140066,0.12975870145211002,11.011617349438879
20,1605,95,326810,326810,0.12860786805239646,3.576572541731148
18,878,855,13202065,13202065,1.2419612442805008,113.18180794000469
15,1102,223,947537,947537,0.15845285746365206,7.75988532124707
20,340,1919,70678699,70678699,7.097034929055082,762.6009462667283
5,1097,36,45226,45226,0.061051998453434626,0.3792459421727737
18,452,907,14420403,14420403,1.3316616437994016,135.38772136164937
9,368,1869,28668601,28668601,2.4583730163013278,270.91836357497846
22,1517,199,1139882,1139882,0.20925959158584875,10.587914841083139
10,1014,1441,20178333,20178333,1.6777797756607025,201.0146005301983
20,576,877,15144923,15144923,1.1876065377040195,163.70288787998567
18,94,1031,18196129,18196129,3.3031540275112046,170.2070000908138
6,1938,826,5025394,5025394,0.30075245195168204,44.00722213803623
10,1200,455,2418335,2418335,0.21645255194940302,21.192690016292673
21,1476,1935,77800555,77800555,6.054127877591822,844.2842186834376
21,341,1292,33865914,33865914,2.9705935659469267,312.29867374328063
1,295,1992,609562,609562,0.05473268130500281,6.624215160489262
11,345,217,550322,550322,0.12269475120299884,5.34669439159559
2,1896,1323,4274623,4274623,0.22225107521519405,37.31470653070829
14,558,1227,20286001,20286001,1.75916997056951,183.36434202815866
12,419,589,4075890,4075890,0.3957770860614335,43.021344836953006
18,1488,810,12381670,12381670,1.173157911070837,134.78513883904992
3,1663,1173,4717816,4717816,0.3181594980619684,50.59266376996512
9,1923,1724,27125426,27125426,2.4186339078516834,251.54872068367735
21,1782,822,15003976,15003976,1.198905345566881,150.98746912079005
7,779,474,1725370,1725370,0.11761031072551528,16.403486831859095
7,1529,314,1077030,1077030,0.09670809617556203,9.462475130663318
18,398,1528,40342266,40342266,3.5190893509696095,404.0448007819672
8,1031,1433,15877650,15877650,1.2535726471494828,148.54557551501432
8,1141,1980,29737630,29737630,2.3978241248647882,276.03697045656344
5,483,802,2972222,2972222,0.2070147471629042,26.60332361377056
7,108,1564,14872086,14872086,1.2245512118978648,148.27803661432526
6,1587,1371,11595928,11595928,1.0690997989447133,98.67969039935664
10,725,422,1917156,1917156,0.20257459239162295,16.30454375727177
24,1323,999,24309676,24309676,2.7222255058860982,251.44827227403854
23,1295,1841,77009040,77009040,6.807541060518221,793.1324571079991
24,346,332,2661322,2661322,0.30073743394339103,25.708279659188825
4,1804,1031,5063251,5063251,0.27834571702726285,53.3629715028251
24,1390,1842,80661190,80661190,6.228143539051312,662.6262551825613
10,1115,1117,12497006,12497006,0.9086962533159062,128.13161135073616
20,1710,1409,40172009,40172009,2.5845681603504094,352.1884588186143
3,1479,1476,6559354,6559354,0.5138831047627438,58.728755243973715
8,432,1844,24632162,24632162,1.8504082420036096,227.27528162013712
7,128,384,940426,940426,0.09785634226949769,8.256714827782167
8,1361,699,4384138,4384138,0.31958335476851607,44.452218338168805
21,414,1291,33908125,33908125,2.894941493911666,368.81491204838113
16,575,1171,21272396,21272396,2.555277121510649,190.29178630967118
16,970,593,5865373,5865373,0.46065307984146553,60.82210694623874
9,1584,1452,19193998,19193998,1.6875349081744035,194.0175116628201
14,1277,612,5665294,5665294,0.44748773710168743,52.36008330441535
21,1310,1387,40335357,40335357,3.655814627957747,351.82681645322197
22,675,1636,57363078,57363078,5.816240075072797,541.9660574745708
2,983,333,442234,442234,0.06317078416123431,3.5917607215922622
15,1408,858,11535820,11535820,0.9309595571744079,121.39193079117923
18,1470,893,14894357,14894357,1.3035880993401665,142.72519859537223
3,779,1986,9461314,9461314,0.7392274390120059,77.07772395638831
3,1507,1274,5182642,5182642,0.3395103927286068,48.4442396743419
1,809,503,412470,412470,0.03851805114483439,3.469640502791213
11,160,65,54025,54025,0.08052040800337021,0.4743194845619618
12,325,1992,44339938,44339938,3.9568401801899924,480.69454733399846
20,914,1661,53987493,53987493,3.97319564406408,465.72463758924266
9,1755,1151,12640292,12640292,1.0770081148874573,117.0675206961159
12,212,496,2822250,2822250,0.1990410000937544,23.195809921246937
22,1748,460,5262410,5262410,0.4947171382620251,49.945036252653075
7,404,387,1061551,1061551,0.11023194626800414,9.451331598667705
8,1290,1804,25140554,25140554,2.0793190047115737,255.37716953477715
17,1321,1670,46873570,46873570,3.3613754216335083,458.91195667928446
20,1748,449,4628751,4628751,0.37101221335768353,41.9848086018155
7,171,402,1045210,1045210,0.09009876046086397,8.665077931982779
15,1167,1060,16993930,16993930,1.717568669184847,184.26076620969312
3,140,1634,5589924,5589924,0.2821825056482608,46.893344545172106
8,685,825,5344360,5344360,0.3878338035348948,55.40475322129305
8,976,171,374671,374671,0.0843928509504332,3.4290847773388
10,1919,308,1450998,1450998,0.15804851295633715,15.79734537950664
2,292,1837,3933027,3933027,0.20240098150378133,33.517224051951885
23,527,469,5101792,5101792,0.46865269128201453,49.368237472628216
13,925,379,2082994,2082994,0.2251723699985215,22.58594214360356
17,644,642,7025416,7025416,0.6041871080919303,71.14035489343993
24,1213,1283,39459958,39459958,4.265823342043093,346.0061016510219
9,1632,1129,12061117,12061117,0.914573905151185,123.41563397744457
13,141,408,2064490,2064490,0.24207961816139026,17.387441700711953
18,929,1819,57989730,57989730,4.8841851449197815,538.6928509825951
8,1606,657,4088521,4088521,0.256385525869866,39.33823235867249
20,1060,1683,55651771,55651771,4.51778743676876,477.6834051133017
18,850,1945,66019145,66019145,5.5847611172332075,659.3597038751293
5,552,1106,5520056,5520056,0.3712001475097005,55.88433766446407
10,1433,223,771590,771590,0.13555770929793498,7.272089008399937
16,985,1299,26624314,26624314,2.4009695796286925,230.77164967257337
6,1456,137,295519,295519,0.06795143640626368,2.5498225724954886
3,490,140,109630,109630,0.038647383377386726,1.0097078329265694
13,734,1476,27260254,27260254,2.4944195795946715,286.17874712965715
13,1438,1913,46709731,46709731,3.998741701515267,412.50781603897383
7,789,191,372842,372842,0.08893600146120616,3.20069618835343
1,1524,246,377620,377620,0.02558968493944004,3.305479811105019
15,706,648,6352354,6352354,0.5162835234385306,60.347596265611465
12,1296,1434,24509938,24509938,1.9078148227326206,257.5676111632767
19,1391,860,14534010,14534010,1.2191282226258273,152.92640009418625
18,270,1247,26806769,26806769,2.0098153158686185,291.58240507931146
5,1719,1443,10831168,10831168,0.8697249178554379,116.91812957428948
21,1938,501,6006499,6006499,0.5152274688117102,54.44666376556461
24,1532,2040,98911450,98911450,10.261796655577594,849.128124186682
19,42,386,2709344,2709344,0.30734819026709426,22.477568602458682
19,818,326,2189100,2189100,0.26915315523124134,18.25539051025632
18,1163,526,5329968,5329968,0.42289581315139296,47.8711828747622
6,1798,1918,21872882,21872882,1.9081383378797725,213.0320279437935
4,1245,1132,5269470,5269470,0.41345522098707393,50.191028080788016
15,425,117,244306,244306,0.10055825702331346,2.4782781136424488
7,1341,158,364358,364358,0.08311392526907634,3.0622278940586
11,920,922,9368452,9368452,0.6930822287876275,92.85835433400939
14,279,1725,39205810,39205810,3.7519667894283026,410.0427518320665
16,207,604,5612982,5612982,0.5251618249869975,47.8583427034663
19,982,1398,36592660,36592660,3.59623442468607,321.8202822764118
7,621,62,62630,62630,0.06774031837153047,0.6399801909795525
10,1887,1573,25268682,25268682,1.8107338413434129,228.7824500339169
1,524,1205,644685,644685,0.05420085503365846,6.445472437453418
20,1642,924,17766682,17766682,1.8463394003380975,178.36111637312328
14,462,274,1109162,1109162,0.1810942495365515,9.241775213953671
22,1263,1137,28620574,28620574,2.4230562452544464,276.2875431211739
16,1974,375,2859385,2859385,0.27838593855920635,26.809476800989078
12,493,502,3030584,3030584,0.2599910107254756,28.471175190499945
3,214,350,324460,324460,0.05065696468592122,2.901213171672575
3,1449,770,2311550,2311550,0.18254671063207537,19.066674504593145
13,265,769,7317814,7317814,0.9035733253531321,60.09201600750403
8,265,1253,11344672,11344672,0.8069919269755739,119.00018229172785
9,746,1613,22048107,22048107,1.8544588508157058,190.15820266275935
1,751,1363,1038616,1038616,0.07765689183448271,8.677676189621943
6,1057,328,889874,889874,0.082921953831392,7.307120661739228
1,59,463,32420,32420,0.020044637243918795,0.3217130988877566
22,500,172,712778,712778,0.23249759077131527,7.331532101251922
9,1575,760,5832250,5832250,0.36404266548708375,57.42222715318918
1,1509,1121,1703930,1703930,0.10485913025057829,13.915135075459517
19,1294,1422,38278828,38278828,3.126937348489843,325.58102022818935
4,1549,928,4034026,4034026,0.29541307815430073,37.40127102525903
12,436,1035,12257515,12257515,1.2158300402302449,112.93922691958511
6,319,1478,11417560,11417560,0.8582294219599703,111.60185393803894
12,1644,1442,25275386,25275386,3.5584740424899683,253.01360470744245
14,430,418,2461194,2461194,0.27200923994920834,25.00954748899031
9,842,71,101469,101469,0.07078752226971886,0.905965827862879
13,580,301,1268725,1268725,0.1633526057249725,10.66606985321776
18,1288,367,2772695,2772695,0.2911840734901311,27.163962153909456
19,1848,490,5241540,5241540,0.39437912842140327,55.54427046316252
15,1347,229,1048372,1048372,0.14435312219355836,9.32416607174683
24,1198,223,1418513,1418513,0.23102449104559034,14.165190596782564
6,552,355,831775,831775,0.09563307134726996,8.766343201005792
14,1755,461,3582902,3582902,0.2692559340047543,30.855905239507013
12,1757,866,9790140,9790140,0.8283683430183872,106.25795139842077
4,1242,376,896394,896394,0.05154662585711977,8.03994519126862
7,967,2008,26168266,26168266,2.02458810005966,274.6575464581736
14,150,1089,15606469,15606469,1.1739642896866682,156.64864555756924
3,207,1131,2807152,2807152,0.21869847121907715,24.779528292704047
14,825,1981,52698572,52698572,4.768504895536429,573.8467942674937
1,1808,886,1611644,1611644,0.0941282738468409,14.361320030188592
8,133,1178,9891676,9891676,0.710346556194593,99.8745663293198
19,1299,1338,34001266,34001266,3.1434655673720404,360.5248794709857
5,612,1260,7140430,7140430,0.5455361921641092,61.299785234923064
10,87,154,229932,229932,0.10089564075187739,2.3654384291191124
23,2022,1491,51971797,51971797,5.475593178731538,553.1262818141855
22,1634,1872,76710826,76710826,10.60906987179142,683.9479496679045
21,1223,647,9183528,9183528,0.7755622818111972,98.07328677714422
8,1817,685,4541560,4541560,0.352448962739537,41.34367248300291
9,1848,1037,10539041,10539041,1.133999466683732,103.34805723692793
23,1432,573,8062693,8062693,0.6868987335133403,70.86922321251572
11,1587,1789,34881932,34881932,3.2066688002842887,303.6554782016883
24,341,889,18510768,18510768,1.778382519049131,164.31099396035904
10,308,741,5184787,5184787,1.2988794926260188,49.24961599103279
4,1720,936,4251322,4251322,0.2851870664531181,46.591825416282404
22,1373,125,503760,503760,0.15049594398062835,5.234412208086415
13,567,734,6898142,6898142,0.530059529069424,65.52029372687157
6,1020,84,122314,122314,0.04801617600910874,1.1530679027220165
13,1804,1279,21966835,21966835,2.2152702475248995,227.04891759708687
9,413,1986,32411530,32411530,4.093907069838701,280.59454952688935
6,1142,1093,7238949,7238949,0.51247543308572,71.49883098282142
4,2003,211,559160,559160,0.07542068918324382,5.785400426654085
18,1743,633,7932766,7932766,0.6381182514290152,75.2653115269319
7,36,1510,13760640,13760640,1.002665674583125,150.5805846896053
8,1509,600,3436210,3436210,0.22174204764999977,32.511567402425115
11,922,1278,17538004,17538004,1.3305218561484353,167.81638040444838
1,127,1529,211012,211012,0.03381039673454901,1.9671260601354736
3,155,1089,2554804,2554804,0.16745320963132507,21.039966852266826
8,416,704,3774858,3774858,0.20337899042328159,35.4793089043007
9,821,277,846522,846522,0.11971667290405719,6.8991800644006105
3,831,179,215168,215168,0.03822410953142852,2.343600801423106
23,568,172,754230,754230,0.19883885259446224,7.63761054536213
24,879,444,4939510,4939510,0.45663627668026907,49.25337247908023
3,985,1886,8996230,8996230,0.5701372563582355,95.11309139159381
9,1561,1224,13919338,13919338,0.9989960855605646,127.88230548752169
9,1839,2045,37255820,37255820,5.931788294004152,382.6831483695683
3,1525,924,3128674,3128674,0.17997193664567745,31.98916872342527
11,1421,1932,40112194,40112194,4.113929608925288,418.6391837241551
15,495,616,5632714,5632714,0.41882796213555123,55.947088958000805
18,203,424,3154146,3154146,0.26923892984332326,28.689285947646663
20,213,1654,52380536,52380536,5.01885498985302,440.40750894487354
13,584,270,1038700,1038700,0.14434786369271527,9.083295170243558
17,1296,1897,60087485,60087485,4.612782251961552,582.4107330070959
21,1231,61,151412,151412,0.13787234119619515,1.6523227842539114
20,1969,841,15119508,15119508,1.17255548831332,161.92357581100046
20,133,401,3120592,3120592,0.35842885076599984,33.44500150521712
22,34,2035,87100045,87100045,13.072295651812652,866.9984026774756
22,1687,1629,58526722,58526722,4.904779274890807,509.3907333560665
8,129,605,2651120,2651120,0.22836714550367423,23.990164455216934
18,774,962,16504082,16504082,1.6767120699072353,165.77826609674332
3,1892,1152,4848778,4848778,0.6183782712544832,52.244557094819875
7,493,461,1510246,1510246,0.1700310836219437,16.280042573602966
12,495,1209,16703554,16703554,1.1168493643206636,157.33719827945512
12,205,554,3501844,3501844,0.2864537806262038,35.807847819856136
5,1178,1966,17806072,17806072,1.6752960421496164,155.25102943912754
16,920,582,5631442,5631442,0.43771375796619816,58.0184789825668
4,1642,751,2935669,2935669,0.21678428454053295,26.375657141992292
3,653,110,97470,97470,0.03724488844329113,0.8986581456521094
19,576,609,7044313,7044313,0.46431096205868977,63.04569981724575
7,1703,350,1337010,1337010,0.11762751997305797,11.302062872983578
21,1283,462,4875958,4875958,0.4112907600318943,49.6379287213604
22,982,279,1917577,1917577,0.2684620296575892,19.970370072850955
7,1011,653,3229748,3229748,0.15572531937690562,28.215652305114567
18,350,705,8715925,8715925,0.6625665144239041,94.52918960109417
1,472,2008,969874,969874,0.06770741887095699,9.807083721235752
3,770,1959,9209269,9209269,0.5443860790986793,78.88001067268145
4,1001,1990,13900160,13900160,1.1938604445273764,132.01952408025326
18,1390,750,10626010,10626010,0.9337697901375056,112.66894508407198
12,1296,1908,42559858,42559858,3.3999728033248644,378.2819277713679
13,762,1146,16659412,16659412,1.3372251149270378,135.12770167321054
16,1081,890,12866740,12866740,0.8884422075763219,113.48943607321905
21,414,292,1835230,1835230,0.3028110301021917,15.438998952099926
13,783,1955,47440040,47440040,3.634829878629623,397.14241597777993
19,195,1644,49017514,49017514,5.256934181424466,531.1327351056201
2,416,185,113415,113415,0.041880930515313275,1.055867366792597
15,1825,959,14649694,14649694,1.0918860020702381,150.39260888879005
16,1459,1623,41922100,41922100,3.470847402006999,347.8626394516006
12,808,1944,43184026,43184026,3.507545811504918,401.33809903482864
1,1930,1417,2750407,2750407,0.15864700438196133,28.969497490666893
5,645,1663,12159866,12159866,0.8529212706949187,132.35030203128787
6,1598,161,389469,389469,0.06730712257432912,3.3054142736991046
8,464,137,197427,197427,0.06344097330597381,2.1390061129775257
11,1258,1906,38766144,38766144,3.2365586518762193,404.5954253652102
23,979,226,1352394,1352394,0.17283620747965525,14.27305331832878
22,385,1264,34078714,34078714,2.9623957942648964,291.6212140874689
21,1151,1522,48128694,48128694,3.708579291551627,448.6053106612422
11,1732,222,882016,882016,0.12032748175479525,8.465623166741759
17,786,518,4714328,4714328,0.47090706388638637,38.24709032550255
13,113,1173,16670686,16670686,1.4598819835245387,146.92176281014673
22,1760,1488,49163530,49163530,4.152082974928858,491.41748821011214
4,909,672,1975018,1975018,0.16973633092599993,21.20761931616264
12,1571,1969,45783198,45783198,3.8859848276379116,484.89210565505766
19,117,1733,54312230,54312230,3.692674180907947,478.4167180665196
3,708,1327,4478635,4478635,0.26493679763385347,37.788069000998036
3,1986,1417,6848371,6848371,0.4473557864701334,57.025382344133064
2,386,1433,2623833,2623833,0.11101625008490688,25.30526964571938
13,1815,546,4580950,4580950,0.39157400668075415,40.9476888404797
7,446,701,3272979,3272979,0.18467785868647305,28.43672411868337
2,273,1384,2309906,2309906,0.10306661115275459,19.71578852849414
6,1401,1688,16638626,16638626,1.4728347011072853,164.5438940459
16,636,1252,24341394,24341394,2.0790152021652157,248.69136359912125
14,667,789,8637982,8637982,0.7530019877953382,87.77790699751473
9,405,650,3655610,3655610,0.26992854974998176,38.96189166976906
17,1350,1665,46648315,46648315,3.890987113800954,390.5418116283498
10,480,780,5865610,5865610,0.4858726728599254,59.43432723324385
2,484,1945,4747755,4747755,0.2939687269430686,48.34585446010211
17,1663,1698,49000894,49000894,4.3112565127401625,465.23942734167537
5,689,1117,5777134,5777134,0.4506229235040022,59.34975574135144
8,750,61,72905,72905,0.05380016866492624,0.7537346544055521
5,1131,995,5100380,5100380,0.31050384888777643,51.020395823455786
2,1641,1193,3395288,3395288,0.15776136588193918,34.9190855170075
17,723,920,14232410,14232410,1.2820878173494776,144.0836932038263
24,1348,1966,91615610,91615610,8.5712034795499,915.6150094647925
15,1946,635,6896745,6896745,0.6387245489595337,74.04666080516041
24,1051,203,1168072,1168072,0.2193020906553158,11.539861868987687
18,1480,477,4587319,4587319,0.4107210535595668,49.874995805367234
6,1034,516,1873090,1873090,0.10754536702378308,20.521657041877614
1,1567,1304,2057722,2057722,0.11864178905116178,18.861183031611578
16,856,1470,33710050,33710050,2.9650229636185492,345.9143305468369
14,990,285,1344925,1344925,0.14805432000026592,13.59827103841309
1,978,1118,1105712,1105712,0.056817703996531986,10.101872104873463
24,203,1147,30530856,30530856,2.956854218994728,296.1486199340944
18,1677,159,700882,700882,0.18240733520518773,6.203646346846318
8,1908,903,7447051,7447051,0.5474903307420487,78.57341232287096
5,580,674,2218144,2218144,0.1716751700417633,18.277337346007258
17,1502,1730,50531580,50531580,4.243072087311333,472.3789750126418
14,707,1112,16887954,16887954,1.6320432724703182,156.81180923030533
20,806,1306,33498910,33498910,2.472549755500657,350.2090248599773
24,1426,2026,97365518,97365518,13.964260113707457,814.9215448358744
9,137,1849,27638862,27638862,2.390033514862748,246.46133717727244
4,351,362,525272,525272,0.07990246320243861,4.9302351362911345
18,321,1335,30763750,30763750,2.8575624210742334,331.7440188463365
24,356,1667,64564587,64564587,5.095619267647576,671.7205567814617
9,810,754,5173204,5173204,0.8529523329833224,50.632686655934826
13,1702,377,2355883,2355883,0.340666017419047,24.61032638072687
3,1648,1363,5979491,5979491,0.36121204974043747,49.6985121049691
2,847,1368,3046546,3046546,0.19082925189184077,30.464658775661196
24,772,384,3701002,3701002,0.320431994835146,39.59228323674138
3,1952,851,3120627,3120627,0.1703381602128007,32.31593752148049
22,665,1912,78103298,78103298,8.038698061862965,677.5398097553169
5,1196,1388,9387054,9387054,0.7660813811221168,86.21954872348637
3,470,1067,2792349,2792349,0.19419449278818465,26.895932927215092
14,57,458,2764040,2764040,0.2854641705198809,28.39802689443312
16,480,1766,47674946,47674946,4.957165570276991,490.4709685674486
23,1285,1948,86050962,86050962,8.755631490581479,918.3887710967585
10,296,800,6012810,6012810,0.6416244388524365,60.07437482927955
14,1297,1067,16209874,16209874,1.460406139205826,163.4049486330917
17,1511,151,597064,597064,0.17138820612979816,5.145046846485934
7,1774,1387,14026741,14026741,0.840573433382349,128.03433345627906
18,92,673,7780563,7780563,0.5708869550237374,84.92731779714579
11,1867,1962,42198706,42198706,3.3239273384390535,359.810645809368
16,529,1525,35730760,35730760,3.2603113070880707,379.7124907269781
3,674,1472,5344842,5344842,0.3628055365243723,50.98421436253321
17,970,213,938275,938275,0.1908871346724545,7.8534587157423
21,1576,181,946097,946097,0.17637936551412428,9.259802649424376
18,1612,219,1174507,1174507,0.17214812437435062,12.47229899135878
15,1970,1508,34845366,34845366,3.4079648070316124,299.6854505534804
19,432,1203,26604355,26604355,2.057997901124928,271.6165878274326
24,572,1611,60668659,60668659,5.511696966023151,662.8777693600151
22,394,203,951877,951877,0.2158473216652639,7.84585073758448
17,868,891,13499551,13499551,1.0691828846882687,111.6198107976415
24,1980,1229,37215359,37215359,3.0862036734093348,320.68634780378545
5,1823,159,393376,393376,0.0630573810723677,3.5847666329703047
14,340,1585,33235875,33235875,2.349443268254593,275.86629967629125
18,1742,1038,20153818,20153818,2.0146833136687317,195.0572106607211
4,1206,461,1199993,1199993,0.09303857055374204,12.138644558560545
7,469,1524,14676130,14676130,1.1179933582848238,129.19072567283243
23,751,72,170506,170506,0.1216261689494365,1.6923781143394616
3,1972,1585,8170685,8170685,0.6108135553366009,82.45425207545796
1,1781,1949,3492618,3492618,0.18692506874785766,31.84223352587485
14,1102,1591,34698129,34698129,3.2586378085310734,326.7164817332961
20,52,1751,58397611,58397611,6.111505269479311,524.5296728847447
15,484,1160,19428850,19428850,1.638999587830798,201.78642063621285
23,650,1491,49926145,49926145,4.1857938949713045,506.4694484219824
19,1714,1761,58889611,58889611,5.511773098173391,545.4440015755276
10,279,1236,14118838,14118838,1.0812752107721604,115.10633268840965
14,1541,834,10347448,10347448,1.333181989149503,91.7732594056346
1,261,737,200474,200474,0.0298756746943475,2.1678047238577793
15,347,1295,23960100,23960100,2.403996380350396,229.11917256284607
24,397,309,2329252,2329252,0.2935283564112277,21.087467244005676
8,1648,1109,10456771,10456771,0.8161177962979552,90.06774548026803
16,944,1739,47048655,47048655,3.4114668164813144,453.60513532768323
4,49,809,2014420,2014420,0.09184405424084145,20.340191716806377
17,1647,205,1015580,1015580,0.1613274168697064,8.279857663445547
23,410,918,18946612,18946612,1.668204139741233,185.21055992916212
20,1543,699,10382956,10382956,1.0668868245237457,109.17196959478056
4,2012,1446,9202354,9202354,0.6217382689611447,95.72726709633595
20,525,72,138466,138466,0.12302573572276018,1.1394035557436173
11,494,794,6713280,6713280,0.5545722096605451,56.23798324758113
11,1637,548,3911634,3911634,0.28668481451940936,37.705727710655545
19,522,993,18296035,18296035,1.9110253860176871,199.23277736105703
8,1812,1991,31392107,31392107,2.530854959561124,316.4241346562532
9,561,642,3669682,3669682,0.3634392786926619,35.0129389882319
6,1558,201,518389,518389,0.07399282963811912,4.24264859905013
17,1859,871,13780972,13780972,1.220616103713306,138.15524475599597
18,646,183,692665,692665,0.15567424655996853,7.527596705286036
17,1178,1805,54303435,54303435,4.573119820389758,540.558341044173
21,206,307,1957749,1957749,0.3586703583181775,15.933540994287908
20,1082,1298,33454662,33454662,2.773743785155719,302.0545824536808
15,1418,1601,38195067,38195067,3.5310585237887597,402.8061657527018
22,1346,909,18604513,18604513,1.5896938140284227,198.58733779752174
4,231,1589,7964078,7964078,0.7125308170466612,71.81224106089427
23,1373,562,7738750,7738750,0.7448304155717265,63.9972959459877
6,73,283,425642,425642,0.07131085373704045,3.459491359818832
6,172,388,825674,825674,0.0828098233004919,8.645588030993535
5,820,80,92410,92410,0.03985153648336413,1.00703501658883
21,1279,1804,67451570,67451570,6.078582324696231,687.7597084783771
9,1852,114,317272,317272,0.06923329228248677,2.6266673569213417
11,1714,244,1018710,1018710,0.13419579444018614,8.349010253430958
10,241,1691,26176690,26176690,2.3062933372733343,257.53622662889376
16,170,1427,30824637,30824637,2.884644890166986,335.1212346673521
2,1525,462,923548,923548,0.05830148059806525,9.42954794874042
3,1156,361,682661,682661,0.06638729119076288,7.424013350342519
19,1287,777,11889664,11889664,1.0210830790237206,127.49465244467919
7,776,1300,11170910,11170910,0.9110862008346854,94.81080174311498
1,442,410,185740,185740,0.027806073109351313,1.7732685799091796
21,580,2036,84149926,84149926,12.394435820293735,698.435210258756
14,87,135,251920,251920,0.1539939830842949,2.368867999890581
2,409,159,92230,92230,0.030574444623297923,0.8889044733635412
16,1340,1481,34923471,34923471,2.398002205750194,333.8450399019119
18,1031,1546,42269196,42269196,4.250853669803015,424.06816720793654
4,545,1764,10321174,10321174,0.7627923009446353,96.71716024038957
5,1630,819,4030309,4030309,0.24672612884423326,39.407308135684104
19,245,1951,69049802,69049802,6.648636833235549,686.7729124652593
16,1058,1555,37956005,37956005,3.0925770046465453,359.09428716623347
13,666,1022,13237976,13237976,1.1502653635356026,122.559056018202
20,474,1564,47264090,47264090,4.754881163728226,415.74377767040795
6,1527,1070,7375520,7375520,0.5513522447576102,64.98870270247808
24,619,1683,66246256,66246256,5.728587419197163,720.7767454709656
15,1147,1275,24253060,24253060,2.1718363547788284,207.27371612833414
9,1745,1182,13262050,13262050,2.2319401313838205,115.90678513332526
20,2033,1658,55650780,55650780,4.476564513090092,454.08178909555545
2,784,1874,5003590,5003590,0.4586288642700044,47.58624839570598
6,1568,2005,23276055,23276055,2.14575416347391,241.53718674203182
5,1184,2007,18518599,18518599,1.4594061320278309,184.9332841143631
4,1050,1085,4686125,4686125,0.2556920988044686,41.26288719877613
17,691,1145,21798520,21798520,1.977509791040899,225.88145487533194
1,683,595,412940,412940,0.039726019061370674,4.503730684730123
9,1568,1254,14570236,14570236,1.148526625322932,142.75720688217473
8,117,1397,13849868,13849868,0.8368942726203616,142.16020414963486
24,1050,391,3940117,3940117,0.44847882623181234,37.644021260376746
21,1549,1121,26904010,26904010,2.4419136395617875,257.1588165831478
7,1053,1342,12241734,12241734,0.9252820245337714,121.02999276698911
19,1801,1357,35629402,35629402,3.505423908632072,366.7029935559029
21,1391,1953,79061356,79061356,6.396454017467874,803.7469842257871
24,1530,715,12876445,12876445,1.0247640688598536,135.42245169274594
16,716,1660,42565730,42565730,3.740314552242631,403.3136132748908
23,971,1615,59002420,59002420,5.005446441684199,562.8402467417981
11,478,130,233880,233880,0.10305841533622566,2.476222601135125
21,104,169,594045,594045,0.1696813545695979,5.938632914038832
19,72,1125,22894885,22894885,2.0361304681931376,211.98775282898276
19,1199,1734,56250970,56250970,4.625307830204697,615.6996361095271
3,694,594,1125640,1125640,0.07822870216058454,12.174920491197787
18,724,131,390259,390259,0.15404437535278762,4.084157625364653
6,1734,1006,6820690,6820690,0.5208690786841057,60.06789157442435
22,1309,650,9744160,9744160,0.7685728329842666,90.72928331113368
5,606,410,927020,927020,0.06162999632489975,8.683084389836454
1,1017,153,157294,157294,0.02370736259713781,1.4952740474832618
5,1642,1271,8567821,8567821,0.6047292099952397,84.74266137232449
1,1147,810,937990,937990,0.03589497498454811,8.153485593046627
1,1045,433,457258,457258,0.031131749896967965,4.805485182254732
21,1699,844,15706850,15706850,1.5232354329945579,161.3548791002631
12,67,930,9596680,9596680,1.3201312583467006,96.05956579271586
6,855,753,3490918,3490918,0.2560745574462709,32.125249744725195
17,1104,653,7561097,7561097,0.6664347271038118,74.33515090018037
20,1177,1474,43059972,43059972,4.271921104740874,384.7980633329163
10,731,749,5611518,5611518,0.427914516718418,52.357478493617165
7,410,1910,22704180,22704180,1.5661621255634282,227.3961231089603
20,906,1860,67473370,67473370,5.158366457739182,726.3314749588228
15,1228,1837,49545737,49545737,8.771482071850883,536.7830267047518
22,506,86,201594,201594,0.14420768828266262,1.8454707239637997
22,252,868,16068426,16068426,1.4075052116874185,154.23204255388004
15,1295,1720,43688010,43688010,3.8885594398914067,435.72221639713877
21,1568,1026,22694104,22694104,5.828224393323259,204.04612505710773
3,428,1649,6165621,6165621,0.3369870168099652,61.546307382892124
18,1152,422,3525398,3525398,0.34285285091056034,32.72519149570481
10,1040,1029,10620319,10620319,1.1169355987264633,114.35697102663862
22,1753,1819,72730906,72730906,7.462092461196711,600.5435945426759
5,170,1453,8713651,8713651,0.6220413712022747,86.20693135107612
9,1157,689,4608042,4608042,0.38785443159012967,44.53387183649361
19,195,1655,49673180,49673180,3.9472573447550823,455.0191105943424
2,107,305,129330,129330,0.02983725314597612,1.1236104987492357
9,860,1180,12176430,12176430,0.9918038355509415,105.12626123309414
2,1863,1276,4020686,4020686,0.2620698068576792,38.84131051629402
9,1769,1074,11148130,11148130,0.7702948880753127,102.8232298448877
5,664,539,1528075,1528075,0.13872316446101268,16.56688496396261
10,1162,1890,34382890,34382890,2.3541637165098073,346.85386925781387
14,1521,95,264110,264110,0.11527605186885706,2.3263334441688652
5,1906,612,2673838,2673838,0.1720422858215461,24.67144796090557
22,300,266,1574198,1574198,0.24192549792738108,16.821508974663328
11,1667,1380,21373450,21373450,2.1186728262924914,227.37353646648432
4,1602,735,2808445,2808445,0.20091421042114777,26.441726421884287
6,1885,179,500494,500494,0.08285842723108208,5.419255710038818
2,1408,1833,5962759,5962759,0.3313136926882391,49.54941064149423
11,1953,1728,33270922,33270922,2.838170591399593,337.45247734205634
5,940,763,3057351,3057351,0.23807428851912196,28.527514883636535
9,740,1419,17185519,17185519,1.3083159228600627,170.22459887412393
21,898,1512,47127538,47127538,4.235769836153275,404.93920286331155
16,1445,649,7272704,7272704,0.5609701076846884,71.0611276284596
3,773,1344,4669066,4669066,0.2611537656939355,39.37738192188538
9,1655,431,2207592,2207592,0.22972121994814312,21.038152297661426
20,1264,886,16061418,16061418,1.282397215867552,159.35682559015171
4,1881,1269,7235848,7235848,0.4913119648542641,70.92407357247878
19,1864,589,7359565,7359565,0.567937947960207,70.83923600473489
14,1360,723,7796119,7796119,0.6039892485067009,71.27041142698268
7,1867,794,5278522,5278522,0.424369476323666,50.757815220906025
18,508,1918,63566366,63566366,5.945933792713265,568.4093633228537
23,1303,1378,43616466,43616466,3.981866670637128,353.5982656690281
21,2044,533,6787765,6787765,0.6366480097296949,67.44543298615946
1,1951,1608,3154906,3154906,0.17847928109316993,31.1271841302257
8,761,625,3221260,3221260,0.20895439410951866,28.642043135030903
3,859,982,2784962,2784962,0.18413437526636997,23.86243974474731
6,655,911,4760896,4760896,0.3346931814888187,50.3573488801726
7,40,470,1352200,1352200,0.11859776976858595,14.523577894151812
11,231,1656,27840682,27840682,2.5556987337307056,226.8073949857072
2,851,1159,2343508,2343508,0.17378911644000916,24.117967126842466
12,1363,493,3356354,3356354,0.3092362858137037,31.39070575534575
21,1373,1405,41453130,41453130,3.666106729248675,424.8464168595644
17,105,285,1337230,1337230,0.18124778626202953,11.33278223176754
1,874,1725,1526635,1526635,0.08183412899929014,15.581673366175167
20,593,1865,67248180,67248180,5.326036576092677,613.1258197580066
2,691,1621,3767214,3767214,0.19453483691676957,39.89984644631207
10,1636,371,1853155,1853155,0.16732588680105953,19.418453802186693
23,69,2025,90420310,90420310,9.803762577958818,874.5832914652178
18,227,844,12324942,12324942,1.1978135248627457,134.33820388562003
19,233,1022,19068486,19068486,2.772538653492487,199.13772109754615
1,772,1838,1439164,1439164,0.35342231976943633,13.59084693398412
6,2035,350,1330360,1330360,0.11189945587117964,14.27236783653969
19,988,1108,23224798,23224798,2.1937734095045753,234.74253299360458
13,971,1986,49304446,49304446,3.9608704414320535,513.984523620607
24,1129,759,14132590,14132590,1.1900817798586667,140.89841064688719
10,1772,1658,27711822,27711822,2.207612931349111,261.5645254514686
7,1828,1370,13789060,13789060,1.9490151244131944,134.7701611376547
21,1967,1339,38533752,38533752,4.097582890219945,398.04066108488763
19,1084,1898,66955756,66955756,9.073889564404489,585.0644423731992
6,563,1846,18107424,18107424,2.750989847206951,167.96509395227466
13,593,2038,51096746,51096746,11.931176252848074,516.7753616589055
9,524,705,4359025,4359025,0.3319709357823983,44.02614077013981
15,886,1616,38032570,38032570,2.7223072303944806,398.6744329042637
2,1085,152,189858,189858,0.035892832910918965,1.7286222622956502
19,951,1040,20488010,20488010,1.986305311676399,174.28043082151598
4,569,403,722186,722186,0.07483641587932434,6.519903879601154
23,1231,586,8295426,8295426,0.8315234847379475,89.5807702925217
24,1598,511,6839745,6839745,0.6165286430539291,59.95356376808369
22,196,1441,43934659,43934659,3.209620985893011,388.3887141983724
20,551,1578,48228424,48228424,3.61215324240646,489.62164775656953
14,1794,1052,16299698,16299698,1.4630385934592072,138.1011028521033
22,1873,939,20304946,20304946,1.7070995686131625,209.379134862407
1,1280,1094,1412364,1412364,0.0890082651942427,15.397262033993588
5,393,1511,9748982,9748982,0.748928952738494,99.70448468798747
14,1430,1542,33153010,33153010,3.4773088866639186,328.9382306179484
1,244,134,34180,34180,0.025101245266866565,0.31339999907271826
4,2021,1683,11922382,11922382,0.9050167853448923,125.30916582733967
9,1443,201,617080,617080,0.10056821197474358,5.231686049323608
18,621,1119,22012978,22012978,1.9922770290574772,195.93884832658227
9,376,1676,23133838,23133838,1.8350416545784156,214.17741387570717
5,798,1830,14883400,14883400,0.9498762600779284,140.32505187602885
3,1566,2017,11321431,11321431,0.9109144950465878,96.32030681533386
12,1146,1949,44061053,44061053,4.009888365380901,392.10812273191794
3,519,1773,7230304,7230304,0.4617693991472421,60.40263825669351
17,924,1928,61308482,61308482,5.667152986736046,555.74853295827
13,1620,1176,18527890,18527890,1.5980244601410662,190.18649726221093
8,1659,1769,24872150,24872150,1.7633781875764742,232.6621989018639
6,1497,415,1489030,1489030,0.15508250344764207,14.376207973876678
9,755,1808,27550314,27550314,2.0977700398562145,294.3911730996762
19,1858,1645,51812575,51812575,4.4646710068550455,537.5762819544166
9,785,1705,24627030,24627030,2.104349838250173,229.5879225477685
17,908,1512,37992034,37992034,3.5103854847411986,338.1548741978643
20,1224,1247,31108919,31108919,3.001197478738893,337.8082869816272
2,257,1126,1570780,1570780,0.11655609732505492,15.658648344293507
15,361,1651,38798510,38798510,3.6816517290386983,422.3388076964722
11,1625,1954,41397454,41397454,3.5710557430810397,364.9685846941537
10,293,739,5146406,5146406,0.40186599663101397,45.06708735128378
5,808,1170,6438520,6438520,0.4560473837918548,62.27222832012537
7,375,1552,15060618,15060618,1.1876026257917132,126.74763507470702
15,1236,308,1716494,1716494,0.23448251014776653,15.335718838979242
10,1813,232,909682,909682,0.11479975982994295,8.969228890186994
17,366,1149,21574783,21574783,1.9331743764723177,198.8030985394251
6,990,457,1503997,1503997,0.1271058217517319,15.023454645976921
4,232,1133,4129795,4129795,0.2636352446531565,37.3435674574697
7,799,1453,13852912,13852912,1.0546917057868952,147.1842557109341
21,1655,1764,65208034,65208034,5.890727295523104,646.3063150719846
24,949,621,9480196,9480196,0.8717178261992901,90.98247772693695
12,1145,1399,23161854,23161854,1.7767343745756363,196.85651298368683
11,1497,251,1011038,1011038,0.12522820172224114,9.912175580366567
4,1352,368,908970,908970,0.055093864592995284,9.383477316012899
22,1692,416,4351370,4351370,0.3904157950294955,41.527355276907905
24,384,1215,34461055,34461055,2.8124826131361957,292.7618875068451
13,489,1156,16627914,16627914,1.37586822128065,157.22010615959763
19,343,1461,38964880,38964880,3.749713347205966,391.57114731756127
20,1853,659,9492246,9492246,0.8427337888848373,99.5708417007662
4,661,919,3154018,3154018,0.1727018056910999,33.22142244867394
23,632,2001,89418697,89418697,7.694724628310011,901.1244701043945
6,1644,541,2361475,2361475,0.1544130912958237,19.619362827813585
7,549,1219,9605730,9605730,0.7360200075655439,78.57423845500855
6,1473,60,107350,107350,0.06065708481663523,0.9229466850179475
11,1855,1518,25891018,25891018,2.3147440439149123,267.2569597445876
17,1298,1999,66584701,66584701,6.121766491557157,612.35048202701
10,170,2023,37217141,37217141,4.2376685730179995,329.3725566835534
17,2047,1071,20573920,20573920,2.4217263988322215,198.83432775827
8,1577,602,3497028,3497028,0.2920933845715876,34.20932897785443
22,1961,222,1477420,1477420,0.23959639668193394,12.688238587598596
21,1540,1343,38182843,38182843,3.4923029688025014,346.6236526058685
3,965,325,529110,529110,0.07369445084368245,5.727999726602251
20,2000,476,5271234,5271234,0.4042201693480376,43.83807376334763
21,1898,1263,34339717,34339717,2.950424239703135,355.14436395080844
22,447,243,1356436,1356436,0.2547558918420996,11.353150273032846
6,519,101,105050,105050,0.05792007458082227,1.02332529408711
18,1328,921,15668983,15668983,1.1649461073823748,131.08912481350612
13,113,233,683166,683166,0.15879570055764436,6.6562627096213145
18,1312,1444,37382282,37382282,3.574181088004344,362.3072478341446
14,1051,531,4236328,4236328,0.34745641561142615,41.309794254644
7,595,451,1496428,1496428,0.13396554048505405,12.372762157437604
15,1731,813,10681204,10681204,0.8757925085035718,110.36873024251639
21,1213,1831,69328994,69328994,5.56661748982364,734.4937803757457
22,1593,1383,42413854,42413854,3.5932085264332865,461.96006962738505
5,317,1369,7951162,7951162,1.3552518471419184,71.36263652279028
14,1580,1048,15958954,15958954,1.5597794292473703,145.32847417928437
2,1225,1304,3313474,3313474,0.2327058628406866,27.766361931183127
3,286,356,359926,359926,0.06325997159474814,3.5533678123438217
8,741,1798,23994320,23994320,1.6904651551880991,246.65698908353997
9,305,1837,27591750,27591750,2.2421431745179716,301.78951528585577
10,1257,1569,24159472,24159472,1.691204206414026,251.66254888419672
6,2003,1781,19455654,19455654,1.3768227388588932,191.42344503883717
5,1437,1861,16555466,16555466,1.1101563210664385,180.532912117399
20,767,647,8469240,8469240,0.7920704884485082,71.2445375066231
2,1928,967,2811079,2811079,0.11695740562150181,30.809839271153155
15,334,1278,23324788,23324788,1.8436486847726106,229.10961193257927
11,743,825,7436560,7436560,0.4978487836179607,67.02780652436569
5,896,1891,16026235,16026235,1.2375887176516207,160.72969304817406
5,978,574,1887896,1887896,0.10229060597755373,15.471642012853376
18,1121,77,189276,189276,0.11134915370082756,1.7870146986660744
4,638,54,43966,43966,0.032294771655995806,0.45379020183369084
23,242,572,7355358,7355358,0.676053695950079,62.607558375305544
15,1543,1775,46891960,46891960,4.452153965836895,423.35206858373334
24,665,805,15467280,15467280,1.1238490462202926,138.37764067770064
9,1245,1279,14703394,14703394,1.179234662314232,153.5805610945394
9,724,335,1146715,1146715,0.14766731356248763,11.65617905441603
6,1149,1441,12061180,12061180,0.8364044821713991,98.75720348111645
14,1780,637,6424155,6424155,0.5924630182568454,56.6089556104083
8,509,1147,9813742,9813742,0.6216925223972434,79.77834821762835
15,1838,1739,45577461,45577461,3.316058728092428,486.1421673843898
4,82,1957,11677429,11677429,0.8125351075256317,110.61410047639214
15,1222,395,2676925,2676925,0.2979166510454525,24.432496964668356
11,970,833,7764403,7764403,0.6173819593503709,72.92714285393737
23,1850,325,2935735,2935735,0.3539735349404635,29.174563499267432
18,1140,1052,20042714,20042714,2.134235354444977,194.5913670493528
9,708,409,1635601,1635601,0.15415245483574622,17.866386212655797
20,2011,1074,24108088,24108088,2.538309626414282,210.53898522727496
4,1600,381,1050427,1050427,0.1103271390623492,8.535193699816501
11,571,147,303124,303124,0.09023930453861316,2.464788662214948
12,278,1729,33402561,33402561,2.693734794977762,341.8187722640917
18,1290,1984,69531274,69531274,6.4663471915798825,670.9121718577301
21,725,1408,40713738,40713738,4.585260623419579,331.81555232980105
13,1330,444,2966374,2966374,0.2668162867049105,24.6819335809539
8,469,1536,17263114,17263114,1.3224718875120551,165.26625347303317
16,467,1087,18259436,18259436,1.786480977653369,199.42180105473798
17,1412,1455,35966155,35966155,2.7143571379705866,365.67869671970345
23,1569,1374,43734430,43734430,4.253501988681753,468.62277265419937
22,588,1860,73804810,73804810,6.6302721145424615,755.7720470074303
9,1741,1531,21446258,21446258,2.160142574349059,185.47534370457996
2,1344,156,235882,235882,0.03297013252122677,2.273611747858214
14,637,88,158850,158850,0.10060890247222007,1.4790200920267653
3,189,1155,2901370,2901370,0.15690473868966104,28.328174039438043
6,416,1300,9011610,9011610,0.8154096572538989,76.88644141466067
2,578,916,1379506,1379506,0.07981346017384139,11.854536022014015
9,1138,1582,21852176,21852176,1.9297636903180437,221.70225706772882
24,1849,1771,75472946,75472946,6.234748162175779,790.5064055740545
13,347,827,8513148,8513148,1.2962710185766668,88.2433623101344
21,1839,1297,36069580,36069580,2.952500894619696,298.4595531774941
1,933,1307,1233818,1233818,0.06161515387760551,11.874151029354547
16,389,1499,34327110,34327110,2.2675394298457863,287.60253514007866
9,754,1353,15690751,15690751,1.2983971299171886,142.41456126476086
12,581,1693,32549628,32549628,3.081519708510616,325.7711694354314
18,1289,292,1834062,1834062,0.2018119447340109,14.97326524259194
19,1106,606,7298068,7298068,0.6964879040882844,63.31151915791027
20,1440,1570,49141010,49141010,3.777631482077229,425.71201198434125
5,1603,332,978082,978082,0.09291582036656604,10.65987925302517
11,1700,1754,33783804,33783804,2.93006697366063,320.62959561698926
22,167,1240,32536370,32536370,3.051728238863069,338.4322606503742
17,649,935,14619670,14619670,1.2454667037981135,147.35645122346014
4,1117,901,3454444,3454444,0.4363054540022766,30.25111570084596
19,1344,1200,27567610,27567610,1.9964403514443065,233.059248298033
11,1583,1605,28334680,28334680,2.510035494657828,293.16570412745205
24,1061,1566,58118968,58118968,5.41016836545632,632.3846831925864
17,420,1318,28383140,28383140,2.238278643811552,278.0260470871581
15,1570,763,9367361,9367361,0.8559402720607412,99.83073313586817
5,1247,303,749632,749632,0.09096966967419363,6.818090028307035
6,173,1309,8814816,8814816,0.675876665929313,91.82478385158952
11,1994,1590,28484860,28484860,2.0074525205328944,310.20465550258024
23,746,206,1094076,1094076,0.20024577240261354,10.686601446726671
4,514,1322,5941078,5941078,0.39143475039487863,53.556934376730446
9,510,1616,21746522,21746522,1.9119962632936147,236.68719169737935
6,343,346,722804,722804,0.10315187696112552,7.638874113892216
23,1582,1454,48858772,48858772,3.7944781364954068,519.7332884092438
14,1991,1942,52940872,52940872,5.311108239051337,500.57448961904674
11,224,1906,36795340,36795340,2.6403383422319333,374.4610029076728
8,931,215,527620,527620,0.09236352393303668,4.7007599286534045
2,823,209,218206,218206,0.03860605503942917,2.169741778497487
9,53,1576,19983690,19983690,1.7558114645462024,210.2452162845544
8,1848,1874,28080026,28080026,2.4064157721079007,276.265705090839
22,1068,1005,22316035,22316035,2.513161031647123,191.53716118104296
14,1071,1319,24061208,24061208,1.9801347156510105,203.39878038503815
23,1715,680,11361450,11361450,0.9591715349471893,92.37526376920772
5,1790,1795,16128085,16128085,1.3519804625335754,140.18331683463643
21,92,1129,25631697,25631697,2.1536748341056615,269.4411111337617
3,924,589,1245745,1245745,0.0936092028510095,13.189486706773167
19,1627,1336,34340554,34340554,3.360135446782507,319.50694171032455
22,1894,1452,47070946,47070946,4.329271687227914,474.46852327227566
10,1793,1707,29319442,29319442,2.469916170234938,269.6714842761223
8,437,890,5949660,5949660,0.4750820748346322,58.15865494627479
11,1450,306,1386496,1386496,0.12432619935980835,12.200846982619192
11,799,1869,36464200,36464200,2.8040846029718187,338.71372295030613
15,1722,279,1577197,1577197,0.18406573985636207,16.883255973269527
20,363,59,89336,89336,0.12843641398610284,0.904217230668141
20,482,1223,29045037,29045037,2.693995461942436,245.67708570021549
12,573,522,3307924,3307924,0.2255971899576667,27.538958744315867
16,1559,642,7200040,7200040,0.7021467742168668,63.22638315020677
1,1602,165,266155,266155,0.025970629005493902,2.2890827428014746
11,611,149,316188,316188,0.10565900027088969,2.9262055539450524
16,1656,719,8963783,8963783,0.6366340200378202,97.99991579034467
22,1978,1413,44768089,44768089,3.892551644880003,488.7117306233944
5,254,2015,16782945,16782945,1.6316573777732404,169.98883708117506
9,490,1693,23791739,23791739,2.197391638465265,210.77409605420698
14,56,483,3071407,3071407,0.2255157988780753,32.95094814310236
15,1949,975,15233410,15233410,1.323638533162125,127.33030594961654
11,1365,1161,15088366,15088366,1.2129546440719914,148.2469420226898
9,633,311,976550,976550,0.13852560139938552,9.715416061741314
20,2020,427,4339611,4339611,0.3763303330463202,43.46826391272047
20,1241,1936,73674490,73674490,7.3603522455100805,714.9434778278619
8,1534,944,7703050,7703050,0.6177947293383166,72.00100366198423
23,102,740,12147110,12147110,1.3369242905435248,114.90937064897591
15,425,728,7747386,7747386,0.9924470077074738,80.7313529149313
15,1227,1030,16142170,16142170,2.7756967126415684,170.3716017696254
8,1071,623,3395360,3395360,0.2964674435624031,28.118477616019458
1,471,1736,836762,836762,0.06955583754486111,8.77707664021633
18,206,1764,53311618,53311618,4.721605238307935,565.2742152236592
10,854,1988,37306818,37306818,4.8340649083377185,316.4866758209232
8,155,1246,11083180,11083180,0.8003954067812827,90.47130890500152
19,1505,661,8878562,8878562,0.7291207276468464,72.68100082594515
2,1333,1980,6583510,6583510,0.4235912088693585,63.708838975593835
16,776,573,5384491,5384491,0.4043041324102936,52.041380501106744
13,750,397,2198199,2198199,0.22081729904245295,21.493513226751762
24,1488,1260,38432530,38432530,3.497630517996777,317.99626538698703
18,436,1199,24995563,24995563,5.179872175634376,213.10540917577262
9,1719,1150,12578710,12578710,0.9368964386025298,104.12268838416612
6,177,1673,14317544,14317544,1.0702245153276764,122.4085687848375
7,546,1102,7906860,7906860,0.620729619967003,67.50041497789873
3,691,1606,6289106,6289106,0.4509472317888359,65.08761120171435
7,1606,1732,20809990,20809990,1.8137900244631846,181.35490397719477
12,1548,1922,43652474,43652474,3.6943402635966045,476.5872728518286
3,1995,1796,10057610,10057610,0.7671096868460872,90.84862180942015
2,1486,1614,5022778,5022778,0.3166543658261276,44.245594282034716
22,986,705,11155225,11155225,0.8048026533488856,93.49140433700363
23,1453,1455,48736690,48736690,3.2896782077624547,452.3407662020478
17,176,1974,62747548,62747548,6.972393653262133,654.5021299427173
11,1753,1305,19345330,19345330,1.5090696338899603,205.95280358510698
17,1050,768,10264330,10264330,1.981545675533055,98.26954566501487
18,550,1719,51227929,51227929,4.040217904084737,502.5430295579825
23,888,793,14565041,14565041,3.4654592269467113,159.58968467225037
18,195,302,1617824,1617824,0.31626435475174736,17.67291035534502
11,1689,33,67330,67330,0.07136615342595067,0.5690438720938708
22,1257,1430,44786180,44786180,3.752259710706991,482.3361170700777
9,1567,1012,9798194,9798194,0.8443815238317771,86.03074924272867
20,530,1878,68062486,68062486,4.545262500900814,675.6396885766624
17,1409,194,880770,880770,0.16232378032598418,8.5102896322438
15,1792,1315,26598515,26598515,2.3666357465267764,277.67440827114865
8,513,771,4570498,4570498,0.29613203773740454,45.931908218571074
23,1313,603,8811046,8811046,0.758411557937689,88.66458614475293
12,1289,1059,13724650,13724650,1.3128385122235235,136.89597605477542
21,1306,1171,28990457,28990457,2.3910959834598193,294.50871629719285
5,2013,845,4569770,4569770,0.3074831023549824,40.80987931196821
5,1780,670,2998260,2998260,0.1605540535049384,31.15755116174274
6,214,1563,12574345,12574345,1.232783881364747,127.24558284481385
9,639,224,548810,548810,0.10427326681612797,4.845066311775894
13,1563,1857,44326600,44326600,4.131428764639456,448.9806610309162
6,1169,2037,23160700,23160700,3.162484241196005,239.46322689289147
5,1025,1306,8180794,8180794,0.5040147890811508,75.65250216212286
16,840,1024,16615434,16615434,1.2233834635395446,138.83077157316131
19,398,1874,64013976,64013976,4.49227602132148,544.7057078946311
9,413,1718,24354378,24354378,2.1190999855978476,206.80888774843223
14,1178,914,11958786,11958786,0.9123758656906522,125.35787223811086
15,855,1368,27403786,27403786,2.794934852446394,254.56380662636633
19,617,688,8964650,8964650,0.7249292619760292,90.950422771264
12,1803,722,7051784,7051784,0.5400092876312973,61.05711581844271
22,801,69,157468,157468,0.13492991206917576,1.4680502134590578
2,284,1079,1483635,1483635,0.08321045960319967,12.083850188408835
16,423,1681,43141194,43141194,3.9905786224588704,420.3977846116567
9,1156,1591,22119683,22119683,1.575911382300611,209.53517968511193
4,442,1772,10227994,10227994,0.7483230385106244,102.37994926594266
7,1505,1984,26637194,26637194,2.766346048998304,228.05098338000832
8,113,1883,25066506,25066506,1.9261554482143648,209.20965412363353
14,47,406,2171704,2171704,0.18566071117987332,21.008910137834313
20,1173,1416,39799522,39799522,3.5453918039708032,331.89221725349853
21,1036,555,6752695,6752695,0.5548305269459549,72.74349552565383
18,1543,528,5568826,5568826,0.39798455676300226,45.24216943281177
14,1616,367,2352847,2352847,0.25985646829935005,21.377035198343318
23,563,1094,26982426,26982426,2.344945421254711,289.118234315779
19,1607,716,10399194,10399194,0.9611732723071145,93.64994089783723
19,1588,1580,47490070,47490070,3.448319664653251,397.3459792061654
8,950,1665,21017305,21017305,1.3942056677191068,189.93815324600592
4,335,1324,5721014,5721014,0.34982291789648085,51.885215126210376
6,258,1474,11267266,11267266,0.7100383490213859,112.99995866850003
1,2025,573,1166638,1166638,0.047893769426518046,10.122679264698908
22,1170,681,10557553,10557553,0.9164770032975256,98.50177195057876
23,1674,792,15151762,15151762,1.459594337237618,127.8318415602514
6,1333,380,1234630,1234630,0.22353266349419723,11.65321924351783
7,776,1713,18964633,18964633,2.264494512396116,191.1665880214887
22,1838,309,2582941,2582941,0.3909718932237802,27.577587261050535
11,1507,1922,39877666,39877666,3.13100048679189,419.20257308243265
3,328,1164,3106726,3106726,0.177903222342815,31.083686717798948
2,783,791,1254536,1254536,0.06858311393473465,12.97583908602337
19,233,1557,44044426,44044426,3.2300960892903268,402.8584885314606
7,665,693,3354130,3354130,0.19905788122729282,32.56949025716634
19,1375,197,975160,975160,0.18151370311759107,9.558292433108901
18,1993,847,13907750,13907750,1.1201511131446542,151.97207735012745
1,902,1338,1221604,1221604,0.0614510496650859,11.506476013651435
8,66,1413,14094685,14094685,0.9295977807733159,117.51623972965287
2,1909,1108,3356142,3356142,0.17235537845699728,31.364707666349133
20,1108,995,19942795,19942795,1.9344482413049306,162.75233679726313
15,402,1245,22231975,22231975,5.545578434744956,239.2524089302166
21,1255,1252,32960162,32960162,4.687200800365405,308.8477827619964
6,485,1059,6137974,6137974,0.4381867930044861,63.29986922365637
3,905,69,72874,72874,0.036814814207198274,0.6932998923738405
11,1207,759,6692872,6692872,0.4828873843536095,62.65612644267118
11,616,39,40063,40063,0.06114574033155747,0.41082782291605585
2,806,1638,4022938,4022938,0.28768786066046936,33.7390954057752
21,1738,1917,76888963,76888963,7.3511902607802275,672.9198846050085
7,314,1376,11815722,11815722,0.8861379902849827,128.94764655507547
11,1056,939,9828523,9828523,0.7490712246582368,84.69655790110303
10,1240,2042,40100806,40100806,7.408290915909361,429.62153886383624
22,1770,1438,46016010,46016010,3.830129712209575,491.7381105160444
16,735,1420,31326630,31326630,4.9704490133419394,273.23926830344686
5,1838,1623,13543945,13543945,0.9014404583185909,133.40935582187706
14,311,1827,44005132,44005132,3.1025206134544883,420.8819456696982
21,1070,1834,69290364,69290364,6.382580581485414,661.7945339257665
21,1325,1418,42137298,42137298,3.6336926777323373,440.2493132057898
19,1715,390,3417970,3417970,0.2610899329320915,36.21604940710204
5,526,1905,15546715,15546715,1.2586040258589803,166.43462810835422
16,116,892,12061634,12061634,1.1354948574372634,108.72234795311297
20,841,1754,59981548,59981548,4.029606170499441,624.2767507657538
17,1081,1864,57657258,57657258,4.745068974672766,592.430379387941
20,1031,1998,77967964,77967964,9.636858872057244,695.1337507785681
14,1595,533,4556094,4556094,0.3748820985587986,41.42808867108862
24,1395,126,545212,545212,0.15449351551525,5.3564525552305895
2,1446,388,716258,716258,0.047110758855241935,6.447935607049638
11,488,68,80862,80862,0.08040990951016408,0.7439453392910823
23,78,576,7363018,7363018,0.5314292424528341,59.93845645647314
7,1461,464,1977578,1977578,0.15669173323130142,19.4909015938759
21,1629,1084,25300570,25300570,2.5661816967300544,274.47193266553643
6,1651,568,2559986,2559986,0.1808166461668201,23.15232509644118
9,709,722,4695898,4695898,0.32516348476388934,47.124449741819845
3,1633,916,3185858,3185858,0.18894684109850035,30.82801271357987
23,1756,1540,54930270,54930270,5.810404052383701,491.4887921037451
6,322,1700,15024610,15024610,1.040359705042436,157.67153960177
24,1057,1382,45436024,45436024,4.453962242559413,386.829621024113
15,1885,1531,35739674,35739674,3.6427283577569054,332.11855031825723
10,1236,1751,29793275,29793275,2.6883105215379266,289.45071436688164
14,449,1599,33994750,33994750,2.777458032558334,347.6786369353971
11,40,1454,21229864,21229864,1.5568074415373792,193.15723348831023
16,1634,1040,17950410,17950410,1.7593562771874087,157.14621793200692
7,403,1666,17353066,17353066,1.217356683189678,188.74727910713338
12,648,407,2094839,2094839,0.22047089756779753,19.95600194284823
4,1739,360,1019890,1019890,0.06651697439779392,9.951610167915316
21,261,1323,35392906,35392906,3.3373006488229233,367.0853049248289
8,910,421,1631385,1631385,0.16303641397856336,14.208904831415449
23,1104,331,2786699,2786699,0.34658736613518454,27.992670693238825
18,1536,35,75575,75575,0.09813534551794435,0.714529350468861
14,423,90,145540,145540,0.09367620679816692,1.423727060562781
23,644,1139,29312175,29312175,2.3830684430491,245.03924837278637
15,1730,1361,28321059,28321059,2.8324877687199552,294.29783561564534
18,1921,421,3833636,3833636,0.3918171373495837,34.34595366734837
17,1768,664,8246226,8246226,0.6092604077290855,86.4177642316727
3,1857,134,286502,286502,0.04216220310164719,2.929105303355026
5,2024,698,3372048,3372048,0.23362775084427684,28.56332693033461
16,1976,515,5009415,5009415,0.3504230270243921,51.139401864249784
5,1295,45,67060,67060,0.04315340744612215,0.6033954054800208
10,683,1022,10118832,10118832,1.2520983554065215,99.87686448154764
19,1085,453,4198414,4198414,0.3427931847663009,38.77087870620644
6,984,1203,8439055,8439055,0.5019858746399077,87.3337200485869
3,1231,417,866536,866536,0.06018534142343889,9.024677264516273
19,1383,1382,36330026,36330026,2.984495847109976,378.9718129893222
23,1958,1648,63031066,63031066,5.030784315013997,555.5380831676623
2,566,909,1351693,1351693,0.12941781754025058,13.232539318870227
5,1090,1104,6095194,6095194,0.4183372055874843,52.570022095491886
2,925,753,1272580,1272580,0.08949844421836854,13.45057975366565
23,2042,82,318088,318088,0.1341494561319366,3.1032488327927252
20,172,340,2265090,2265090,0.25501794325809085,20.397031243879344
20,575,2019,78672364,78672364,8.589578177811278,853.2157278460327
3,1523,1218,4837906,4837906,0.30352551990641186,41.20744708280913
20,976,42,75778,75778,0.10700239502212631,0.6675373577537601
20,1233,201,1021492,1021492,0.19525358221804356,10.38119884886627
21,1871,662,10024014,10024014,0.8823667857966985,88.75145554833615
16,1141,1996,62089582,62089582,6.763651356353611,670.1529748342037
7,330,259,492369,492369,0.07772862360574052,4.3424204941191125
8,286,700,3642810,3642810,0.23380230178104705,33.77931545667256
21,1561,1943,78598246,78598246,6.431734505523558,813.3665357936158
11,991,1095,13098400,13098400,0.9346959732428721,120.17278638601111
4,1659,940,4223430,4223430,0.27958727675217915,38.665526962301996
17,101,1503,36336538,36336538,2.8670107631461703,325.5125749587008
20,382,443,3911257,3911257,0.4005136990961487,34.11398839475852
9,559,1969,32153780,32153780,2.5864691229600467,333.0010077804315
2,1360,205,323295,323295,0.03747912193037876,3.3365119030748764
11,329,1364,19082370,19082370,1.5438974960449654,200.75470245893283
2,1534,1425,4233685,4233685,0.23284564871744634,38.94709304625115
10,911,1482,21146668,21146668,1.8109595942944463,175.75992488222582
11,205,1313,17536438,17536438,1.2199352171760298,146.35019288228318
13,278,486,2980648,2980648,0.22098739301946232,27.659402328693215
18,709,1770,54563800,54563800,4.061402181845808,537.4482972543136
10,1197,97,202740,202740,0.08702317060559871,2.221592114894407
20,951,669,9159958,9159958,0.8437264336620269,99.3790055466846
7,328,414,1171216,1171216,0.10086742371449524,11.211661182754932
13,57,1020,12566410,12566410,1.2260095204722914,128.8463671157727
12,1000,1400,22990810,22990810,1.8521445294376988,241.86723707547722
23,1668,1439,48003611,48003611,3.527609459087841,477.3227792724766
1,414,1909,811335,811335,0.0547508122006519,8.133970473075811
13,410,1839,41379349,41379349,3.702910397939762,414.87394309453936
20,1419,1168,27612698,27612698,2.1455859319197494,251.5702673991186
22,144,294,1866910,1866910,0.30078671467609064,18.181249167299097
11,1497,379,2011742,2011742,0.25323658140075817,18.29396270509239
1,748,1130,857680,857680,0.05631991454549843,7.414812328905066
11,1663,1201,16446504,16446504,1.1373653707774787,171.53149089627104
19,1042,554,6117832,6117832,0.5725960634252296,62.32267820514756
20,717,573,6666292,6666292,0.6166762695985448,64.93115691261733
8,1749,858,6669244,6669244,0.4246047989259652,71.25609987034049
19,1275,820,13172490,13172490,1.3685550075131006,107.00480943543631
15,1355,356,2265594,2265594,0.26623878272897866,22.97569053859101
3,826,521,980011,980011,0.08559840751324184,9.81328461401618
13,359,1240,18924890,18924890,1.615478654900388,182.95366088587733
18,737,81,173512,173512,0.11849180425353781,1.471406352765144
16,1075,858,11987128,11987128,0.851248950658698,126.53844853762998
18,615,410,3121340,3121340,0.3088092467694583,30.79008891267318
9,1884,475,2708935,2708935,0.22018370472651994,21.987275234505667
3,1913,1351,6252438,6252438,0.3342732282012993,61.786694461041954
14,1051,69,136078,136078,0.09138047512104311,1.1727829215249612
1,1142,213,245599,245599,0.024454316296296408,2.0533539499775295
19,1172,735,10606795,10606795,0.742387564304255,97.07004875901751
7,1926,41,89759,89759,0.05573388532916073,0.8136421316452144
14,1420,1866,47959942,47959942,4.391925730307736,498.0615662442149
15,1005,757,8802406,8802406,0.6932653328624003,74.09233510394553
23,2033,1602,59770630,59770630,5.022182134032402,566.1282460093365
23,1113,1946,85542278,85542278,12.18694657633552,714.8129272106383
6,902,1504,12690762,12690762,1.0227317697078344,122.33480460142376
9,1409,1876,30833946,30833946,2.1823423260176367,305.0456898485952
16,1904,583,6223535,6223535,0.5705787488095341,50.71174539408307
7,1226,331,1068809,1068809,0.1239787381486093,11.549495099329103
15,897,918,12644542,12644542,0.891160383606366,127.00875413286599
23,693,1534,52883126,52883126,4.371812692018677,493.5312796863657
22,1076,105,347875,347875,0.1190228468930662,3.6593699402276028
18,765,1421,35453960,35453960,2.7732433128458363,352.2634973362071
20,1117,567,6758650,6758650,0.6419129414828155,67.77977038309295
13,692,207,662203,662203,0.10975925846788911,6.037480731762586
9,1203,1982,33848606,33848606,2.7998116066132974,345.0620091487604
7,1092,1241,10616765,10616765,0.6585401240928658,89.34082186194784
17,1016,2003,66281283,66281283,7.3498605614560395,666.1574935623361
19,1211,1917,68525092,68525092,6.201537264733551,736.622041085929
2,1397,255,424330,424330,0.04640637496917648,4.638427517563937
6,947,1975,21405060,21405060,1.5670893907686392,202.52065499390207
21,1868,1063,24618027,24618027,2.1989177865265126,217.34131272571395
6,787,385,1050290,1050290,0.12981402984622686,10.793372669323722
2,1492,1377,3967147,3967147,0.24676384024123355,41.06463628821355
3,1579,1458,6572674,6572674,0.36440480095713224,56.1593402154182
22,1331,166,804944,804944,0.16145960076239743,8.370710978572202
17,125,489,3900274,3900274,0.3131225457490211,34.820929003772655
7,1761,1717,20741370,20741370,1.8932292454385613,223.18606978526932
22,447,134,441272,441272,0.19240166462142758,3.8648595217111317
1,941,1913,1821186,1821186,0.09346266898929628,19.517414084297286
3,785,1945,9118170,9118170,0.5178253115130151,97.4705419937219
17,1440,769,10589909,10589909,0.9464122052817294,92.71000238618751
7,1061,198,448678,448678,0.06891730612882593,4.668268464595171
19,1800,1542,45620080,45620080,4.261228221810334,413.63698822191105
8,1081,1868,26478910,26478910,2.3386881596588007,241.97955288208865
3,1375,722,2044714,2044714,0.12244406693033484,20.65613367046674
13,751,1330,22256230,22256230,1.723890825677188,184.68986529628884
16,198,104,185546,185546,0.11272016659695437,1.561707200875493
3,359,1424,4585290,4585290,0.3049367835238097,42.733926924475725
8,954,1154,10443710,10443710,0.6578641248997064,111.03936641224948
4,254,1720,9336170,9336170,0.578088251190402,87.69161667162837
8,1799,1368,15585634,15585634,1.607616977806102,135.3613595216902
14,589,691,6630846,6630846,0.517801323979078,63.78203456727673
9,918,1150,11657560,11657560,0.8742509188271743,117.61501276791189
4,1022,1920,13048330,13048330,0.9526169633404135,140.54501820103144
20,823,982,19159812,19159812,2.021103172414995,208.13082137187286
2,1784,1615,5508775,5508775,0.3311553567290378,45.92190605345195
2,1417,416,767530,767530,0.059258025872678324,7.459139681198433
1,860,1222,1064372,1064372,0.06567555153983962,9.329507047439101
9,855,695,4471640,4471640,0.28526934756200717,37.88300563836222
4,1895,378,1150264,1150264,0.06771637537013718,9.721077612292257
15,609,1525,33525610,33525610,3.9320140085753867,342.73237163972215
9,889,1360,16031690,16031690,1.480123595165401,140.39215616892025
2,2004,1063,3272987,3272987,0.1989947666162252,34.88377944926574
22,739,139,512920,512920,0.19182782826103498,4.659918162809348
9,1889,491,2865486,2865486,0.17831904685097252,28.26919415791947
23,743,1710,65657170,65657170,5.995826656750254,607.1553212137256
2,1356,1306,3492254,3492254,0.14790817643943902,30.723907252567255
8,583,1815,24150400,24150400,1.889559704965134,211.7195476602088
20,1063,51,105172,105172,0.10193588663276831,0.9752782926585132
22,1530,1456,46792938,46792938,3.768752330134533,498.7767335677778
24,274,593,8270581,8270581,0.8152411829747344,73.38422365120934
1,639,1403,911960,911960,0.06571829009349009,8.701465910352098
10,1534,181,576133,576133,0.11414593840553988,5.873294871156747
22,2024,538,7184462,7184462,0.6125365752680993,72.57646308664987
12,1606,487,3401705,3401705,0.29445215162619975,36.97345198591263
18,1696,177,837751,837751,0.17247308311086287,8.367539637681922
6,1238,1850,19432410,19432410,1.494396868372017,174.85438306984278
23,613,381,3439678,3439678,0.37434682052001517,32.97817008693801
13,416,2034,50538808,50538808,9.124710806459804,474.9324968052612
8,1728,1918,29099906,29099906,2.359524950207149,249.26483652312763
20,490,1314,33488614,33488614,2.4398760221171467,325.48044614954483
9,1088,1777,27228981,27228981,2.3729542580996914,288.3556624813854
17,1293,837,12313954,12313954,0.8546910919020481,115.13945868513754
24,355,1219,34651304,34651304,3.039099562741841,329.4786263777668
23,1870,198,1239292,1239292,0.27235951667328145,11.26153865984228
23,69,1965,85147390,85147390,7.296909781197472,840.3110925018054
10,870,499,2685129,2685129,0.268767053435385,24.677384873690215
9,1377,498,2679250,2679250,0.21516816492113397,28.502112521450286
22,756,1474,46787718,46787718,4.036284845169403,401.5048591183845
6,1322,2011,22911333,22911333,2.0655860109709545,222.18763096403805
2,675,140,115790,115790,0.03569225146785603,1.1982924061167477
3,332,634,1022652,1022652,0.07699205175924764,11.134040931523261
19,1291,1006,19544578,19544578,2.033724919480959,205.33451299170486
6,227,1617,13466386,13466386,0.8709398824469515,132.42757693597295
17,835,1910,60016030,60016030,4.297744886605167,525.4743437641511
23,1384,1703,66217759,66217759,7.0766127186971834,635.6360683818775
20,1394,1999,78770605,78770605,8.791589880947967,641.7124340668148
17,139,1270,26017230,26017230,2.2116826971651293,256.7031009803346
24,1836,60,195010,195010,0.14785277402519512,2.0741565901932746
22,1512,884,17775482,17775482,1.7776180945288427,194.17105422655007
17,480,1374,30902644,30902644,3.0874861367412247,283.0987725936016
1,1382,1833,2553379,2553379,0.11660118680824859,22.818928275904213
7,1970,1693,20561495,20561495,1.9613617363754452,170.75682333006864
15,266,260,1022070,1022070,0.15044789140328813,8.85653539222407
21,1272,1677,58431721,58431721,4.4086467112956935,564.7310854265124
19,1005,1543,44450754,44450754,4.539785415956622,416.8930215085664
18,518,534,5139226,5139226,0.4812837044326561,49.49926776391593
22,484,392,3429226,3429226,0.31576663044890707,30.467536737983615
22,757,1279,35361802,35361802,2.8028864775086926,357.56353964818874
4,309,1807,10379418,10379418,0.7954046009278829,92.94119157343287
8,841,1915,27315570,27315570,2.0642575793101745,277.9270169928732
2,1875,2022,7904008,7904008,0.5878065379884243,69.85020412930541
1,610,394,244684,244684,0.024238843124617333,2.6304246773869866
22,723,1309,36971406,36971406,3.351921440343572,390.42812300810454
3,885,911,2477930,2477930,0.10331342286920386,23.117168760874478
19,1031,414,3523978,3523978,0.2770839283700356,36.668230090861826
23,1671,1766,71621906,71621906,5.654729090298356,608.0892197412933
21,1193,786,13317994,13317994,0.988431029192124,131.18061294784223
14,1380,1758,42645574,42645574,3.5859031008765143,404.50098537792707
15,1422,114,346912,346912,0.09846653360378109,3.5200597432757768
11,1850,1708,32368318,32368318,2.7194292790319405,354.22122002626566
1,657,1210,808290,808290,0.053637589320011884,8.832870828098526
24,137,1412,46097574,46097574,3.8983377290778076,440.92320119382697
21,578,1939,76375281,76375281,5.016188517375861,828.8688687857014
12,454,1047,12556681,12556681,1.0333794741592859,125.4863854145435
7,1812,1835,23559575,23559575,2.1041963183432344,238.03033260417047
10,1775,961,10036694,10036694,0.7874134566958102,98.21245950083922
23,427,1592,56490538,56490538,6.063311052219022,587.5926851590644
1,1568,1926,3041164,3041164,0.15580965929208537,30.29541284204378
2,1285,1583,4559050,4559050,0.28401137855503705,41.908052635191815
16,346,1933,56766421,56766421,4.803101083366204,504.54155185264807
15,1308,439,3283291,3283291,0.29503723632600126,27.934150680159053
23,496,302,2166256,2166256,0.3350675214557787,22.708901928747455
6,955,1869,19280614,19280614,1.4764349175756064,167.93221609620701
10,585,298,979536,979536,0.14338342879577812,8.15782293411185
22,436,1402,41933830,41933830,2.98662638297938,459.2586303042834
10,1911,1558,24854784,24854784,1.875385657879062,247.24958174037258
15,1669,795,10195090,10195090,0.8370101834002908,103.90551561905016
11,1614,345,1754335,1754335,0.17955818715444974,16.37213571211486
12,1446,1922,43456430,43456430,2.9206948771560377,392.8370785723568
18,1898,963,17620021,17620021,1.7436862704508713,171.23627403791423
21,1492,1464,45095602,45095602,3.435164920220384,411.7489953549376
16,1219,1353,29143630,29143630,5.301203294881831,302.55625447314134
11,343,117,179488,179488,0.09911596395918203,1.5561501290532846
2,244,1357,2188851,2188851,0.13705218351615017,23.469673761406497
15,1685,1206,22424374,22424374,1.7588210022345043,201.52313289789535
12,1820,1602,31181338,31181338,2.3805193567078535,329.29234585896836
20,929,550,6274960,6274960,0.6000130580801195,61.52328458231492
14,1260,370,2254790,2254790,0.23592341634695865,21.054464898428723
15,928,1230,22352800,22352800,1.8655170526651697,204.26154348393936
22,147,698,10356236,10356236,1.045548711858112,88.90513772362398
6,271,1400,10201810,10201810,0.6902544848405521,97.37650948316266
23,1382,831,16368217,16368217,1.2934330552248587,149.42340163857102
10,1175,818,6999636,6999636,1.0975626042702866,60.50120610413561
2,1800,243,499375,499375,0.05774734815862212,4.723305926753442
19,1156,346,2564908,2564908,0.28465108906258374,27.970745644154928
9,249,1639,21929830,21929830,1.7854920369433533,211.6666115424429
9,603,1635,22402780,22402780,1.9548529437080528,241.15335986107038
15,1079,1440,30620170,30620170,2.6154881783448705,302.08174005910644
3,1156,1641,7304101,7304101,0.5022466095904913,67.70438548860074
23,517,441,4521142,4521142,0.4603193810513719,39.45439213191776
10,1499,2046,40782928,40782928,5.8677674236907365,409.54869373706504
12,1938,830,9204710,9204710,0.7255416308827803,81.19637530640033
22,877,188,913126,913126,0.24040544528191907,9.781253507510089
10,1396,1488,22034314,22034314,1.7203090748441288,221.64434663293724
19,663,829,12944016,12944016,1.111837396621028,127.54927242347765
3,1722,327,781213,781213,0.07281996493624594,6.7842518713503415
18,620,1228,26431482,26431482,2.3228120728225137,239.61269023252964
17,459,1494,36438670,36438670,2.6822039182783746,330.7386932336153
5,1156,404,1125958,1125958,0.08536518132375678,10.241385910231038
5,675,985,4560560,4560560,0.3421992875267893,49.967989494034576
16,620,1466,33184386,33184386,2.4147389981314795,356.79296975287707
5,577,1386,8504506,8504506,0.5834697811466177,86.66282840081884
4,911,277,486422,486422,0.06816100844220792,3.9889951948671794
13,1718,1556,31762638,31762638,2.6595530396467564,334.8269359755139
20,565,1934,72217504,72217504,7.2719890081564005,772.3215264996124
5,186,815,2820725,2820725,0.20946101898253067,30.50951176577537
19,991,1155,25190560,25190560,1.9400539545034692,244.68507374866383
23,1232,1883,80387163,80387163,6.416972438246128,668.7285702707238
24,1046,603,9014257,9014257,0.805818145238344,76.49196561603027
20,363,129,366886,366886,0.1554603191716422,3.090312024640759
6,1114,204,438610,438610,0.060633103119552306,4.505332793768318
19,251,1876,63874058,63874058,5.343994286268591,699.647946188927
22,715,1665,59460490,59460490,5.731186111416023,534.6045715743904
20,2039,2043,83530108,83530108,14.961638121330118,879.0096587603767
1,337,125,43510,43510,0.03656970774906472,0.40273522282106655
12,1986,1050,14235910,14235910,1.5848486221768743,122.43406140266262
24,338,1456,49300170,49300170,3.807848722234391,536.0013808184451
20,690,105,285085,285085,0.14921365054770325,3.042364870587254
23,1360,1742,69187024,69187024,5.8217899737670775,662.1916903981119
14,1476,935,12767435,12767435,1.117312643457379,110.65293672221367
17,774,356,2312942,2312942,0.26062229178886775,20.843053795114614
10,1523,1342,18279392,18279392,1.468313693397441,166.38273995451829
16,259,1306,25956760,25956760,1.9704709206832045,247.7740377394176
18,1483,418,3601916,3601916,0.35189837883771397,31.353310468290914
16,842,102,244606,244606,0.11452239749109612,2.6662566911867747
21,980,896,16962186,16962186,1.46429822054845,179.60386088071536
13,617,1612,32214218,32214218,2.9863918162029788,283.40464250142475
21,717,1299,34719682,34719682,2.725497306622838,304.5900717837182
6,895,2029,22432634,22432634,2.171651759055344,245.8363498777978
21,912,628,8479894,8479894,0.7999351006570012,77.86688998452763
15,132,1904,51051962,51051962,4.942118128811507,427.92480197212916
14,490,576,4609162,4609162,0.3898275868275877,43.367716312765104
22,1203,1857,74710834,74710834,6.3652364770917735,698.1592850728861
6,375,1023,5632648,5632648,0.48876004691245584,52.44818921541564
11,488,326,1228704,1228704,0.16363966716645528,11.686318672241555
10,470,857,7029981,7029981,0.549639255952154,75.6678537314112
22,84,1707,61388851,61388851,4.267844876357358,576.2948500969585
20,1762,1549,48364437,48364437,3.774526597409665,447.7630257418419
12,1684,899,10423915,10423915,0.8331292672231358,98.47870655748117
12,773,707,6060414,6060414,0.5115814759320125,53.31065310698121
23,1568,1842,77594260,77594260,7.423867182986267,727.1885940403326
7,441,551,2073974,2073974,0.16761287313797837,16.89915435628813
4,780,220,319890,319890,0.048890411943617554,3.1630966000882483
3,1959,969,3788800,3788800,0.21405180476816185,36.719102734056655
13,1536,719,7324463,7324463,0.6293496811341424,63.393546956976486
7,1412,1772,21372102,21372102,1.7693135304939474,209.8754521098394
15,1832,1155,20821195,20821195,1.842946023348469,197.1348794140475
21,1499,371,3320460,3320460,0.34327803721945915,31.647631092115823
15,1185,480,3806410,3806410,0.34189290296197844,36.539432783617066
12,1528,760,7531610,7531610,0.6966070471592334,73.95086956655413
13,683,1232,19083690,19083690,1.687206593158166,182.5819598554594
19,141,270,1358110,1358110,0.26024074956599713,11.999016323610384
20,1899,462,4946644,4946644,0.4773672316840682,47.82759113405092
20,850,667,9039861,9039861,0.6490734968042692,78.8673055578368
23,1237,428,4573618,4573618,0.43124991211130537,45.65979703545476
16,1117,1434,32484412,32484412,2.285584751499463,290.89790244330356
20,736,1517,44886523,44886523,3.5337757233917495,469.14030331102333
1,118,1801,232339,232339,0.038881607244212274,2.4867274628166447
13,1451,703,6966740,6966740,0.5170084220355525,57.215802108895545
19,423,168,583978,583978,0.14962565522082732,4.937930555217737
10,1559,914,8961780,8961780,0.7308072187838951,83.27329707939772
15,49,422,2524414,2524414,0.16127611808605608,21.898428035820835
18,1174,560,6004330,6004330,0.46024017554579644,62.46349772829035
23,65,95,207870,207870,0.13732403993646966,1.785947320909745
19,445,78,146494,146494,0.1308150387196976,1.5542520761754162
19,352,1120,23005930,23005930,1.8168998921572104,252.2227467786465
6,787,240,480730,480730,0.09363173447248309,4.10633955090694
7,276,36,18334,18334,0.05641067794322664,0.16714148863289457
19,445,1597,46664350,46664350,3.5741456312698143,473.8182895587541
8,178,1989,28082701,28082701,1.9593271986467444,292.48695005067583
17,1019,1886,58884702,58884702,5.633385053105958,636.2918477544115
4,1854,1761,12592921,12592921,0.9357066484572628,119.56982369114544
10,142,1070,10477450,10477450,0.8304770946709631,88.65624874311203
13,551,1590,31249870,31249870,2.453363326917914,261.1103339215204
14,1422,774,8907202,8907202,0.7835615132683135,87.96295383482857
4,1915,739,3063904,3063904,0.32839717992864664,27.986574596716427
1,482,1790,882480,882480,0.06214371942829679,8.92451805759864
22,1941,107,451550,451550,0.13847674481623565,4.638739366996581
11,909,878,8525390,8525390,0.7340621030525202,86.63560101776147
3,1623,1396,6181498,6181498,0.40911017234554764,52.293037430827276
20,383,1159,26001016,26001016,2.0541896654708744,241.3011109696443
15,1658,584,5757666,5757666,0.5475972518675627,62.56053969831995
19,1713,61,173250,173250,0.09870935063070789,1.6177179100300116
12,1557,49,103792,103792,0.06848058340079326,1.1033652203700917
23,842,251,1605657,1605657,0.2597464497489902,17.211448056526912
14,1776,1422,28846702,28846702,2.6298352287883278,277.8757494615562
5,1711,903,4820224,4820224,0.31842793987412565,50.44382518056625
8,372,1543,17267723,17267723,1.9440340321462106,167.12380959470514
9,1290,1855,29956405,29956405,2.4178193266331207,299.1059470147951
16,683,314,1701576,1701576,0.20975779976828252,17.42214053838089
3,1925,1654,8676894,8676894,0.5757435292013051,86.49336125510952
14,321,1593,33539032,33539032,2.6606126247837034,306.0227523620957
6,1032,1878,19602574,19602574,1.3054034312449552,212.66056734570233
6,1122,2006,22403018,22403018,2.64364352171675,218.36547756818484
10,1508,381,1888627,1888627,0.20105310780810312,19.68868803448591
21,541,599,7518658,7518658,0.7701986102212214,81.02709157187923
16,613,1288,25707202,25707202,2.129838365683447,243.58068729638515
19,1868,594,7477876,7477876,0.5647655217208418,73.94558835049004
23,1541,171,912466,912466,0.24213714549844606,8.642074051160428
24,688,1118,29555458,29555458,2.214145797602283,292.7446650389414
8,1406,1442,16608966,16608966,1.0464968625454432,181.25540684622487
17,1974,1989,67277935,67277935,5.747492558079419,720.3245149587838
10,596,1602,24084478,24084478,1.9861884494332207,207.95098803101175
16,1423,1363,29841532,29841532,2.7390547919641777,292.01453104705826
15,775,129,336184,336184,0.1699232082638617,3.2335360253077305
18,355,213,852862,852862,0.17023952065758732,8.747791978949504
10,912,1141,12780351,12780351,0.9651747522192565,137.91072046121366
4,760,1225,5450035,5450035,0.33801551757465764,54.80664835530895
5,62,1451,8533341,8533341,0.7330702161119412,73.08656193686255
2,1930,1142,3521938,3521938,0.16489806170654328,38.11176425963938
3,1558,1237,5003675,5003675,0.32116299022575,41.782046751275544
24,787,1615,61315100,61315100,5.626328416107656,547.8393488461371
11,1343,864,8643466,8643466,0.6028930795359349,73.30115088824381
1,1652,1137,1890841,1890841,0.1104879985758918,19.388062014874347
15,332,90,145540,145540,0.08894672761344442,1.4134871206302795
5,1558,283,765525,765525,0.09300019164836487,7.672288045894365
12,1568,2041,49067691,49067691,7.126551810340762,492.6802483917065
24,1911,352,3534442,3534442,0.42508531333220134,36.18992379279636
6,760,648,2602378,2602378,0.19224408718265146,23.20200977354123
16,1869,1923,59113030,59113030,4.193077732248145,593.9278368717266
3,102,1700,5975510,5975510,0.4728764509260986,53.782197872903396
24,1244,739,13505235,13505235,1.3855835425665597,112.58180055339231
14,70,984,12679834,12679834,1.5177012507279064,108.21954361918095
4,356,1722,9533002,9533002,0.6095517868626945,90.25418403745714
9,1164,497,2564033,2564033,0.2034233460723702,23.339410283208807
15,1987,1401,30298036,30298036,2.906947522690558,270.8312575121992
21,1798,1706,61329004,61329004,5.492411248393054,571.6023167662123
4,289,1957,12082528,12082528,1.0327776650861522,119.88116433599976
17,1400,654,7776724,7776724,0.7171352858485155,66.32860522016828
2,1753,1584,5304826,5304826,0.3333432068687885,48.33173478969173
8,861,690,3939220,3939220,0.241697624933591,42.067065857250725
21,1198,1431,42713929,42713929,3.807052420492679,382.7172542965127
15,1584,1515,34570795,34570795,3.4964932786860388,360.613169335876
9,247,1160,11073370,11073370,0.8430536814375834,109.81742535646909
9,42,1191,11420509,11420509,0.9480565709109093,122.8139105457646
14,328,1694,37901566,37901566,3.798828483181239,410.32479252688853
6,1507,1682,16707316,16707316,1.0470065022775688,170.9485728171117
16,2018,356,2628714,2628714,0.23203436755661044,21.780285709083675
14,195,113,190754,190754,0.0991819425986245,1.758066250853095
1,1396,1842,2591704,2591704,0.10236061238330646,21.55171683517065
20,960,546,6204754,6204754,0.5207357137423384,55.51626331299273
20,338,74,131286,131286,0.13245227918461153,1.0948469095874063
18,1896,663,8748295,8748295,0.6857692103782361,78.31546941183032
13,1192,275,1241635,1241635,0.14405634707987844,11.163328340039122
4,108,1730,9189770,9189770,0.5934466798254378,84.92625786424433
6,1483,139,304976,304976,0.07570804275089722,3.1689288086748144
13,539,250,890510,890510,0.1574077320124476,9.111962398208401
5,786,1264,7403258,7403258,0.4855533050650384,73.67510531175483
19,397,1093,21969310,21969310,1.5926475767884527,192.31842683972337
8,1681,1921,29095476,29095476,2.305567448512772,256.7155178426721
9,1553,1875,31072510,31072510,2.789873836933805,267.3115503364932
3,552,481,734497,734497,0.05967865321776514,7.715458649268839
1,2033,1146,2342434,2342434,0.09417998188748733,20.274428491411634
23,998,1179,31796461,31796461,2.62167615323962,327.1728222000898
20,846,995,19682105,19682105,1.944800240509312,171.47184694854937
5,1301,1685,13574370,13574370,0.9176162199640927,124.7143112975933
19,1681,1371,36177958,36177958,3.270761888889412,384.6375543012769
5,531,384,799498,799498,0.10711228346432468,8.399532615398927
1,1318,1278,1698472,1698472,0.0736036380665266,15.296482676280942
19,51,1996,71871978,71871978,8.634026968373727,628.3908097211296
10,1037,364,1577222,1577222,0.1943593815238682,15.192569375069322
19,1969,1744,58232170,58232170,4.29797194921377,621.9808133468681
22,1408,1355,40507735,40507735,3.705181638277323,411.6811452646532
22,541,165,666280,666280,0.20697545965640904,6.170136366076167
1,1074,852,924430,924430,0.06031011740623299,7.855120247521848
14,1406,533,4455357,4455357,0.3529740097236913,37.32580218095273
21,592,1017,21319381,21319381,3.511118450153467,197.6071660720895
2,321,590,544580,544580,0.06163861990418428,5.528548824227112
8,1682,2024,32116842,32116842,2.777841812840924,300.078167858924
10,585,1286,15662204,15662204,1.0138861291711927,144.3115393207854
10,959,1248,15239338,15239338,1.1206879307809186,156.79264628679906
12,1367,338,1726176,1726176,0.22653143417209679,17.01445122491184
9,938,1691,24494145,24494145,2.4352855226995347,254.26075356621214
1,742,1391,1047433,1047433,0.07330858768241744,8.997317127150977
17,112,119,243127,243127,0.10134757946130617,2.063269081234749
24,989,781,14828076,14828076,1.5170574392442746,157.5017798094846
5,1695,259,711224,711224,0.1053420788154399,7.587279651801483
18,1017,1577,43925768,43925768,4.567905872687601,465.35972963374684
4,1760,92,188610,188610,0.04591123851062191,1.8201434804002057
7,1033,671,3406006,3406006,0.17363194814882899,35.58658916563484
6,1564,235,647435,647435,0.08362986703591892,6.405738471973008
9,253,688,3973898,3973898,0.2163975107258196,36.4069560201409
22,1886,775,14099585,14099585,1.5630640098832365,116.76683904308716
6,815,1818,18036388,18036388,1.4048464594251195,189.21468823900233
23,205,545,6664270,6664270,0.7091532840724467,73.07292097733014
21,1066,493,5401811,5401811,0.4326313504324204,50.364503913127635
2,1633,1241,3581536,3581536,0.18858474552432158,32.60020766230136
11,1189,105,237310,237310,0.07709791708192087,2.437076988526691
4,1095,1505,8464130,8464130,0.5725769005569559,75.52022132170089
18,478,1664,47913226,47913226,3.887698625216669,412.22990720302874
8,526,818,5128870,5128870,0.3706605612152684,53.142977072610876
24,380,2027,95339955,95339955,14.847201263322074,1030.6756947630938
7,1417,325,1099810,1099810,0.14443268066943232,11.355357392060403
15,1328,483,3919555,3919555,0.3144753566387738,36.220214621419764
18,2042,597,7294753,7294753,0.6622709678086245,70.74346325625406
12,89,1988,43694262,43694262,3.778750024275312,435.4164858969993
21,1165,1237,32082842,32082842,3.0519691642020237,335.2818558040646
9,201,442,1660162,1660162,0.18527999053927052,17.282892068790424
5,870,310,658760,658760,0.07428538597294768,5.650227668896119
18,2006,497,5210061,5210061,0.4301374560199479,47.629114189300765
23,724,1268,36332014,36332014,3.260025415435807,336.06197422451015
20,422,1803,62580337,62580337,5.7802110532658,672.911062724586
3,529,285,316930,316930,0.05836939625792562,2.9484145314325474
14,1616,1939,52056343,52056343,4.757606768998309,537.8095489698677
10,668,1720,27808970,27808970,2.454011902114607,246.305259562019
18,1220,1767,55284139,55284139,3.6932343134717565,603.7889205716823
19,2038,294,2163556,2163556,0.22611268289240705,21.813418025954306
5,1526,355,1051165,1051165,0.08856906863521681,9.373937758239325
17,388,240,1021210,1021210,0.16231946300508962,8.757939428356178
12,262,150,290110,290110,0.08985426404165561,2.6520156986615735
19,1893,506,5581190,5581190,0.5255980765394248,45.25461916448462
22,1932,1977,85961947,85961947,7.192562971221467,769.7227657180774
1,462,523,247389,247389,0.024094673916530876,2.6444071318643907
1,1676,339,571903,571903,0.03359195533281392,5.902859284212938
9,212,164,253062,253062,0.07020242398380076,2.392137137370494
6,1889,68,152670,152670,0.052922633141984456,1.3908170389210448
9,1465,451,2296502,2296502,0.1372222781537905,22.532844394491065
3,837,994,2820982,2820982,0.12803809736875296,25.755971526942517
8,1310,986,8114790,8114790,0.6068686591595129,84.85826703018101
10,190,446,1883914,1883914,0.15641347258266916,17.85792859634687
11,1177,1218,16294414,16294414,1.438040072781639,155.67676576700185
21,1897,1037,23506726,23506726,2.3023670487644745,197.4651447233226
21,954,878,16282520,16282520,1.4692120114681337,168.45169945286875
12,197,1762,34536972,34536972,2.657699629692871,361.9682492469066
12,244,237,680911,680911,0.13224560620992548,7.20548145661932
15,405,1271,23162714,23162714,1.8605180134115524,204.97098715551311
7,53,466,1335566,1335566,0.15399210192873616,12.743911259701186
7,820,752,4022458,4022458,0.2780486136950504,43.75729241168535
9,2025,1539,22093894,22093894,2.2605603753293555,221.55865179693447
18,82,828,11746018,11746018,0.9893996055208211,99.88949043969785
23,476,1095,26935915,26935915,2.2774356335060064,284.1699276675461
12,1705,1783,38049230,38049230,2.8443852527936344,392.52941191515924
22,1963,289,2330506,2330506,0.29523506156105045,19.699827350053386
20,1788,1752,61505722,61505722,5.7782654482292575,623.1229049736098
14,475,1963,51073344,51073344,7.663896299354251,493.4397980897223
15,469,1111,17829338,17829338,1.3113600673466863,156.260117982788
22,818,988,21338834,21338834,2.2502719436953402,204.93783205100556
22,1003,231,1359676,1359676,0.2985767510765923,13.548087482916914
20,731,461,4388730,4388730,0.4137717446358707,39.145114913601205
16,1320,1547,37980407,37980407,3.742413683878277,394.98160542762474
1,511,1466,765262,765262,0.05667581673129218,8.178297350097461
2,1386,1976,6667034,6667034,0.370019602470261,62.50203909027143
17,360,1099,19750139,19750139,1.6853711409733672,205.6454808718291
6,1156,161,318307,318307,0.06876596056983471,3.4542051968861434
21,1992,610,8676040,8676040,0.6738412709864352,77.14608898243853
23,1748,766,14272888,14272888,1.3556018664174765,156.31359428856578
16,268,365,2105695,2105695,0.24165746901063148,22.330131383339936
12,891,49,71158,71158,0.08405873488354057,0.7034153212692533
10,1171,1221,14871790,14871790,1.3231747798058955,153.67414760751828
15,1022,1097,17996295,17996295,1.350042775299634,153.34770485959802
13,1884,1799,42267515,42267515,3.4836319382339447,374.103832316577
2,526,707,880225,880225,0.07597873330424165,8.255998937860586
11,579,1709,30232220,30232220,2.7242756191189943,286.0336473319495
21,480,70,133780,133780,0.10778605128862145,1.3279454179820027
10,41,1182,12646228,12646228,0.8741291556555542,132.42280021463756
1,1536,430,665220,665220,0.03373277159202405,6.878244672788867
19,2031,1733,57629192,57629192,4.990264432520779,544.822676673284
9,353,490,2103090,2103090,0.16008922272165413,20.40838128914871
16,1816,96,315082,315082,0.09019806511944668,3.2933804762890584
17,1583,1994,66826926,66826926,8.992943733501955,670.3108625426127
3,793,1005,2830090,2830090,0.18115645727889404,27.21246560039167
23,1809,1349,42520490,42520490,4.35434262233709,394.98955277458055
18,1901,1025,19837860,19837860,3.4112615450805426,173.36059804032135
17,963,1206,24464926,24464926,2.266433783281438,253.82022237769303
22,861,1246,33715524,33715524,2.620179517942603,346.19185075147
8,693,1556,18054278,18054278,1.7070095817095066,164.69914065806188
15,1401,474,3821398,3821398,0.3533007646418523,40.210635112395394
1,876,1398,1240036,1240036,0.08400599474851551,10.896210189183053
10,531,505,2573490,2573490,0.20390037499542105,27.594166257811484
13,373,37,31090,31090,0.0955136518019897,0.2655376492141175
8,1071,1284,12938878,12938878,0.9928799647761132,107.63537696149359
1,382,732,287686,287686,0.035215055373016294,2.956709769406251
1,161,2045,351750,351750,0.04121437603985617,3.118848088381264
2,1219,865,1813050,1813050,0.13227598182278302,14.781576575323824
4,1652,1764,12273922,12273922,0.8868530150589873,125.0540009617035
8,930,1368,14396842,14396842,1.3997946282911058,127.96020378172236
8,1401,1487,17588246,17588246,1.2399425280557403,187.3654199382349
2,476,1004,1497978,1497978,0.0789221747784949,15.321433190834371
5,1747,1807,16244940,16244940,1.4479952706472417,161.53141073703767
11,1311,368,1844426,1844426,0.17523627234884162,17.42460072231459
11,1639,1549,26565360,26565360,2.7492777833879964,221.83664825362547
1,1383,1972,2748978,2748978,0.11985422411424271,26.990745674295237
14,212,165,392875,392875,0.11874225891389022,3.879625230090118
18,957,1346,32124992,32124992,2.6983229357395246,306.5607163374443
7,870,1914,23678104,23678104,1.5825278867498365,239.54688300176625
15,1182,269,1337747,1337747,0.15897203434150445,11.365658436168097
1,598,224,136426,136426,0.022116744804356346,1.4201324717746646
8,1675,533,2891002,2891002,0.16373369333122467,24.719141729645052
14,149,510,3469540,3469540,0.2689331646144159,33.28402952304856
17,1221,1419,33987898,33987898,2.381792552773982,288.5625050531363
13,855,1755,38501200,38501200,3.2754314803087947,344.2474954315589
5,998,1962,17385292,17385292,1.5398571325597699,165.20959973454347
5,1102,1903,16611297,16611297,1.653044547090897,178.44022842355875
8,1708,723,4907011,4907011,0.36721569369557294,45.88579342676039
24,1756,1120,30856010,30856010,2.7137024461529333,272.04989976218667
17,1952,929,15647157,15647157,1.2192928728189005,170.52976425797968
2,1708,1785,6256435,6256435,0.3409944222941746,56.02528442486185
21,93,1863,69646402,69646402,6.244109563395669,740.0735285307909
19,424,426,3459556,3459556,0.325711915712288,31.21253094522819
6,1497,1286,10214708,10214708,0.6634041685378945,111.57217445823271
18,443,32,32490,32490,0.10910226306568697,0.3307638174499071
6,1634,204,544690,544690,0.06903374080266178,5.545048210604081
12,1573,309,1543156,1543156,0.16357461307266014,14.305147987086567
19,1573,1152,25733386,25733386,2.075192979746418,217.2120910763213
9,1226,816,6342778,6342778,0.42518317081342044,55.94121752710996
5,328,1574,10449796,10449796,0.7484135052404542,101.16374012264386
6,928,1963,21119927,21119927,1.2935962022982783,214.33071282208135
20,906,1590,49522150,49522150,4.417950538441436,497.4215152074286
24,1632,1930,88888090,88888090,9.317857719660845,845.6078000540373
24,423,448,4820938,4820938,0.49185367661968266,39.29973527033828
5,565,1226,6723394,6723394,0.4138949926623427,67.20389947813612
5,1687,1269,8601292,8601292,0.5689164956583167,75.43079806608682
15,1341,1148,20018834,20018834,1.52456569755984,197.49340531696967
4,1288,129,217891,217891,0.056329407028492276,1.9786755090028811
24,1185,696,11990002,11990002,1.091776838396942,110.27529644911998
23,605,602,8356974,8356974,0.7034988025086866,70.41450107193617
3,663,231,262888,262888,0.053792665153450846,2.656202590955736
17,1209,461,3970142,3970142,0.3465940633920343,39.46768856503444
1,261,1520,413450,413450,0.042471121505132825,4.092699955916917
14,1284,573,5017771,5017771,0.31956535302850864,52.01193331809773
17,1547,260,1490850,1490850,0.1823078169432056,13.85554078021499
18,435,2045,72041270,72041270,9.356235088115458,726.8515355682019
7,193,1891,21852406,21852406,1.7738327613513536,198.33164798730212
18,1172,1244,27800922,27800922,2.682453024069475,226.7921044662674
17,395,173,551880,551880,0.17500095242905525,5.190127922288685
12,1357,268,1159646,1159646,0.14660035477316444,12.133513060235575
21,1058,1627,54714393,54714393,4.643314451690355,522.425742876069
10,189,1504,20672490,20672490,1.625256714158017,211.9067203148825
20,1802,1684,56966362,56966362,4.161538539341592,596.7160445150255
5,1851,448,1638794,1638794,0.10951434241274005,14.184168387027265
6,1702,471,1918393,1918393,0.12226300637215996,20.813390553227393
6,476,2006,21107142,21107142,1.6820696345440727,216.45265246566572
24,1546,379,3902573,3902573,0.4394281197951565,35.31650909795169
1,56,236,15822,15822,0.017652861379707716,0.1581383449215136
7,559,1208,9451402,9451402,0.7277639335499207,96.40298611198556
22,367,757,12336082,12336082,1.1473251212028284,130.4896401468554
24,489,1015,24226030,24226030,3.5333119728417826,241.4456184085662
4,1884,375,1133635,1133635,0.14381401581968323,10.748852941274464
14,316,1297,22309707,22309707,2.3220121525251143,187.2508568854352
14,306,1227,19976797,19976797,2.148048022511709,200.20618891872266
17,1128,1192,24110594,24110594,2.2278829557597777,214.7604244992739
22,1108,163,743779,743779,0.21453005176739554,7.027021037512792
22,811,612,8381350,8381350,0.8056490793521383,81.37935332080114
5,852,648,2241442,2241442,0.15461652834158854,19.03126717745743
5,1589,398,1272018,1272018,0.10568722889907525,10.867287767778176
16,1879,519,5029120,5029120,0.34172480113404313,52.68766150309536
14,1188,712,7453226,7453226,0.5582275219004373,74.2842102122393
21,1862,554,7187052,7187052,0.6101125258448571,62.620836226244144
2,1683,1624,5390066,5390066,0.3591118795512212,49.161941357265796
4,1748,1863,13694923,13694923,1.0877489454298535,147.8340809094354
10,248,613,3546215,3546215,0.2865916745814947,28.931502235741664
12,88,828,7632514,7632514,0.7504717972311107,76.70426998177491
10,760,201,520399,520399,0.09304829043805887,4.94489922358493
4,316,1040,3588010,3588010,0.2194911136244108,30.78241564115724
1,1868,837,1572733,1572733,0.1180415317935392,16.404379957639712
15,556,1377,27345853,27345853,2.5825031195740182,228.79635756397806
21,183,1888,71694922,71694922,6.11614819400981,731.931233992065
5,534,1667,12030749,12030749,1.9151010649122167,101.24078828248702
17,1584,571,6136547,6136547,0.6140138133215558,65.42360016678926
15,620,460,3259110,3259110,0.33583470474905924,35.19048291133839
15,1973,1184,21991626,21991626,2.010850545336214,223.8328599653297
24,1374,1730,71272550,71272550,6.72975163036907,622.4319542836189
5,639,1145,5992940,5992940,0.4781254245222946,59.2781715160425
2,1810,572,1369378,1369378,0.06188208993275465,12.898669941319238
18,1376,463,4294335,4294335,0.41895085903419615,42.29726510225906
24,1139,879,18801820,18801820,1.6321218228589878,176.14130795236042
4,1967,2018,16214640,16214640,1.556336402516346,165.20465521686785
6,468,1999,20947531,20947531,2.2435945401890045,213.75630255712773
1,1010,2018,2060388,2060388,0.10620676288919167,18.509555912056953
3,1274,1057,3594867,3594867,0.205721178734551,34.2133375915135
18,62,1226,25662642,25662642,2.749492560110943,255.63471175699115
6,1491,644,3044198,3044198,0.23737730081832217,27.799648622601556
6,75,594,1818244,1818244,0.16714962604778305,15.061654329976662
9,273,763,4880158,4880158,0.41139316823732813,52.26997047307389
19,640,857,13793425,13793425,1.1374546600122042,136.81950726498053
20,1644,614,8190770,8190770,0.7950660778261516,72.12592395397296
7,1280,695,3799575,3799575,0.23084950345140134,32.8068382232688
7,847,1004,6915562,6915562,0.5176268884791476,64.49506147097382
1,95,1504,159434,159434,0.04685123656815878,1.499612630495125
11,1484,1548,26292790,26292790,1.9853967853028436,284.7878916975072
17,349,131,323842,323842,0.13790594215542987,2.9740699804913406
1,1238,242,302268,302268,0.026049378849266325,3.2230811659126095
22,1012,1546,51806470,51806470,5.381657233160067,551.2638418344054
17,1455,1804,54744194,54744194,5.3075776152023,529.1948961412011
2,1159,1420,3679230,3679230,0.27853280371785,38.65558623781859
8,282,559,2355077,2355077,0.24230865667359644,23.24582609804046
24,850,1350,43110910,43110910,4.062597408600223,466.06105634426973
4,208,470,767050,767050,0.08135116755413185,6.392415916458876
19,275,70,109490,109490,0.11378056150591545,1.1125010110421896
16,679,1170,21358360,21358360,1.8853479014641885,207.68990311099074
14,1857,440,3344450,3344450,0.30078078910925243,32.04947136724263
10,910,1952,36108106,36108106,3.3339382525177275,332.26823103551357
9,524,1708,24265566,24265566,1.969931501587799,213.42260527328182
20,911,949,18004438,18004438,1.5544705980181517,155.11429076047025
22,423,1981,83312946,83312946,6.880818973256616,821.2655935583163
16,126,220,759450,759450,0.1636610687778119,6.795611956737437
1,1305,482,634322,634322,0.04156254394993435,6.744838813329328
15,1476,1720,43999330,43999330,3.3800118342267496,404.0990991065746
9,1378,240,796090,796090,0.128255177882546,8.540025204189197
22,160,1804,68689114,68689114,4.961836944182939,606.3827041742519
23,1387,1648,62090058,62090058,5.099099749090293,667.1316546075478
11,682,1324,18460542,18460542,1.5606879995793619,192.3367987498771
6,1471,744,3874018,3874018,0.4244151666556969,41.41262315669541
10,949,1429,19763080,19763080,1.992867748452361,173.97049454646282
14,920,2016,54738442,54738442,4.669071025204569,471.8347285470975
13,1003,793,8359816,8359816,1.997971908643757,87.13280136280596
2,1482,1773,5792401,5792401,0.41249311587172094,48.94673972992409
17,539,1084,19414450,19414450,2.0201752296442215,207.86979685171366
1,442,503,227869,227869,0.03324793590387672,1.932419468301815
6,357,794,3448352,3448352,0.27717625668078305,29.529287658211164
5,715,1055,5222260,5222260,0.2595225090937829,42.859584417218855
12,1671,1667,33390020,33390020,3.416877222813189,285.25248279044814
16,451,1967,58974604,58974604,4.628539273020788,621.9743601052286
2,1044,1933,5777747,5777747,0.4252051887382087,49.09914636331611
2,1259,905,1969290,1969290,0.06927163014974069,19.05913532654727
3,1607,547,1484568,1484568,0.0798255310639961,16.089732249796928
16,837,870,12104320,12104320,0.9480457360120835,132.57674686037507
16,622,1715,45229705,45229705,3.700653242663584,405.55387719662133
10,766,206,543850,543850,0.09507940325313524,5.885600489312634
21,222,444,4055062,4055062,0.32947664621931483,33.27507487117454
2,1632,1759,5985887,5985887,0.32853015641394073,53.01515386277292
24,1635,467,5795480,5795480,0.5879099034229435,51.54364335727119
19,811,486,4659778,4659778,0.4584908113445949,49.69518283328492
16,544,1159,20809855,20809855,1.9087011655470452,174.71136770997975
12,1358,1303,20474049,20474049,1.692159425034541,168.15162831152634
23,65,1465,47360530,47360530,3.9637194698705907,466.6313623208381
23,1566,1692,65688526,65688526,7.944027857057223,551.335248832512
24,420,1783,73928539,73928539,6.961800978045975,629.3154420656622
17,2005,1292,29333578,29333578,2.5232631755696113,320.9206438184926
12,901,208,667898,667898,0.1384030440007133,6.533861695406178
24,770,574,8039454,8039454,0.8054774962911778,87.16858618607797
9,1853,1760,28075530,28075530,2.581932727880061,291.3064009058008
15,1170,279,1423189,1423189,0.21974905796754096,15.020577699899166
2,1001,329,441528,441528,0.03936385462630421,3.7913273246969332
12,284,1484,24678930,24678930,1.7555566393510853,225.5607797507421
15,516,1301,24400265,24400265,1.9752289914096668,205.35661532146767
10,232,737,5074255,5074255,0.3887871450931909,51.24307480754896
22,818,107,331389,331389,0.1477396009321457,3.275484866915064
9,1696,1799,28976503,28976503,2.347566245700762,256.531052170848
24,937,2038,97508120,97508120,13.099545537180886,899.0459784257162
13,1105,534,4024234,4024234,0.45704128414181594,33.911595140994606
13,105,487,2908374,2908374,0.2720459664203841,29.03721102418622
3,1559,968,3395754,3395754,0.18552954804995925,36.909589819915745
23,51,1496,49362026,49362026,4.484031174825743,496.30246378127293
10,826,1524,22192498,22192498,1.7848493024627217,227.85076729527074
8,1160,424,1757914,1757914,0.15421591442057223,18.22125176363779
15,484,495,3682315,3682315,0.276396597724405,34.72075215453568
13,402,1081,14482167,14482167,1.2377147051471673,130.33118727293578
11,539,1551,24924580,24924580,2.9684609521192944,225.270336791723
21,1546,651,9502657,9502657,0.7210496146403629,81.57396994733278
1,1497,1049,1581902,1581902,0.1127556699943813,13.699896305976813
9,604,1677,23543413,23543413,1.6818969752303845,237.14067126636414
22,1451,247,1647500,1647500,0.2592361900249381,15.469955076378136
16,115,1011,15474376,15474376,1.7071603425248387,166.44599974452703
11,809,546,3434350,3434350,0.31732736818978574,35.9373852340198
8,1210,780,5216650,5216650,0.3329893108667603,49.719642004773064
20,1557,1783,63232322,63232322,4.635578547538191,560.6993819982795
15,1013,752,8697642,8697642,0.7654443056810891,93.00209194874952
21,1100,1114,26079864,26079864,4.578066267652235,278.6357518883197
22,349,1570,52361080,52361080,4.6581432318139475,459.0725695549144
13,239,1208,17827674,17827674,3.1958963197865873,190.4599894914013
2,1208,1701,4968631,4968631,0.25925804965164806,43.4794230211252
22,597,976,20618010,20618010,1.7533518444614875,225.02219685505204
19,579,882,14538898,14538898,1.1469143816599563,156.79001742818275
12,849,1168,16023802,16023802,2.2281779103246793,150.43298053751118
3,1901,1163,4931130,4931130,0.2998439184138942,49.698273266011675
24,201,1157,31060832,31060832,2.492459122277594,266.5616703429868
5,2046,389,1407023,1407023,0.12958683749193217,12.335100313455346
7,354,362,920576,920576,0.09092024447470501,8.817880487103228
6,1194,1311,10179925,10179925,0.71931958947946,105.91590551502358
1,1144,327,377695,377695,0.028794812293639938,3.9367676970944285
21,1224,546,6647560,6647560,0.6172923165400247,62.757903944704246
15,49,290,1198870,1198870,0.21205670490599945,11.584473213892247
15,422,1119,18030457,18030457,1.3855926231155815,166.057260968459
15,1635,1623,39571996,39571996,2.99995542718486,372.28720626516105
15,408,1644,38550166,38550166,6.478845457258692,341.3244594573362
24,1012,1313,41024695,41024695,3.9641353921004363,385.44393597998624
24,394,1435,47976365,47976365,8.32208001355639,466.98131693959886
2,1759,734,1838680,1838680,0.1257436085218494,16.02442642774708
2,1605,1305,3813220,3813220,0.24003363081090784,32.74754481247541
11,623,1703,30098832,30098832,3.2130911027649827,245.0070078386229
9,2010,328,1526194,1526194,0.1476411488362842,13.65374812301631
3,534,286,320044,320044,0.06042145934558599,3.3580740584853275
15,1004,487,3821499,3821499,0.3423487265785731,31.45903873393726
17,906,2012,66647510,66647510,8.632127382669015,662.2926028206257
3,442,950,2237260,2237260,0.18370390880379,23.81239058464912
16,1961,417,3436924,3436924,0.3450164492041224,34.52859419013635
10,1617,461,2667356,2667356,0.22412597584006458,28.186423401306943
20,1297,1366,37265856,37265856,2.9468717403238958,364.26824664286073
19,370,312,1876690,1876690,0.22214897656603785,16.45777765152796
22,1049,1227,32942506,32942506,2.72282408375214,299.73352573308745
11,1137,1809,34819642,34819642,2.4173933940435894,351.95424462639545
15,646,699,7309453,7309453,0.575225105081674,64.28502226664764
16,1065,1510,35848920,35848920,3.0823803701634542,372.8373849399094
12,1594,531,3959677,3959677,0.32892825772844475,40.19806183057608
13,2019,554,4814270,4814270,0.4638605289398336,48.15333980474603
5,1207,555,1910320,1910320,0.1330740709914754,15.59065582902718
18,41,1137,22055536,22055536,1.7243112467777661,206.9432210698602
8,1167,1595,19698260,19698260,1.3939285532757275,187.41037164808344
24,1563,285,2323330,2323330,0.26128634627338404,21.704081345167058
20,484,1383,37051963,37051963,2.9289258395948816,390.8543576844006
20,1792,508,5828802,5828802,0.5003107677073757,60.8661598168557
6,540,786,3526006,3526006,0.2732297877950104,35.533682385037665
22,892,1563,52746571,52746571,4.753230290742835,440.5574930239791
11,621,891,8510842,8510842,0.5831264196634197,93.12334477816118
15,401,36,33490,33490,0.10068893526116243,0.35591189399064366
7,282,1028,6648086,6648086,0.474747857377491,57.90816706367503
21,1619,1209,31228480,31228480,2.4232565174976655,310.8188020449668
7,160,496,1563898,1563898,0.09800902024388101,16.961379692763288
23,343,1505,50396440,50396440,3.815029829313005,452.5139462237815
15,658,1699,41572841,41572841,3.815387916468088,362.4211502429154
13,418,690,6017500,6017500,0.4589824869129794,57.11950306622673
20,1538,372,3212602,3212602,0.28418322470359864,34.99609229155578
8,1695,989,8541014,8541014,0.5985716346811123,87.07066796688031
2,1438,1497,4411669,4411669,0.2995852406113121,44.41174242664553
2,97,1224,1631602,1631602,0.0875475617919465,15.324443919043249
6,1575,1124,8105174,8105174,0.6226427010017662,84.59114220560573
5,633,913,3925910,3925910,0.27486604385145874,31.99285455252619
14,2044,381,2675011,2675011,0.3011603679948703,25.75865557662581
24,493,1520,53940250,53940250,4.658172257485614,490.58657750373084
12,1058,910,10091910,10091910,0.7208915488808406,89.67899252117168
22,1773,529,6831516,6831516,0.7042296894723478,72.62932087124106
23,1925,1234,35916814,35916814,2.8016586000960433,368.6429517501144
14,1568,395,2657175,2657175,0.257918883291997,24.485487460569477
21,950,613,8116743,8116743,0.7137737507625872,81.09605252370606
14,318,904,10932986,10932986,0.9103574843790212,115.56408921714602
23,148,191,837163,837163,0.2382606851687015,8.78991572714471
12,1937,412,2674302,2674302,0.2548054551796818,27.274922720317456
14,537,2004,53332462,53332462,5.394785941140745,511.5217219119815
13,1729,61,151534,151534,0.08765108113001921,1.5936501822189026
24,1811,1344,44025418,44025418,3.2100328391916095,475.25911523739205
4,754,1406,7010326,7010326,0.4958685248127319,71.78956169908149
7,588,1733,19068209,19068209,1.406060312724548,182.13234276855616
20,442,1143,25362037,25362037,2.3378056473323414,275.00505493712376
8,1129,1936,28457274,28457274,2.078294863620244,236.95043945597962
10,1185,944,9157754,9157754,0.7033549293328668,79.44747571548957
22,1552,321,2672335,2672335,0.40913206611915226,27.48240842542967
19,1763,1601,49006620,49006620,3.44253874264705,414.6679168609876
9,1685,1605,23343130,23343130,1.5642790636121628,247.63091335596147
2,169,1699,3194130,3194130,0.13630375567734454,28.968010307184166
9,1153,1952,32770186,32770186,2.8800654712436455,290.7829072680404
12,896,315,1380655,1380655,0.1828205188306951,11.991808168958517
23,1790,1813,75618427,75618427,6.053969961736541,737.820397693945
7,894,983,6693257,6693257,0.4193889729773594,68.24448819392806
13,1242,657,6010903,6010903,0.43624675038875305,63.016640346726
20,275,466,4268104,4268104,0.3612950594163807,43.64165842803052
18,1499,121,433674,433674,0.11617599989985974,4.428112979330007
16,777,1263,24941734,24941734,2.087875519624529,253.93366220047636
15,570,721,7706779,7706779,0.600057356073286,70.75349850839514
17,1066,1678,46885008,46885008,3.9364549066605754,461.40665629868136
4,504,212,244658,244658,0.052391529445933366,2.5815959312157855
11,1238,879,8833081,8833081,0.6534200753792422,76.74613372313434
17,157,1737,48594322,48594322,3.2309461116388185,434.6792629684882
11,1710,403,2321693,2321693,0.19565745647262137,19.2045856369767
7,971,1682,18636570,18636570,1.5959044541684477,158.71197782541603
1,111,1935,236080,236080,0.047286611369063015,2.1469595973526543
9,1464,1447,18896383,18896383,1.6394401083760977,183.26018489768575
4,1206,830,3079310,3079310,0.16180104448328483,28.691224642656938
21,1179,114,397870,397870,0.14405107931101108,3.2497847906824804
13,1190,129,356179,356179,0.11855194577667706,3.504342262035133
10,1007,1425,19739110,19739110,1.4672623207701578,194.8076873269204
18,378,792,10985050,10985050,1.0947900394810355,114.028852204659
15,813,675,6944410,6944410,0.7589009843843644,62.14174993760985
2,381,1189,1881008,1881008,0.1228553798274177,20.522240474825068
23,1227,832,16277258,16277258,1.2617785746418628,165.99075660038486
11,416,881,8146617,8146617,1.795960893857508,77.82568252259996
20,1099,287,1889044,1889044,0.328650656133539,16.19542631191053
23,1049,745,13016650,13016650,1.2593595280697933,130.92651317122247
10,280,332,1091626,1091626,0.12149470132987512,10.472547487716488
22,2002,1456,47480170,47480170,4.363435351726861,480.11123041175586
12,1126,784,7661258,7661258,0.6114311737539839,74.96445672149484
17,1444,195,895255,895255,0.17923122240576767,7.742435028883392
8,1207,716,4465702,4465702,0.2943915684661595,43.24117500766917
9,1900,2028,36794014,36794014,5.110373999552905,371.5164687197224
3,828,1693,7156321,7156321,0.5033983612849057,64.15458470885362
11,1080,1791,34048711,34048711,3.195478022518922,369.44471474401223
3,1477,573,1510438,1510438,0.16149790340823236,14.402675706345253
9,1771,1106,11765638,11765638,0.7897516162073922,122.75798210599835
13,1833,239,1129046,1129046,0.13770490717815725,9.613254172550029
22,794,1268,34811682,34811682,3.219533693218637,345.19370305124704
18,1150,71,169345,169345,0.10279436806420271,1.4552990288085703
17,1295,1171,23487928,23487928,2.1062030871601154,196.77003988009872
14,113,1429,26742316,26742316,2.441808802028052,287.9630584437626
15,1405,311,1798834,1798834,0.24285633402851783,15.049353833451379
11,710,1416,21085666,21085666,2.0003700130604853,171.43177581929578
1,927,1022,958646,958646,0.07632674028705189,9.412300281866681
13,214,846,8789104,8789104,0.755242934090042,78.84919325942451
9,956,1212,12933262,12933262,1.0886092904384954,109.2302290881399
7,1459,1059,8291980,8291980,0.6056825977354523,82.41193757979644
23,1800,330,3000700,3000700,0.40943683670280445,28.292478374571584
8,1703,880,6935290,6935290,0.4532962869277709,64.38840836183752
5,923,1889,16045176,16045176,1.1947636699225692,134.4438716109241
23,380,831,15535555,15535555,1.3346210521549342,135.8547847667645
2,1444,2017,7005051,7005051,0.417742954616547,70.58767088589731
8,865,1448,15955522,15955522,1.402187951952484,138.95988466880792
1,1616,964,1568438,1568438,0.09799194838682425,13.948901117052772
11,1957,1992,43620826,43620826,3.6184241525094993,445.99296324651374
18,1625,1695,51643270,51643270,4.733819529867185,486.46996504612923
17,793,1569,40674766,40674766,3.352834579875912,340.8606495503504
16,1982,1170,22882870,22882870,2.0445354916394067,234.15923362029403
23,1062,704,11674442,11674442,0.9481770781484007,96.60523524525777
18,247,1662,47415208,47415208,4.005475488210834,519.6135803319519
14,588,925,11689235,11689235,1.0191376347073344,108.42146993053899
16,1924,583,6235195,6235195,0.5883852105130448,58.317482520917316
16,652,1439,32036467,32036467,2.6506996986261266,280.80689032085985
21,926,1149,27503623,27503623,2.7369033823507287,231.53880036621453
6,226,159,164893,164893,0.08805753604953728,1.56902763638233
9,771,180,401410,401410,0.07876516961868392,3.3464043193171413
1,914,1843,1704785,1704785,0.09541665487048154,14.781000849447715
19,1749,990,19402030,19402030,1.7334023399019256,209.83148966538337
9,595,914,7244374,7244374,0.6072054365260964,60.57158985298366
12,177,1435,22937050,22937050,2.0498567932777925,216.83055352630504
19,697,872,14319994,14319994,1.221067133960985,150.8563342926618
11,761,857,8014674,8014674,0.8091054006507038,73.80091640789338
9,1416,132,328822,328822,0.08377693358686016,3.269749789925388
20,1980,107,432611,432611,0.1334085631558033,4.615137626813621
1,245,1740,445450,445450,0.04494121358750393,4.003248524423809
18,1990,1621,47941085,47941085,3.6795179039851837,447.7193988997669
10,1659,1298,17342588,17342588,1.4954723095138627,175.74156228944793
5,1543,1437,10498732,10498732,0.7375643976546404,107.43223766182041
9,321,1402,16201522,16201522,1.457909295186422,154.39853600801166
6,463,300,593710,593710,0.08050984956897064,6.482727574375371
17,88,254,1061476,1061476,0.16036640409572975,10.583705098797118
2,811,1826,4837084,4837084,0.291401954856771,45.65902221676221
23,149,627,8762962,8762962,0.728971304738471,86.37964000038538
16,1805,129,485824,485824,0.15344553956957296,4.246165082625857
8,1226,308,1047210,1047210,0.0991592656771474,11.221041370362109
18,555,794,11180324,11180324,0.8521200477192248,108.71295766023702
6,236,1761,15949387,15949387,1.0461452566190714,136.1794842271478
11,497,1851,35220838,35220838,5.545765487446782,316.12851103059245
1,1351,281,382732,382732,0.05435981342174167,3.6527603341768513
1,792,375,301135,301135,0.02715195799606374,3.251397660796422
15,504,820,9847390,9847390,0.8221374369454847,86.66724078107535
8,345,1674,20223604,20223604,1.431942355723783,208.6253551454064
20,1638,1861,68907257,68907257,5.769977828047664,630.4869014335885
2,825,743,1173950,1173950,0.09326368847688711,11.040704083111285
21,1343,1049,23449356,23449356,2.586048255843068,213.20076078738742
8,747,1229,11513282,11513282,0.990531817587184,114.65379654845192
8,356,1039,7945243,7945243,0.7014307502394563,75.57141893573088
2,629,1394,2836800,2836800,0.21102375042471896,27.466926422274042
11,1282,874,8777592,8777592,0.6984270185069645,89.35539908732362
5,1004,64,81610,81610,0.04534622014125212,0.7314410561876178
14,1807,173,705850,705850,0.13329163163615323,6.940495086088164
8,1377,1094,9903992,9903992,0.7005529455298487,98.31580696789881
2,609,1119,1947070,1947070,0.1333322650428276,18.511699423687308
3,1965,857,3164054,3164054,0.1753590431376095,29.862018668001465
2,640,1106,1944358,1944358,0.0907723662094975,17.66544169266026
8,1068,1736,22981178,22981178,1.665646450549158,194.6124064340181
24,253,941,20636140,20636140,1.6240825301451602,179.34421901119865
9,1954,1315,16428305,16428305,1.3219487906486407,134.26460490536024
6,1247,597,2536066,2536066,0.23139761198061118,22.84400897293725
7,1299,534,2413690,2413690,0.19209922185751335,25.394077574516746
5,1766,494,1855968,1855968,0.12474629452182233,15.912823015740532
13,282,282,1040308,1040308,0.17535033942193437,10.61914947791685
11,960,58,90548,90548,0.06705136038735202,0.9870330515622453
11,67,641,4165228,4165228,0.2528455712349044,43.34348834080402
13,750,334,1596864,1596864,0.13712074686119508,13.240876111755384
19,331,981,17675668,17675668,1.836518846556346,175.90238181094784
19,649,99,243550,243550,0.11601878821842974,2.1104281245295553
5,319,392,745594,745594,0.07097972560049272,6.738831076174478
18,1787,1948,68045598,68045598,8.42415239483935,709.3649744600249
3,819,1156,3634474,3634474,0.30235912850084007,32.60663955112236
2,842,685,1054225,1054225,0.07572178389856415,11.521782340446574
22,158,1517,48615309,48615309,4.204274819193253,441.15672916355726
16,586,384,2446858,2446858,0.16599874411752139,25.09089903589334
20,581,83,181614,181614,0.1264314041727323,1.7937488743820644
17,825,1081,19617998,19617998,1.7307769133535083,183.4464403138088
21,2045,1102,26575842,26575842,3.625882148239937,221.29467676326627
4,792,274,446082,446082,0.07993987869546333,4.457226421698087
10,1419,560,3628250,3628250,0.27310480543464427,35.31983905357153
14,1357,1535,32750770,32750770,3.3460047539199005,350.7516356823392
2,459,1877,4407206,4407206,0.3475226849999865,37.747898873648765
23,800,164,728334,728334,0.16609094061954074,6.970340998125622
3,1791,899,3238208,3238208,0.14376863963106518,33.92593128943635
10,1988,831,7883707,7883707,0.6870669115129882,65.55316492618519
15,1560,851,11487659,11487659,1.033692179077342,117.9908761191166
21,159,1798,64997710,64997710,5.055033517244584,688.2570739778308
2,217,1555,2774130,2774130,0.14988514766476954,27.196972934833514
13,749,1854,42679090,42679090,2.830838314174726,464.50975525604474
7,229,711,3208042,3208042,0.21758585486314494,30.75532190933107
23,66,1492,49121126,49121126,4.057127119249026,412.20173584054294
4,880,426,925282,925282,0.0665374824337117,9.78901343028199
3,1545,1431,6325030,6325030,0.37850530446827424,61.97896808758649
18,439,163,527804,527804,0.17903724947474056,4.651633445056677
5,857,246,456586,456586,0.05858857341898438,3.9451414280016186
20,1640,1199,29316759,29316759,2.5314214608320547,313.54678442995726
21,813,698,10333202,10333202,0.8910755478957965,92.79511990737387
13,1209,1981,49532934,49532934,3.3236321027489124,528.8015403780073
20,461,709,9899068,9899068,0.8747498991380729,102.83599641350607
3,1876,1230,5349280,5349280,0.311521594043495,58.58475546390849
6,692,570,2028070,2028070,0.16309625666044544,16.671828045952267
16,1818,1286,27178334,27178334,2.189672989702043,295.8487724911434
23,1766,1987,90434341,90434341,8.57880636041639,775.173098658275
20,471,275,1574660,1574660,0.31201469109628754,14.473923662380725
13,1903,918,11880766,11880766,0.7659671591355721,103.04822845679818
12,844,596,4423522,4423522,0.3321642299778261,41.1351513608777
6,1445,221,567096,567096,0.0792299449862646,5.222409898059462
5,1506,1717,14403923,14403923,1.4951138974681584,122.79198783374773
13,114,1950,45897160,45897160,4.057759073668461,377.61301559545086
12,977,1847,39370662,39370662,3.399655966590501,375.1355073667364
20,535,40,53010,53010,0.11170454705820002,0.49268595127605347
13,1968,1674,36960256,36960256,2.717848153180404,313.06635911607816
13,1115,1040,14162730,14162730,1.1889333227978882,133.86772483309363
17,897,1140,21846970,21846970,1.7323216135695672,212.7548020255832
19,1531,875,15146260,15146260,1.4513373799285096,127.43129597483451
3,501,1725,6837910,6837910,0.4167800984395234,72.55805662385285
19,85,349,2232214,2232214,0.3143303391165145,24.288764447408788
19,47,244,1090202,1090202,0.20359579650912832,9.22345617646941
21,642,165,655555,655555,0.17407373880994217,6.394885074062607
23,1339,716,12260794,12260794,1.0111089983972945,110.35088459117044
20,1626,1393,39175349,39175349,3.239606743546015,409.65335805812964
9,1628,290,1150440,1150440,0.16172430533525442,10.262454531710645
13,212,1015,12601235,12601235,1.4977816387973888,127.37486525503874
23,1475,162,821674,821674,0.21924255361881143,6.77390982497785
7,617,735,3707350,3707350,0.27137323852928924,40.48171329225966
19,710,842,13383600,13383600,1.3235460506939913,122.07510496032799
6,1380,1889,20478659,20478659,1.4614443682515885,198.17205480394352
24,1664,87,321823,321823,0.1515242898338876,3.430021337997759
16,790,646,6786886,6786886,0.5901501424307583,68.89344122660124
7,1798,1250,11643760,11643760,0.8565181457313839,96.03447507059668
5,780,567,1736731,1736731,0.1374352943974413,15.256344817724772
7,1848,1087,9116679,9116679,0.7108772210997191,75.54434029572434
1,863,1597,1395788,1395788,0.09529651410148161,11.477349644004226
21,578,254,1445016,1445016,0.2204714765629683,15.670485449095954
7,1479,1394,13744850,13744850,1.1144160332808377,149.54909631253895
22,1263,67,181044,181044,0.11452058460734241,1.7278463130254134
14,1497,555,4848490,4848490,0.3877109324407616,50.216650973859196
20,573,905,16107200,16107200,1.1245116800790012,158.2441554730395
15,1588,1388,29210470,29210470,3.0184935620843607,279.7971082718
24,382,94,242342,242342,0.13833204283510636,2.5210599047967226
14,869,508,3808486,3808486,0.3578199566842188,38.47961403573269
4,182,262,257294,257294,0.044474719459343545,2.6285393072798775
22,1934,241,1693517,1693517,0.24870985436892648,17.974022318948684
3,1713,110,214070,214070,0.0460126907637861,2.0652299012098627
8,1154,1571,19117509,19117509,1.4932578689382547,157.40760686284045
4,1991,829,3723878,3723878,0.2141150157826791,39.95783811497184
17,1098,753,9919279,9919279,0.8566037596143304,97.97308119440451
10,449,1656,25457698,25457698,2.4109745653678085,240.14026046891317
2,1409,1933,6483292,6483292,1.0360363953896632,53.94699710088918
17,143,1322,28187694,28187694,2.0945781317518515,298.19998983931504
21,200,711,10274671,10274671,0.8958961015494615,88.68433740399422
1,1969,1980,3920410,3920410,0.2408045886789958,35.13457866533305
24,224,674,10622250,10622250,1.0906989631106028,110.64994157459971
18,735,1400,34388210,34388210,3.080950574710461,371.60974714904506
22,1626,1095,26995045,26995045,2.245871268027409,276.9424144219508
21,1510,104,376594,376594,0.14321625893159,3.214302763135109
9,274,1837,27534803,27534803,2.756218608539232,299.57954296781367
16,327,1070,17551220,17551220,1.573171495401338,173.78159219381678
11,903,505,3016880,3016880,0.2414008423039443,30.64098603486419
15,1128,1522,34185652,34185652,2.849549235461182,324.69718801577125
10,816,1739,28670903,28670903,2.0106712620307987,252.69860942862624
5,557,1958,16455042,16455042,1.4110507220731479,171.68445084688176
14,674,954,12497410,12497410,1.0407102122721534,114.11621227288065
19,221,1674,50859478,50859478,3.6252348151034033,497.04106526364956
14,761,687,6674902,6674902,0.4803645782605079,59.99052394907865
4,729,1158,4883296,4883296,0.38607681943067995,46.799396696687545
18,1271,480,4540330,4540330,0.3397135577402083,39.573246274799764
14,570,39,42949,42949,0.08262430309192874,0.3686152918129039
5,1526,237,589903,589903,0.056160455837640115,5.824588676318364
15,1828,445,3596945,3596945,0.2877586850022299,35.71171969929011
22,782,391,3528785,3528785,0.34637590690111747,38.19361618617354
4,513,1380,6440470,6440470,0.44621644191931703,67.99087287101119
13,1543,741,7749388,7749388,0.6639584651238184,75.18304809552579
9,653,32,29706,29706,0.062384300714177617,0.2645997450533551
9,1022,1435,17967645,17967645,1.4888474858288263,189.90888416051058
15,1952,1930,55964220,55964220,5.719451734548474,488.9513784660131
14,1171,870,10879360,10879360,0.8046157667878662,95.71071298311045
24,1319,1712,69728058,69728058,6.212471511296747,593.4534308927031
18,885,749,10220864,10220864,2.0544438416129953,96.02259093707306
8,1980,1129,11178239,11178239,0.8976797271178353,96.4988061800198
3,1331,109,170268,170268,0.03992529022988519,1.4196564010581936
12,406,1513,25828433,25828433,2.102371436016496,280.4905526971471
20,123,1071,21957652,21957652,2.1928835903660175,197.93360450187896
24,708,282,2038306,2038306,0.384730861545708,18.79637887346589
18,1225,1618,46532072,46532072,4.729185306908582,506.380915891809
15,1908,1961,57627917,57627917,5.238297153310692,614.8121157288942
15,452,1968,55161082,55161082,13.043305145149887,534.667050699229
9,1982,1865,31557675,31557675,2.78789608148676,306.5639555982314
16,1660,193,884143,884143,0.1494841238811041,9.498355687301085
12,1113,826,8442556,8442556,0.6445659998773506,75.59977491863513
17,589,2031,67250482,67250482,9.866889087467136,580.4878468477198
5,1098,1670,13014320,13014320,0.7923704849519664,133.05676707291482
24,1016,1660,65121810,65121810,6.8744379437339935,605.8367836205207
16,689,1393,30102740,30102740,2.231807759662704,301.99264778805576
13,753,254,971306,971306,0.1402958573049736,9.12129351235945
20,1009,596,7368358,7368358,0.5910613076640306,73.80985235444133
6,729,1293,9322540,9322540,0.6586180775310866,76.20298717652264
19,175,1084,21372154,21372154,1.70319166838028,209.16580627011012
21,672,1927,75621271,75621271,5.90928439726703,745.9389470457587
17,971,1530,38981350,38981350,3.1203027108840615,390.59440163931896
11,848,945,9751465,9751465,0.8753608310386688,87.56967256962236
18,1563,1343,32798756,32798756,3.061541175986344,356.9473265459813
5,1712,1532,12033870,12033870,0.913397589394236,112.674436699562
23,721,59,121078,121078,0.12747064805278688,1.1960511438442671
7,438,570,2208760,2208760,0.16778939961280948,21.438870112243812
22,679,520,6048130,6048130,0.5168132496540745,49.919650014616764
24,142,1208,33775690,33775690,2.6368813542841445,368.6499791686994
24,1066,1950,89602510,89602510,6.59901703970182,940.3042608696798
12,1826,405,2552725,2552725,0.21032724260835092,20.757485375601195
14,1560,548,4771994,4771994,0.3564649230314442,46.25035316385435
7,143,1596,15538666,15538666,1.2495472613097263,153.8901580423278
23,966,1566,55516276,55516276,4.803942942145218,599.4689319622863
5,769,335,711550,711550,0.08972302383805436,7.374399771114511
4,1375,1133,5424814,5424814,0.4059961965577542,44.699157385142755
7,1684,1394,14030620,14030620,1.0998699098127682,119.82896766888375
21,72,1048,22074034,22074034,2.2757378969328625,184.668498595708
13,1225,2044,52686154,52686154,6.993653157559628,554.8482081335038
12,509,1944,42602770,42602770,3.9728024719782464,404.58301765335295
17,329,92,168186,168186,0.10234793687490003,1.4072202173722717
21,1725,1548,50644378,50644378,4.608138684916418,463.70850290717704
4,1899,720,2932570,2932570,0.17191407326195599,24.192458129524308
22,648,227,1236479,1236479,0.2547847535456353,10.575951362117108
5,183,808,2771450,2771450,0.17144281836340303,29.683589498768143
15,400,1324,25104374,25104374,2.7594235668096796,264.9944267727153
2,558,478,500954,500954,0.06429794775783207,5.482849670172943
11,40,1305,17109865,17109865,1.3285809879136528,182.98383621536553
5,2044,437,1663669,1663669,0.13048294887444123,16.239180530041377
16,1654,1509,36691345,36691345,3.223765814451245,303.0456886161945
2,1157,1906,5860960,5860960,0.3918395919966789,63.895774147307215
7,1288,552,2548594,2548594,0.1584423426033969,26.134837626552414
11,1458,1384,21201506,21201506,1.6453609940836404,230.6454188428564
18,1930,1639,48876629,48876629,4.489338195936576,528.6025198898561
14,357,1168,18179930,18179930,1.6799029215877772,196.8383779095614
21,281,1281,33218902,33218902,2.8870983405400144,275.90903247835917
11,985,1387,20633022,20633022,1.7046787764373919,202.28159318769252
16,1571,208,981146,981146,0.16566711018600852,8.999585069975465
21,1568,476,5292654,5292654,0.4826670552744885,47.380673011027326
18,447,1668,48090118,48090118,4.800236090162035,409.17674989162
12,1482,625,5236885,5236885,0.3902407231181477,45.916157869608924
22,665,1712,62743098,62743098,4.7671659077441975,578.1458091361504
24,1341,468,5681062,5681062,0.4580831046583013,56.79143163416463
22,798,510,5885410,5885410,0.4927909177501934,49.17096204232863
7,1991,993,7910248,7910248,0.6216059934731415,64.14507807475327
22,402,860,15904850,15904850,1.4760197009458391,134.8509690156768
8,1742,1084,10133242,10133242,0.7611816001097361,90.75725635902394
14,583,368,1983898,1983898,0.22911955364337647,20.435914523082744
11,336,1422,20728504,20728504,1.5122696098268082,194.73760233833823
8,1165,1549,18628284,18628284,1.81720628207515,177.38730540853834
2,1857,197,407012,407012,0.049141127184282006,4.120936807331118
8,825,842,5672564,5672564,0.41717998922136484,54.9359538531876
3,1183,1530,6511690,6511690,0.35512999931770556,68.94748161548277
19,1611,417,3813892,3813892,0.4294045978480116,37.53319072140414
24,1616,1302,41138002,41138002,3.0229851663364835,403.4656460971005
12,1329,1457,25319756,25319756,1.968298272598579,209.3918002160934
7,574,1132,8357566,8357566,0.5488144678598139,89.05234180759281
7,1818,1082,9009824,9009824,0.6988352468332053,80.98860129285872
4,1653,922,4087236,4087236,0.29352264454902616,37.436358052391085
3,1146,1773,8341975,8341975,0.5929263446722483,88.19845846831261
8,96,1917,25942771,25942771,2.863231102788678,237.73795930825156
24,1960,564,8440834,8440834,0.741397086689314,81.4015564242299
8,1725,1325,14598860,14598860,1.3787016914625188,144.41332328867324
9,718,714,4604596,4604596,0.3000085065491336,44.68679224129278
19,1401,79,225318,225318,0.10819280122747674,2.227715441461476
7,1232,456,1817170,1817170,0.12339439239241252,15.832683772239381
2,529,161,113032,113032,0.029730721669224157,1.0213760611153666
6,613,1466,11667904,11667904,0.7733371903627002,124.90185307797533
10,1144,635,4368175,4368175,0.24513829853502067,39.57400311013348
18,1948,366,3000478,3000478,0.27227715448139145,26.982079813043796
23,910,1559,54940729,54940729,5.053655923565265,462.19001608365966
7,1626,1073,8670923,8670923,0.5917731812057423,73.50440877434636
3,1676,477,1260721,1260721,0.07861570916449362,10.836233849452485
11,1509,1934,40362590,40362590,2.825112286164619,411.95867521530533
3,1728,1932,10828870,10828870,0.6727511527702561,115.64511581163099
12,1268,787,7828299,7828299,0.6136637586699152,82.17757317050014
12,387,1027,12022072,12022072,1.323525103477236,103.76038199243445
9,1168,1475,19155835,19155835,1.230781010047993,160.72899855153543
13,1959,954,12812230,12812230,1.080613351836346,132.32829079586787
6,1237,319,908522,908522,0.0946409467739425,8.514714657646955
23,652,299,2171647,2171647,0.2651776545610434,22.72472042440817
19,639,276,1555546,1555546,0.20142268176568032,15.330522367596052
2,1397,2013,6888496,6888496,0.4411873491295266,71.81963708260946
3,92,1355,3814335,3814335,0.19641307135641495,33.21210446643091
9,929,891,7195726,7195726,0.507427953643694,73.96747330548729
2,1052,2044,6352762,6352762,0.6223020201719095,58.213717396289866
24,1718,1543,57462873,57462873,5.80319544700166,474.86959266265103
17,1487,1377,32422852,32422852,3.4282514498902965,328.86921186375474
24,1030,919,20402729,20402729,2.690040964146943,209.76910546855902
9,1483,1124,11795266,11795266,0.8643418546055454,115.50200747529927
12,1945,258,1239700,1239700,0.1982874114732763,13.14702437930919
1,1188,651,780559,780559,0.04658152339952955,7.341193060120349
10,2015,1170,14701060,14701060,1.2278989725053435,122.4618143195989
4,1164,82,116778,116778,0.03882835045718593,1.1854231460223188
8,569,409,1411060,1411060,0.14601021974427725,14.805687913736241
21,287,262,1456206,1456206,0.2270921809548957,15.361205233049313
22,1593,866,17156336,17156336,1.5602271456171282,161.0850444976618
5,1315,1728,14242186,14242186,1.1219457070040262,121.00390696773204
2,1722,268,536546,536546,0.060451932237381996,4.531509739907583
2,1502,209,360117,360117,0.04259676434138209,3.700436445985397
14,1488,1831,46351775,46351775,4.051941152400237,489.7897915046672
5,936,1031,5232335,5232335,0.35778159956111333,50.73688424211181
19,1043,451,4144700,4144700,0.45638999040588235,36.07786781620857
16,1980,1618,42514578,42514578,3.8973151750338193,463.8920792617812
15,1952,638,6959952,6959952,0.5515410651732924,71.47630582311534
10,998,1402,19117682,19117682,1.5355438380723896,208.16524834057404
3,1847,1997,11690448,11690448,0.8890147761997539,118.82820650816123
3,501,724,1420498,1420498,0.0933760860583783,13.951039509731325
1,442,1298,588004,588004,0.050267176537208004,6.347005976698837
12,113,94,109896,109896,0.07872948876596612,1.0255954715033497
18,1386,1884,63004738,63004738,5.208764305462271,643.9496368832988
3,1119,649,1577080,1577080,0.12813364423996582,13.499184039942353
4,1217,143,237390,237390,0.05377466456738848,2.2324361668523225
8,590,127,190129,190129,0.07588995474170998,2.0622378717833225
11,1223,1098,13421962,13421962,1.062794445926003,146.85735224642107
14,1128,442,3048926,3048926,0.24907938376950087,30.986851277470144
14,169,364,1792710,1792710,0.1818039450935468,14.851162747779366
10,429,1740,28029670,28029670,2.2724189328051443,228.24734989010074
19,1418,110,376980,376980,0.12763567881504476,3.241435078534325
8,103,1759,21871416,21871416,1.8134513654951323,226.44769628742864
5,219,357,593344,593344,0.07486526631610617,5.497976146062246
13,477,425,2380010,2380010,0.233135766864991,21.85270260540317
12,971,707,6200400,6200400,0.5028574734560939,61.841038618325754
13,1439,2026,52218134,52218134,7.917417754838612,554.3706880035634
19,608,845,13390725,13390725,1.149472838636755,111.1025018921127
2,928,1336,3040746,3040746,0.19837524860356176,26.90261725552137
16,488,1591,38786999,38786999,2.659384573406112,343.1731030221904
22,1510,396,3903778,3903778,0.42777778282442386,37.619244331383705
8,674,1425,15200485,15200485,1.052258006968645,138.9851017057408
17,781,1331,29420434,29420434,2.313603371035957,320.6380174524951
17,1266,1216,25230794,25230794,3.4543945241446328,265.3439227151721
18,1298,222,1132210,1132210,0.21936898109936448,10.17370530006613
10,645,1629,24966064,24966064,1.8500367340366792,219.0342829062143
20,1717,1991,78795826,78795826,8.822641058649252,780.102237113317
13,399,1654,33526590,33526590,3.018565246652718,272.0542415843102
13,230,1721,35977515,35977515,3.0432669733426008,301.83166959078136
20,734,249,1368265,1368265,0.20788141131731827,12.750633111235551
12,1760,1484,26869314,26869314,2.3719493453877845,233.23886577617753
6,742,1032,6107386,6107386,0.3976479128634454,51.44411258728315
22,1323,1040,24122810,24122810,2.043032037324538,204.1724824688546
22,334,1559,51610705,51610705,4.087235722704319,433.58576114864087
13,1825,1233,20522062,20522062,1.6358059141160914,175.25478025619063
9,1347,495,2636380,2636380,0.19686806037458568,23.906310894641305
14,537,1130,17233640,17233640,1.3588392545173984,143.91414739717615
21,1499,1025,22580760,22580760,3.5267788786765233,232.8434418181437
20,1958,764,12609066,12609066,2.4636661943323883,104.31458634313819
1,383,949,373916,373916,0.04622431689029664,4.056453750573973
5,233,101,65862,65862,0.04736906566878423,0.5744882375487114
3,679,1888,8435594,8435594,0.5311334509744108,89.94493268028968
10,1041,1787,30636338,30636338,3.128258477769662,285.77094540241694
14,55,1690,37262820,37262820,2.8024488307591224,400.52705183132326
4,118,1283,5107633,5107633,0.3027963201375646,50.85348167643418
16,1906,1343,29649421,29649421,2.9848569758451045,244.11951874477538
1,476,2002,974984,974984,0.10550397864333427,10.197075398067897
16,1481,1741,48089912,48089912,3.277907397738921,421.2902104441639
14,1342,2047,57268929,57268929,12.253248896148019,595.7070867718667
16,1888,1411,32564479,32564479,2.3041994964306354,274.05833673267443
19,215,1138,23588474,23588474,2.4920974761311276,214.70788252139394
4,1876,1706,11955658,11955658,0.8350307975449901,128.471359509095
22,1149,968,20820722,20820722,1.9730972440543824,170.7072895677954
23,42,1473,47844523,47844523,3.191499509135111,426.90371638356476
11,761,2024,42548538,42548538,3.869982750101337,350.0726732733462
16,1106,203,847941,847941,0.15618843365647608,7.758203912943022
16,806,81,165817,165817,0.10628562009986792,1.4757864659623159
1,1354,1118,1526080,1526080,0.08477640751146687,12.584180989970115
2,1371,257,421490,421490,0.036698706803741314,4.060168514406224
11,1066,206,648292,648292,0.09802110728530027,5.937440380010147
15,758,218,836040,836040,0.1366410588342674,7.422418024159507
6,1241,747,3729034,3729034,0.3152319589018224,30.39746706870055
5,1985,96,228874,228874,0.05295193520501131,2.2157216205267445
4,172,1976,12081274,12081274,0.8363065560872794,126.83046678316077
24,1288,1541,56654875,56654875,5.628668567237134,471.4619573962704
3,776,399,633223,633223,0.08002252613190947,6.536519326098498
21,545,487,5023902,5023902,0.4225313873266734,44.43475959083868
11,565,1898,37136278,37136278,3.306577061908443,360.64201405147764
5,647,2021,17675676,17675676,1.6554386982502092,182.05197339204108
9,925,114,211594,211594,0.08222444193819443,1.8808794712957535
13,174,1082,14261852,14261852,1.0198642920267862,124.17409034489607
1,416,1065,454765,454765,0.033976684671687206,4.822443668349783
7,1658,524,2525166,2525166,0.16724634938485747,24.242478348810792
17,1776,341,2475329,2475329,0.24108741149812174,20.911102368087217
15,53,1627,37186722,37186722,2.650915690188188,393.447421456202
3,1700,588,1698742,1698742,0.07780090346359216,17.7084242587417
2,304,761,819607,819607,0.05104374161011274,6.656111465915579
15,668,1425,29416285,29416285,2.17561074817845,244.9111828912942
24,747,826,16337464,16337464,1.6315862377037604,175.8890079485011
12,784,1795,36889055,36889055,2.67803105396415,332.6471767550876
4,173,1117,3951956,3951956,0.31399212513852137,34.40072425586453
16,1718,1244,25382586,25382586,2.0012156240246246,246.2947679930846
18,1379,1502,40465392,40465392,3.3957053731236027,432.71228953428346
21,532,1758,62801044,62801044,6.265210110672779,625.3893968438274
13,379,185,485080,485080,0.14904542020946146,4.462118917248893
14,1347,575,5086460,5086460,0.44773965723872405,50.139166643728544
21,824,1342,37166700,37166700,3.44904263976242,349.2384983461016
16,1876,1567,39812779,39812779,3.231233401660932,328.7696736537287
1,870,1773,1562023,1562023,0.0640150935004164,14.371642004064345
2,1177,740,1427470,1427470,0.07309170082435558,12.37972010852359
3,181,100,39410,39410,0.031720015529633674,0.3462970071960288
8,58,1914,25789246,25789246,1.7470765947064668,231.19996525104705
12,385,976,10875578,10875578,0.8480732025319457,105.31079747237374
9,1396,1220,13633510,13633510,0.917717959082922,118.27652923983752
20,1609,412,3900414,3900414,0.4024502475635321,32.10142270152044
14,52,1854,44826022,44826022,3.119511295816378,477.19278852819946
2,1760,1304,4011114,4011114,0.19213655965590568,43.666085219035494
8,1545,215,659630,659630,0.10750062253979954,6.560553380825292
4,1953,788,3412838,3412838,0.20297954126787116,30.49687678026108
19,654,1248,28887466,28887466,2.4435707889023894,256.71659672856225
15,1106,1071,17269885,17269885,1.7901922695168857,145.70690441148696
11,1763,1432,23060938,23060938,2.0848112094984903,234.87762038352687
14,259,1775,41460460,41460460,2.6868566285520683,339.77603528258163
15,427,1278,23443642,23443642,2.0108568517543204,256.3785856859115
11,1938,1977,42958243,42958243,3.2856557879765393,463.91564774930316
21,836,707,10609959,10609959,0.9964466398131442,95.40616999670976
4,1738,1348,7813018,7813018,0.6701900812983111,72.76614720616668
9,411,1062,9479422,9479422,0.8416387418059699,100.07327034170612
22,1439,804,14757430,14757430,1.562219465531276,161.55643015001655
8,793,990,7663600,7663600,0.6164395814972777,78.79266170761808
16,1235,460,3754070,3754070,0.3651084740340419,35.83006997904918
7,509,1511,14493522,14493522,1.4361354609475285,126.85691482909401
15,1951,1789,48342368,48342368,4.610595654744112,467.09303101301043
10,378,494,2392946,2392946,0.17620031661199226,23.235473850618945
15,1589,978,14969278,14969278,1.3452617366686668,159.76527665220803
8,1008,350,1216610,1216610,0.10149419078258755,10.035154206037987
14,365,1630,35173780,35173780,2.6927153059932305,359.08198310122424
16,745,1369,29167924,29167924,3.0060056025169204,263.4768960446665
6,1901,1360,11855130,11855130,1.008473472606255,100.04596857241123
20,1643,1630,53208100,53208100,3.792249680722631,516.4245314685727
20,710,1494,43514254,43514254,4.398173620569283,400.4514761160019
6,408,398,960782,960782,0.10568462978324619,8.40555985905142
17,985,284,1577914,1577914,0.20894919225236028,13.856443434041692
17,1930,1538,40856980,40856980,3.272290270328339,399.1278730704504
3,1858,1725,9178735,9178735,0.5812797730396507,82.95006500826659
24,892,1234,36166082,36166082,3.4288717813894536,357.39160993991754
17,713,527,4833654,4833654,0.46792653541982765,49.20696223922927
4,464,1993,12868811,12868811,1.0134586023629224,108.47332878435674
23,259,38,42874,42874,0.11710502692759003,0.4605637841738081
16,817,194,728092,728092,0.16336067313340086,6.114052725279839
13,1696,2026,52738816,52738816,8.365768512665932,566.5700696787236
17,1685,136,528778,528778,0.15019492569956192,4.893804649088629
21,455,393,3279988,3279988,0.3622297229017412,33.20437829474491
22,648,477,5102479,5102479,0.5181556290639894,51.25786105558796
10,442,1637,24874225,24874225,2.1819222986077755,247.68488045769755
16,1387,969,15453622,15453622,1.1827242999350305,147.5247732506416
18,1850,1930,66947850,66947850,4.701152078611526,626.5262631410851
23,841,1878,79232830,79232830,13.077828533222998,833.3570900508183
18,842,587,6368373,6368373,0.6105761714725128,64.72344840852058
19,272,1137,23612089,23612089,2.2238440001346538,227.96467595562405
18,1402,422,3630898,3630898,0.34792713760488336,34.36866627765226
1,90,1380,139390,139390,0.030916138677041717,1.2811891348198385
13,1828,1233,20525761,20525761,2.021057631583468,199.20465236417795
11,1288,909,9452701,9452701,0.7496822071988497,103.15394167940588
16,1841,618,6882676,6882676,0.611591037010853,70.55173561916828
9,1674,134,370520,370520,0.07402953590818147,3.0593884706743717
6,1350,172,382882,382882,0.06752843305178123,3.7105151855336804
22,1661,1272,36131170,36131170,2.722274065945037,293.7491852124359
8,535,122,171664,171664,0.06551705876749629,1.86974874174742
16,1067,572,5532966,5532966,0.5143457118759877,47.02217482984074
21,409,1419,40895590,40895590,3.3585575603629185,367.3043283025464
7,1726,1927,25638745,25638745,2.0883848093764144,209.52658716779297
18,248,280,1410090,1410090,0.18362476510141582,13.558395472842468
20,1262,414,3791422,3791422,0.4137941987439456,37.268329149670414
7,1798,450,2031760,2031760,0.16451836466919972,17.337393864163186
2,1986,199,437213,437213,0.040489160425073514,3.883515844176778
4,104,64,19850,19850,0.027509535772585903,0.19972026337396437
19,1219,1607,48489628,48489628,3.641867664352225,437.6108681356421
10,524,116,184218,184218,0.07774948639471842,1.5486340318481613
2,264,669,632215,632215,0.042893751396512796,6.17717176686889
12,1135,690,6035440,6035440,0.5030130428458681,60.71012367939529
2,311,32,11370,11370,0.02784086043063572,0.10113477533343707
11,1509,1426,22516550,22516550,1.7918212067080532,227.32834806101073
4,1323,1022,4499876,4499876,0.27393545148708615,37.41629914646941
22,729,880,16932090,16932090,1.702924469327173,137.44015561539257
1,566,1636,943982,943982,0.0791420447808406,10.22347471136382
9,1647,628,4201330,4201330,0.3585322957302928,42.66766956077477
13,293,1046,13459938,13459938,1.4066093703569251,144.9833226163859
5,42,1500,9085510,9085510,0.5348306186420911,79.31681385864134
11,1536,332,1619174,1619174,0.15730414888504132,16.847694302901715
8,1190,447,1938649,1938649,0.18676147424344097,21.16761130828111
24,1567,1960,91494770,91494770,8.17055361266585,829.0244820012076
8,1446,300,1069210,1069210,0.13499609814737398,10.472176430506234
22,174,1528,49345242,49345242,4.538070110462298,458.95991850698846
9,1457,1128,11844010,11844010,0.8214793017782668,116.62500068090728
4,1678,397,1144561,1144561,0.10436795119711349,10.28273366914167
16,168,1550,36338210,36338210,3.182834348863638,315.09031365976807
19,216,125,311885,311885,0.14715499462385379,2.881601705320754
8,1307,593,3247278,3247278,0.24490533713016222,29.75725979549788
15,1815,933,13903576,13903576,1.1485160919599955,144.85116456048826
17,1326,1532,39625190,39625190,3.4566705783862055,423.81465403568905
14,302,238,813970,813970,0.15982408783659688,7.297058253737094
23,1172,1885,80442385,80442385,6.527111247272742,721.3498454715656
15,457,1369,26898122,26898122,2.3251846416667767,265.11627702217
21,342,235,1192165,1192165,0.21000957140880952,10.285691133382125
9,983,1370,16387950,16387950,1.749802373080586,170.8560839803694
8,98,1443,14743141,14743141,1.0218901286737687,133.4983140038697
9,599,1834,28041870,28041870,2.30938048851542,305.3633320322271
22,363,32,34154,34154,0.12091090254474475,0.29988255499856187
16,1522,1335,28799965,28799965,2.5984647217698913,301.4176312168954
18,1262,791,11656977,11656977,0.8884654417331747,97.77079955000765
12,856,1331,20655799,20655799,1.4915699375011153,176.8132596312152
12,265,1635,29874730,29874730,2.041034897126661,303.6521646862339
8,2018,1504,18896266,18896266,1.826981407364843,176.25328073276202
2,890,1418,3289770,3289770,0.19580535813575364,34.02993100097646
6,356,821,3675627,3675627,0.26346814259725065,33.20088480664647
20,897,191,870206,870206,0.20269046818021458,7.129335012114464
11,102,196,408278,408278,0.09809315235040407,3.5174248769455003
11,817,428,2190514,2190514,0.17822319950844326,18.49671623449013
22,1368,306,2394766,2394766,0.3076088788570055,21.862818700675756
19,1528,324,2394046,2394046,0.20930777096008088,21.83061815811415
15,758,1323,25540525,25540525,2.20997724530389,259.53046780671986
16,224,1654,41449250,41449250,3.1325068686462245,405.89081136385147
23,2009,141,725314,725314,0.19359595868920876,6.894306885153476
7,1920,768,5026570,5026570,0.3551551039613791,54.59523427845404
3,683,239,280596,280596,0.049242498934230224,3.0680135890984306
2,1079,1956,5959942,5959942,0.301623167505264,48.66769897090137
20,710,1512,44555626,44555626,4.254642172239753,427.0617008142189
17,1730,1426,35041108,35041108,2.9768102309318025,318.66083753545627
23,1934,87,337657,337657,0.15274063918717865,3.6435404059560796
13,1210,1389,24864499,24864499,1.9655672208152477,270.9733235096652
20,1141,1562,48186148,48186148,4.794307116033166,391.17460175359645
8,306,82,73646,73646,0.057382933820606365,0.7123968908522242
24,922,1204,34492202,34492202,2.8256874955728186,360.9047862026858
12,1429,917,10580356,10580356,0.880031826011288,97.88340851605322
20,1907,1518,46722532,46722532,4.173827729350498,387.91535077531796
21,948,642,8871808,8871808,0.8891488622258495,77.09158971233894
12,1716,784,8123818,8123818,0.6036017880215965,86.76035771501039
21,1908,533,6715277,6715277,0.528013186501118,70.0710611049854
21,1497,399,3793702,3793702,0.42319087294851127,35.31681521841476
23,848,1522,52303540,52303540,4.479627004289499,560.9390261046925
22,1283,446,4763736,4763736,0.5036165063817397,44.967383601778515
22,438,1252,33506034,33506034,3.106687158161938,318.2104760797432
8,1287,482,2255288,2255288,0.17824988662142308,22.76502766007226
1,295,290,88750,88750,0.027111490564666177,0.762504949346069
24,1322,542,7491534,7491534,0.6325881128132597,64.05385905649591
6,223,98,71452,71452,0.056670935651245105,0.7612323486938991
17,1797,982,17220362,17220362,1.5339748966110995,169.96863653415028
15,1956,789,10278313,10278313,0.7807735789848791,88.79414981794979
5,394,1986,16589068,16589068,2.5383729208520833,144.4964437196743
19,324,64,96330,96330,0.10883637948105954,0.9748863551913062
1,745,1931,1459846,1459846,0.12761214201475105,12.593924063104991
24,135,409,3916594,3916594,0.5187442477797559,34.34390378217865
20,1541,505,5638840,5638840,0.4227532579689377,54.19672602255262
5,84,810,2704600,2704600,0.21852369931054477,23.377370560035725
16,1123,1799,50613076,50613076,4.286649284828193,480.4422145477579
21,1545,983,20874998,20874998,2.001471288279706,216.3056957487299
10,88,1755,27909775,27909775,2.356679175122447,279.34604491956594
23,1928,1661,63953493,63953493,5.9317003094499565,582.8981924935401
2,216,1785,3593215,3593215,0.258126469464113,29.509133943467383
14,883,1189,19456806,19456806,1.4302841897324472,203.58838335204334
3,1285,197,333334,333334,0.05159663805435536,3.0893566596537685
10,1294,1061,11525653,11525653,0.9519160578607396,113.86085756837649
18,1818,455,4359365,4359365,0.37959172516861467,41.95332995102034
7,1668,1010,7822460,7822460,0.7195628618250528,81.83302836993907
13,416,119,222183,222183,0.08819212938256943,1.9185200170254981
6,624,523,1702375,1702375,0.11175859075525316,15.460899886249289
18,1292,1986,69672862,69672862,8.118653673701408,671.5563597622629
15,1227,508,4248922,4248922,0.43575861922616316,41.31474817465258
23,1296,1848,77588290,77588290,6.134756974784507,847.7457085974379
21,153,368,2776202,2776202,0.2753486568840047,23.246469656631312
2,724,1417,3050811,3050811,0.251625094505462,30.137836829786842
18,143,932,14925990,14925990,1.3540881769956388,151.7955959728894
9,762,641,3787679,3787679,0.3679114628447575,30.891085247445552
23,243,1852,75969050,75969050,7.5313526621017175,703.0595753082738
4,1942,1406,8680654,8680654,0.5182649727612145,77.18181456567737
15,486,1397,28036403,28036403,2.4651928056573005,258.7088153460241
7,924,1226,10172132,10172132,0.7063632523621272,89.45157550654922
2,1258,890,1922410,1922410,0.11231818857445164,16.574766736511027
8,1934,425,2093985,2093985,0.16239118037535327,20.974633444356012
10,1452,1316,17523866,17523866,1.4372527264271435,190.30491710049697
6,1631,1932,21845134,21845134,2.0260266467873627,233.5792597267546
3,1205,899,2711394,2711394,0.2997690495713878,22.145885083057024
20,1781,834,14725948,14725948,1.347816646148474,130.65608179375977
6,100,1410,10104070,10104070,0.6948909865040598,82.88301866237153
13,221,108,166330,166330,0.10397884618680482,1.6156801712900057
3,1647,341,798632,798632,0.05738459049061353,7.287927696222414
20,1073,1310,34050840,34050840,2.8743481500139243,315.6652422212027
21,1577,578,7611114,7611114,0.6953064300549459,77.89104037681976
12,1098,531,3696301,3696301,0.2681591884095683,36.038914640920815
15,1740,433,3389101,3389101,0.32810669015637606,30.628143213683362
17,137,2000,64328010,64328010,7.591565964959221,704.9275021727516
8,1905,1467,17885674,17885674,1.5788687470118965,167.25629907591795
11,391,271,846072,846072,0.1506564317736634,6.937224260086628
20,773,588,7041310,7041310,0.7130840032514231,76.57356547622751
10,1823,1534,24005576,24005576,1.9318486876241772,239.38172988702186
1,1449,210,306610,306610,0.03584011065841497,2.5262934858270123
12,1976,644,5848818,5848818,0.42778529313779534,63.888877661135965
17,486,1583,40906313,40906313,2.691203740925953,388.8449875687761
24,353,896,18811530,18811530,1.6967417001130014,181.62945647362756
13,1697,1721,38502222,38502222,3.1926066904360395,354.72576374519576
8,938,1442,15934110,15934110,1.039949966152531,132.78173665766155
1,1637,1209,1992442,1992442,0.09166448619665969,19.921695411169665
3,191,306,249706,249706,0.036344668810994164,2.5814076618913475
19,452,308,1855710,1855710,0.2497433236923837,19.64937673927759
6,1410,198,478378,478378,0.07210839885704838,4.5625278164836285
5,1382,420,1292350,1292350,0.08153135527176822,12.35268693793614
4,255,1994,12464504,12464504,1.0480770883943027,136.09420053938706
20,1146,374,3097478,3097478,0.275888589181076,33.619710871935425
20,1055,1206,28942804,28942804,2.4269388877590328,248.93538125302
19,540,105,258205,258205,0.137738289647811,2.5610999491612456
9,1377,1332,16053274,16053274,1.5808189249886637,138.96318676549288
19,1912,193,1045105,1045105,0.1938689981044424,11.424647804790746
6,35,1309,8634174,8634174,0.5542422350239151,81.46366195199087
15,1567,152,565450,565450,0.1130364104168222,5.678294572132278
21,766,1272,33373474,33373474,3.1992332331362627,361.39840367148133
11,566,1379,19825893,19825893,1.9913833460991623,175.73077686508645
4,1359,1103,5164256,5164256,0.36725949607023667,43.42872403865419
14,1091,155,485160,485160,0.13509504111218298,4.576380822793877
22,1919,440,4924050,4924050,0.4175402228657298,41.888603772583906
11,32,460,2140390,2140390,0.19506756178648685,23.060040111348872
16,563,1942,57714308,57714308,6.626223476369749,535.5475239965617
8,1920,1146,11414170,11414170,0.763569330521161,102.77588027568093
4,1554,488,1479626,1479626,0.0979324972052852,15.019823964357354
5,1410,552,2005426,2005426,0.14045291918452787,18.50188710637156
12,854,153,391537,391537,0.1283549018890702,4.224396441177789
11,1261,1710,31433230,31433230,2.775598980316085,340.1241469866791
16,1819,1551,38945620,38945620,3.3396089980127233,321.8457840990252
10,986,1909,34718993,34718993,2.973912957787026,311.1329407739297
12,901,1935,42972490,42972490,3.1221362112479247,464.08431461602413
6,1508,1205,9096555,9096555,0.5769599176163928,96.20001062781773
2,1228,1797,5457499,5457499,0.40386356546483354,46.85202828526844
10,1872,485,3034655,3034655,0.22216011719146023,26.057474318441407
14,1413,839,10356626,10356626,0.9149109223397767,88.75418267695235
15,1135,751,8767184,8767184,1.558828144133865,79.42823279963727
23,1088,1504,51450346,51450346,4.952039449218841,482.161011851016
15,46,1567,34488113,34488113,3.823958244862706,366.45673966207704
9,34,558,2520496,2520496,0.2473585430284937,23.94548815129031
1,808,937,767413,767413,0.04993243309122957,7.079347391913155
8,1977,373,1718048,1718048,0.16595608464820294,14.386939428352438
15,1634,797,10215159,10215159,0.90928285596952,87.4457087420005
5,1633,182,432442,432442,0.056816477126723136,4.054191266559972
11,599,1822,34326490,34326490,2.4078022158115404,313.541274862083
18,647,1193,25000518,25000518,2.570863252508089,250.84186502929802
14,1931,1631,37770708,37770708,3.2931895427123417,324.9313720419241
13,2007,2019,53014912,53014912,8.712023493029315,539.297943565131
20,974,278,1747518,1747518,0.2912674136423202,16.31747558454377
4,391,69,42238,42238,0.043382082682156875,0.35597564398520276
22,854,820,14846930,14846930,1.7407582715770968,139.6469502677221
13,576,1529,28969973,28969973,2.9859981530296884,245.55420537817105
1,1591,1545,2475100,2475100,0.13936999428241642,23.006799029513047
2,1228,1015,2288835,2288835,0.1458417260627258,24.095799236602186
7,653,553,2205374,2205374,0.1947179271517467,20.720782185394768
6,1621,55,105170,105170,0.05706826278593998,1.1403579309843526
19,350,1753,55978559,55978559,5.774246452367557,518.9439465796238
1,2010,427,862977,862977,0.037249743196451836,8.043454621096155
10,101,1850,31026360,31026360,2.372388206115175,306.11278290963673
12,1371,741,7072114,7072114,0.5301726144114403,62.86860271432863
3,913,1701,7361938,7361938,0.4800631729264849,79.75464042384417
12,65,1016,11443218,11443218,0.8841765425046669,124.61106222413423
14,1500,2027,56502635,56502635,11.630104540920549,483.89687710127777
12,53,1269,17809156,17809156,1.9482856794039438,185.7519371156565
11,337,626,4142878,4142878,0.3363955512676004,35.10703843264317
17,581,2038,67694218,67694218,11.472932019439453,641.7691889150317
4,904,131,171751,171751,0.05889968392638137,1.8518552090548777
23,141,1120,27791690,27791690,2.3955302985842435,236.17981997806893
13,789,51,72634,72634,0.0792717627149582,0.6662610896931938
22,657,1025,22769360,22769360,4.569351245207836,205.89492882381563
12,873,1830,38475760,38475760,3.3492725971828454,367.8542959869878
11,1872,64,162122,162122,0.07459973915963014,1.5755965876286224
8,1436,792,5542426,5542426,0.33764978980181837,58.9053028778666
1,1720,576,997066,997066,0.05706544377183546,9.62007645778319
23,51,1211,32365196,32365196,2.6752541113989876,302.14046614892754
7,1774,689,4082335,4082335,0.31691035494256803,44.534063861139735
2,845,1978,5607640,5607640,0.29229743025882204,48.83713588136447
15,1280,1839,49746799,49746799,4.75241432978944,486.65740886176815
15,787,335,1843180,1843180,0.22047289082550642,19.866279472820338
18,648,1771,54516703,54516703,3.858575925500056,586.3461594584542
10,1681,1824,33045418,33045418,2.5279439546231077,273.35779793473426
19,1049,1356,34559026,34559026,3.6754548760708325,350.8471168549522
8,1155,988,7991942,7991942,0.6132457964614426,74.31689362667933
11,739,1016,11094730,11094730,0.9974618879890008,108.05681085016793
11,523,1718,30449842,30449842,3.153436903367842,284.4779680001747
23,616,676,10492206,10492206,1.164754486036674,110.14553123380118
2,549,1357,2602736,2602736,0.1774574235347402,22.40827423790777
24,900,1420,47703490,47703490,4.407336342476032,514.1587976324458
2,273,622,564164,564164,0.06955761926505964,5.791799978270358
24,1532,1051,27051699,27051699,3.1983627599152156,246.51547142957875
12,852,1658,31687706,31687706,2.749899172295373,326.68550814086404
8,1542,1975,30385385,30385385,2.393609703855772,273.38783932827323
11,286,1256,16160962,16160962,1.4773244120648235,148.8970563878905
20,1171,216,1145890,1145890,0.19644609260775395,9.96953227756442
22,1422,1551,52772785,52772785,4.062793786339494,453.5365160055268
10,502,1973,36064477,36064477,2.40608423816344,338.06950757615976
1,626,543,345901,345901,0.03786606930677277,3.1330065900510737
2,706,1542,3484930,3484930,0.17373995622330973,35.64209109859808
8,923,245,650730,650730,0.09056666235017284,5.555000255388211
13,1510,1189,18787399,18787399,1.421116461810101,169.52797289553564
23,467,75,161260,161260,0.15015872157684781,1.4757980768736583
15,1304,1318,26071368,26071368,2.0390213141332887,237.35377884932257
23,794,107,340377,340377,0.14148558287418414,3.1261312460295665
14,1706,525,4491385,4491385,0.34768921837911276,46.34472227030384
10,673,1277,15561532,15561532,1.3983660137475384,128.38106150291688
4,2018,481,1671485,1671485,0.08551508270030689,13.94245593151483
18,1924,1321,32244299,32244299,2.620729606789313,342.4871572716064
21,2043,203,1245212,1245212,0.19117986738092563,12.65365093025619
24,210,555,7220005,7220005,0.762542296554828,65.22625640267695
7,1984,964,7504750,7504750,0.5315706280018578,68.81094194737936
3,481,1580,5773330,5773330,0.41908725939006974,62.421429024112136
19,1417,63,162550,162550,0.10648571051135823,1.776211130590225
4,591,112,105402,105402,0.04666770263044178,1.1546222215320843
16,965,1960,59566370,59566370,6.255915925970867,635.8116095847654
20,1035,154,614624,614624,0.20326803853178405,5.478148315260131
7,1236,571,2671719,2671719,0.2530953699305879,24.44403812221752
24,321,1091,27763778,27763778,2.4539600290379258,285.00136818756516
18,1959,1736,54682274,54682274,5.561214392860437,560.5468171712008
2,1871,356,797094,797094,0.08413706369515789,8.151008349644796
4,2021,1215,6901210,6901210,0.4537032489622087,67.68292436813037
8,35,1596,17915110,17915110,1.6595912791312952,181.13750640561975
2,1730,1925,7058985,7058985,0.3749186423963654,58.83655880154763
18,1244,828,12708154,12708154,1.1882460827580783,130.70390985447702
13,1334,1574,31865640,31865640,2.614572934026609,293.12645644828905
6,1232,570,2335870,2335870,0.1636853046740033,23.238551830306964
2,898,642,996394,996394,0.06326798586052168,8.207185142704722
16,1688,190,867170,867170,0.1264382332044026,7.1442177244977625
5,1001,887,4048278,4048278,0.2894137213722374,33.325307893097246
11,2023,1640,30248170,30248170,2.7387243177645564,292.6662981544871
24,609,612,9008038,9008038,0.8327136503484815,88.34059845918894
19,702,1640,49611650,49611650,4.359147735011617,523.661696813724
1,1186,658,787636,787636,0.0626589336121302,7.599445970835397
6,801,36,35902,35902,0.04553453719475526,0.3919440514137967
12,539,102,171676,171676,0.08193370248276427,1.489520387711547
4,128,1794,9910066,9910066,0.5629606916058433,94.90376538880025
22,814,295,2077105,2077105,0.2996725848135756,21.72535705638477
5,522,104,99122,99122,0.04025412224334427,0.9087507919883061
7,188,1803,19874479,19874479,1.5999406286726523,193.9959402423287
20,1652,1591,50770411,50770411,4.22390862199672,485.3230145938639
15,754,2046,60199468,60199468,10.58412956419484,524.7572578375025
16,158,1365,28199545,28199545,2.321405219969968,280.6568720102409
13,661,738,7040530,7040530,0.6892603182222536,73.59415841982708
18,392,1823,57262263,57262263,4.869201056721326,600.600474003934
24,1373,1007,24739986,24739986,2.1919537665697257,249.96573832954883
4,682,2021,13659949,13659949,1.141609125464812,124.43934141875425
15,841,616,5845850,5845850,0.5079507421403138,49.065554151939416
11,868,537,3361093,3361093,0.3073269627516354,31.067891688815884
22,177,950,19151060,19151060,1.5774116909891578,179.09012338594843
11,707,208,584074,584074,0.11083117917462303,5.8384321967925965
7,1485,1532,16383218,16383218,1.0562221056677117,133.15366451981293
12,668,314,1301226,1301226,0.1431078093113229,13.784043388194839
2,1889,871,2414422,2414422,0.1411684650294643,25.142718286449142
13,1297,1168,17912458,17912458,1.3765784537500594,177.43112097368683
20,2006,724,11433418,11433418,0.9547211471936398,122.42437995141002
16,1138,1926,57884014,57884014,6.384682495721262,478.6877940408647
18,1206,620,7299890,7299890,0.6902900771712966,72.24059053506278
18,1641,438,3992380,3992380,0.3708601914947641,42.34247976817024
4,1879,1037,5189158,5189158,0.3167600698631141,55.37273256714007
4,1366,1912,13605802,13605802,0.8638204162177374,146.0547794399689
22,176,1466,45437214,45437214,4.353719633722463,370.8756648810321
11,1809,1977,42703210,42703210,3.0643042977592043,437.3181595661019
5,898,831,3520957,3520957,0.22830591706899692,34.234138377868746
18,1771,1392,35444506,35444506,3.1490750432366825,365.472084574247
21,887,1910,74715390,74715390,6.013188249302494,673.9801341486501
7,207,1174,8532642,8532642,0.7348748488776576,89.45485764998385
12,1064,590,4469850,4469850,0.34727755495502316,48.540123626521336
15,1046,754,8766768,8766768,0.7503224651271072,82.55660605950911
3,1750,71,135265,135265,0.04270585555069742,1.293078302568032
1,592,225,135685,135685,0.016821570578737746,1.1270943424178348
18,1608,661,8509063,8509063,0.5792987484321526,81.81027107458273
1,1417,1102,1573666,1573666,0.10208825850961312,15.551159154628234
8,461,144,214138,214138,0.06716198684026038,1.8762460382035606
6,53,195,203590,203590,0.06315896454504691,2.090695709234734
8,494,111,143089,143089,0.06879869604817719,1.4220469995962377
4,395,1382,6295020,6295020,0.4709511197981969,55.40890656714934
5,1827,1895,17854700,17854700,1.3298978579910703,152.47344912283077
12,695,1582,28664268,28664268,2.6864913600666642,311.4138134570431
19,1260,254,1488704,1488704,0.19442204290033835,14.085396981146031
1,975,1815,1789600,1789600,0.07632346826265571,17.697822229651543
20,286,866,14522830,14522830,1.0948723224050563,123.75555027029142
4,249,1961,12052316,12052316,0.7729092120249187,114.44990750358816
4,406,281,354913,354913,0.05853856026200804,3.3961609646181925
3,1565,199,393234,393234,0.0481423564080369,3.678132130181054
15,514,1658,39379168,39379168,2.9135929398439666,379.9362100878884
16,1087,1250,24828760,24828760,2.3339830765033267,218.41854825524985
14,1933,1774,44383716,44383716,3.2688275787798107,374.3710410181048
5,591,1633,11656364,11656364,0.7492116900357187,101.07548980474867
12,740,1084,13751634,13751634,1.315649665461401,140.4589894066262
13,1573,811,9187018,9187018,0.7611984163416601,84.55139727876318
12,85,466,2438588,2438588,0.22616696283756785,26.21008284075664
10,1293,270,1010620,1010620,0.14150053612886987,9.530409807820359
17,501,188,664778,664778,0.13697122711205503,6.453507788772305
4,1781,1549,9978668,9978668,0.7184300288900034,82.23979013328423
12,1580,629,5359719,5359719,0.3556417385320632,43.952510024492774
21,1780,476,5393566,5393566,0.4585053854968509,51.96022757606797
21,1422,1565,51258455,51258455,4.116091933563615,510.98516256277975
3,910,139,166949,166949,0.03540493186321702,1.7528532841836284
8,1370,64,117514,117514,0.06389709192212702,1.1120014340884745
23,1688,1066,26834428,26834428,2.69558219315836,291.8311874367056
21,1353,507,5842678,5842678,0.49780167509358136,56.628513550779125
14,193,1587,33085786,33085786,2.4853872046208547,305.1923371731425
16,1456,990,16168690,16168690,1.415192281190226,163.2319150188886
11,1028,2044,43923526,43923526,6.184273771405877,478.52840563221935
9,1127,658,4217790,4217790,0.35780929897612757,42.788698683877215
2,1254,601,1122077,1122077,0.09037916811190269,12.243946675326786
15,1824,1023,16542943,16542943,2.8530552695220535,176.30818265497214
20,819,585,6998950,6998950,0.7165672486456428,64.45822619669548
5,1524,379,1157855,1157855,0.09791436664665705,12.459984121046611
13,1904,1361,24850509,24850509,2.451765860244972,226.15331370654982
19,915,612,7319530,7319530,0.7145575974279654,63.52403891825696
17,1699,727,9711276,9711276,0.6880339108985972,86.67949687155605
20,1611,1167,27790948,27790948,2.5456215073442845,265.14075842285826
2,1599,309,593290,593290,0.054386369556273934,5.916641608920149
21,1401,1254,33246058,33246058,3.0221794424805446,302.7937510522476
18,67,422,3067528,3067528,0.33949994408212913,26.724160724411096
15,214,1153,18887303,18887303,1.4565972307555444,156.05234026336922
8,1302,611,3419777,3419777,0.19686387099603292,32.54992318593966
16,1027,736,8900458,8900458,0.876374455280101,77.10381172245081
2,578,1688,3845274,3845274,0.2645881945382733,39.6962414390639
11,219,461,2235860,2235860,0.27628772932898815,21.26032127433963
12,823,1645,31156310,31156310,2.794569498537135,290.0994849516911
24,55,1910,84076300,84076300,9.206132678570485,866.9146438586469
18,1914,1630,48332770,48332770,7.8558906309969645,518.0375304605632
3,935,1709,7461504,7461504,0.517981273630279,79.80953784612932
7,1293,1130,9141710,9141710,0.5755129615341912,98.66531891362729
10,87,60,38830,38830,0.06245546151791153,0.33557778053864684
4,1419,788,2992046,2992046,0.22568175544203098,31.003144645231043
18,1397,644,7968222,7968222,0.6752135952888569,69.66630505517284
12,1752,1523,28216631,28216631,2.6853782634369945,234.8614307505373
24,1783,494,6510436,6510436,0.5704152064853844,56.85238811048819
18,37,1019,17718382,17718382,3.4931959097068295,149.3138406701143
3,1102,797,2159083,2159083,0.20499629060271488,22.309759259715758
6,1132,1134,7731622,7731622,0.5135067075871654,65.06805294260047
5,278,1439,8704521,8704521,0.6277459306982763,77.21226391250896
2,852,1505,3565355,3565355,0.22740364245255887,36.06640095431672
15,966,1585,36741895,36741895,3.2689338719262224,330.09139086757756
10,1648,1084,12383626,12383626,1.2361769636275899,121.21816033964369
1,1269,1457,1864970,1864970,0.12904314170790096,19.358081573648384
12,516,609,4407343,4407343,0.340351569188074,47.13564969285169
5,1824,91,200483,200483,0.05046398674574987,1.7879009334602405
14,1446,863,10950617,10950617,0.9089825377217812,116.00601267883535
22,1665,1361,41208368,41208368,3.333656908696705,400.3641100074036
6,1862,942,6205906,6205906,0.48137901421955875,62.80696872368235
16,1340,91,248531,248531,0.1019300479142209,2.3627279043550105
2,1289,102,143116,143116,0.03483297519278084,1.5493530871701944
21,536,1897,73047789,73047789,6.621068918462994,614.2457085626496
1,648,940,619470,619470,0.04645907684647911,6.489958672801721
2,958,711,1195201,1195201,0.061704737669792564,10.981811165588576
13,1950,1532,31186934,31186934,2.6342531390664514,261.1574750410952
24,101,1878,81371872,81371872,6.0476299996034095,695.3698783697688
3,322,1872,7635898,7635898,0.5627952423700114,80.21636741305753
21,508,1245,31671565,31671565,2.7416196372563975,260.86230522519025
3,1536,1359,5798863,5798863,0.428524699203194,50.92513268567143
17,1743,887,14158304,14158304,1.2539624081037126,152.58767292269258
24,1353,1597,60874456,60874456,4.630863629202794,658.7777812573906
2,1967,1830,6970480,6970480,0.5273361704365903,69.56383283233332
16,256,1239,23376223,23376223,2.0076661007006766,232.7213134787149
24,357,1262,37124264,37124264,2.6982295744971836,404.95909473271274
17,974,1855,56913265,56913265,4.469679847901512,618.0472960727844
12,1977,411,2679730,2679730,0.22546949399748484,26.367938998988606
4,331,979,3213088,3213088,0.1596825424280159,33.85213342552821
1,828,568,476562,476562,0.03512164644414727,4.019601863515638
6,1990,1078,7972898,7972898,0.629591135557597,73.1397352252161
5,282,1064,4844402,4844402,0.27596800609378846,44.97544784573618
15,1000,350,2073760,2073760,0.2052696641842177,21.52227010472805
9,616,606,3322708,3322708,0.27613268975084126,28.395016717098354
10,329,225,534160,534160,0.11334649917944153,4.641463574086852
21,880,1250,32388760,32388760,2.9786549062166707,317.30631089371605
20,1583,930,17933200,17933200,1.4194928176886754,153.925499488627
12,1814,1526,28417182,28417182,2.7327424338584616,261.7518692713433
7,1500,2009,27264149,27264149,6.293262994931782,283.57738611904233
16,547,1375,29147260,29147260,2.3647832904673054,246.70398286441042
3,348,1262,3640880,3640880,0.22990185840719793,34.61311637840849
7,662,997,6641027,6641027,0.5372497075630277,59.57609870114762
5,1390,830,3921760,3921760,0.22978764425260625,34.06395539539569
4,335,970,3161240,3161240,0.1791164364262415,31.312708200386336
11,1726,1263,18158161,18158161,1.1788651487055701,154.38390298648105
17,346,1945,61253895,61253895,5.345229407587202,555.7477247093345
21,200,158,535788,535788,0.16507396390147044,5.561919648568998
13,868,1477,27494365,27494365,2.4093446421084774,271.4119700536551
8,387,1405,14387210,14387210,1.015614526273263,135.0020239971891
21,886,1851,70221397,70221397,6.969769850967429,625.6320419723843
17,1724,1191,24781147,24781147,2.38798140497585,253.52317981065335
5,653,1661,12145242,12145242,1.4786376998800368,121.50553516670352
22,1805,1751,67602618,67602618,4.435927188386426,592.7020029878754
15,1720,390,2809960,2809960,0.2115302920858821,23.830354103341776
24,102,493,5657185,5657185,0.5136402417975559,59.612790858949204
15,1891,1985,58966420,58966420,5.80356092548183,490.4272417679373
18,221,707,8673486,8673486,0.6746119395185725,88.89349548463406
9,1871,453,2497852,2497852,0.22630724988608245,20.87522625707711
12,1762,1607,31273837,31273837,2.1864532645009405,329.7995679924404
17,832,1252,26155542,26155542,1.999177714779351,245.0663262406037
24,454,607,8770553,8770553,0.7164655492887412,94.97190491015789
8,699,794,4982360,4982360,0.3625245976703803,44.83377884127667
12,1724,355,2006115,2006115,0.29594020526991716,17.617097858051668
23,310,250,1460760,1460760,0.2582008832741522,14.806437503166439
24,416,1601,59674083,59674083,4.502285047463826,630.1612118650656
13,820,1419,25358959,25358959,2.122740484266129,264.65561855700605
5,1064,1137,6397909,6397909,0.5448492428994638,62.246536076971005
