Layers,Input_Dim,Hidden_Dim,Params,FLOPs,Latency_ms,RAM_MB
20,35,1712,55799226,529495433,8.910215936135364,263.0260625759795
23,822,1510,51453260,263240787,5.514407619768464,261.8706964606167
23,1966,1310,40372900,176625979,3.303572216091095,211.50084156462617
8,1440,1217,12142019,71051581,1.094372078305724,130.88793123317706
19,856,844,13568998,83102667,1.3690541761147879,116.00249088396575
5,1480,361,1060989,7196596,0.14415553765264236,84.63161038298576
13,541,375,1899010,7483281,0.3866067079238477,93.47402001765934
24,2024,484,6383970,33360917,1.0427022741627328,122.21166607869276
15,74,1064,15954690,106721726,1.754356402158308,167.55207435236437
18,506,1777,54630321,481539482,5.921762499204296,286.70909714170307
3,1422,599,1577177,15637273,0.1624924567053296,72.42736323947064
24,1516,1926,88303258,775777251,8.228895152545048,446.29121296410034
7,1194,190,446700,2443067,0.16547472060963264,102.84297113557214
10,1363,1941,36591742,176714190,2.965081442956292,226.63271831841078
12,1830,298,1528750,2035782,0.23002852177093547,109.19988391753625
15,603,874,11243146,86585954,1.0998252708654623,125.95795309724173
24,1729,1146,32226676,208332776,3.167090765917106,187.39497712821336
15,1217,603,5839462,29334629,0.5893033577320038,78.71288838873873
10,1006,80,139690,923293,0.0893660594202079,86.43594088241856
6,628,489,1510531,2365765,0.13002925683145106,116.84570694684705
5,1184,426,1236688,2035671,0.11592710305186547,77.41663121061309
20,763,1834,65361936,229291133,4.565765959571134,300.19900655112104
15,1620,1050,17162260,34826377,1.7726833797116617,132.14218804101455
12,1850,1416,24706378,165320485,2.3151606155163442,184.99387897943149
9,1927,106,296174,2744733,0.09209741454195418,67.75077599710016
4,769,1906,12390916,110631219,1.4042270862718547,122.34280744352154
20,1297,684,9796942,59389144,1.3139031156946042,98.15124958630301
9,354,1926,30394216,48407292,4.0333175588098165,193.54840990034958
1,303,1321,414804,2046829,0.050232284973482505,64.53924834737039
8,584,743,4311639,20714496,0.6366100627561514,62.76166328789337
23,620,562,7315564,45388178,1.0039949239209325,78.21138325767075
22,1979,1500,50266510,203788728,5.28288639658781,282.14552033427594
24,1738,152,800746,5864103,0.3116791921525891,76.35835818807747
21,1430,266,1803756,7700788,0.3824283920108516,75.58187718227474
14,331,1300,22431510,28455609,2.4196880999789694,145.83894517330396
20,1482,330,2568070,25124273,0.37328562849827396,112.78009831269624
13,445,1492,27411034,40899025,2.2697154979260015,213.8098223964066
8,1411,1340,14484070,95866584,1.7238837245374148,131.06595417381658
22,1664,1193,31911567,119001195,4.310743030186368,247.52266190464374
24,574,749,13358425,129468857,1.6295610811926484,146.53270379866143
12,1569,1023,13139422,30406564,2.5802783420746427,107.77577422837224
21,642,476,4851878,31384891,0.9902140617058505,112.71604905278656
21,1811,1102,26317974,89004227,2.149358192811832,162.3909943444465
6,1232,1200,8697610,41677308,0.7476359915172297,94.56060335743958
13,1327,1952,48358858,375802744,4.484435893297288,242.43975805918072
6,1767,1855,20512600,80215113,2.360274311421569,124.10629455658123
24,1305,915,20481370,34763042,1.905679095568278,179.84872504149962
23,2004,1389,45274465,315068516,3.338233913430446,250.0492254877591
20,311,973,18319654,25308286,2.033642099417142,185.59331129362866
19,1933,1404,38236546,141588404,4.135548324323518,203.86325032398565
8,559,292,765342,2247725,0.11955421416333449,54.48946675589396
24,752,1745,71407155,580299613,7.035643034183962,336.2173599945818
20,763,967,18533532,114958037,2.0906672276031557,129.78600233377335
19,663,417,3418576,25362584,0.44821610544179785,74.05194666108164
23,706,1080,26458930,213717712,2.5720755175566747,186.16906959768536
4,107,1626,8128384,47353818,0.49665465075561255,104.40513768400838
16,657,1524,35879542,224622632,3.179973999936891,228.7495154030534
3,1852,1046,4139032,9408252,0.3146940821267835,105.59870312492035
8,1977,626,3992012,12316483,0.36319160025748354,81.58065366096035
12,1044,124,301330,2288414,0.1178637167512325,86.25938674596138
10,1735,1172,14419126,57324448,1.0531920719934136,123.8490498574455
11,72,1995,39985795,272891410,3.7061836935238524,175.11045648722134
2,114,1006,1138802,8837865,0.11146381532708693,65.0064873760039
19,1025,1621,49006082,107846622,4.144648735101591,322.56056802267983
5,1540,404,1281094,11560663,0.09890876335492478,104.9435442165991
13,1081,347,1828006,9633931,0.29984653325359745,113.93111610300316
22,654,774,13111570,89267007,1.1717330850707584,106.66426867714564
15,838,1117,18431627,181792159,1.4982579214507812,137.88221000531573
10,1136,1592,24650538,150074445,1.9126066979031566,172.11047511229117
7,1390,1789,21720259,205224747,2.207566818207534,147.66899768679173
8,1830,584,3466634,31587657,0.29645817981792544,92.71178055691053
9,491,93,116632,422108,0.09422209017051375,67.42602562506484
17,1916,559,6085843,27315241,0.5909800769797973,77.5858726433667
9,681,883,6855622,15582827,0.45240553014916124,87.03002368980991
10,1049,766,6099668,6469534,0.5868740596545666,125.9062976702303
2,810,1133,2215025,19344745,0.13678702609401514,67.15220063443887
6,1357,1447,12455786,76150331,1.0254468086061053,123.14083738661319
19,192,1515,41648875,65827162,3.3280933084393465,213.03446255614972
3,1067,105,135460,1153384,0.048503758502188715,88.98019326401193
3,447,889,1989592,19593287,0.1020686191005198,66.58388408275512
5,1382,1574,12108792,20655059,0.8111996472760812,118.06836848510297
2,779,196,193462,1633106,0.048015866227253914,82.04436581022006
3,441,58,33070,187728,0.03832702646824916,89.12145424566368
15,570,1319,25141469,31652766,1.8741588577561072,156.43199769620853
10,245,589,3278384,12003243,0.2954861841002414,124.81256505516228
12,1940,616,5382618,27236208,0.4860950050247006,98.4749781977816
6,65,144,115354,519361,0.059415309412594465,57.33805013986923
5,1235,544,1863754,6462035,0.11974845718113901,91.10463032115408
23,1004,829,15978985,54063119,1.4543262349926833,126.3129903178199
4,471,1725,9763510,64002831,0.7598558252827083,117.21179518565837
21,1569,1075,24832510,77123353,2.130539918546194,196.49272337045218
3,518,346,423168,876851,0.06942048764747222,68.90781309133219
5,568,1086,5350732,18940599,0.3842127450820369,95.40542198244675
13,913,849,9444286,25225760,0.7135626018527989,99.59636210620555
16,1796,242,1319394,6844958,0.20894102037102188,75.77885869573242
15,542,542,4420020,34601371,0.4563234165560126,113.6171662562038
2,35,1555,2491120,17511951,0.15397383925388616,76.25121628341765
18,1780,408,3567562,23211028,0.3044530665123491,116.03199626840512
1,748,506,384064,3126193,0.034702365882422766,87.41159286306132
8,1534,1481,17652049,123597531,1.318564726182581,132.194829414234
9,1510,253,898919,6928476,0.1653091249636202,54.47998397634684
6,1879,1134,8578720,77786526,0.5736603574376798,90.08722447094583
13,1321,827,9318646,47029217,0.6825426587404538,84.81580954694417
6,379,924,4633870,40450529,0.3741301465297034,123.98780334581778
21,980,1493,46090413,296780045,3.42350910641993,217.84819916049568
17,739,1456,35034282,130991830,3.20416396858197,225.46357648231617
5,1460,572,2152446,9534177,0.24752238111045602,94.77942639203529
4,1166,1024,4354058,40813103,0.3046207836261497,84.61697155336644
10,313,560,3008890,10880348,0.234670537371526,79.78619802789805
11,1560,43,86483,566578,0.10503326329309844,85.42399321016202
17,1664,943,15822607,90194657,1.5196431324513424,105.87950846107195
17,733,1195,23756610,175657779,1.839768125260024,207.97026703601549
19,1608,897,15951361,21338138,1.4500737775248065,141.8990086095803
13,1480,1054,14915164,123884952,1.4459099361508378,97.10215916087357
22,1034,1115,27296325,60246357,2.3088013960677607,140.75766833223085
2,601,1765,4197180,4713217,0.36453888801047646,87.3585311171203
1,1454,1750,2563760,16104099,0.1700717563997131,124.91831055723405
18,1957,1795,58337510,97397207,5.9632333993582,335.00053623090133
16,310,627,6107617,28145361,0.5489125060768113,100.36757240402542
16,1878,599,6522521,32134141,0.5974015705776671,101.19080611280022
12,461,1877,39661020,173239865,3.2969120217706442,233.98300888138414
2,2019,1020,3112030,24843617,0.11901661601551311,64.26418990501631
21,649,895,16629110,126067380,1.2970229148963934,170.82467257465916
12,735,1635,30643180,252642584,2.160052702889304,172.3997746857663
4,1286,1077,4879897,13305862,0.3864741709369561,105.68579147707102
14,359,1741,40070866,212817176,3.254831740981875,189.56247854660296
14,233,994,13099936,82138700,1.0993404123682475,119.8326356469038
18,1109,1470,38406700,178011673,3.0531475601642537,227.47729749952197
8,84,2024,28882490,278555471,3.043038342917607,145.6233034876298
21,1296,708,10964806,98190026,1.2752476268722708,126.72743908764096
17,1607,328,2257306,14797588,0.3162698797395301,71.0012915147109
1,869,1231,1083290,7481953,0.06834240916064002,114.40431513269193
1,775,1971,1549216,9408831,0.10484865627241623,94.49368192190474
21,1556,1875,73288135,176419127,6.465229249124887,301.030886930464
7,1497,766,4680270,35707317,0.9133023206599294,95.38670125826518
2,1621,1493,4667128,5640277,0.34234510444879696,63.651456208317434
18,1592,1279,29881287,75281345,3.1522307797164753,169.6007571232202
10,1168,147,369127,3380032,0.14835759009712435,70.4596676381933
4,1887,540,1901350,3319411,0.19431525035797104,102.02951697321264
10,681,851,7114370,18891003,0.6256526016120725,111.8010132660394
18,1490,229,1239129,11149272,0.2647556201177407,82.60843053684304
9,52,1842,27274504,151834414,2.286534327911724,187.71036262440072
12,217,1761,34533220,72412481,3.3511707059938427,171.3856929909962
16,228,1127,19338203,90509413,1.6642868959764183,157.4922246961684
18,946,1600,45078410,427837217,3.9334217081349667,247.8090918703026
20,1745,66,199924,1975521,0.14369790452910802,84.57645137497688
20,1319,1854,67810060,541629113,5.2089695318810705,301.03085084215155
13,700,1396,24395110,111701919,3.0315901459799237,147.93221090923979
9,551,834,6039838,18078990,0.5950304837690782,123.97300786454113
13,453,144,317386,1120509,0.3192415076352808,56.84566320908285
16,674,1561,37643525,219654797,5.3403724297054405,202.8369153375521
8,1294,342,1267462,9687577,0.18010513487020277,87.07434296252828
4,795,100,110910,917415,0.059919913430871094,78.19719023367408
17,1688,576,6296266,32346024,0.6670940681481493,110.06017289127996
21,610,747,11639017,112887714,1.155779496183204,112.77135008384036
16,45,981,14505076,56150507,1.6492143809367517,125.45263269305302
5,881,1706,13170330,23268349,0.9321777050286091,124.03080186243112
12,1109,2012,46805166,303353293,5.624328840017043,244.56657301796366
23,924,363,3246319,31758044,0.5042806798893947,71.01284713643706
2,1366,1235,3227065,11699663,0.18278102817023456,117.77828123737225
12,1271,1799,37926528,220048343,3.1593115719065468,187.494879358178
15,1105,731,8307094,77653015,0.8309411802505838,104.09465517113645
23,1704,1201,33818969,264521943,2.9630282751314616,227.10723443338674
6,1253,456,1618354,15132830,0.1571160924617292,84.42437071983524
16,1693,1117,20635468,96389612,1.5919453521055658,158.69850402962138
3,212,203,128103,292114,0.047741991539292296,84.65647789016161
19,245,864,13673674,105293522,1.1679351850804307,109.74846996879722
2,643,1010,1681660,3536994,0.10745174760439255,68.43471142210157
20,1291,1248,31241194,216692301,2.5422228315119373,172.82435785681793
23,594,1634,59763560,342309077,5.430304242940788,335.1843218420144
13,1294,1473,27976699,91112541,2.799671202129388,160.9334102366139
9,1339,1872,30577258,150847179,2.4699487738969297,179.41380434010904
10,1949,1814,33187140,218485567,2.36487845951267,210.93616274511342
8,1788,144,405226,1348840,0.11944846496558298,83.54123229305878
20,1411,70,193980,529975,0.12896641375195755,85.17861438328735
13,348,1799,39504251,249566758,4.035588709642514,247.14761082758795
11,1451,1125,14312260,50493677,1.2245192633019926,151.23401476957076
14,1884,865,11377355,99810885,0.8248073940715652,144.50310182282368
7,1009,1911,23872222,79662121,1.9765762010413446,189.85195996662532
23,1208,159,753511,4456462,0.3103905389799052,56.857636918582116
4,1426,1615,10150285,52808698,0.7472559715813347,123.11356015534379
13,271,1394,23728678,187479316,2.1981017269220935,171.2618688996902
11,1104,711,5855095,58432151,0.48272893971140535,105.9569721651079
3,1697,284,646962,4078891,0.06729444626846584,57.49804001163399
12,1735,1260,19677430,114994393,1.557222138848324,116.37157549988119
11,1128,51,84619,575893,0.0725263655705921,104.18073987574765
8,554,68,71274,531864,0.06885724002757418,96.24245517380298
23,1334,1933,84845179,312110635,7.644906433578031,437.858577194747
6,1358,1001,6385389,26067195,0.7169819387158834,107.05602405408361
12,1301,1909,42612708,115009088,7.747997815133181,288.9520785357815
9,36,1382,15355412,16215513,2.0394625498969714,97.78185986512288
6,993,640,2693770,15299803,0.3001835909496857,69.79664965575586
2,585,104,72914,349378,0.03717083175713369,72.06023147469135
5,539,1553,10507608,101485845,0.9969777517867677,125.63326262875165
17,1497,578,6226226,32045025,0.7781479220131278,117.3675470313065
1,1740,571,999831,8144400,0.09638986029957994,63.57441726246754
4,470,787,2239025,5541798,0.26444943385573016,73.71341840824007
10,664,1704,27298090,246648105,2.687187875501767,138.48583281671645
2,491,710,861240,4404401,0.1075585202926583,74.25361714990551
10,1138,1181,13920457,81151106,1.3352085282271873,117.04131423018192
21,225,1798,65116378,492620255,5.172363218923416,315.87099208286014
21,1503,90,300070,2280697,0.1449808939814606,60.758108145767885
1,559,1466,835630,4015385,0.050051871186197,61.919268098265306
24,1759,882,19473688,168364308,2.136748471198897,134.797131363233
4,1063,384,855946,8038158,0.12647412672723357,59.311150161495284
5,271,393,730204,4277657,0.11700920909797628,68.10368342132979
4,509,561,1237576,10204395,0.13067967147776044,81.53748896264091
6,1479,1020,6726910,29462137,0.7309288792993893,114.55135708773031
16,634,1514,35382190,237998668,4.002343057047791,245.63895211200403
2,452,1695,3659515,11223972,0.24328932679233603,99.66701195139515
1,710,1918,1382888,7117157,0.09442411378949273,87.31654298288505
18,967,1308,30386158,116072192,17.240898661135205,203.20497100717765
8,1570,1114,10456014,83572448,1.0516771089982153,89.81275817881948
10,186,1042,9986538,26848851,1.5786716303681096,109.34549393636152
14,1404,1555,33654875,216618416,4.432059654299499,168.02167389391397
9,593,1393,16376118,80423301,1.8194924750429113,168.25323662059537
11,1782,370,2036120,2629495,0.32144072269027124,77.06815168226088
10,881,715,5245250,24086216,0.5198964091412743,68.79866485756973
14,758,915,11599465,72361611,0.9620411197917861,119.29166084338364
17,387,885,12898000,91410511,1.3552703961861527,112.27186273998461
15,870,800,9676010,74963208,0.8450108481054015,135.39388514005608
10,1604,296,1269258,9621641,0.20142464668554966,100.01707406501008
21,61,911,16682242,134859123,1.53898826857504,119.89676739404652
11,176,2041,42058897,344438994,6.394459071016303,244.17940920503133
10,821,951,8939410,81816281,0.8140745838390396,86.23512179045842
3,1267,205,346460,714787,0.1600002175580353,111.57121865206413
4,1506,510,1555510,5397501,0.13568458973088332,65.18515586919145
10,1753,989,10556596,52383213,1.194328168852965,86.48139643814656
15,317,2010,57248830,173371003,8.206198449345752,347.0409072959947
17,852,802,10996232,31465435,1.2294252365046485,90.96397865590897
21,332,1610,52426440,281565219,4.839849981718338,231.9087396877446
18,1030,1195,25540745,69119690,2.2630021165345924,182.70910205164176
21,1080,962,19577672,59679222,2.5040430440908144,154.607622173828
11,1310,726,6237076,60391629,0.5870662396878371,106.30066700717101
16,913,384,2572426,23505000,0.46356027598130095,100.27867234830485
10,389,261,719848,5790677,0.23038915780321426,110.62211225983631
8,1629,1425,16561360,65813433,1.2663719623819678,139.0812197432558
13,806,1626,33074476,213466424,2.7948222696900333,175.65798467814633
18,113,2034,70618456,565043937,13.035718204003754,396.95284494171256
12,1661,913,10705848,99116958,0.9840681164138823,115.98388267559575
8,1791,1587,20500876,69412607,1.5009725135367162,150.342611555771
6,1235,711,3417076,13878655,0.3595011344736649,106.83031297596476
11,878,1952,39857898,398549764,3.2571507643541873,216.0461341317987
8,628,1136,9767338,73311586,0.8002423918734125,80.27157685011545
5,1570,102,203296,1588814,0.09602759191353512,51.38074441093789
22,1796,1276,36524234,358028474,3.532438350911731,240.18834678414882
9,551,1522,19399422,63565375,2.2339884886512826,151.86165330306812
18,156,889,13599043,54464279,1.0435134480299748,115.14498291152276
6,1080,827,4326047,10536533,0.38116818156689825,62.419336989583634
20,1083,124,430166,3990349,0.16460827415675197,62.2711633992018
18,1993,1756,55968998,159761889,4.258628821663182,316.4718635548134
24,1187,693,11891890,52641499,1.3589389043286546,108.26684309119092
22,1110,1785,68949205,131297182,6.063869795238782,337.8697195670529
5,158,496,1069882,2792537,0.13429212787730752,61.33666703202794
13,824,377,2024877,13186256,0.27608835257444225,73.19369676508246
8,1142,1212,11688538,97748574,0.9358385698924331,120.80539377887838
17,458,1866,56616316,195321124,4.810381286836075,291.07813548704763
18,643,1749,53176606,134288857,5.347288622634813,263.9887973540675
3,1030,921,2657095,18365741,0.217681115728356,55.270611159040186
19,537,1531,43057854,310624816,5.443167827526794,275.4973957068948
5,779,907,4010764,9232179,0.3437847473930354,109.66311900367606
15,1709,1427,30983034,123311051,2.510726905754649,181.95518502456963
9,1034,908,7551846,30409987,0.7591560810061818,70.8709619388926
23,629,1155,30113170,40499331,4.4434460945134076,167.12966847218962
3,1875,1015,3976780,6214025,0.37693773632746924,96.37701277025596
10,805,870,7529860,69392648,0.6688108451181394,106.41351686105148
3,148,1191,3028723,28790929,0.25754783290689925,81.29230721704397
7,2035,1405,14727220,142430900,1.6758588857077275,144.2934598128824
21,2029,1760,65577610,364952695,6.802322243373867,371.0739832522074
2,161,1185,1609240,10499027,0.15757009231030206,94.68619617689188
19,149,1477,39530438,272070485,3.170151165641107,225.6200695124436
1,523,2034,1086166,2339575,0.06222131138446948,87.8422775200022
13,166,277,973111,1346135,0.14261069146588143,98.48089323694435
14,1735,2034,57360844,253396071,10.610864711777268,250.12425068727404
18,2033,1044,20680606,85131581,1.9556495802511318,127.0359433486765
24,544,1949,88494355,880803670,7.277646505390841,408.2789899089943
6,742,1210,8237690,55508169,0.5480870528605678,100.35339339789515
20,991,501,5280550,50838700,0.4988370246504481,81.9966609617007
20,977,727,10774150,43374808,1.035758416830058,117.71083814436987
6,970,1926,20446426,159665903,1.8772177078676267,147.6409902647796
9,1646,415,2068785,11837946,0.20022722640770002,75.12892401623671
24,617,1984,91825482,298420756,9.190311358687808,491.0564341526889
15,1451,52,114618,176785,0.17057830685301875,89.27095133817824
5,1056,1336,8570450,16871909,0.6838356462387517,100.73197584565264
3,1713,1870,10221430,34658491,0.7127712848461984,123.94693769118436
15,1351,1604,38226538,83669374,3.049271495179967,189.93601105543445
10,778,867,7457077,10421613,0.6497644729962845,90.56779483257937
13,1960,1284,22330054,156977536,1.9038468922670997,118.95465408661669
1,2015,77,156012,1412664,0.040754372708291506,87.32839726320798
2,252,1991,4489715,20318130,0.274042574830566,83.22291453165063
8,559,420,1477150,10353778,0.17916858794872764,78.01432887479662
24,1150,1692,67849210,147910439,6.0189912118331055,321.55574586692177
7,997,1551,16006330,59570598,1.4571848596855486,179.75269311530636
21,910,282,1855852,18153044,0.4237289813298993,71.69043714582617
18,1049,698,9034224,46475934,0.8931780670782296,84.27780189582856
8,1540,1188,11730322,93242665,1.0004456014936327,101.9118126641959
2,1815,1795,6501500,32962639,0.3658135569790239,101.13541756266174
20,327,202,847400,7927150,0.2637424967814848,55.09605468118227
11,1906,1148,15391246,28032397,1.1973056072456794,136.57569382413268
14,1926,2003,56061977,340920042,5.153916373303008,322.81649028133126
19,1394,1893,67195831,93188629,7.68797699450957,307.6793042048189
14,572,1021,14160259,103576206,2.413254792201868,125.35849949373707
18,852,1171,24341587,56633090,1.9499587148804787,164.8452873366477
16,704,689,7623795,72557670,0.7424819874281118,121.72029880481041
12,424,254,822970,4169474,0.1570787019364279,70.4668276375483
2,530,194,142794,1309463,0.03287087634791973,66.15069952937614
13,1350,603,5191237,11168502,0.34059491315856294,122.1704650522946
10,44,960,8355850,81193196,0.6512882290877535,132.3161093391398
20,959,1904,70762170,314408670,5.081004812348364,381.9883045648856
6,1148,1597,14610963,28830712,0.9701198627133291,136.03605539935992
1,1581,2044,3254058,16932211,0.19098445138785422,94.08309438098905
6,1963,1777,19305338,118133357,1.8330879334186578,158.6966293748739
9,1585,1006,9709922,12303845,0.8164339496428383,128.45903018007274
2,303,1235,1914260,12576827,0.12721019924457863,92.61046640556981
10,1085,535,3167210,20761410,0.26421790896746805,125.679738554273
13,849,1409,25052030,32890539,1.9899899703448005,170.6538112831838
5,199,1361,7700548,61581585,0.7139132829881123,129.4002131266779
15,1515,599,5945684,8704707,0.6567930524648437,91.36993805250904
6,1799,1524,14378950,52939458,1.3918329814690495,112.72612857976026
16,1828,1837,54024343,249954333,5.949474763835764,246.5382327528325
5,393,1643,11468150,24192517,1.0512978874657268,125.7176276695917
10,276,180,344890,3031687,0.09582765501056989,58.046600365704776
14,220,1365,24554995,72431239,2.2496343069286135,164.65494816751993
12,504,836,8127602,33709545,0.8039561638538495,101.85619895202716
11,1201,1650,29241310,292284036,3.1632494553605652,192.3220275024683
8,1133,678,3998176,14943165,0.31567427116704744,62.20294605146531
19,333,699,9047866,80248532,0.9300763966913642,143.5110802987112
21,1685,1748,64109658,515719503,6.729553744498617,292.1537556138888
12,582,1032,12338602,34125661,1.195930638364913,106.13684868296274
3,1028,476,948678,8329610,0.10728498401783265,74.5487277057014
3,1314,1301,5111639,17827010,0.3363340198186511,118.98666478814783
15,1429,277,1476974,4302051,0.22371350804820758,72.77484109462885
16,1677,661,7679508,12181628,0.7137655403796764,97.85202289848945
11,2010,1000,12031010,68240162,1.0146287588998864,128.6396605676507
16,666,424,2990058,3210675,0.3528336649217299,57.09445177625489
11,1731,483,3179116,16393389,0.3263752228774882,95.63570011731568
24,35,316,2318502,11379534,0.3189972223418912,109.17330545828031
17,867,1235,25507700,126764215,2.1417916346158745,167.4189957165236
13,316,182,459196,3043570,0.1353651265628098,61.461522096215376
12,1628,2041,49190151,448421249,8.639422655117862,284.357799847519
6,400,331,685511,4938068,0.1538533908582665,87.4668520272612
10,973,573,3523960,21042422,0.39533269011319067,80.21281378643589
20,565,689,9429664,40999980,0.9013856223597447,74.72972213445126
1,593,1025,619110,5152344,0.04660481098248213,101.4528905614003
12,1310,1272,19492138,44814965,1.7272796796847643,144.2061583520988
18,87,1208,24946418,232460136,2.8620477815822616,183.49080891314802
7,37,1853,20701726,57265204,2.0902192607914496,171.81611488246804
17,932,643,7231831,33133252,0.7640048210472365,89.00870669209436
3,1095,287,482744,2702379,0.06575916489224594,99.18317374475753
5,460,1057,4971081,33127101,0.29500864859423653,81.1365315994907
23,229,1956,84683074,435796812,7.766471046926939,379.8378801522523
9,1002,620,3708230,23796516,0.3608444394895324,124.2134740025292
24,1763,1652,65738046,492957236,6.93080350845158,281.77676421184907
14,1600,52,119610,344908,0.12367321481444658,86.67130354585731
18,282,2009,69236177,129087820,5.8568045035182,300.20648489567606
11,812,1593,26703469,248471447,2.314307859286496,169.33997314246753
23,1539,1471,49916924,494807211,4.6268802012326615,255.65482968976337
20,1589,1561,48824968,114932960,4.982190754542198,295.73418377726506
12,968,600,4554010,31643934,0.4504113365749509,60.83092873504155
21,954,1138,27021820,263281185,2.2191987610032027,200.9742402993419
4,414,1947,12205753,20929677,0.8865855012839966,160.36936434721127
3,602,1825,7783635,74120054,0.49809578573829616,77.58466361144266
18,271,589,6073778,56397812,0.6434796160006792,103.32756706261387
8,1037,151,318922,1007840,0.1369229816300187,102.93868602620664
5,263,1140,5515330,47155368,0.4002158984956721,120.4548747808414
18,1004,66,142174,1095406,0.1375471309113258,76.66592547159652
4,1231,1364,7279678,38479194,0.5994851308953912,93.42447995280006
21,1319,972,20207890,33140698,2.6339355012584886,162.19787931191507
8,875,485,2079690,12210477,0.25554147195162824,114.68018710220885
21,1851,281,2108072,9169294,0.43111393505690826,59.05031290328701
5,443,476,1124322,10899081,0.12882921188023685,73.44721098404588
22,70,1857,72606853,483681464,6.490485370116913,308.5842392755191
18,1413,1460,38341070,87780904,3.546793007861867,213.122395981513
2,1792,1808,6530506,59880088,0.459323428882677,83.85588812842119
20,1060,559,6546459,25508008,1.1665392256545004,96.6922219381812
21,885,660,9316570,80438100,0.9945694902166314,123.42855505626575
23,1916,935,21055275,32473528,2.2696886556779656,161.4019151010204
21,1584,788,13691510,55500812,2.6089230236327006,138.7566872978981
1,1323,1787,2383868,8004879,0.3072119228677874,68.14796313700599
19,1587,886,15561714,88084804,1.3179432611357391,148.18429712344775
4,1048,437,1037011,8720888,0.1308137063663124,88.76888544278108
13,1372,1141,17214277,136468981,1.6141468781314543,145.52481378308298
8,820,1433,15575287,113945644,1.5260242618105655,111.71286326766399
12,651,1816,37498594,199687276,3.701844055228919,208.5065396611882
15,441,752,8267498,68670639,0.8342781426060404,81.98195486190657
19,269,780,11183650,87944868,1.0471973043308735,84.46993438985238
7,1956,1003,8014983,32009399,1.1645320653764941,126.3550596966524
3,1460,514,1285524,6850765,0.14391131379626332,59.05721109429143
5,2031,440,1674650,5874659,0.1581198109198478,71.84294087375541
22,1279,1061,25031122,158030599,2.6476727105198705,155.08595130159796
23,219,1348,40315994,382292101,5.238240649079824,201.74542265267354
2,123,1143,1460764,13162262,0.15307082561475918,66.5792572935849
5,1084,1181,6876973,39625265,0.5354229757952703,80.97539536411436
2,1110,1766,5100218,42592467,0.35460065859130224,115.34017858436499
17,1909,463,4326282,36852132,0.41984372613047094,81.0793305107977
4,1305,485,1345400,4876743,0.11546245544807275,56.725389979470684
21,67,1593,50909104,436290801,3.93043740361547,231.57280957388872
11,1983,180,684730,4349564,0.18887062059537907,79.47822206874199
18,1860,1025,19795835,148549424,3.578983973511367,145.04267316791814
4,849,1988,13572086,76495482,1.3400013241730153,153.11701894605775
2,1440,1143,2966095,12109864,0.2238074794279138,85.69963574446976
17,1667,1386,33083830,243605494,5.592440752128809,214.6647950459756
4,1603,1948,14534038,25424937,1.5276772902998736,125.07114924611315
23,1365,1902,82246294,371882014,8.758181705613111,353.6110113521593
13,440,1510,28060340,109604908,2.5929176635380204,152.60494345961948
9,2044,1317,16592893,127419108,1.5470144927607243,111.17608063056213
15,1911,1000,15936010,103875174,1.4731536747724394,137.2977939029109
8,575,78,88852,433981,0.08146679730244615,104.6144932742025
20,1604,1086,24183058,94652086,2.4173378920618456,134.61414567451007
19,1005,535,5705250,27448326,0.6369625937422579,98.4565060541569
20,123,1753,58655390,419519543,5.04503748291414,270.48260177258084
18,1779,1103,22675484,94013832,39.333960202776126,137.2903186599012
13,611,80,127530,1189617,7.2794512123137,95.98396920671995
17,1999,421,3688812,9929040,0.6799772448894015,107.49011673479762
14,2034,1220,21859970,150231672,2.4109613796265865,178.20446956899065
19,244,1175,25172035,60722635,3.3135807750388584,185.6350109035832
15,2005,1287,25801786,207432769,2.562233830629439,158.421918872391
21,899,1362,38367550,213073328,4.699739081704004,230.3042514322051
2,1811,218,444948,1308807,0.09246664283923835,79.36379992688778
22,1015,1594,55026484,166323492,4.550721750998112,260.59421882811387
9,915,230,638030,5141831,0.10582881156854829,88.78328294646185
5,1200,1330,8691560,61902646,1.1264385973075324,132.16228520568458
18,1882,1283,30434053,258496121,3.5407511318770015,163.38408614148733
23,738,1480,49329890,366108425,4.64269247120887,246.63167354965506
11,809,1576,26145850,162615883,2.108814324515882,208.53184667239836
17,828,1990,65063060,205518677,6.874223359680389,314.94689845069865
18,566,312,1840186,7851272,0.3017433429862145,87.62995299075092
14,1212,151,483059,2110967,0.13415516236578504,71.95131467444101
21,1899,1297,36147400,233138370,2.922402625885185,204.87029241911836
5,748,577,1771977,8832517,0.13165265923116587,96.76834813097834
2,568,1504,3134346,19722409,0.23315775421347917,96.6347997677932
5,631,1255,7110840,64828335,0.5638379820847033,91.43589914313291
9,1557,365,1641050,8330502,0.16916944583631613,85.84731296573273
14,547,1814,43813552,320079208,3.4480772215559914,267.74122148329747
20,197,1424,38851002,366569652,3.501678295595179,243.55803651277165
5,1677,1508,11647802,101274373,0.7730049938961374,91.23941854364051
3,1635,1362,5954674,46814662,0.32009029158852687,114.97687875732986
10,1035,1235,15029960,50583209,1.2317978858870022,163.6622162774809
7,1299,177,420916,2171044,0.1118871623873881,83.45657519672208
1,1481,1965,2931790,8072993,0.16692461501764935,106.18012046932242
14,276,1541,31333163,204021114,3.2012956078092714,166.4738767964247
20,1290,552,6518026,34089977,0.7482249756545354,81.65328460098841
19,442,1943,68869645,310710452,6.804628797147958,289.5359562464281
2,461,1851,4301734,25556967,0.2825262881656375,109.53619913502324
13,1548,454,3186636,31189148,0.34591924371186666,111.68815358890927
20,296,1875,67408135,264949118,5.031367551993152,344.6426661343727
7,1624,426,1787932,17443978,0.16864562416067772,98.51765422013305
20,799,2031,80057968,267729285,11.923723017402763,382.13967754785097
23,698,1178,31390176,51214328,3.107829944299695,230.6223777579235
16,526,1138,20053846,180316089,3.719698344154777,144.5749298876913
15,1870,1330,27284960,32895239,2.6084596691357382,189.3292375882124
5,911,2031,18380560,128430918,2.0696968419378425,148.0572647217729
14,679,1500,30304510,110640240,2.30274207304143,184.47452274076284
16,827,1477,33982826,136394346,3.344216921606837,177.4658532191611
17,552,1372,30912542,255110041,3.67369223572532,179.9317808358455
13,1258,1287,21525085,176334460,1.7697781768954277,146.28191726892453
16,1471,1421,32415862,316595217,3.2459971798972362,162.39453995267468
3,1331,544,1323018,9937083,0.1191871143172083,71.78624600144443
8,581,1815,24146770,150952980,2.064518894645044,169.42085466050062
23,1958,769,14541031,105191342,1.516321332082774,167.99438956453199
20,529,1463,41484838,236600533,3.5695324512636493,216.1844515434776
24,911,1725,70069510,326172316,8.481807956860932,353.00350606905835
24,1817,805,16394640,45740967,2.211329003192436,136.07909210388664
3,840,1924,9044734,38562249,1.1395758890264966,137.5889406867921
19,206,1978,70889552,473568177,8.218115424138574,403.2779364394521
13,1818,1475,28822985,92979298,2.781946840352937,202.98084288477835
23,79,743,12228304,51519320,1.13023705036055,133.1677627972472
3,945,521,1042010,7361921,0.09767261476452399,84.55226956095939
3,391,150,105610,413828,0.04882839505257871,74.51332432707476
4,548,565,1275215,6667210,0.07679609531330156,73.73088418076605
5,1995,971,5723084,12893178,0.41127319552139346,86.7836998818971
18,901,1868,61055590,112031697,4.837384836197847,317.56532942309974
14,510,1050,14893210,44291410,1.793498145086241,127.29029609083331
16,1812,2042,66299666,181676729,13.39244943219091,279.63346557784905
5,284,150,134860,271725,0.09114810703922802,65.45329005199135
11,946,161,414907,2214750,0.13216657147446118,54.663253116236085
14,800,1450,28527310,218759364,2.4677424775356545,209.15844127484172
7,1711,428,1838698,18221548,0.15942895677058122,86.41919428028946
15,1894,45,114715,804080,0.1124594499123282,78.53079543832433
3,1837,1851,10276762,28646828,0.6583628298793875,119.46025469705563
10,916,1434,19849438,141583809,1.5866074222332316,165.1399617298744
10,1077,43,63822,78038,0.09064548282676685,61.110008920305276
5,1179,848,3888938,10508962,0.2912314928644646,122.26491793101863
6,1767,780,4432750,41310237,0.3711141980845975,99.41990404199078
7,544,304,725050,5722592,0.09693929693574048,92.44363191257696
16,1057,998,16020904,107125296,1.7242189293199088,126.89176988721404
18,1588,420,3677530,28297923,0.40542685813889173,94.60996599374747
12,1344,835,8810095,18186045,0.5662862362311327,144.919285142923
9,1556,1281,15145273,37791270,1.6300125242375092,116.01809142330636
10,62,1939,33996497,270502369,2.636415819879297,220.98945725271645
21,179,1102,24519510,176204636,2.2849957384696977,156.27260305357723
17,1938,1459,36925841,288376016,3.1750127550045195,209.59951405675724
8,1278,1976,29892938,261166895,2.7855974620687545,169.5126621604625
17,544,1986,64241152,121552080,6.842125268248049,338.0147288217796
17,526,1247,25569745,35790542,2.2152856689523506,169.356610458736
2,385,723,809770,5830445,0.09366258518315698,60.22384326913687
22,950,1510,49364930,388478823,4.729397430374837,268.0687985152342
7,458,864,4889386,24900323,0.3269164521167457,104.33356829500202
2,606,468,508258,2900693,0.057553153595496176,94.71585160403693
20,622,308,2003242,17666426,0.30695365130908153,67.38868152429842
24,1698,292,2466826,5036775,0.5190936123951608,80.20224498339249
7,1291,1962,25662970,85366791,2.399646591248916,137.95197331613366
13,629,1666,34392914,129965024,3.016265638527794,251.400975242118
11,1731,687,5923324,35660551,0.5587994054745105,89.56159834426663
20,1889,223,1372798,11439127,0.2735402508768766,92.71673533021395
16,1204,55,113035,451823,0.10945867010557468,70.74254497977522
14,180,359,1748699,13324186,0.24600123946619565,50.87077753450661
1,693,887,624458,2067874,0.03282209571014525,82.6664972050007
13,1361,1543,30705710,151462703,3.0467380116384,201.00244990479035
13,896,1945,47183765,340437854,3.7478886062184325,228.93634416349732
22,1702,1014,23350402,79320563,2.302921119224528,178.52743270357925
7,626,416,1305834,3996830,0.1371764117042384,88.38195905211781
11,1701,1810,35877830,131653667,3.2513595733951637,214.4682274296124
12,2001,1611,31807594,213901691,2.4254834062628916,194.56908486827103
17,213,1490,35879210,283771969,3.0525661423956034,220.89190059684668
11,329,1790,32667510,50836537,2.677857360605842,177.19773528462727
10,1128,1377,18645967,61157712,1.7895844760167907,162.75415617014403
3,1151,741,1960696,7470299,0.17353640925758887,93.65703132057132
4,1909,698,2803876,27799516,0.21185053607998272,107.31820830612574
10,1013,1624,25413986,27658947,2.672225170747411,171.3821955098803
20,1453,1929,73560496,277817826,14.558689535599955,408.7499397311181
20,875,917,16806786,139347940,1.5610943657329592,138.38578642034753
6,60,489,1232779,3873558,0.24751761479449724,85.00391505510177
1,1982,1151,2293953,20618900,0.07185074496587167,97.14657198619234
18,1164,1305,30506995,280595909,2.3800839523648842,233.06665546681862
20,1248,322,2381522,12718058,0.3271667549761486,92.23375057730516
18,1895,466,4587780,13732372,0.49898030276476385,77.83892221876584
21,603,416,3724874,25529997,0.3962265031422866,85.53987959758348
7,1362,1097,8733227,18440760,0.7207224123010373,109.34229777845248
5,1618,241,625887,5115684,0.08198263149049752,91.53855805555727
5,550,1210,6540060,55801680,0.4843288166512428,115.47211988066817
2,132,1246,1731950,14737639,0.1366838976032327,91.52220585907392
4,1285,238,479104,2372749,0.0910988453198924,81.53140951166418
20,2037,1829,67340132,236456740,5.772457541615185,342.73605420675784
12,2025,812,8914958,31514511,1.048664989583804,87.59656765441926
12,1722,67,166237,1416645,0.08458754986807468,85.39763637568178
12,1217,1601,30178860,90280409,2.3970489854945187,172.3489607195515
14,1415,1875,48401260,313807097,5.504940203297656,221.9895917284831
20,178,1695,54940045,96550096,4.170516448992545,306.462525750185
17,175,1950,61233910,192370797,5.831333963614062,284.0290483739674
12,2040,635,5744855,22753447,0.539657710781747,102.79352509667942
5,320,1725,12480385,87660822,0.9883142077090884,103.54079178259292
17,1121,1887,59138590,503132435,4.1220479151016,266.12688195453677
22,1704,582,8123566,8447169,0.9910731272348111,90.65762922452612
17,897,480,4129930,34106561,0.4810623879126058,105.26660659418432
5,1245,1203,7304626,21078568,0.4608931817746194,100.21283142946572
23,301,1610,57563950,455798470,5.112890607823811,341.6740594508304
19,89,1052,20044818,124073435,1.986990220802233,148.13191534471557
23,461,1830,74579830,159878426,6.264078360811072,304.02895875802903
2,688,1068,1888234,8054908,0.07514321170149042,60.89905276508993
12,103,641,4599826,13242776,0.4858184518044288,108.84068799678533
5,327,740,2443490,15906282,0.17263393089071954,106.94596302038312
6,758,54,56386,411544,0.0690412846657943,61.09624137264222
7,1452,950,6810560,7758618,0.4839062813957789,132.16875163072203
21,526,1890,72494740,584384915,5.018889695993308,353.2602664245829
21,281,383,3053286,15621722,0.3499948156154917,99.39759069824656
13,787,1498,28141438,40592263,2.1441181794586046,183.61711577437907
12,75,694,5365324,46929309,0.4944006769345606,95.8871330499426
23,650,934,19829764,55640597,1.8157987147322154,165.56769095647854
24,1214,138,610246,3683440,0.1979785853875528,57.00617852704842
14,1821,665,6975860,46626655,0.5185943330249062,88.31141529599223
21,86,658,8736276,59277167,0.914070213033459,142.11508472049724
16,1772,697,8540351,54800008,0.671481512544845,105.68418997273119
5,121,359,564358,1167308,0.09290334789388058,65.45643187747442
19,1207,118,396490,428744,0.14565623727874635,87.23644134968353
6,152,311,535863,4251398,0.11134402005603075,109.60896232477236
4,574,246,326206,333103,0.0546871970436324,66.92607612112025
14,1761,1173,19980892,80364388,1.9519634115727087,124.35840754735177
22,1364,732,12274186,35565511,1.1493881647302635,127.87187845454672
8,1755,1022,9123404,83631924,0.9594606937569291,120.86266753759999
4,1555,998,4553884,19232019,0.2897050311137688,76.96028572580606
11,1776,1757,34027829,315284773,3.304842394819864,241.59827964538007
20,1298,1237,30715957,119859032,2.7263555724132713,243.88225847453788
10,1163,950,9246360,31368720,0.8123425261974703,97.81129720977964
11,1812,1867,38279111,75043095,2.9720429097941055,240.2298021388691
10,173,757,5303552,37976012,0.40673563360289694,80.22850163020888
20,1123,2018,79700920,611892489,9.735039232356492,418.73929496574334
3,1593,394,943246,8994003,0.11055698991202867,92.70220867665526
19,1829,1563,46877506,251391989,4.843684757776263,231.83885537059328
24,1616,156,817138,4973855,0.2636501209641196,54.88071584123588
16,1357,1737,47659816,267633391,3.4769607528776856,253.57379783390294
18,920,323,2079807,19029734,0.2921085494784833,90.39392708552849
4,229,81,39376,62658,0.06700267244738396,54.08228350735918
23,235,965,20745580,113587845,2.1743715040967047,157.65145876212037
1,785,991,788846,7311559,0.06017093810577112,73.65129063468639
7,1766,585,3096415,17589173,0.25185093299205025,78.70206303034756
12,84,513,2949247,15770365,0.27045804723002503,64.14859959872307
17,677,61,102490,1003990,0.1573212225603404,86.65421581784119
15,588,612,5618782,19778861,0.5041123889293628,88.92866216825284
6,1705,1684,17077454,170692115,1.6493532568352482,105.48083964048901
1,856,1700,1473910,7982683,0.08871564022777291,58.60939251050032
2,1472,1793,5875671,41257080,0.31860875883021855,86.08081960524935
21,1446,273,1893811,2524368,0.3498829490208638,81.1630970026696
6,681,1282,9111184,66291953,0.6489092848931803,133.0637968260903
6,1330,1547,14048317,96592036,1.2584738436552092,161.92290671716142
21,700,1003,20853383,149946300,2.7849843180223752,136.59184508568666
17,1556,1813,55461493,303157639,4.05474520283225,336.1385390004281
23,1348,1947,86086615,103413647,8.881017646834366,390.9929713760104
18,547,696,8635282,85303156,0.8827013611601832,112.67553001381991
17,641,1219,24589678,161305855,1.9415089551639468,147.71811805055154
23,1181,1587,57335146,146307046,5.010067910571474,286.8760065492204
21,1079,1515,47586160,51872681,3.7112416446420466,268.6743303661709
1,880,1863,1659943,8351608,0.06495373479705252,67.51335780331893
11,1650,314,1510664,4079475,0.14687843730582548,70.94962766716996
6,1081,91,141242,520862,0.06329666316348342,79.52532684385235
4,1729,993,4688956,43360131,0.30597249455309683,95.35822512809595
12,1695,754,7548304,9964120,0.6077136509470412,134.19503016221338
7,1611,2027,27952340,81097333,3.2526007024680297,180.74748728207575
2,359,2003,4755132,24269068,0.3221515898711727,93.41094652255154
21,553,1302,34664458,34778087,3.2069772833758243,226.6288357193141
20,881,1898,70174764,562731962,5.43393231646943,297.30729291319426
15,905,1772,45607746,283033189,3.4246107152525034,246.1507567345147
8,1736,1746,24402106,197001171,2.237396676193073,143.33705341208085
10,1656,310,1384470,2400651,0.19244067613734042,60.09596923498941
10,1592,946,9579206,36861834,0.6641246474480115,127.70291050640652
15,207,1814,46489202,151688372,4.382640836578484,297.79789381216636
5,447,1269,7027732,32424663,0.4989847033471468,86.92415380091919
15,942,199,746857,4119457,0.21755858954607407,86.64413833533656
21,1683,755,12694580,61040713,1.151246483707012,134.836005160044
19,814,411,3387061,18721724,0.6291054597191627,76.7211341261472
3,2024,1841,10528689,17569536,0.9421538533897048,117.77625772457763
8,489,1554,17692300,131542141,1.4873537646696497,111.9166339511756
8,1669,414,1898200,9484449,0.21722502870222063,56.38382362946576
23,289,1734,66706990,642353003,4.526029108816449,276.62876778371486
18,1747,105,373810,2001208,0.18508327797436824,93.14242502927532
17,243,87,144604,1203949,0.12167469246389938,81.71367519317369
9,460,1066,9601472,45020458,0.8255864971806716,104.45871100590979
16,212,588,5326114,18922920,0.4601599831548155,81.1158823513767
18,1091,928,15678570,128522124,1.3902081643083914,114.18108154774794
5,374,516,1265758,6083931,0.13603405529285245,105.2524273567689
11,292,1690,29089980,220141288,2.42369738131055,151.14182774072242
20,777,1399,38315822,190911628,3.562916940343861,271.2979541650409
18,609,70,127900,387303,0.1471558709898182,107.06035775181583
3,262,1534,5128172,13574449,0.2995043685116393,104.45941683862235
6,1077,619,2592382,14753381,0.24232947860845397,92.51780421449779
6,474,1529,12438425,99675291,1.3165701056088508,108.86251334080457
15,1474,132,441814,2632036,0.14801678807766017,80.5180038496967
16,1944,173,789755,5400649,0.2135521736270813,93.94759893233216
22,996,162,717670,3546314,0.2212104953496342,67.53503632332392
8,710,985,7508665,32675734,0.6352398896427279,107.25181827204229
20,1162,891,16145821,142983724,1.668237570465246,134.9224595572562
16,660,362,2214002,7449694,0.29772251050429044,61.37284018189427
17,1870,1467,37216333,90734019,2.9277384333905334,249.66804697380925
16,1038,261,1299529,5624245,0.18887622401970064,109.82182796467515
2,1075,725,1313710,7067178,0.06357308397624244,94.84081297045472
7,47,237,352192,2674870,0.10013144220520333,62.795949502521204
6,1575,841,4874446,34243751,0.3827874724612187,93.33697386584399
21,1798,975,20795785,183453235,2.311323357307722,125.71776255100843
18,1891,1827,60250816,318772932,5.004725257756713,276.8988188636042
1,434,518,230520,1805851,0.033713288581138985,57.31710725985129
9,736,2036,34699558,289561313,4.10184727279579,244.46077789942427
15,566,44,53118,136828,0.10541362533714739,108.68906443546152
4,1780,1805,13012255,17392358,1.036333075306961,109.34179692956444
4,1609,880,3751450,6052147,0.3100854775710571,68.4417147632865
16,935,1381,29934566,198275446,2.6510729300812907,186.0926645695499
5,55,1722,11981686,66742927,0.8260692537482527,95.76130991239572
24,1744,85,317315,2191335,0.18390437913058547,54.40223253087095
11,95,1650,27416410,183771238,2.6268927043160026,181.84486324232066
16,980,1406,31066986,90258153,2.487160300019974,176.4789447173579
4,1855,843,3707524,5854039,0.2719459869660271,63.12594537164311
10,1888,785,7043815,19836884,0.5251744859835659,131.17925408307875
9,393,305,869870,6861873,0.11691067742509903,69.44604616685771
22,1856,1854,75683998,381291107,5.947822235874794,332.9335433510345
17,1713,1694,48861746,95915347,4.220294513024657,280.96922993749666
12,1553,1543,28619574,157079491,3.5382047503358303,186.8561871017814
20,1382,591,7470841,61937088,0.6149053133584909,70.36275499614825
18,712,1478,38229958,380927295,3.2059883865032983,256.8338452529407
12,1940,2041,49826943,104236877,5.971590013964517,253.05457227148514
7,1366,1111,8942449,52996067,0.7579851421488102,92.27396347697804
1,779,730,576710,3127556,0.04291401057467668,54.81951250950258
8,1712,360,1530010,3873858,0.13513476814966413,88.50566143206972
22,1655,1207,32630048,35285819,2.7282534923582897,202.85547744619163
3,1486,675,1923085,14889268,0.202079784851136,74.58619248699883
4,1295,1381,7529222,71104238,0.4644026324302895,94.89703887331507
2,1988,400,960010,2255236,0.05522512323349233,61.729382697682155
19,845,1665,51355270,462184189,3.537996143866355,248.8378265099881
4,1985,1237,7063280,26448488,0.5436577050076238,87.58451820576958
4,1862,1267,7192769,20718176,0.49709365350528195,104.14309493796242
22,666,1800,69296410,338644564,6.209644816108228,380.8630499813375
17,995,839,12120204,73967747,0.9832576132157715,104.62826061512659
13,1307,1184,18397002,166685292,2.4674902174749476,181.85761934025967
19,1154,1691,53471121,317144128,4.353497114232536,227.56192732066438
3,1029,1544,6376730,27750688,0.562142838069937,101.56982007030021
20,1259,1967,76048164,270047892,7.712949789134273,410.1726398363591
16,739,357,2184850,9663064,0.38599089348873605,62.4163073630152
18,1822,1995,71351185,288786228,6.366898969923674,369.05665366468435
20,813,178,752060,2103208,0.24984231408270835,64.44447525417945
14,102,527,3676889,35551622,0.34528334071006356,90.67653263207275
1,350,1029,371479,2576915,0.05544171027257447,79.7089587728916
12,1968,1462,26421274,48802460,2.350385434473811,156.29438396959125
23,217,414,3874222,16346782,0.4115802660133396,109.43491567268173
19,1847,1783,60568520,344832580,6.390447672325757,307.4148398636477
6,1540,1419,12275779,37973042,0.8289617981617992,109.19285472932381
7,1076,1651,18159359,22178308,1.533823154609092,133.46956790800522
22,1283,1070,25449960,156603334,2.9223840719684397,144.01190771780912
9,618,699,4354081,35492808,0.36004520148824526,112.2382449248334
21,1386,1490,46513340,357171949,3.2981187389016853,282.85952092885697
5,199,83,45328,371128,0.061227821165961385,66.94898387175616
20,892,1461,41902951,393448263,3.74899945831777,247.95367043139808
16,914,1852,53189450,131591141,3.9920676656964216,266.9325786796258
3,1390,542,1347964,3262477,0.10064803452624638,57.502047532379315
24,664,1686,66556546,160324923,5.97056204653391,336.59637927531884
20,204,1878,67450258,138678691,5.045395384954299,368.132946259036
13,58,1209,17638111,24047583,1.5412000258830754,115.35922984077673
4,1389,1626,10212916,17617152,0.865010285466196,91.04225172291339
7,182,946,5557760,28786403,0.46208776505324806,105.74416120272026
13,675,838,9011862,76225752,0.8890715784093582,117.24951517717706
22,832,1756,66271450,543081195,5.1095426433036195,379.9275860249729
16,952,152,495226,2243320,0.13752055049682077,97.61168542488713
2,870,367,458393,1055502,0.06799963183031761,75.99173877372893
18,1870,1503,41255857,41484561,3.4487406561532485,204.6963802353446
20,982,1458,41865022,173089986,3.6501755635034776,266.77875766927815
23,1271,1455,48471880,243488860,3.389818610151002,253.0052233657522
2,253,693,663904,5793383,0.07468930879785994,63.06032159532194
3,1092,1241,4451477,22026036,0.30105135672944444,64.62017923021615
18,1412,562,6178638,30595639,0.5991424670092619,94.0802621314883
6,193,1574,12716356,71008922,0.9616055812068016,144.8508743496777
2,1526,1133,3026253,25099307,0.14777124214283163,102.3410201643269
5,1240,983,5098831,12721781,0.40188257164807134,98.30994151463821
18,783,991,17499088,74804977,1.6807225307629508,141.2055348807192
18,97,413,2951308,4080360,0.3518288683486905,69.14556447157965
9,1780,1622,23965060,138357218,2.1291581203856023,176.53906055062873
13,668,807,8372635,82728367,0.7891560826965205,84.8880792936828
11,1022,141,345883,3058876,0.1290862983090746,90.8676752031887
3,311,439,527688,2748357,0.06252571477397859,61.4062819470815
8,367,315,815860,2134925,0.1316680375350101,79.43006847756469
18,100,551,5231755,33608354,0.645455976570641,102.82866867293359
15,1855,1850,51393010,265249918,3.542059634395824,215.27460396826552
23,104,1342,39805072,262714159,4.230779068372746,186.846666292334
5,1751,765,3691900,34815424,0.24267313666558993,70.7765077420178
8,222,974,6874502,43200335,0.575454895111453,115.41748666036152
24,1537,1448,50499010,441058943,5.042130675875324,253.62756187635395
18,1736,778,11662230,57630924,0.8806171776779683,115.7018824804437
20,549,696,9606898,74256098,0.872886799671908,118.14727503325938
23,1441,654,10373758,41049533,1.0417502107143348,128.8518678531265
16,1459,451,3720760,17024025,0.43163821899369387,115.99857845524889
2,1468,1704,5425546,53434130,0.4137560257289653,113.5147391058447
13,1388,464,3238266,31984042,0.29560287347996506,110.69659408539893
23,551,1388,43194570,67878865,5.311953864743439,227.20759057877896
5,498,449,1036751,1473914,0.14533322700399975,75.41249937685835
15,1045,411,2804674,25745335,0.43539987743354575,105.15902051629303
3,1328,102,157600,1098360,0.05279345453542017,71.1222494379705
9,1286,1629,23354983,64880628,2.1670953221839246,160.46660752874212
22,456,1914,77865358,323676433,7.4921474758042885,360.2160169346472
16,855,1512,35624242,344359073,3.2031648396408863,235.16723709083826
13,245,96,136330,927736,0.1416789530795718,58.323520386582864
6,1803,2003,23703512,83496451,2.6205701756224,161.54779791002125
8,1849,1712,23712922,235871476,1.9965090659285716,209.33558697853016
16,427,1293,25663474,118917358,2.1902068949545033,181.61941149857512
7,381,609,2467678,2775966,0.25301378000459424,57.628588302192476
14,2040,639,6627079,42925556,0.5611936436538627,85.3552111126624
4,1314,1632,10157578,45869916,0.7734907505622056,113.37662800950483
17,1858,289,1881111,9382964,0.34399895905330047,99.23909875834424
18,823,935,15657520,82740257,1.2821028960365797,132.96794435911372
5,1860,309,961309,9007999,0.1341980989117279,70.44712107676324
22,1314,1132,28433586,225406785,2.7200769474252624,170.26703530115222
20,1063,2000,78186010,437612234,6.896262263310173,363.5045166559061
20,831,599,7332968,47245028,0.8575754401940606,127.9418671356632
19,290,808,12009314,72202891,1.0725388944680685,108.282431984303
12,1197,735,6838450,67380507,0.5959335638927251,105.0213329986994
16,974,392,2696970,26132130,0.3185114167863233,71.28046855177357
5,380,210,259360,451476,0.05964963565480815,99.48572187941004
16,527,175,556160,4652302,0.20818247014448338,80.11554945728122
22,293,1996,84313046,575644916,11.321569986220862,414.01159353899976
18,427,1996,68636462,286811467,7.922099992569816,342.9337341078517
24,1274,1121,30369021,289515792,4.748639606465387,189.0643657362185
6,1184,620,2666010,6865878,0.24264400577952316,73.79829356844635
15,1292,497,4112685,4124119,0.41248819847546186,109.54445838343237
13,1406,1315,22629845,149915903,2.118047763847304,168.2097884795254
18,666,1518,40227010,377467834,3.4429542404968516,243.84147238248966
10,767,76,111806,945805,0.08709536525022411,80.56293314357173
12,908,934,10464546,89770517,0.8598541275288333,81.4980754640545
2,773,1137,2185324,17252507,0.11894748047731772,97.7044910638713
22,830,1501,48606893,237240011,3.916629315348088,258.83117016600954
6,628,1679,15176491,103789200,1.1295211440701898,152.95415298460722
5,469,1562,10515394,22812929,0.8537538952742241,116.00386959223118
11,1838,1818,36430912,333938676,2.950560233180111,190.96590385075635
13,226,304,1184698,10344955,0.16168071999978104,61.28632905070982
18,1796,2016,72769546,126525581,6.4428338763176995,322.82446218364134
6,507,1132,6999166,11894502,0.48053186651734,69.93339262863951
15,1275,939,13564804,20034660,0.979129338874727,142.40161094173345
20,1356,241,1437575,5398746,0.30304790700227563,96.28474694735877
2,665,1495,3247150,25004259,0.2294523396690107,77.3160624321652
6,975,486,1662616,11985828,0.11092914764629304,76.46583608042648
16,325,1033,16368928,27520780,2.662776463942072,140.87400511928152
17,949,199,827850,1889623,0.2322763120025326,56.504023817311555
23,254,364,3019390,4819817,0.44826555949218944,59.15586647909366
10,478,1409,18569221,111811245,1.5074006422307835,141.80670262823713
6,1809,1442,13028480,61174761,1.0386544236996054,124.2780595572044
17,1807,595,6755640,8363047,0.7038644096954769,102.07161353072532
14,179,736,7191466,65504531,0.6852834606371463,134.44646907175218
11,1596,1532,25947494,199699967,2.1820672683248694,198.23357848799566
11,720,1172,14604302,53616121,1.2792228466189728,130.01945150445658
14,1532,1984,54258442,461126764,4.786155164298841,233.5483390920337
17,1724,1782,53928676,72352503,4.337646098655587,289.77079065065
24,1122,585,8547445,67873270,0.8855612229003681,148.66704816933557
19,1517,235,1357370,11426778,0.24254910550713743,72.95094116491231
11,1015,2034,43478794,337596441,6.665401529085074,249.76694483709002
20,969,1717,57728984,393379245,5.869820319367959,277.3352122802751
19,1425,108,366994,2506609,0.20277001404592662,58.889799843037736
12,1842,349,1990357,8902949,0.2544073168784534,64.13027090972557
24,1732,2040,99319450,247478051,11.91708081928949,435.0907859229109
10,109,963,8470558,22826629,0.9205563997918543,114.03346956931524
1,1234,1414,1760440,8379812,0.16050705872846607,79.66696439039875
15,594,599,5394005,14746176,0.7127208786976058,102.25219565276277
23,467,858,16624618,91773550,1.6241080183513397,160.40410098809016
15,402,1841,48236051,257525278,4.49121878250563,262.07634345799767
17,340,1911,59132083,317019563,11.974185969177082,323.8001871677992
5,1771,1780,15852690,127053078,1.7594255750159964,177.01700488763177
2,1741,1923,7068958,10706573,0.7553391679389035,101.85996512064384
11,1320,1706,31392116,273350231,3.0018373679887986,159.20542379769964
24,403,691,11284040,42836192,1.3655480024513278,141.58319230238874
5,536,229,335953,539696,0.08659254032608943,78.10756164716547
11,1190,705,5824015,56374012,0.45883138400869433,131.24191042933344
6,929,567,2143270,19032545,0.2704747303740943,90.46362401304702
24,1985,1326,43117552,43378234,3.7712847283586464,252.49747707175152
4,678,216,289450,476519,0.06026231958836075,56.24780043064466
18,1895,231,1351360,8352427,0.266424977049118,76.50124715756611
19,1296,1048,21158082,147347265,2.069692330834021,141.65124167941437
5,99,1800,13165210,42306422,1.2729935250566473,106.68848780971398
12,641,357,1638640,2014377,0.2904744548837262,87.44005911283665
15,1687,757,9318680,10452974,0.7080338080916335,136.0399483713376
5,264,1093,5083553,7488603,0.40203395576408185,87.13712048716609
9,1335,1941,32767972,213585620,2.925776653585607,200.325241556453
10,1369,1262,16086724,66330616,1.3145984289111041,166.44897209665675
5,1333,158,312850,2772016,0.09639325245708483,96.28857281905803
4,1788,75,152035,380002,0.03781120301654409,58.83435053817126
2,374,1745,3718605,28201455,0.20326130887795815,84.21316755683804
10,1599,2036,40603958,173227472,5.524116026280113,210.21767910527987
3,343,1507,5078600,30052579,0.2975023497624645,78.91461735016522
22,1552,2046,91149310,666736004,17.011220444216743,345.3015559999805
6,1304,244,619770,3058468,0.1282523637462856,100.32346547407907
22,586,1447,44864245,217328227,4.070247151913464,260.79867833148046
16,742,1303,26467849,66334662,2.240905842184107,192.4870344258833
19,1883,275,1887060,14242538,0.36305977264039546,87.4382510751901
20,1598,1253,31870065,311535607,2.6389730149028314,170.1755173694155
18,1473,1734,53717596,307540572,4.057414613581764,241.55311901913933
9,1694,1620,23770270,121273494,2.1549895492283104,135.45172768188053
14,1576,888,11671882,34966562,1.1264117265737172,110.50298756844388
5,1056,1175,6780935,9217400,0.41526401400707813,125.54270222398955
24,1344,153,749251,5917462,0.24358083152183183,58.69571338226017
9,605,1837,28142850,268225256,3.3628804183765597,143.59633255828913
19,567,1350,33609610,227474594,4.076599176426859,222.42848235887206
16,2037,1245,25818820,37353893,2.1421382834941194,201.00980812005002
3,1404,325,671785,5476456,0.08278774040730315,76.17693622399852
11,175,758,5894218,26076162,0.46909245162964425,104.43947433709313
14,1879,1499,32063620,184282569,2.9603730338567984,182.24793684304422
19,974,474,4519600,9022759,0.39945928475419207,98.36011986463414
2,1038,928,1835594,16324429,0.08652101465538801,78.60156117471423
7,1295,1044,7909354,68184817,0.6031223279654205,83.28400629266469
12,970,281,1147333,7714659,0.1870624847448067,86.73275939035591
11,1093,1488,23799082,176848053,1.7737937378707935,188.9547371191352
23,1234,1971,87963769,141460316,7.802228017178644,436.36175949781193
16,465,1041,16766356,32669637,2.0942286446041734,128.91353302605197
20,1665,1172,28084646,268172324,2.9553453073517497,203.84513579917004
24,1981,1165,33563660,206901001,3.4340649298700003,208.37451859616849
12,452,1207,16597467,51104848,1.4545831116533763,130.9304560857587
22,267,1977,82670242,228443787,6.766057986008463,366.87024637230786
5,1077,439,1250282,6255959,0.11698971888813237,100.16966637786742
17,772,1328,29278426,168983688,2.6065094960537167,221.1209606033588
24,1184,1857,81576163,362154262,7.971381740870445,445.68438401830986
21,392,1913,74000589,139347301,7.416537732493401,325.1921585235797
8,562,1244,11554282,70009530,1.168686722313134,119.08315433831825
24,1174,275,2071585,11381031,0.4256744853859961,106.66304697607627
10,875,980,9520710,37577659,0.903486044834339,92.48557823863341
7,811,1322,11580730,67631031,0.7770115425002727,138.7491308683153
5,1782,1399,10342817,84220015,0.8081014904951723,109.45552242900435
19,386,1475,39773385,367512846,3.4106379733385137,265.20022526774403
22,122,308,2039586,16034641,0.3483021126578308,109.25616277452058
15,520,619,5701619,20840928,0.5232767227837958,83.88013796995325
23,1472,302,2461008,10068970,0.3806592653731327,75.14851386019312
4,185,559,1048694,7429731,0.07434268511264422,72.58352819604316
8,637,431,1582642,11653857,0.14764760540240812,62.75394158696967
20,1025,2027,80204346,455662327,11.146557158201638,396.1348367721754
9,1878,1133,12418823,43943172,1.02567720382556,138.3686884890772
16,1433,742,9341048,53502797,1.9071282528837656,79.14403299616771
6,615,1718,15841688,91608234,1.2731024210511108,169.4735131590834
8,1644,741,5075119,47668613,0.3482705944505114,108.87344466265745
23,992,1451,47806107,89184422,3.461203434153632,237.22649700811215
3,1806,272,642746,3950598,0.06593733897777788,103.21320507436573
1,609,1756,1088730,3275460,0.06851874641551774,69.38177906495032
20,221,292,1693318,15465992,0.2726497457044167,83.94879016233524
13,303,570,4084630,31259561,0.3829575193384349,80.00847534473229
24,946,1082,27987022,99286855,3.0427225633643418,167.22605967818026
14,396,563,4357067,13753247,0.4306401025973295,118.82965227734452
12,913,555,3907210,13597858,0.35464478301338914,66.5362181273507
5,1142,176,327546,1349595,0.07400370350921157,97.36479544416211
10,180,1706,26535134,131403123,1.984007945700715,165.8510262013438
14,1625,1391,27447222,36300704,1.9458913749232263,167.32001192171285
24,1901,1361,45236928,80905116,4.428062917908831,278.9926262618029
21,221,463,4404066,17029580,0.6500975698629932,91.04594696271471
1,1352,1140,1553830,12828936,0.08636524964487528,60.354020078564545
7,621,1517,14775590,18890529,1.3951767145618696,150.43171815069724
3,1291,115,176420,1285939,0.062172731203840044,89.02827903273554
5,1047,1098,5988502,52734217,0.38892355966779496,129.93349296156532
5,93,1688,11579690,99828917,0.9911404502701527,102.94153232702715
3,1125,868,2494642,16520522,0.16730652356895143,114.41697673162733
20,1444,1228,30461778,141026027,2.468911032947568,188.89630146241805
22,159,1425,42915310,382561098,3.464788833768664,243.99812120779583
20,728,793,12549235,118945575,1.0594748497907376,123.09545306841979
14,1911,1460,30535910,66751972,2.483734264201399,209.14517673245624
9,540,969,8053369,45595817,0.7555488851074009,91.30209245532939
12,1422,633,5321641,10222295,0.4833945084989086,74.18019667037882
4,192,396,552034,2771813,0.06199378509404377,70.29823556473445
18,229,407,2920642,25109596,0.3632737876215599,69.06362087349697
17,759,903,13756312,91480722,1.267083567665693,93.17974305098043
15,1610,1124,19525014,91373712,1.5358478444798924,172.04613951656412
4,2037,819,3692062,34196016,0.200496158945394,91.16472498307336
10,217,771,5532706,25747634,0.4472627604715904,81.90020667052625
7,1928,278,1004424,5738055,0.10716410261047789,47.83288086934658
22,2011,1973,85778158,401808657,7.993490245624768,391.50901193045905
1,1574,1264,2003450,19483001,0.16571569449295556,101.27421104253517
9,1040,1999,34084959,249602710,3.236769759581649,229.50459863768793
6,1912,1160,8964490,63653842,0.8423948540057595,141.05790049959518
14,1437,715,7690550,75180880,0.6199016897111603,91.7103627609209
19,2026,1294,32799028,280779089,3.5280793821240897,197.1318529224231
6,84,297,470755,2482236,0.12657218835775713,96.28170240022483
11,1565,727,6438322,48930451,0.562876361076164,101.30499408104787
21,510,1436,42018806,204627197,4.619680201961718,257.28741925313085
13,1342,270,1243360,1689712,0.2138692118008543,113.23180180784827
13,237,1586,30597122,88224058,2.910263553373671,167.81123720179534
10,770,216,590554,5860523,0.10940380145165955,90.89878822993495
11,326,666,4666672,24941261,0.38008739987108414,84.15176343975038
16,1887,1011,17265868,126302986,2.449477283708214,140.86944739718933
9,494,1609,21536475,182846319,1.4213100135750305,181.66442460499024
22,424,514,5782510,11839980,0.7510392336247065,129.26323801414594
2,1739,1880,6826290,64276341,0.49863214108552395,93.55237215261076
13,1997,672,6776458,13339580,0.5591155931276436,117.74919116236352
5,304,527,1279039,9527326,0.1255831949074874,98.60493408055153
17,1774,321,2226787,5256312,0.3208603893436597,110.09971615819016
12,919,1828,38477582,51255795,2.9307779029230794,224.63233162255466
1,1622,571,932453,1641767,0.06299982571394212,45.99293718619588
8,193,1195,10248330,63247324,0.9422721533888099,103.4762258771339
11,1276,2045,44472625,270704316,8.152742676379773,231.77075463620628
5,660,191,274859,1810325,0.12133684449936126,50.74947419504845
7,627,1275,10574860,102772075,1.0061234341701824,150.726270278615
1,493,155,78130,608183,0.024893435538773486,93.0715477195817
20,1831,46,125820,721696,0.19698866927843545,77.01874135753448
11,390,1415,20603825,41544879,1.720761588863466,174.2507885016348
1,664,654,441460,878082,0.041095957409649074,63.81004218179388
23,1122,181,929807,6975350,0.28550651244342506,74.59928827370406
14,1479,82,210668,1821981,0.1446938226059483,77.72369388427546
23,1986,264,2066338,11697063,0.2685668371019791,84.06152993128487
12,644,438,2402002,12974647,0.22172115493627764,78.92612432628344
10,1215,868,7852806,36021451,0.7148670407887482,87.31330295905794
23,1378,1813,74871471,721604189,6.294668562356335,328.9226337107509
14,784,308,1482106,6290737,0.2116539877336092,72.00983349109761
2,347,1422,2532592,22593269,0.11555697242499685,78.16045452288574
17,361,353,2130718,16453263,0.2785004674524426,56.06780763538464
10,1330,1707,28529101,95777372,2.1569113274993037,183.94628920842615
15,722,1501,32663271,67106932,2.4132188524001186,198.82436589937566
23,959,376,3483274,18075559,0.3584993631695114,77.98103405362777
24,389,1939,87293790,571334529,7.5060880310808615,446.45465115079537
3,1695,187,389344,1395469,0.05382934777620803,100.00873605102126
22,1439,1483,48366572,209385269,3.68821400844329,243.39389719486135
11,392,997,10351861,19894301,1.051278656567126,91.07499079008849
7,1427,738,4333546,19071400,0.3233843351891484,88.19428206810454
17,666,1584,41242618,208022913,3.769083976207403,253.7885185378998
13,1962,178,733548,2200168,0.18171934655328242,55.0584573045365
4,815,587,1520340,2892527,0.1228956930398583,57.42291948277277
11,1865,109,324394,2944903,0.09636188620410693,67.89683990597484
13,1206,467,3191021,17582437,0.29595090695082527,85.16017988250135
17,1399,288,1737802,12403925,0.23406289292576085,68.07744894123918
8,1255,1050,9054160,31772157,0.8515656973341741,117.24124527896599
21,1147,499,5567852,39823472,0.5629366755415068,71.8270856389746
13,984,1621,33164049,38573928,2.556387672706047,185.8362652524057
21,1425,866,16260026,145735595,1.309374267537756,125.74067745498202
1,1064,1019,1095435,5132227,0.0766756827409169,63.12536117995465
2,620,2040,5450890,9116694,0.3185113099231727,95.49991136791692
14,1208,1813,44964223,379135733,3.3809624859065934,229.7188202102836
15,1760,587,5871771,23099540,0.5339081439273438,94.45559185825608
7,581,1621,16735214,29478809,1.2403705320264355,148.8232081334078
14,833,1274,22191816,151632211,2.16761048255064,143.72067948013063
10,1990,1152,14259466,135101276,1.8946731936051684,125.6385635840148
4,82,811,2051029,7182870,0.36296710377345204,95.50391123126217
3,888,672,1508650,2809600,0.12465903787053494,100.3672206595263
12,444,135,263395,699295,0.13860684067475978,68.43960952024263
16,1205,112,326042,524741,0.12348404309594643,78.3436956732221
7,1778,356,1399446,8198184,0.13425500191503173,83.04045999913326
8,341,1440,15032170,30021090,1.4153355004092654,172.92226333153184
21,529,1715,59784910,517413287,7.32264841248586,332.01792867894284
1,1719,1591,2752440,27396638,0.20810827780911573,88.37314377862145
24,223,1731,69361180,384661843,5.475610789257437,314.0440672223952
16,1856,146,594522,2198303,0.1860625024500167,67.74939993858412
3,1724,1212,5043142,7790352,0.3829374679885855,79.10225884662269
5,949,391,988458,8085462,0.10941310145439359,61.980618331552556
16,1814,264,1531210,2900919,0.19188746104510165,87.40468965490727
22,779,1830,71811040,422037227,7.037106979358826,305.71276747480835
13,562,1799,39889237,94522587,6.714346942212797,243.17937694990232
5,1121,955,4732990,36949207,0.3446282643474561,79.13871836531945
23,1353,961,21649418,27082689,2.0175879369337673,154.99007141695083
3,448,638,1108216,10714593,0.137746422207234,82.24685237747998
17,1902,603,6980941,65143627,0.6999777413463265,109.64640427262368
2,119,1242,1705276,13003310,0.12476966016888484,89.20643404034102
20,1253,1526,46202712,385693706,4.2279136046199755,269.09085982889513
13,484,1228,18718414,163483129,1.3698547888035073,165.76602115714272
12,423,640,4790410,31624010,0.40283184940603967,97.46596248446976
12,301,1490,24902380,191902169,2.16974762473711,149.5732742251076
9,494,471,2016361,15691894,0.17178096901199214,68.59667352309151
3,1099,129,176740,814659,0.05137267475603567,65.27718785883815
12,234,1749,34096765,131945999,3.10558159832505,223.13169550407306
1,203,686,146814,501064,0.024608611602564338,70.26206534264688
17,720,482,4077248,35779837,0.3659155731756601,76.76734166637452
9,1831,1727,27055192,106028953,2.5514075262907014,155.8508020149294
5,1784,641,2796693,22779306,0.1559901776480202,92.97904449552888
15,1205,1880,51794010,210715934,4.710898647638506,279.4370419442546
1,1467,149,220232,600426,0.033810316908199835,79.91410815934016
17,1681,158,669298,5382818,0.1596933755661461,57.805777076557526
6,1656,2027,23932799,119157506,2.9357692916478015,161.68196039514194
16,1112,1974,60696562,121600311,8.859390477839968,337.72929317521374
24,819,863,17865836,99688344,2.795260945746619,118.6602872147905
2,396,1556,3055994,28286060,0.36462148147097123,57.55763747917504
7,1504,1660,19058470,28546116,1.6109813154064265,182.26771059799682
7,1277,819,5084362,42654173,0.31563049294058904,71.73162220130286
21,1890,1833,70718983,463359682,4.662444571299452,351.43687382260515
1,467,561,268168,1818222,0.029150108989326518,44.545927972692944
5,1801,1271,8769910,42953009,0.7848268150782216,114.23268686202694
19,1038,233,1225823,8578111,0.23851750602424554,79.66203151913827
23,1470,1576,57011810,378662677,4.603792205946955,296.7317933953303
21,693,1709,59650946,389982253,6.717519929230419,316.39445556858465
12,1063,1208,17362594,61442158,3.745020891663415,171.92329109042663
2,246,326,190394,1395363,0.061379432656588996,51.83966068480098
9,1222,608,3711850,23828586,0.2800993660241242,80.99448973770478
6,1709,1741,18158640,126034894,1.2613970438975775,108.8183876131325
16,1725,969,15781144,21107056,1.5278081117115718,145.7244916685895
13,1710,268,1326342,7781861,0.2120963402509851,66.1912220532348
9,932,1725,25445485,34417114,2.4634970808990744,174.7770161182468
24,745,1497,52709380,223367648,4.004121919331156,255.19367973461698
14,1098,1443,28688293,195998464,2.098667705970821,186.1455833282292
18,1946,2010,72649450,554195654,8.594512107423316,366.05436761398545
12,1078,93,197449,531361,0.21188639001276668,77.02359125126432
15,541,954,13281598,26480004,0.9762747364086788,129.2854888991937
11,703,748,6136602,17911603,0.7099370900673002,113.04192520609128
17,1149,1167,23162626,95498984,2.7701780545854127,129.2903843856127
14,1877,592,5681434,49816390,0.658937751362058,99.57965648446027
20,781,1396,38159670,46493126,4.523940035336805,259.942605733284
22,205,625,8351260,78077947,1.0314493569481957,134.36079320300243
17,600,1535,38662055,341324874,4.336941008520722,224.69273111850606
13,92,1348,21960278,128177582,2.22111581102588,158.1366746771264
17,696,523,4754603,27183348,0.5526635358506266,102.46800068611273
10,211,1308,15699934,155416426,1.4020840788345745,134.9032797407687
13,394,609,4704535,27813709,0.4948552882814189,110.6981532920448
8,303,1669,20034686,148528940,1.9745646244239037,116.01955423559572
13,1175,72,148474,1433980,0.12215218092270816,64.21923626644949
12,661,802,7623020,15281667,2.694415829413414,98.33618753822256
20,648,827,13555367,118329651,1.5249998146273462,120.16666322061657
10,1253,497,2855772,13755290,0.2819711042685381,73.89411445961612
13,916,224,812458,6308347,0.14098963542515092,75.2546201559068
17,272,1703,46912551,205251234,4.680742652343573,265.9266446046823
11,824,176,458490,2929314,0.15540963860689366,73.31047074253057
21,1430,267,1815877,1825402,0.3546848316236434,96.07836352778193
17,1022,1091,20188965,166284207,1.7576231003189122,160.354954782062
23,1719,128,584714,4831291,0.2598520744504818,53.9920614067192
4,1088,1021,4252475,42080892,0.21898264766406372,113.7760997588061
4,1827,519,1763572,13093168,0.1400555926070592,76.35821250041991
5,1288,1466,10506832,72079500,0.7636031254790806,96.85566914478005
22,1392,668,10321946,35643471,0.9278833947221443,136.0549335789136
16,1044,501,4301095,35717772,0.38375565282115703,98.39983013378175
1,668,1067,724503,1379406,0.0718017761665216,88.16412299364355
20,1363,941,18134962,28354240,1.6601239983001985,173.22356407539763
19,1347,769,11702652,83308560,0.9469406951218233,152.48016729536053
20,388,1531,45175227,111084795,5.566552348406603,221.91980826270952
7,1497,1966,26167470,62437062,2.911118563712288,165.0810088166199
4,1640,1429,8489699,74179851,0.7463901449529298,128.80809695469895
24,613,1225,35306960,239154991,5.659208496078611,232.01963923611575
23,751,2021,91442176,853243055,9.836704304734441,381.99078854096575
4,1860,1238,6917954,35326799,0.4972738982461253,117.05373123697817
23,403,1911,81175468,87789277,5.7504050404511355,420.8893125520054
6,1278,433,1497757,4050006,0.13938553168867324,60.30804483060221
14,1732,147,539059,3050569,0.1594328408601882,70.93647154473356
21,360,979,19551619,24980714,1.8655527057355261,132.0294601956341
2,1205,1923,6038230,8002318,0.4811137204490099,82.53148685677678
22,443,1837,71738534,552785411,6.208570757178291,339.7075793727071
6,1840,1608,15912778,110827677,1.4693694264492152,150.32561340843714
20,1557,934,18057032,81839234,1.4186807971928042,170.1980332499922
7,2037,879,6441322,12471493,0.4938247382930929,115.27911430357598
15,1056,1910,53138120,156647720,4.853894958187738,253.41752080592974
7,181,2022,24931270,240153267,3.8692779098855974,162.90626621667084
18,260,962,16009614,105741450,1.4059020629725452,111.88222474715347
9,586,1852,28559702,239831819,2.136967831814089,151.33689973076363
20,1571,144,624538,3126261,0.24030220149760628,105.21473336188882
7,937,1212,9969922,43720654,0.7932515553358341,126.52507336630453
21,1409,941,19064670,172095214,1.7929121718371788,189.58378284257418
8,1126,129,264073,2197158,0.1260298888658721,57.9352598478897
23,1467,718,12418538,72246704,1.4152060929592052,98.68845367306227
20,1309,1047,22229914,82164093,2.4069139718835033,136.42291284369261
20,113,325,2053360,9358505,0.40250988940683496,74.1935074033899
4,785,745,2260340,10937740,0.18248751116388062,96.16589821164717
11,1469,329,1572630,7771462,0.21787408407100387,102.44991546407984
9,914,1049,9781935,36725190,0.8902404866189667,143.69067219801508
19,1638,1005,19855795,110013990,3.2075726968715355,123.2246555021454
18,431,934,15258768,51105004,1.2042108830292162,109.3468426712843
5,443,705,2311000,7396446,0.3155919794024581,97.86287315817538
8,403,244,519486,594228,0.12928659566023468,54.51820562741841
7,1784,1516,16519862,48081851,1.4166694186066608,124.97570758515174
16,1277,743,9248874,53425903,0.7844401539219893,115.9416238635329
7,1902,634,3628392,23601820,0.2950007153718844,75.80000129432328
4,1833,1646,11168120,100290538,0.8672321884030766,108.36426543069965
6,2012,384,1516042,1917715,0.15877566206828733,107.01798160764822
8,168,1340,12818450,22564186,1.6943371290675509,101.18250141278455
11,2046,1095,14253625,71303507,1.222357873856635,115.18719600587718
9,1567,471,2521744,23503915,0.2757781532612197,77.9914976973544
18,303,1664,47622026,160002979,4.618935378435549,216.7380246164321
14,1312,1082,16664974,133713400,1.7857805299618577,167.2515778451821
23,891,1830,75366730,633290842,5.982638506976924,370.7993376128422
11,1865,583,4498438,23886849,0.48471078723047684,78.32575132332194
22,1043,1094,26309616,147943409,2.4903459335542184,207.82661602355745
23,1226,822,15899956,42517881,1.8552860824545314,107.47542969933843
1,973,764,751786,759421,0.05223839925793377,61.48037841774782
17,1089,693,8457382,79629872,0.6443293064101493,119.01446281098758
19,1981,660,9167410,70552637,0.8925504059384073,121.1034310272114
12,1514,1083,14565277,42480157,1.2872946189797931,156.44801790711486
7,1212,321,1012765,7030328,0.15868083051720247,67.82785586450426
11,529,593,3842650,23522690,0.38070273887144374,88.66284246834589
4,1491,1747,11785272,29939293,0.7890971140022033,145.87999360397777
24,1262,1849,81028737,403418158,9.229554871686023,375.9588917928668
7,961,957,6431050,8492029,0.4904915419191179,88.27980041524387
22,148,1843,71661379,657564686,6.171477567093449,388.4240442271474
10,1734,1707,29218729,169615540,2.4202949792685198,222.59377565903014
19,771,1673,51719132,462396889,4.980868527471168,222.263173079659
7,247,1941,23117320,25422868,1.8622631703449783,144.04491482441117
10,813,1231,14663682,126594740,1.2616482474355994,133.5477690677844
22,365,1270,34375100,85716250,4.323060476700332,187.05387809858647
8,768,172,342290,1475644,0.11291576837581184,98.93288001234997
5,897,1862,15566330,84357110,1.1332249129013225,119.65253761133607
21,1707,538,6723934,47830426,0.6827222083550368,98.44389280862981
4,888,1689,10081651,75647409,0.627177166277949,127.15302022940138
13,1555,1820,42620770,56207763,3.313634251662634,271.1770373680001
12,1696,1028,13390738,20131318,1.5565650529316266,120.401290803004
16,1692,1753,49106799,216362761,3.9090893839638086,227.6900077462609
7,745,1823,21329110,196903808,1.520026430378664,145.75194935140607
12,547,442,2400512,18382693,0.20668409802180482,79.8650810592393
5,151,1378,7824294,28563883,0.545979249266412,125.70688835053467
3,888,1538,6116636,12928977,0.3856406707429028,104.97745931849848
21,1646,991,21303537,152861937,2.3181027663858957,121.46671356702475
3,1497,1825,9417010,11053541,0.55889510980683,81.38763356587324
5,1910,1237,8501911,29461147,0.5554381889051876,111.41372815905143
17,283,395,2618860,4171935,0.3282932964782829,111.60540708832409
10,1982,230,936570,7677625,0.13187454517476463,86.90977470039869
11,1819,1159,15565380,16068098,1.3260641832444917,131.65510803839982
8,1758,1149,11282041,75743455,0.8075517298731805,120.86305526125471
20,683,1033,21011230,155562061,2.6087259533032885,161.62008593232667
18,874,1079,20765365,73197129,2.4418081432302094,116.68386083179175
11,1029,1621,27978470,110163780,2.3723900525935497,168.3664228181085
22,1138,349,2966161,6489425,0.5045294158575846,72.5933165016717
4,2014,1253,7251121,37660772,0.45267999951019205,92.34436797699338
15,1698,380,2676350,24566724,0.32503552052889284,75.15149994711477
10,1571,871,8213540,25404648,0.6694809901969563,122.66278011860125
20,81,1956,72909910,181575654,9.968382622172548,373.66797854540556
9,972,578,3245480,4339727,0.3416239020362804,92.18599032980796
18,957,840,12822610,46041298,1.4340538168098849,112.0695834401015
24,468,644,9862226,83150345,0.9269235794296008,95.25206020633918
2,1836,378,841438,2959921,0.061236380290759514,73.24104724386409
10,316,789,5867803,48466068,0.45412947413191995,89.25299103385107
3,1149,1105,3726070,32632987,0.2792492625366969,67.85852102665794
7,1806,159,441553,4091829,0.13111575179617044,67.66858950158877
13,1679,938,12154614,70719109,1.0096597602651654,114.94620594260414
8,257,892,5814958,9220995,0.5078359738678185,118.70612057050752
10,2004,1396,20364858,127318871,2.154216225002331,167.8641087494352
21,501,108,290746,2487368,0.17401734647024722,59.27212186768768
4,1540,1613,10311919,90303931,0.6182853960166907,103.14351112168265
1,530,588,318118,2449601,0.04905844806278211,78.31053984544405
19,86,1430,36972660,106860009,3.4166149163292587,229.94636277013316
3,1851,1511,7382756,20875183,0.4865697120591407,100.16887478674462
5,55,2018,16430566,104890039,1.6705499444869951,181.85694768200938
21,822,565,6866455,56784649,0.7611838412300208,103.34190961604934
11,1491,268,1123466,3944536,0.16137358765065796,69.11940225374327
24,1114,1539,56242765,555455613,6.450419537890018,327.7245071179652
12,595,218,657280,2922835,0.21598848439491608,66.50852351493405
14,1901,718,8083972,24652353,0.6433277753331368,104.6196543140362
10,1684,634,4697950,43298648,0.36639656351265976,82.95374285345395
1,1754,158,278880,2488764,0.02629698239767894,94.85048319696138
22,1331,1425,44585410,48649996,4.0807610583390845,255.1314234481201
17,1889,1577,42812406,122606482,3.7624729202689453,203.94884518156522
2,1589,1456,4451002,23652653,0.2677232649507753,67.40509693431304
10,474,426,1843738,13641600,0.19704745317163913,99.13066974333137
2,1315,785,1657930,12284047,0.12719766041803277,79.24025024749638
12,1410,1492,26623258,121546156,3.2099680510486834,172.83428841082784
10,291,1325,16212710,150570521,1.339564663855916,151.5091815936277
17,201,1097,19504670,76798799,1.6831295355487468,132.3171410967441
23,1304,187,1019347,2330949,0.3230320187497288,81.70760330175804
6,1007,380,1110750,6090971,0.14377760915923726,53.310296784557785
12,1719,1972,46209886,135225280,6.737814868075331,249.86019014030254
8,1514,963,7966909,62537319,0.5813843223625574,105.875602061643
14,1562,99,284437,972445,0.11856968106525329,91.94316157968478
16,1615,1222,24404572,165485215,2.7515104194020243,140.23076582727919
8,2012,1158,11737498,12188189,1.0512432652301436,102.08977476224443
20,1814,1708,58577578,537310298,4.270088753509327,257.01261437992173
13,258,89,120071,1073587,0.11144609904688875,55.82431953290685
19,1883,921,17029300,154690275,1.348957969891828,139.43183495439456
11,1331,1053,12511756,66422400,1.2694745821309779,103.359454816804
14,1476,1156,19106378,74818495,1.7104699468960098,131.7453461972148
4,156,624,1274218,11631137,0.10854547211914702,84.79046132559382
20,1875,254,1709684,7314519,0.31055488350060784,86.05440767865258
10,1070,1790,30788010,89230783,2.7995314864295517,237.55269250264385
11,1345,772,7014402,26053909,0.6699363347578708,113.18415169758045
13,1808,654,6330076,25419812,0.5409088565311481,83.43784689178895
10,516,950,8631710,15904740,0.6409980598150653,89.89146057944804
1,1694,153,260875,1483857,0.02593511349741106,73.47617785989753
15,1508,212,954222,2942681,0.16004305399593652,76.39782854806624
23,235,863,16616212,165591880,1.5424486748810349,136.24404390247275
6,883,1369,10601546,65080790,1.0464641677399915,129.6200986019061
8,105,1198,10193792,74078286,0.8567716321740796,126.7525332100107
24,117,1852,79167454,215944986,7.467431243134493,429.25692925283505
13,1647,1503,29618128,85645606,2.4343004497442355,182.82376469067353
4,1761,964,4498998,26846383,0.6256145439962406,78.46543235973846
5,504,905,3745805,35771507,0.5070238977526574,91.36104208235027
15,1988,1640,40955730,331241453,3.76028439563346,208.14924150051098
9,1832,340,1554150,5317910,0.26019781621202354,51.459527083241674
16,1885,1323,28783198,53086162,2.28457002324354,212.05368878993195
6,354,1809,17031745,158225377,1.331455602194557,126.35517060478817
10,2000,39,92479,269425,0.10687237288315055,98.50958615468072
19,656,1398,36136912,278283077,3.8882616361182016,167.1545833692614
21,895,731,11364136,75305239,1.065425100358758,145.92775364545093
1,168,1571,281219,2283182,0.04352087053322564,63.44953254651211
14,987,1076,16138934,73410129,1.6214230993879581,163.48836142679374
2,1325,1878,6037780,50890015,0.493588914515483,104.28367885671942
12,290,989,11067909,57997600,0.914134507635324,107.08349651414325
10,924,1990,37519470,265452718,4.5394875605132405,230.3602422817118
1,982,1886,1872808,2961878,0.13755187657920995,60.835869602543
9,799,1069,10016540,50012289,0.8152514484105325,110.9439432205158
17,480,677,7676513,31932504,0.6853145720376747,116.30912704899993
21,472,1430,41617300,149109597,3.702110679320291,236.63116526340107
12,605,488,2925570,18297383,0.2689447886296179,69.81743353126926
23,1712,777,14637913,67048893,1.4624931025120425,141.33867232132627
17,773,1864,57083146,533529032,5.402189110780722,280.66130831050805
18,716,1689,49752883,156098106,5.117981754826585,247.89530780102436
19,1638,854,14551316,91634933,1.6763924441284022,133.87642024903388
6,1701,1162,8746384,59035531,0.7949001530032113,97.6172682461742
7,1341,1044,7957378,11397296,0.6274442051256665,97.64982127864536
20,799,1382,37434244,52871267,4.611904350757031,211.38817143282262
7,55,1774,19010194,24012258,1.3589880318042507,159.31888514987628
5,713,1849,15021286,80528800,1.2803860660863386,157.29045532140722
3,457,879,1958422,7287536,0.1590050300317304,79.52224921557954
4,1137,1814,11959712,20612654,0.9719804499081545,137.8093903100063
19,430,1462,39145060,175254348,4.22528219082664,204.91099466501342
17,1812,1663,47307371,144732929,3.3232255424376516,236.05702303041517
14,1751,981,14251978,80230102,1.2932263479010286,148.55954632057865
19,1272,1328,33472250,66776907,2.8012240585808144,214.1999347179788
4,1354,372,924058,4948972,0.06625033929675289,76.14414720725105
1,744,938,708200,3105205,0.044611718063962316,79.0748372395544
2,1351,263,427648,1968605,0.03946069888795178,78.17966658275071
9,745,127,226070,2117958,0.13575000366174572,61.745155332058715
16,1855,1180,23105590,84623192,2.0429041694519126,158.7437278929269
20,889,661,8908968,60012760,0.8919460217298958,99.37494815116234
7,48,2035,24979635,220035260,4.102454704953213,180.04653348686745
2,1818,85,162785,252008,0.040908054480276713,80.55101403004068
18,1922,41,108537,883151,0.12153415056138116,62.620265855884945
23,253,1072,25588650,102317619,2.1282553367616552,163.86694090859305
18,654,277,1493317,4113773,0.3291975413204897,103.57166778091218
8,1847,1495,18433360,21630255,1.3827312910264304,178.65726179195943
21,1719,1709,61404380,551449047,6.781470334517119,330.15854785548686
19,1239,1555,45496200,60809431,4.50334542713912,251.70983250113665
20,1021,1115,24793150,70884974,2.1177626368958014,164.8553145448148
5,1391,102,185038,791591,0.0884034225012663,58.67233953897251
6,1010,2025,22580785,203624402,2.6993614180924035,135.75213686062813
20,1281,980,19532390,80152365,2.1066549750068515,149.13704753895422
7,1818,1807,22907349,149292784,2.2830189266812875,138.80222470528227
14,727,572,4682974,19706718,0.4583739796719507,107.89009604616729
5,338,434,906636,7545093,0.11743599069490146,83.61901603271198
24,1343,207,1270576,7438784,0.30037695950297116,68.17917591655447
8,1617,741,5055112,22582249,0.5261313551468934,120.36622460316822
11,1940,1119,14715979,115767456,1.1040972197671681,148.55270951067573
15,594,914,12261320,63320345,1.1655486373424568,97.36577932901115
20,795,1099,23854904,102826139,2.0113443925833283,156.0304086252445
10,682,1452,19994050,83793862,2.049360945014056,154.1506300767849
6,168,479,1235351,3946235,0.20687381321729456,61.38556879141076
8,467,711,3883492,32757238,0.2975404564415408,100.43194391267207
12,1055,802,7939008,19818541,0.6525143572258048,109.57103511573418
20,639,1792,62212874,182309318,5.569248938510607,370.09574538395617
7,1534,836,5490022,52290751,0.3967870987690425,117.86988399186511
7,312,515,1760795,11622820,0.18714484722048866,53.614578185564056
19,800,868,14281214,66264689,1.2819021935341377,143.79714857133317
9,766,638,3757192,20715408,0.3728524860730373,99.91492630221042
5,60,787,2536511,23020670,0.21057498189339424,106.37731345971282
6,1597,1393,11949164,101829484,0.7554091278650805,142.05092889349493
4,1472,505,1515515,12453770,0.08541012018994641,64.98282395481762
19,191,203,786432,7796279,0.2684755222906817,89.39126282826022
13,1384,131,390259,3671457,0.14357564858485813,83.88380057353419
6,809,1867,18968730,186964545,1.781026297543137,147.1418058080754
17,624,905,13693565,70117575,1.0351129514914874,128.38656886022758
20,1505,1574,49488144,260844167,3.5260391858477402,226.3428415511716
6,557,1930,19730400,152679332,1.677485106389683,154.3804361226669
16,114,371,2116565,3251534,0.26335187012619776,60.0242292554815
11,1725,1822,36378062,38427734,3.528950855696071,245.00085826284862
19,1913,1990,75146390,550658564,9.34513408613042,394.1851190843078
7,876,1946,24459284,201862428,2.8801178019315428,186.6074806511743
24,1060,2041,98043527,517633141,16.860719890042542,475.6132564715123
8,1180,641,3644095,33351459,0.39671538189831085,86.69189218081583
11,1002,936,9718498,64484881,0.8224485513178138,127.90848505486422
7,904,564,2428030,23804879,0.29383447206357444,111.31525683872978
7,1684,949,7017865,28982898,0.5509338146861148,87.8540647889958
5,237,1728,12379402,97248527,0.9105554226405543,106.060252030474
21,1473,316,2472394,15013078,0.36741386428367934,89.0486321155576
2,139,156,47902,454627,0.02920551492274438,64.95134221607002
15,2036,1021,16698465,33467791,3.0436404458321107,137.55985442121195
9,196,2030,33403660,285661232,4.275982125663622,180.81770052054256
5,1693,559,2204706,10119058,0.20490592369577235,55.031712342588904
15,706,735,8100445,58642563,0.7080334840277359,113.68701454635769
2,1536,1448,4338218,11442027,0.30434146387571853,88.00115246202338
1,2023,1392,2831338,19828420,0.1618144405088074,102.20132839667454
17,1290,1304,28924034,254500939,2.778977892002682,187.47104108904603
19,1366,634,8119648,8539373,0.7071485292294336,97.19282030015886
5,720,98,110456,544695,0.05405020429707729,73.77943610903854
22,1005,1977,84129268,551402589,6.238793887969807,389.38940709643913
11,937,737,6137746,35496926,0.46540140359217547,109.67778206442365
9,285,1274,13371914,72376841,1.0998995890694931,143.78850190787833
24,2015,1678,68198964,450386884,4.949727128755415,352.03667669421174
18,1171,364,2688878,12938600,0.3511924906925468,61.31229073393053
10,887,529,2998382,12867315,0.320519686137691,89.85004740763775
11,188,794,6470316,62207372,0.5088747438384271,116.4440867372647
13,764,308,1380774,5182292,0.20147927340714386,108.6372877596278
10,163,1695,26167420,230489725,2.643441929896583,204.05559163734517
5,1148,1115,6269655,21126101,0.45147780159163414,81.79061652543862
3,1528,1313,5471281,49969518,0.40565701689864225,117.58481722705311
13,887,608,4989258,26896590,0.3801860596662263,96.38640635935624
20,1050,1474,42872774,355071524,3.9438669501732937,223.82453294751508
9,793,1138,11284418,38644017,0.8102609244769463,91.94513362526682
6,476,535,1694355,4393364,0.17419465843169754,50.43650704370138
7,1491,341,1211924,5076189,0.15352655445978086,102.30016064026145
20,690,1162,26491286,188843814,2.7230182659747295,207.22445807512338
9,1417,1488,19849930,36565557,1.754405661225509,145.83855420135907
18,867,1144,23272402,123956002,1.979852415702087,131.1801641248889
11,1077,1608,27622234,129162192,2.725113149925134,197.53492509297632
19,1758,460,4630830,37707590,0.47701307348852134,83.05960352157136
2,633,1790,4358660,9025027,0.28503551107885267,99.09509339142762
19,695,75,155560,1544395,0.14504521799038306,64.1705028177663
13,944,707,6681867,57938532,0.5021877689563853,96.30341188015763
2,1708,1177,3409779,11778005,0.22717221935518708,91.55385604873432
15,698,598,5438820,7823117,0.42552973225545354,68.68973721789635
9,516,215,484835,3910186,0.11192317555451851,95.5560923980865
18,619,545,5402050,33173706,0.5081834510202001,93.09722016877605
17,1333,1830,56071210,343203797,5.3527807947724675,249.6886363339453
11,575,921,9031336,32052675,0.76906384250913,102.77596162195904
1,638,1980,1285030,6327067,0.09418306707700333,77.73625054800435
16,1238,1770,49230790,265452774,4.170613527936884,239.98782743376634
7,702,1870,22325940,133613857,1.7304676466924105,134.27567325401537
13,544,90,148240,774395,0.12900749135891715,70.68534018569684
23,757,527,6526378,8866117,0.717517176660513,119.55413123723218
4,1032,1412,7458194,61376586,0.6831465101646419,133.26943441996465
18,1939,356,2854774,3307339,0.42921648876682406,63.118327875974195
24,1013,803,15671358,109302617,1.5692016236810422,105.39313052598852
9,1809,884,7867610,54164276,1.0884744835070574,88.53894112157084
23,1106,1989,89300143,698440068,9.847587493094451,423.7912412312274
4,826,1037,4097197,25974437,0.3220100681177394,104.8133075304373
9,953,1444,18084666,121086349,1.7303629220886454,159.4082327690336
19,943,370,2823850,12315062,0.38291878689370323,76.75159992893497
16,715,91,191656,1030923,0.1288504253336807,56.02562070244031
22,179,1611,54841672,248973715,5.336195665909098,288.88346034981265
20,1293,1115,25096430,57750216,1.9886901650629292,161.5226021862963
2,1595,617,1372218,1902993,0.09072410442307945,58.27229231032987
2,1673,334,674356,5091668,0.06492974673485344,105.6644733689083
23,211,1891,79130796,618049371,6.66552730357003,359.3186780152936
2,1935,569,1431614,3734078,0.07338000010136111,80.15219656878884
3,1421,1043,3671370,20005503,0.20129494493187108,102.54086354165675
5,734,801,3166363,10140070,0.25438045127687875,80.64070937775259
15,600,2002,57363316,288357784,6.62226098325845,298.8289135651108
21,917,93,261154,438366,0.18396431468051794,49.12145573131594
1,1426,545,783175,6675963,0.06261496127920607,83.30902444642258
2,1754,554,1285290,12716894,0.07206013354581665,111.18589366244197
3,1334,463,1052409,9415366,0.06231188258075579,62.538040216175375
13,316,780,7565230,8283839,0.69218049842201,98.63446375518508
8,193,1980,27860590,107217356,2.657002145760647,170.54685745065228
24,1626,1409,48000413,358915384,4.345016897142883,259.70907191558234
19,1156,1607,48388387,415956253,3.56406575495317,262.51168785586935
17,519,1576,40600922,249566345,3.688249424551593,204.2652399338132
6,739,105,134410,819851,0.1008629672923577,60.13051212653561
24,1686,1313,41909657,238369034,3.7569779641979917,231.52149650959032
6,1301,53,83856,672224,0.06170375594220179,67.3169987436289
20,1647,1945,75139250,731116796,6.000795327031153,344.4134902167092
8,479,294,751180,3310399,0.13848075103011975,80.06800345648844
21,574,1786,64876460,97439815,5.051141939799386,391.9978627201812
23,632,503,5900703,26330513,0.7044959586607555,82.1183356084428
15,1435,976,14761034,64577137,1.4834520509248093,141.10949626533386
24,661,2042,97323772,267739147,13.575265202995686,432.48267420431114
19,1810,723,10738729,99547218,0.9268174963446199,143.21701357446187
7,714,877,5255871,33812235,0.33536651909623744,91.37046232704613
15,1022,357,2158075,14405268,0.3053754632824051,100.35594588959421
5,1560,41,71309,493822,0.04854275057588263,65.05430107453154
5,1848,1117,7071737,8012483,0.5283105794213542,78.88892067717556
18,213,678,7978036,35402343,0.9346716898655985,136.29460510646138
23,794,1547,53929977,318218281,7.210568103103357,251.6786091319323
8,129,1844,24073430,130669614,2.3919165883509383,160.68049489141794
18,818,1424,35676906,44693237,3.115860450505883,198.9038697294269
17,432,328,1871906,12740028,0.2631293121878997,52.61918954729458
3,661,1151,3425386,25929665,0.23695151500340594,92.25692488038645
21,1631,1427,43098264,49279227,3.3180137097100526,272.4695332677331
3,759,1510,5725930,18958769,0.4316791898040065,122.05420577719565
3,863,297,436600,4066818,0.04997378768623995,68.78204455886778
16,1899,1390,31657260,41166949,3.27473825327509,182.9422156563418
1,982,1788,1775494,2571379,0.11992395022072504,84.04679451379752
16,208,944,13587946,16351203,1.2854771787011798,149.69136336471718
3,1171,1062,3513106,32131794,0.2573744612018207,107.31615943406125
7,1630,532,2574358,10548806,0.23731163976848862,106.97854363837214
4,1992,1968,15566890,135122557,1.246806076241224,120.42740958601047
11,198,803,6623957,16414231,0.5341176558082441,102.5921303823966
16,519,1067,17658860,31654765,1.601802673377173,163.49144367184536
7,598,2039,26199121,52025476,3.5482594599757116,153.39445858288812
20,74,1322,33343494,88556195,3.5629389687342736,163.73662585423983
14,1476,597,5528827,14719307,0.6790573877476039,73.09550294144425
24,1797,540,7695550,50146242,0.7617984723209656,97.02762168071418
19,1836,439,4287723,29702246,0.4771358853730053,86.47643096105632
2,458,1312,2337994,16163501,0.16218195258465679,97.24445836646883
1,1454,797,1167615,1842930,0.0716468947869989,50.851173271740784
4,187,412,592054,2436038,0.07058646692436125,78.84898048275721
21,515,134,432294,3201612,0.16245541126283128,61.27133300307971
1,1832,1966,3623348,18230711,0.21220561543522526,111.19296845106969
20,194,1455,40549405,146332718,3.6041039535460446,243.3305731908408
10,725,1624,24946274,176937787,2.5886979194962483,166.29115447644284
11,581,1938,38725126,192228111,3.1238468098771968,227.63158676506671
11,1816,1235,17520955,125694605,1.5263256228497342,141.88032800161133
12,1555,313,1571270,8962256,0.25563746068625864,104.23046393386434
2,609,2047,5461406,38000614,0.45265274148566487,85.94188590549005
4,1938,1965,15419365,67713459,1.064045484520758,125.18721393026432
4,2044,1525,10115335,27034593,1.0000940125279019,121.06770619999777
17,1749,405,3343690,32192660,0.4191678299798777,97.92066496105558
9,1975,1077,11426980,37177342,0.9291693743615994,108.12372487877784
12,486,1265,18245105,167690311,1.5717360243467733,146.61474852404055
21,1773,192,1083658,1919437,0.23009028707539927,66.5132449143018
18,1978,714,10098826,73296092,0.7854279663725879,115.21529812894286
3,1054,319,543905,814605,0.05979445236146796,50.22363759263936
4,437,628,1466390,7358008,0.10782116600175848,67.70313792080044
20,50,1836,64193914,490743364,6.640276553638201,300.9553323277152
10,1028,744,5761546,17985232,0.4704479033285564,121.1688519278573
6,806,595,2259225,20137935,0.2311157641822004,66.58705678059377
10,887,48,64282,631087,0.11744343421300625,102.93761649171803
4,1491,1720,11463810,33709245,0.9673126306208646,99.95222358938697
7,1659,1371,13575652,40568158,1.6546089177459,120.18924620467047
21,1364,1417,42134505,175294795,3.827032810325958,198.34728810732608
16,373,1621,40061404,136646021,2.9883793498735405,258.82486022737527
23,682,1197,32377663,251480984,2.863398051795094,213.99453189312572
9,141,643,3410482,33175946,0.2672060379664756,119.71754036157094
20,1550,1315,34932985,170724402,2.5514264256654053,240.91650708705353
19,402,1841,61800539,233335767,6.661816368918294,316.75376414149684
8,590,644,3294714,26163922,0.3226271271417175,66.7774261492297
7,879,292,773226,5208419,0.1279667616332583,100.0131480055519
1,1446,866,1261772,7749148,0.07586260985087684,106.73802174891213
8,765,1372,14250974,138743593,1.638625011964497,108.27112801691779
20,257,252,1278910,12245721,0.29681572193275024,74.02795412554839
5,474,424,926450,8645559,0.11340401178204625,72.57904121004087
7,2032,37,84037,173905,0.07011483211270624,68.28297962088062
14,885,657,6208660,20480317,0.5482877403492037,121.15716998861707
1,40,1609,82069,212640,0.03427991765669211,75.26041665648283
17,248,1428,33019654,268541199,3.5663789311697314,235.17199097967188
17,1855,726,9799558,91357016,1.0232602612403414,115.26299720539116
9,1788,914,8334776,20217258,0.7042035518600664,122.38456970249301
19,2013,777,12453766,104203556,2.1469148663174797,89.61066772070163
23,2046,372,3817846,26435188,0.4924505728501014,69.92757936306143
5,362,738,2456812,13519312,0.18641598152899203,76.62867715634705
1,1324,1920,2563210,12234022,0.1431935818302908,71.04242553370811
5,1386,1569,12045223,64271176,0.9195698392788687,102.44185695958548
5,87,697,2014340,19097593,0.18090028159163646,99.37650167129394
4,1832,493,1639235,6380992,0.14229851331811885,61.20035483195877
6,1894,1165,9011285,88303399,0.6659908489031502,125.23452699500217
24,296,138,483562,3810577,0.23550362842486197,88.09504221179576
17,1013,95,243210,1218420,0.14607836305673597,80.0854869318813
15,1671,910,13136770,24129437,1.0980624178118672,107.9582244384784
15,726,1481,31819295,233240249,2.943545423244743,214.80149115965912
18,1757,281,1843932,14899236,0.29585450448487033,54.50204194418863
4,1533,1442,8468876,14411668,0.5885050158396062,99.81451748812259
23,718,1058,25420576,192551835,2.560316544962094,202.97036531268628
23,202,1796,71385622,420019459,6.53797014516844,344.167483074005
22,355,1915,77752840,357944248,7.516302365902903,327.94944384856825
8,609,1755,22660570,81609365,1.7897119049103705,175.76145062174282
10,1732,1488,22534282,44448094,2.0765034765968284,166.33917557453978
24,583,1286,38830780,359342865,3.916151740272097,232.20584709080495
8,1230,1543,18591617,122607959,1.9496796936780774,155.86335715605748
5,1996,763,3863079,36518640,0.2437909308727686,92.53723847763483
11,461,1830,34371070,199593902,2.8124150176783074,187.68362853840594
10,206,472,2111738,18157045,0.17646498409105077,91.17619237763263
12,809,136,316482,616356,0.1274799884741757,79.63631804587503
16,448,1748,46661122,206763250,4.803068923928108,206.63558621897786
2,1229,1321,3384412,21825486,0.2523425004412044,114.98836678832755
22,615,1946,80784308,438223119,9.29919390763523,373.99566005913675
10,416,553,2993399,27530860,0.3302174876472627,76.21082116074194
19,848,503,4995303,41927520,0.5627629493509214,132.3036907900395
6,527,805,3677250,7372668,0.33785875113412117,70.42541666825683
13,1339,490,3548590,5966084,0.38027019700168607,80.93464246805875
10,852,1085,11541155,56533895,1.102396544249161,129.26407324903397
18,760,358,2460902,19999012,0.3282606879595061,70.58928649721364
7,276,498,1633948,10931186,0.1669026628989086,74.7142561893724
11,1060,1877,37260337,344151659,3.4809942102044635,256.85925511894885
23,1562,284,2227422,2981648,0.3298624002740492,76.89770969399619
15,238,206,648292,5927000,0.15244580211750086,100.59779943813692
5,1413,1475,10808810,61135852,0.699676170434284,144.03599917762008
22,1156,1276,35707594,50534678,2.9469080561891907,192.34029256819167
7,649,1203,9484462,76708613,0.6786554275708845,103.42932922943638
3,2016,1844,10542158,41894906,0.7685261961134313,114.52452765796657
2,212,39,10267,94598,0.026815180724862376,80.78214490578584
22,1731,858,16972108,84938065,1.2900246735030114,145.31220262751629
19,898,43,73153,356482,0.1506860007376261,72.8534642923088
20,1581,2047,82911698,401418124,13.181823547813512,384.79638432271025
9,1900,686,5081212,39710503,0.4609436041789785,87.52073723663368
4,1136,893,3419307,12499891,0.2643064097172197,103.18752864642302
16,1448,1517,36755403,135400839,3.9674832114993706,207.8683253126362
2,1722,1703,5853221,22931955,0.36184658252398105,112.23339380324263
22,1780,1011,23296483,56331766,3.695152359459715,167.74720689924658
7,460,1118,8032840,61118939,1.191532194066482,127.62916936513207
21,459,1893,72596560,217474597,6.0877698307805845,298.7385477742186
11,376,594,3764188,36890985,0.39100455609509005,77.80704956708732
7,287,546,1954690,10390609,0.1634583797444589,82.93440857375401
17,1950,180,874270,2849293,0.15293123943928505,90.43778599238829
15,1959,791,10328888,94438957,0.824335405914092,131.0693079874361
14,1737,362,2341064,20045955,0.21804002125499303,105.72143717667089
21,576,1595,51848675,431225692,4.7375528188169795,294.61052479469106
5,1692,422,1432700,7850580,0.1018014402941189,83.21104453539532
5,938,1396,9125662,32389255,0.7069461555277959,126.1064045092699
4,50,656,1333002,2075664,0.06672263558832857,56.916657278323676
15,1151,731,8340720,61136855,0.8658838296047362,142.95011950580403
9,1242,634,4015132,39710179,0.3152785517309502,97.67234523179764
6,1263,342,1022248,5557753,0.10952890131687416,90.36096037635562
12,641,1769,35595828,75223605,2.8977840678515414,207.2382420977111
9,777,1403,16864070,164914173,1.579132589438188,132.77337743557092
2,1069,795,1491430,12013466,0.12495906693523862,74.60019080684985
9,325,1280,13547530,116353276,1.0858117161410774,130.49867840780894
7,598,767,4001449,25227988,0.2910462721376612,95.02303073043231
24,407,967,21933504,184287207,2.411917381457642,199.8789361584069
19,122,829,12495527,79518422,1.1291807568733667,115.49838237947773
16,835,401,2757286,11513776,0.6374049198528685,67.03591274993296
7,203,1710,17920810,159843624,1.7425750094182064,158.4172830007076
8,652,1114,9433362,12340552,0.9409240683553891,110.08007890029502
14,765,1699,38866334,292897868,3.6943039722628823,211.8010848737793
13,1053,1115,16118450,55152062,1.3053190778305162,142.26746454658564
2,1743,1953,7241734,43586550,0.4996450665546584,70.3526831324552
18,1813,245,1471480,4058951,0.25408282115947795,102.60047693400227
23,988,709,11782881,51623749,0.9228291410041563,133.99706246231543
12,1781,520,3911970,24525937,0.3336457044261994,105.4240417399465
20,2026,409,4019253,17873802,0.5190394627931747,116.42975192217263
4,323,1843,10811048,70090194,0.8798674544901542,98.30174663496521
2,898,668,1054114,4799346,0.062393688416698026,73.98599603792564
12,1545,1219,18255754,159439655,1.5403047471975473,120.45953470638929
22,1356,1887,77395315,120672187,7.586354460923313,349.6785150471203
4,1165,531,1471942,6775586,0.12567042359365058,87.69651187437402
4,53,549,940996,1891252,0.09149245647240298,100.20391996855356
9,1604,610,3966840,10070636,0.30169318281845564,69.25198709365769
19,685,57,99190,745538,0.13739380655752492,55.95842912542048
14,1113,752,8206586,35267127,0.8087537992134799,97.82793299679419
22,1844,472,5563946,35662518,0.6608559096160411,98.38715817126045
13,1729,1839,43804990,122008485,3.68990459476315,260.18700413175713
2,1118,1959,6051361,47193370,0.5137058072244599,117.23390465075
24,1511,874,18919488,168149549,2.1120273222965484,112.76204817738348
22,415,1655,58259320,405986829,4.749211757605452,357.20653415528164
9,596,1667,23256327,113357944,1.9688219874244148,142.96825637991543
18,423,979,16735036,97795873,1.8977396877480177,143.96729142445804
6,412,1905,18960475,26305421,3.226939279380263,169.4243599668571
2,435,1781,3968078,19243066,0.2689430888828025,120.21983896319693
11,1131,50,82610,389791,0.10624023787648529,58.556907295178
20,1856,115,468175,3741830,0.1649912960872748,71.40814872027262
18,327,1389,33291562,63119935,2.9795536578341926,229.17834797322968
20,766,1427,39826153,361325546,4.030261449173671,253.2274370080176
4,92,110,47970,344433,0.039318776124389665,53.40519900120826
21,1262,716,11178918,60695456,1.0255973114205055,127.81271130758272
21,751,305,2099020,13241350,0.45392475798729015,103.58927521531137
18,1307,1357,33116238,218433118,2.982083605189366,212.22855652327783
9,701,522,2555722,24118084,0.21231901881454113,85.43226743605261
24,1563,744,13919506,41077915,1.4234206024066645,159.23746480081527
5,706,126,154360,1455113,0.0679818792620173,90.05910736809223
14,1958,443,3429273,31186172,0.36197839104251245,69.57726665780461
4,603,1493,7608338,16040917,0.6849730268781231,122.46575340741167
5,1218,1921,17129567,105885003,1.3865481577250331,178.69988230085977
14,312,508,3525530,30081898,0.39473441788544195,60.279568924503785
12,1584,751,7410127,9274270,0.8445069744655571,100.75542141807536
7,1575,694,3994674,11300761,0.2896866818535333,76.43893606750832
7,1000,1136,8898298,81871189,0.7927983794454435,128.46594535550386
21,1949,917,18633450,81491260,2.029645506597504,155.4852586937628
12,1069,323,1500022,6875711,0.2908958232200752,74.37066712103645
2,467,1251,2164240,12888625,0.19176444406889073,81.25722642878841
12,973,1513,26686304,199454558,2.403092055258297,149.3122063103233
13,1352,1879,44951327,196956265,4.378170588099034,197.56520179472517
23,1482,485,5909735,55054086,0.624225732004274,105.12142820600667
15,675,1663,39882076,194307462,3.15266416792234,237.01235032490098
3,1042,1837,8687183,29342292,0.6128387575496035,80.23203864354319
24,723,1549,56358826,202979391,6.245023172448881,263.5026563409416
7,761,675,3258910,18099453,0.29709024790357336,85.80026013150247
9,1329,1622,23233538,133562133,2.0647440766852045,162.93677610185094
11,593,1290,17433070,92511411,1.5429604362708893,141.36162814072844
24,868,1824,78165706,146118778,7.608924999069414,364.08021481306577
23,99,154,542090,4171163,0.30716003908204487,113.37321255621707
5,409,1838,14292298,119538534,0.9605452173331926,128.43749460770437
16,190,1414,30296374,142873891,2.5612392549684104,205.2307901282206
18,1472,571,6399207,33743317,0.9361060245829482,129.6332026271106
11,1408,595,4390515,7833641,0.3963496479523608,125.47010887262012
9,184,1386,15649336,35860861,1.413948761499198,139.39579991280274
13,56,2033,49757685,285555104,6.9415687848108005,248.5332103677992
14,1975,111,382072,1694714,0.17863413759677135,57.21180770880823
1,1405,643,910498,6052141,0.08223876843806478,68.02655156172851
13,362,1687,34801133,198821870,3.2595181088827205,205.656235112002
8,794,327,1014037,9315745,0.1757284625810076,81.96913808471783
8,544,1291,12392319,89541536,1.0371934336429256,120.23305663593952
19,1128,1724,55493846,386757879,5.492315600734919,323.37897926804186
2,1810,1223,3724045,18075872,0.19535954041661474,101.16266289417975
24,1370,1574,59191854,465313339,4.186216383614061,347.11620867826196
11,1687,214,823482,2496307,0.13840657020884461,80.06871374457909
20,93,1843,64763030,515066867,4.899052812163911,362.976645430118
12,1814,578,4736142,29551777,0.38531280625676073,106.95217883622371
23,562,523,6328833,40921872,0.6099001951021151,84.86734841745432
1,311,1571,505872,2766941,0.06408693663570696,104.02091084877426
6,995,1457,12087282,54878898,0.9301511581552243,118.64042251582083
13,823,1089,15152356,94959117,1.5540035569517876,117.16211477422247
16,1385,1888,56132138,553894621,5.540456617191082,289.6276485825059
16,293,926,13157544,49799580,1.139478684117796,105.88787818991382
15,482,718,7581372,19071018,0.724646329801403,104.1250754816234
11,576,358,1495376,8228076,0.2034358656240474,54.15502957276162
7,1229,43,64682,590151,0.06371628431055947,80.39396087297312
6,744,235,454735,2130220,0.0767714527737228,82.59017967051177
9,1813,1117,12027866,17765337,0.9304096764259727,151.50543263678318
8,624,1103,9224399,14899852,0.8141636456724585,117.35145562164512
7,1405,909,6250294,25512144,0.4692876956263258,93.21278669008325
22,468,157,596139,824871,0.2554342520228364,48.78275948824243
6,341,1543,12455106,16497935,1.3910879215784029,155.59000342088902
10,1947,674,5414252,42109181,0.46270706354527963,100.07916022270389
4,1404,981,4278151,8713017,0.24985738469939464,122.08470719493071
18,856,1368,33023530,298880785,3.050140254018093,193.40559813315033
22,2023,1298,38048284,118465721,4.068940958498499,225.64375745864166
3,71,783,1291960,5469374,0.19063800192905633,64.70675268547498
2,980,474,694894,1776032,0.1112815250249313,74.77786055448237
8,1410,1040,9056330,61908796,0.7691936693237148,136.55395316490277
5,107,1743,12364852,78479453,0.9891230725930931,95.55312037723061
6,1717,91,199118,1795971,0.07261472749065075,53.096274226026324
16,985,745,9078580,61301341,0.9232697027938458,120.65540590491518
14,270,702,6612850,20268729,0.7241990324732496,99.0659893052962
5,527,720,2463850,6303458,0.25708101881518663,55.21603117844557
13,1915,1883,46197532,178608540,4.282320563197852,272.1818767367414
7,188,1884,21682966,168729067,5.271488553562211,120.18564078905735
13,1758,1788,41547766,46238062,3.5342905236996356,236.81119575129972
12,1564,1148,16317682,53321585,2.209847739568368,154.85342522155457
18,2002,1402,36261338,63107420,3.7251480150797267,223.94702911282462
9,1763,1006,9888990,57823149,0.8527822947465704,100.9829513599489
16,302,141,344473,1244886,0.14917385544144138,70.97650419083182
9,1747,2033,36655000,294060393,5.487133128746613,217.95666051419403
12,1155,57,102838,706409,0.12819729188504697,66.701275199446
1,1227,1743,2157844,5682456,0.13048867902265462,82.07300227607489
23,2044,1001,24123109,161203372,2.934733426483363,159.8034006866541
9,1825,711,5355262,6459644,0.6086199986819254,87.70529478875997
5,1890,131,318209,2487141,0.05021919107176555,92.72887230602117
16,1145,427,3234962,23154707,0.4037992689721004,88.99708545757825
9,832,981,8533729,61097599,0.9481646160566312,100.51601446028981
24,1700,1600,61654410,419590883,4.326963868363776,297.8117628533246
17,1675,1769,53080624,98027869,4.949890200097779,265.46976644599954
13,1682,1344,23967562,170816400,2.258534903634627,169.2277093405736
14,1627,1447,29608524,185058227,2.5503109338712253,205.20041577054363
15,756,1952,54868778,154778864,5.379593035224078,312.6712407911133
20,1225,467,4729786,15614681,0.5331677621368924,94.1217794349152
21,784,1064,23509090,94558439,2.6413149390678146,187.09370981995312
11,923,1076,12593514,39869947,1.5309371233305615,85.17625521838514
3,1348,1106,3951748,24081667,0.32782610339581275,94.28845720049165
13,1261,512,3803146,38018825,0.29837697138355845,92.62393116052469
10,1193,1823,32121270,100665337,2.4403277006930804,188.77261013063497
10,680,1517,21773511,142393983,2.0071687194407453,143.84914016462878
2,239,1653,3147322,30558808,0.19388919544927177,73.6077605705131
17,1170,1905,60344695,433285873,5.192580206556855,324.91582991744497
7,1000,421,1491613,14213017,0.20060330533455703,70.91969560706454
14,567,1112,16732274,62691489,1.9491511023700088,159.3371197820601
2,1349,307,512086,777115,0.0727792689483142,108.17188105542962
14,1651,1076,16853398,93642318,1.6044608902103614,133.97494718795386
19,696,568,6219042,57668509,0.6315242200375787,105.46816429403604
19,341,783,11325322,11544589,1.0246924315186252,127.43623303789742
10,1345,518,3121996,18603497,0.29033208281861356,96.77000557749065
2,1257,1194,2940832,22335658,0.18307536993100637,74.77477029211688
19,228,1729,54254301,222595925,4.708155845662148,275.7784681483625
14,1761,858,11101672,110735701,0.9285206044535879,129.92221355874725
11,1899,1095,14092660,133922167,1.2825431393231954,94.83840484438417
4,655,1530,8046280,62868467,0.6004559865637815,87.08258168320927
21,1242,1841,70129223,593581403,7.280618285658861,383.21952895606006
3,1002,817,2164243,4301872,0.10048352898008595,88.05658475997461
6,822,1506,12602218,15306235,0.9665433119146991,135.1663394093149
14,788,1885,47722555,232828837,4.9750651528317755,316.445728147495
19,338,1348,33202598,92639408,3.613000608317273,190.2242761144677
4,43,136,63250,455520,0.04645355048897362,64.55874953432887
4,98,172,108026,675675,0.04988654122117768,89.3401147208324
13,1327,1896,45697402,340911728,3.944874792282583,241.40986298064345
7,72,664,2704482,23661155,0.31371807367898386,110.10618258698372
4,1951,1026,5174128,8183942,0.32606609056706315,103.86043783301379
19,191,350,2282010,22192408,0.321526315637749,70.73858592377125
23,1799,1778,72805554,315289206,7.30438963126012,364.34060715526266
17,1651,584,6436858,13943808,0.5848664965591683,74.53307320866988
21,1348,1561,50887049,63349545,4.9749074523415295,278.6271899979506
16,1520,1168,22269098,108222295,2.266051782369647,143.71059926101486
24,1297,2044,98813102,204861244,9.424898968540449,519.6172584912381
12,118,778,6767054,22011440,1.0877598790520384,123.42046590016376
18,41,1384,32658258,151177624,3.998858044496029,188.23559624707897
14,939,861,10466326,72562767,0.9643110210956296,125.13292303595928
11,1055,135,327520,334910,0.17665386614731662,67.53974830696332
3,825,1666,6947230,59836198,0.4606979811518023,102.82546725613825
19,1811,1482,42260722,318411537,3.909669962411023,232.07744834432097
24,498,1528,54512938,388484900,5.056343315213961,259.65973460117306
7,2001,1074,9088198,16457679,0.7037568815414552,111.2066915068674
4,1805,359,1039674,9256609,0.10525679186117692,73.1243117979055
17,229,1702,46784586,328100873,4.384077458644803,282.6355255695062
6,1642,468,1871074,6903290,0.15081479660369618,89.71995794403041
15,136,383,2115319,8166170,0.24180571122106242,63.785577543570376
4,48,1807,9907791,39975557,0.8296358168941229,97.09008350021375
21,876,1368,38669266,259960774,3.78514820236279,175.4198595223408
13,522,238,809448,6986574,0.18726443258237768,71.13573866044526
22,233,1298,35724864,157788007,3.506611179950681,182.3553556966075
21,164,1217,29859105,161504546,3.171851674963992,189.24966222047885
20,1546,637,8713533,48207897,0.7137900173234765,132.72158021973206
3,306,685,1156975,5767876,0.07741751968263418,77.9792188516417
22,1111,1394,42401308,384757783,4.195439693117737,255.45562823322746
2,1545,1828,6187790,60681837,0.3483978064347748,115.15373868180119
21,982,518,5891224,52518268,0.7385106007348037,123.65900736672559
3,1990,65,138655,861540,0.05630807004492703,55.22640679815763
6,1460,1614,15407254,89275304,1.8294789730448622,119.29004719359195
19,290,210,860800,7086945,0.23405664080736235,94.44659566490057
14,337,336,1588954,6750070,0.1973308688322713,91.28538974808953
20,681,1771,60851570,470558754,5.894682831568706,252.4178731306255
12,1715,1146,16437088,81392776,1.4116671765189184,152.99846143066316
12,644,233,752367,1298615,0.1629291755141419,68.15927426530078
21,269,627,8050690,77693823,0.6786109101428989,104.66738025061781
9,1837,1840,30499850,234756383,2.5917298743823096,163.3860923364286
16,672,1005,15851875,98793394,1.946481199165388,147.53987710655593
18,1990,994,18802514,109132281,1.829820474568637,154.5272444672956
12,2025,1827,40457098,330779671,3.577373447530154,251.38578815815342
3,1512,660,1877710,14525041,0.11497363547161926,108.2386759954241
20,1146,175,787685,3406767,0.23414979439036307,66.93373358897384
6,76,1406,10013542,58364897,0.7896901288471219,110.9474918886102
7,941,1078,8005238,57944477,0.5864877661170512,101.62065287311188
18,68,856,12538698,101074791,1.0299156627671042,131.72229415335536
24,1303,1843,80587028,164765773,8.084084243127249,356.2269413134275
7,721,1996,25377154,232685076,2.4483232918245883,150.35900859021547
24,1016,2001,94193083,530613338,10.297532140867785,477.4811091632261
7,1259,1229,10630860,97869853,0.8517857079610743,104.9951893460543
11,562,1729,30902427,106666901,2.6109533423785973,153.6807069759687
1,664,1082,730360,3870810,0.05609024197266668,106.71812214754222
8,1475,431,1943820,15544862,0.1804913501439227,84.86539354315288
10,555,530,2832860,2837407,0.2834310727784236,89.98375734230807
7,1243,736,4177546,38049164,0.37258542396111055,68.81737771679796
7,1043,1660,18293210,105546316,1.4578101790972675,124.55972273585836
19,1390,1855,64570705,181803495,5.124394942148602,338.70602732764894
11,448,871,7994919,34458941,0.6863474207182549,95.05729380052757
14,1194,1250,21835010,213312288,2.095027127063099,135.54892491411283
8,1371,1911,28217836,267940425,2.5303793697433914,164.1819664624631
14,1458,881,11395745,103358015,2.7675367575037084,100.69661013728806
12,802,1723,34075781,316575027,2.6768972556314345,209.3635971864692
17,1599,769,10712180,27591040,1.1059087690146516,111.76997136973152
21,759,1971,79253920,535043054,7.149175687421146,366.71996407786605
3,1943,269,670896,5185532,0.11228451313848693,52.15787097680562
18,1051,1402,34928036,49002532,3.248927235136661,230.36791017509768
8,1055,1392,15057274,95607901,1.3317424005175584,119.12536998585027
20,1181,668,9287214,29727392,0.9549977654937546,140.56810827426654
8,233,1242,11109700,87055676,0.929589519931317,141.0122945982346
22,347,446,4346280,16058435,0.4873893924254988,78.39307592267086
10,70,1957,34644781,61137271,3.1919089884097946,237.02016456421336
23,783,1229,34232576,286671537,3.780199562364223,204.63934466743294
22,1313,229,1409276,12898585,0.34117624148691333,85.61267047080608
17,435,2028,66741490,587724932,10.257522165782065,337.9180853265044
11,256,1882,35940564,59613008,2.8612864463311407,178.671922715433
7,1915,974,7573834,52212507,0.6142430332828744,76.14461436865659
4,1772,468,1492930,10561042,0.12822392171265795,92.62188773003949
7,1148,571,2621471,14204756,0.24090187411216,75.69964851783583
18,1580,899,15185019,91234936,1.42619269181314,144.0607567933536
19,1690,467,4728385,9310310,0.478519472466256,82.14661755664144
14,1995,223,1096724,4126194,0.17493748817844035,87.81689515524073
9,1652,1907,32279799,167565155,2.2973055352806138,195.58073734848546
12,237,1406,22109360,204154105,2.1453128615968007,165.69574496326373
4,214,709,1669705,12840106,0.1672439440773526,102.19650297774868
14,586,1540,31770210,207325808,2.90109341551772,205.8181237206462
22,785,1196,31015878,42272172,2.824895768036047,174.09008252982022
9,1841,1816,29760618,238670953,2.724443878412171,197.70985971531692
3,1303,66,95578,709818,0.05897605901380289,88.61376260254953
2,1041,541,862364,7574754,0.059532489914460855,76.92500285357069
15,265,2000,56580010,89287154,4.9379804410855135,307.76761967525823
23,1667,1824,76294282,402294011,7.132064183676648,418.8356186860567
2,1737,441,965800,4948557,0.11798162468055277,81.05241277544492
24,1618,1619,62961301,608685523,5.704475547328686,281.9695727316834
21,1885,1145,28414330,266989153,2.1838667561220593,229.8708082308631
18,938,2004,70208146,457287347,8.530806921054054,303.2547443353283
5,681,1885,15524870,72716779,1.316392541636865,154.57689085496173
11,1921,192,741514,2419660,0.1756467606881184,90.74865576536635
24,1586,551,7875453,32751179,0.8854107673363111,122.29020060395821
11,1337,1328,19439274,106689910,1.6645672328632655,154.4334862208172
7,96,958,5614848,45115623,0.44244062327397027,92.87337065349459
18,277,381,2583952,11829385,0.33279188709649554,64.00717971000697
9,240,87,83095,584128,0.1015617790202882,103.05511768606092
14,1604,1910,50534790,62531715,4.67772821603726,263.55035126848605
16,168,858,11208922,49818241,0.9084520379142133,151.47372531782898
24,696,1085,27868235,156658409,2.8873722829893085,147.84956837304415
15,706,1914,52686688,521780532,4.203435197117914,251.65732919340323
16,560,1129,19781219,30569884,1.434726044662543,134.34069981272918
16,1449,299,1782050,11975369,0.27618169535786175,103.2821555869019
20,661,182,755128,1211136,0.19643287882662952,73.40633249082076
23,688,860,16891270,108903745,1.8349439426694851,140.09810270749549
11,1408,1028,12036862,15038763,1.7276087650584915,129.15688505568045
13,1757,1741,39471962,288605359,3.0611208594589914,259.7818627467425
16,1618,390,2922670,4566589,0.31212899618000967,87.33187827585569
19,1983,1299,32986816,59688680,3.108223181740802,192.0136513095331
4,1260,165,291895,1715262,0.07701050739364097,109.394294874191
3,845,1704,7269274,65745915,0.4254536407710148,87.88248836023638
18,743,1227,26540020,229099366,2.584634336777946,197.47455822196451
6,1611,1319,10844828,108361878,0.9068082172939668,126.0300834388482
18,1785,321,2333680,22715421,0.33881985434335116,79.99597003364484
1,832,1736,1463458,8977515,0.08473806785778261,65.03674105073863
24,350,832,16240650,17200675,1.537313120964252,182.18392881141156
3,1754,1084,4265550,19973500,0.27048614139135463,76.08811701039488
23,549,377,3346262,22777659,0.4222701183628158,92.55759805609597
13,1914,1584,33176890,245807109,3.189144830443258,176.6005701486939
24,338,660,10264330,36832463,1.0391862382368748,81.61859547248751
1,1690,1322,2248732,5703973,0.13787479383231036,66.86570412854121
4,1016,1111,4847303,35231964,0.3785153933876018,100.84021915618212
4,835,856,2924962,4295279,0.248720634531104,69.27784504674808
22,1215,2012,87519998,305347685,9.60968794370647,401.0866104572177
2,652,240,216970,1947234,0.054530794241288726,102.81026384628845
18,263,812,11445150,33673599,1.2484356681714743,144.41471189366138
16,1338,102,295198,2147351,0.13818274261219093,85.19703920792671
23,302,803,14454813,120678643,1.4736657869314445,120.60732220426729
24,831,1283,38969852,189549161,4.016779503236373,189.1179058480053
12,519,833,8083442,16958715,0.6700222862800713,128.36557931659746
10,479,815,6384720,13416868,0.5252706324738221,91.84078646679492
24,959,1743,71605936,130456207,6.076779102312856,383.507751167385
9,1477,102,235834,635476,0.1022810873888028,50.97938260556858
2,1790,635,1547505,12569720,0.07559559316190155,90.86996117387855
11,1605,774,7249294,29329396,0.6506769181972036,88.639990034139
15,1332,1834,49578532,248129510,3.5507751924403568,265.79987988544065
9,915,1810,27899350,215706626,2.1078781747663786,183.11405043778396
6,103,429,971266,9577763,0.143970168197627,62.1606915327512
23,1274,40,87490,313628,0.16731446611191253,82.51831260477414
18,77,1823,56688018,556010930,3.8723961077098497,246.34608754536532
10,942,1698,27582322,126979777,2.9471712832395442,188.96182849179814
8,1836,230,796730,2969650,0.15279194930920248,96.43863899239773
22,1849,1381,42648052,87432906,4.808286089493161,195.57222091342587
1,1992,319,638967,784170,0.08670742002420677,77.24832210305675
17,1561,985,17087790,137615208,1.9817049732780203,127.9787995237445
14,1804,2013,56357971,540089753,5.943949949403659,287.57444752236984
10,1431,1773,30864394,243631834,2.7739059323253357,184.10302030474946
2,1262,1261,3196645,11482331,0.20521454783682838,109.1110539410949
1,1573,603,955162,2242726,0.06132474368947064,49.022935187056184
10,865,762,5900176,13001469,0.6042714783113047,98.14193754517078
21,1274,1618,54469980,147342692,4.964000868087706,314.97727125230244
8,1697,1695,23018110,153205103,2.1934187640016582,200.6363679779859
17,908,100,253510,520391,0.18864170996740776,56.977592806931376
8,1300,822,5813194,12852518,0.5040123480870604,120.43080061759836
9,1548,557,3354821,32404324,0.2967823860670798,91.49039783597412
5,991,1327,8378688,78688038,0.7166374127834995,78.3221930564983
14,1719,557,5004098,12575334,0.6525667527589892,114.13557755864863
7,1694,745,4604855,44245562,0.36788874956910744,87.8443282658404
1,1563,1626,2559334,15054479,0.1175677891204814,72.5804863102227
3,1246,1628,7350430,68433432,0.530138022763889,135.89923615058066
3,174,1339,3836245,15334200,0.31130256690738434,106.50408317574016
2,1076,1602,4309390,41933904,0.38473093500627914,92.43340638193658
8,682,1617,19434733,170282395,1.7918199108971475,151.71488235672086
18,1994,885,15104305,106868512,1.5540243689837516,160.52617273160777
12,1528,1759,36761351,133651490,3.135233446233184,183.5224617172109
21,418,643,8557697,28399831,0.8622540940027559,82.48529378743919
15,164,1842,47849644,410227155,5.669208372788589,225.98641455636505
9,512,1262,13411284,124561270,1.047815717128805,116.87123522620435
6,589,1168,7527770,21442673,0.5925839491293712,131.21741521538416
4,781,358,669112,5496197,0.0902897606797308,57.6600389438933
11,1557,1259,17837522,140132391,1.4639451447628384,142.58543930733228
1,501,2020,1034250,1135886,0.054457164617882636,93.16995510878434
12,1652,1084,14740242,93041979,2.9788142575698715,109.3818474533628
4,1830,644,2431754,22186847,0.24915995943959618,93.25717699990001
17,119,1886,57187302,157183696,5.310324962488283,319.72060600671756
5,42,606,1503496,2119128,0.18457674673969993,111.2378924764314
7,711,1726,19130994,76758843,1.4655196003769186,165.1050921873676
18,846,906,14746066,110605686,1.7715902147078972,124.41914612340037
20,1849,1413,40589848,394155241,3.8916423117284893,195.59761012780714
20,1982,1824,66882442,140912344,5.299907474517774,295.5516139274951
24,1054,1182,33419878,310764944,2.7760201754149048,210.146210604145
10,818,1119,12207181,116820716,0.9454693119141528,93.58943979816777
2,1139,384,589450,1161697,0.07124395387013109,104.93036569977306
6,421,267,473134,4567504,0.09632847960880553,58.520755055701464
13,933,1857,43156690,218619798,3.6060903497075816,221.0269679189678
17,923,1036,18156946,119992845,1.915752193872469,165.20884898544153
15,356,1642,38371908,101929084,3.386240094923815,202.39233394308604
6,1677,301,962608,3451596,0.132059840019255,101.68021366274301
2,555,517,560438,5221364,0.04810040182451891,52.177344906591074
21,1621,680,10371370,86597336,1.0677399373616407,124.70452808988361
17,263,2042,67308414,335785460,12.518637682982606,294.1859362755094
19,229,1860,62752690,494613940,8.07879929702879,343.9465150183006
8,973,825,5581960,40598396,0.4340648286857148,107.8664936810251
7,1921,2033,28738498,182741847,3.2048601285284106,171.00984365969987
6,1703,1324,11040846,44553223,1.0581721292640163,102.68025816892685
3,1730,847,2911149,10478196,0.21970898420400292,71.57341957379629
16,1796,1626,42620722,378888217,3.796658961949294,194.16435681098864
9,1961,1802,29545602,91069050,2.7958530585856023,195.43730793927529
22,1299,1852,74493006,353321094,9.632120666636085,359.72106938838107
6,897,1484,12366182,94773833,0.9033730538370769,116.20548388399686
3,1690,641,1913395,12973941,0.2734036897725831,101.9127872900674
6,251,2009,20716818,203444975,2.7949497617872274,124.56058546391229
19,985,1628,49357714,222461971,5.8696264671644,232.15376427536194
6,563,1425,10978210,105321685,0.8882098507231403,105.40363979034187
5,1946,559,2346133,11397504,0.2360568106515834,57.30954343400097
16,1894,1577,40331785,201505669,4.2082503603745955,188.44737957255737
3,1582,1374,5967292,24667250,0.40555842332198305,87.59591090015017
3,227,1699,6180972,46971411,0.5013460437378064,110.08495191631162
15,659,1046,16033098,129622777,1.6103222762875808,169.19388111754526
20,788,366,2844562,9159340,0.3293638217881188,92.02189995887181
8,920,682,3895594,6838941,0.345979709569661,75.95990306998583
10,1836,2021,40510955,399841449,4.214877861092165,250.49688488918116
20,300,1990,75898610,573600062,8.82578211946837,307.2762447897001
17,906,1256,26412434,161179867,2.8515992416534446,169.96437553208366
10,973,493,2677000,20851613,0.2737730847556481,87.37281961126432
10,297,1724,27296102,40905289,2.2912184907659934,175.49292132054825
5,1219,1088,6077578,10308324,0.4684734519955141,95.43798722060633
19,390,947,16539365,128488925,1.3963212141115555,109.26061972637731
7,760,1372,12360358,23667114,1.3804224278973016,101.90763915172363
19,988,478,4598848,14196691,0.5460062833168442,103.87338110793273
24,577,1610,60602020,313428140,5.373296950592136,372.89647366057824
20,620,787,12279571,105052747,1.2944999430426727,109.76029124434139
20,1341,247,1497818,4620288,0.4420041226485165,60.095602927293136
15,993,1580,36558050,201306565,3.6141482477811424,186.74222872793396
17,1378,122,409564,2996442,0.21011675011397182,60.14259077902616
14,421,1864,45997938,209154117,10.67885942876179,215.0522146166819
24,1966,82,318662,1452782,0.2327554693926176,89.18697237629942
15,1131,292,1531258,3210712,0.5148712449514057,95.90749757432538
7,1675,1657,19277548,95598246,1.6867361259876306,131.2426550569633
14,152,117,198559,514515,0.11800780813626348,85.5492948135089
24,1685,1827,79912990,417919268,7.637431419921154,351.8520529315393
11,1894,457,2963655,25754367,0.3770722105641321,95.83885584816608
21,1794,2004,83977630,215964746,11.363868732376984,438.03573261139974
5,1249,286,688698,2800239,0.18411268230486166,60.79014754576018
9,1729,82,197138,1239491,0.10759405002471448,79.52432657203452
23,286,410,3829000,11570297,0.4759225015277848,82.66584167891541
1,1293,685,893250,2653711,0.07736772269215815,78.18776647093756
4,1033,1196,5543470,30611353,0.4496533593667303,113.42749432350067
10,282,1431,18862021,51591474,2.065257877759112,110.29573773837909
4,96,1027,3277167,15851187,0.2716635767662873,111.12379856704966
2,1077,1322,3187352,21281869,0.26493215487512245,112.62476264932302
3,287,717,1243288,9990712,0.14357391024828298,71.53192646476097
1,730,449,332719,1771424,0.02557516437040211,73.50691471514997
15,867,1947,54808060,372450853,5.544256882063712,264.09016612014244
3,553,339,421726,839070,0.0867932877967731,56.33863657928931
24,1639,1323,42470956,253495062,3.560228842483143,208.67747093829433
22,1433,1051,24736346,236038715,3.3079794456639653,186.58434652595378
10,710,1991,37130169,75630905,3.465373364983132,207.1941055426452
1,1375,1799,2493424,19954504,0.10554666584354988,90.31954807643288
17,77,395,2537490,4883913,0.3472823192817027,83.84852308560761
8,984,1840,25542890,139209807,2.320028153138549,166.84812058637445
14,164,1195,18788995,88182779,1.3700536201369788,116.41745737773601
11,1072,266,998308,3455593,0.21954189336007587,96.73484790995884
24,1005,1101,29024572,267448274,3.3532209558477812,186.09363618986634
1,1300,917,1202197,2036769,0.14701343263275923,69.30488864927023
6,824,1293,9445375,91370501,0.8336498913780207,93.42626943608549
5,806,259,480973,1856109,0.0934543192497648,62.90387437144334
14,1887,103,334760,851188,0.161771041847672,87.2881104318322
19,1238,1678,52808348,287186913,5.492820530817167,305.778931618634
22,86,1884,74760898,222698016,9.236721249670987,411.1182541764446
3,1378,1849,9409571,17632824,0.9474127421777196,108.665534207928
2,578,2043,5379229,44159097,0.49268794471640376,105.54049784111785
5,436,557,1492213,3399999,0.17310925760868598,105.35386897399235
15,812,1742,43941960,117644041,3.622232535253186,271.8449692763551
23,1923,1498,52298186,334283906,4.218707485941562,299.2380930192074
13,1622,1820,42742710,276076916,3.14999541063445,244.99956384530415
4,1907,1379,8353992,37966792,0.5686158605183644,87.68260046410522
11,676,1252,16547694,28252216,1.4958956851418919,155.16293371129964
6,915,1344,10282954,72398323,0.6581406600037646,103.29952855503058
9,560,1200,12214810,96160384,0.8772407406841095,151.55633028930524
12,1554,557,4290581,42550411,0.3692571846786955,129.36457816562876
20,413,1209,28307536,103594473,3.044366938138295,179.07504112200107
12,1828,1550,29295010,269682523,2.793803183827495,175.69173232648103
20,1236,385,3303695,10314630,0.5263347388320472,69.91490647046052
19,794,695,9266445,68187694,0.7580689981844138,90.57294984398696
9,1356,1647,23965507,81010264,2.202535755742241,208.85559424601263
10,1203,1880,34108850,299758975,2.702216685217951,214.29786229789477
9,1339,336,1359466,8876771,0.22164436978180457,63.97455838231154
20,973,1303,33565290,68304667,3.3185785257265694,207.40410967641705
11,1543,1943,40791352,130787466,3.1128530019818927,229.01801734833785
5,1003,594,2016046,10525091,0.16672818380766435,88.20413722565358
21,387,451,4256548,19177859,0.4629446220229368,111.25091396828611
10,1779,92,241694,2416895,0.1172540070356826,57.78494090262933
20,750,1988,76641386,334280203,8.9742294046522,338.38646932321126
6,772,1056,6407818,42787054,0.4761581392677838,104.06608523531119
24,1632,133,628435,1023404,0.3125180317082078,50.84547473136495
17,457,1182,22926082,122361633,2.2714682356575358,174.48457339112454
17,171,1991,63819524,124820214,5.605856962421215,350.0189908043139
24,340,99,262459,1647067,0.18483853694691854,71.2758841021826
24,613,1396,45725990,411236870,4.864384369024831,208.58881321519155
8,382,664,3351882,9511129,0.44573931569104563,83.51751548535967
20,1303,207,1090072,2957916,0.278484633915074,88.7980772024839
11,1009,1108,13417890,70216475,1.2513487430569532,149.07663275533753
2,1735,436,951798,6933745,0.08774689781985531,71.55846445252749
11,613,1653,28372102,212378057,2.5505920677819085,207.52827540313888
22,40,1078,24481390,111243053,2.092046561232895,178.60480782875547
13,1203,1129,16679856,110238220,1.303837766540207,115.32683817963292
7,1393,656,3506986,13592060,0.3081719341250722,113.54714398968483
15,837,1383,27969802,207490517,2.473476207861695,170.95962998929804
13,1866,723,7638505,13858179,0.6430955199768309,82.85947079404669
5,1200,272,626426,4608161,0.08677515481238174,81.11891771331244
1,1613,697,1131938,2798679,0.06976526360244151,93.831877667956
8,764,406,1471354,9310315,0.11617062461811824,82.95037942806823
16,799,1846,52638700,350195733,4.466442329817136,241.64716779924004
14,991,1902,48959392,322805439,4.493535109479153,266.94126847269945
7,144,237,375181,2032136,0.1458082305896042,104.80441863942504
10,1391,388,1902374,3525493,0.25201344789781793,70.33353178830602
22,1748,1249,34983251,206222600,3.15328391958448,215.40046058328986
3,1809,1819,9931750,94240503,0.6820583191004433,127.94274596109129
3,605,733,1527582,5564364,0.13606043353539501,62.059711341549075
17,313,116,254746,910437,0.14552576971114647,91.95815298658326
21,1498,683,10374097,62354080,0.8662227281756696,126.36893378287893
11,1494,646,5151860,51130374,0.4813267623816063,97.17330655274253
10,1827,921,9335266,79832899,0.7254257432188509,101.11017402002582
15,840,498,3902836,25817152,0.410218593696108,76.5512875277752
6,1370,490,1879650,12503182,0.13989278663749455,67.39731716860007
23,968,1846,76817608,100293682,6.950207621851411,392.13915957823315
10,1901,936,9682930,17544725,1.0755533448660362,80.63829042870957
8,1016,646,3589186,24415439,0.3265135003171625,91.43513851710549
14,489,1835,44715290,153313243,4.199584415824511,263.4277563566465
6,1211,1019,6442128,17549749,0.7067315429404248,104.34731881947707
20,1269,870,15511240,131059402,1.4458887991635763,176.1637927703163
3,644,1464,5248450,10505949,0.4539854934075107,85.69727763765967
12,643,1169,15809566,21159985,1.9272963553041413,119.87497228070403
2,1503,107,173564,528821,0.06009694226145957,74.78681935844907
14,398,66,84490,264632,0.15758960363461305,92.61947500673762
15,959,1654,39927570,323334325,3.3648859578154275,183.4769838808383
15,1977,650,7216310,30516268,0.6780302646471948,100.349718679015
1,206,1692,367174,445708,0.04260136836305752,75.29283986001562
24,1433,584,8701026,66882740,0.8947074229230917,84.69920365553914
3,408,318,336136,2105511,0.0615286280193828,63.731372379415454
10,1678,1744,30335146,236294110,2.4675176544195674,176.4973454177864
16,603,1449,32405446,269033841,2.8728576325733446,189.45772099176418
22,272,173,681111,5619578,0.25740466839901616,113.23378151277484
20,990,981,19285489,190273019,1.878049765521309,160.77051732773793
18,246,1906,62280466,269813304,6.536506074619226,309.36840188069823
14,364,564,4354090,6640270,0.5282951536496758,103.90494201605719
4,188,978,3067018,12732268,0.25486591175875456,71.49199284832213
9,1000,657,4122685,35058610,0.3477821495547561,91.77381449304433
22,684,1770,67058230,355111651,5.674133432411965,313.1094680463002
2,1027,1773,4985686,49810832,0.3344140514255627,103.52368529106737
5,1361,1894,16955098,51424147,1.3172278980701075,126.89220854017056
18,151,754,9799748,92078549,0.9791208526597002,107.28636071094856
19,431,1484,40323258,399382796,3.178428049153183,201.71482208712985
10,1558,651,4841497,18667065,0.4223521529719301,86.62421571405812
11,1311,1717,31767944,115252175,3.195178224263032,165.0940468613082
7,1443,1692,19647514,22705036,1.4286280981688495,135.18278894123384
4,1704,1052,5127458,15555191,0.34947077785195557,65.10314053469135
10,1992,222,890230,8538195,0.15909048402812886,53.861325486144715
18,1297,77,202828,1941002,0.17160910484457992,75.63697755173555
24,221,1360,42887610,75947464,4.339757965447719,249.1273931422438
4,1037,1864,12382562,56670744,0.9954315035172268,124.92904627365688
1,833,1120,945290,6930699,0.08435520330605348,94.44459154902071
22,1031,1339,39074708,184463828,3.7414440483127613,226.67413538109068
18,1094,1544,42259290,288285527,3.2012385760684174,235.0980114388651
15,1671,1861,51642760,512740547,5.232377741202636,339.6859345415345
23,1038,1506,51509728,112508068,4.910770860476346,246.4603483345623
2,506,277,220225,803102,0.07130866797036688,62.65695339582104
19,1037,1998,73985950,254761052,7.983233983409341,321.6328182018555
10,93,367,1253682,6428589,0.22752874477237492,72.66186465608062
6,437,1289,8891532,30853794,0.5745534579975923,99.95274202224611
10,1550,610,4306610,11288864,0.44060415323700863,95.82287355969311
23,236,1657,60850021,217140052,5.479743334835325,333.4994535837716
18,819,1221,26378494,99308016,2.295933799197653,178.5890281608682
12,744,1740,34636450,158849681,3.0335773740921765,191.44611280502238
12,1750,982,12347678,56824518,0.9792940300619524,140.55804475692094
2,685,1177,2205708,14650795,0.18867535069334473,74.9779062990784
22,391,870,16262920,159494303,1.9503047420953938,154.92526206280397
11,779,1893,37348900,240854442,3.8154660972296153,201.7413174042215
4,1062,1512,8485354,19010376,0.7943890346020427,101.32160661321146
23,1129,915,19482190,160745806,1.7473108465353984,140.19114155512128
20,204,920,16296890,16458759,3.6338510401723267,136.57721375933704
24,1551,1101,29625718,262094286,2.792090555839414,188.34018745919823
7,1890,239,798509,5654776,0.18139626145743587,79.07649332310622
22,751,1062,24516280,205563991,2.29045359458552,183.63571236351257
21,966,74,183308,469810,0.1426790397787067,84.63285058070248
10,385,1325,16337260,150179435,1.4651407853836487,112.6798997700764
1,1044,961,1013865,7011742,0.057915540103681586,80.6109375457746
23,447,1124,28333802,254215422,2.721440906514067,184.0889968050946
20,1180,1621,51886599,165387723,5.361985124960565,279.8357886645755
17,1235,1992,66002938,218127026,5.810445057181778,348.5148499792629
18,470,146,435090,518773,0.2569516102053732,78.3588043359907
23,357,39,48682,457754,0.17263905609223748,53.59586482504339
2,1571,2004,7188358,15246855,0.5082801772976279,115.25446675094608
16,1051,868,12236206,117383642,1.2601453052866596,137.80648695669154
21,439,106,274550,2724483,0.17729762488813836,93.42795552886737
9,400,1343,14991919,75448622,1.2968061657320045,116.633374059375
4,790,534,1284814,11790212,0.11928661904207034,91.30960386115636
8,1168,1448,16394266,110484417,1.5840150783689462,128.8561892833179
16,151,146,345592,1898928,0.1738026397174308,86.67188127666236
4,459,321,460966,1349332,0.08946281171825282,75.53475682308145
1,2040,545,1117805,3993827,0.056404009183760505,79.86064415560956
14,1840,2043,58068199,334175823,9.218023729495044,290.06879186630886
14,753,1685,38219180,164861721,3.124624915779711,187.04192572796842
6,131,2017,20637954,114170882,2.243209351020487,151.09293087159293
2,629,452,494046,3384085,0.06055369697325155,70.6413341422795
11,463,1304,17635306,166946458,1.917829955300792,140.97535638070465
17,955,1235,25616380,108542833,2.438840722398739,191.95391699701315
6,1150,1269,9531469,90765893,0.8291260724074073,136.04701006707631
1,348,57,20473,111732,0.021830431792480714,85.02395206539192
15,1187,1366,27778986,113108740,2.743703393770804,183.49110925923648
9,1301,82,162042,1604569,0.08088145426091546,58.446314982854396
11,859,909,9062740,27605921,0.8005287841224069,101.21132267709544
23,986,1114,28437088,171555053,2.210634940184687,169.33918661538237
22,466,917,18115345,25028784,1.670173177283136,117.8145884848009
12,1011,571,4176304,5240522,0.38964541567866956,112.75820330054034
1,631,940,603490,2029213,0.04751410386236898,67.99136807086143
17,1232,703,8792431,25744765,0.7837185454419842,108.95911605763169
6,380,1741,15844851,145331594,0.9885963704129441,155.16924648688916
24,430,1146,30738022,241401688,3.9169176703281594,187.77133016169608
15,1927,1122,19814530,62828957,1.6042204001376923,151.55676747042548
12,1726,744,7389418,16517292,0.6937279248460478,103.24327312427845
8,1468,1250,12795010,62169644,1.1728848667345044,111.95959046227726
22,707,1549,51532142,133690298,6.10817375364048,277.42599566213903
22,347,1393,41277386,174658258,4.143078312337471,200.91131481919928
7,544,1033,6982057,49257796,0.8697083463764154,91.11541606425884
6,1522,1919,21364237,209149234,2.0656676867161874,155.20475892687028
12,1039,576,4260682,18552468,0.4219898051956561,85.61542445922275
20,1273,833,14269300,86094590,1.4907563002135225,132.45985954533361
9,1369,1956,33322426,242110150,3.6988646595561194,198.2479654973824
6,349,1560,12737410,67789650,1.1111316537636742,115.62641602220498
19,1089,127,432318,2597848,0.19072241374623675,77.39962845445233
18,495,1216,25773130,129852333,2.0317089372863477,187.82493519732708
4,883,1240,5725090,15107397,0.35964079827237583,99.80208106191692
10,1387,332,1459150,11566445,0.18321896299438462,73.51963025872541
18,744,475,4202335,38658523,0.5579958251641433,83.84297860564395
12,483,1395,22110760,48992707,1.9790992720156622,143.23638858406875
5,1287,59,90752,113920,0.07501445766134983,79.21102194482658
19,1382,449,4262367,10032980,0.47864533061093084,115.4971386845417
14,1948,890,12052390,84474991,1.009818372930775,99.05592254002237
11,1694,772,7283830,51108359,0.6092512090098565,129.07186907243621
12,918,96,191626,1273855,0.13811867344553694,95.20528661928249
4,435,746,2004512,3551437,0.13367296269445683,57.22390045260505
9,49,1808,26273866,79002800,2.365441416825189,161.9993472972
21,914,1262,33045480,210586987,2.6823304127636862,176.82961062356776
7,557,1864,21916922,116413551,1.5808027982038413,175.79780534101116
5,2015,1695,14932960,23404416,1.5090485491574483,127.50497718494013
5,1147,170,313150,2310128,0.10810047900078998,96.43861621530847
7,1389,1558,16754742,43888453,1.6436037849442882,158.10577058185856
21,1174,951,19233985,47615903,1.404827861856456,127.65254710641001
7,302,1219,9304637,59847142,0.945121000564258,78.02012131739347
10,1970,1858,34766906,182742976,2.5733595951485664,239.6570506554405
12,717,1888,40605226,73935837,4.9634806363810595,243.24051140634094
23,1417,907,19413438,123387490,1.7170811736970035,117.49598023374843
4,1078,964,3840586,11243809,0.7150730763926458,101.84897841081712
1,271,1026,289342,2717366,0.04575440575505972,70.02499306301016
1,557,1365,775330,5113346,0.055956086923377966,76.00882587117033
9,1781,807,6662602,47023215,0.5612836836217344,102.30379329513114
14,688,591,4961455,17611634,0.5179108353761348,102.81807136979293
22,1581,949,20443368,190621938,1.9250759609580863,150.44437260667013
7,805,613,2758510,7108444,0.24448411830541986,101.56154369943997
7,1388,631,3275531,12469167,0.26084267957511137,92.90512003480828
3,1483,33,51556,426262,0.06536893264546365,56.76368628084602
4,1400,237,503635,1783078,0.05600461102707117,79.60978780974249
18,1319,1250,28246260,205936992,2.3932104270134316,215.18325504413323
7,521,652,2901410,13103878,0.26047380735731784,106.75103298783715
14,34,262,907578,5287953,0.19180960068073497,61.07424932298376
17,1699,1491,38142772,208566148,3.7011545490979634,223.76773387007452
4,789,1239,5600290,11770030,0.5054358252206929,75.3415969417012
11,1482,199,695117,2787203,0.194168440431309,65.64400549107269
6,974,357,990685,6869896,0.13718575698967903,64.1141261644707
14,1839,464,3663290,28456810,0.3545500365195286,90.0413190261918
19,249,1864,63059130,574774575,5.7003839926862225,343.3439954168636
8,1843,1231,12898428,126912424,1.2408015559005563,136.2457762843405
15,969,1573,36204178,244226547,3.2145062747358057,251.356239815345
13,1048,431,2690743,5531971,0.2764684809809634,91.67272963080649
22,1152,113,401951,2619341,0.18385403539561446,55.44303798762044
3,463,916,2114138,7737290,0.12097391394754935,82.00943216485356
9,1831,533,3258772,15140946,0.225127455099921,91.57562991040953
1,318,634,208596,1580244,0.043117719577916984,63.71427407087397
20,787,178,747432,3417099,0.20482880044460436,97.23627069381953
15,1933,715,8557130,51302343,0.6289756301026138,115.24207363865263
9,119,1417,16258668,21265160,1.3472286418134827,127.13231518562161
10,1016,398,1837974,6767444,0.20751276361327473,103.6398707054953
8,60,37,12479,112962,0.06039912730534885,90.91124291591191
4,1177,1589,9467272,10064321,0.6157886646244983,95.80904029170657
15,1261,2046,61236790,537777972,9.30217291863882,285.05764986056937
4,54,479,720905,3418042,0.12187018544690177,80.88915830105292
6,1708,382,1388198,9926374,0.14644423028386638,91.73339348206218
4,1445,1954,14305244,98242636,1.415723691921266,124.00759115313397
17,1123,502,4609374,34900578,0.4374001800839512,63.196594397217105
8,506,440,1585770,11632148,0.20213162213677582,97.91852716665599
19,662,734,10204812,80827019,1.0675594677627083,103.73654734329014
1,449,1622,746130,7188771,0.07819908783202917,101.42372045653002
1,1060,1613,1727533,10166810,0.1075405241356092,58.41899089032726
3,1584,524,1385990,10487643,0.1062293288716138,72.8249376942203
6,1912,547,2550671,24338519,0.20081727997206916,71.75206175665717
19,1800,148,664974,845841,0.2282917670465927,85.85291283106972
12,1599,62,142796,711596,0.09000113282848343,61.13198322503878
3,1825,1612,8159954,58846839,0.48836351274247286,75.07864811725706
9,1190,1003,9260709,63484138,1.0418727899637674,119.16409863290356
9,708,1920,30887050,270541208,2.9177168844227865,218.76968597650838
11,1920,320,1645130,8196969,0.22630068803593065,105.32061936466496
1,1808,786,1429744,4295909,0.10255577725436886,69.95233895809444
8,681,1360,13897850,15734035,1.2237581209901163,135.9676614669686
15,781,1670,40390630,310844673,3.840220905582443,220.99976656663821
1,1042,357,375931,3536920,0.03134230144840193,86.9973787699855
20,282,755,11066045,99977998,0.9248075145891644,138.77254062924825
9,885,1895,30441290,60293371,2.6095359454030076,203.02858858431128
23,1149,2016,91796554,421862851,7.8327684103154605,356.8474736353214
15,823,294,1459426,5867560,0.3086218014438591,75.31334533660143
9,1022,595,3451605,26442195,0.3561560618461493,111.94346604650563
7,356,1867,21610535,61744767,2.138947150528041,131.4347097023008
1,840,1427,1214387,4634245,0.07667367295786431,83.13645293061751
11,1082,851,8180673,18619886,0.7534656939113447,114.36779458252393
12,466,320,1282570,8058298,0.18080992493268072,94.00848580997649
14,234,1456,27934826,29360513,2.6160895619853077,146.03474311448764
19,923,803,12371028,39302904,1.008704772736871,139.44902118965246
3,1048,1932,9515110,32990273,0.7051202603252215,107.89218706673745
23,1017,862,17252078,86218476,1.606803216542083,188.98586966271571
19,266,1159,24520973,242004435,2.871015186637765,154.05107724898596
16,529,190,646960,5565467,0.23923761943470653,83.08879212768363
3,418,1541,5413543,30214924,0.37972592797411503,100.94976807666455
2,1231,998,2236528,12517159,0.11128870414606169,68.852004240645
9,661,1744,25518218,197785333,2.3493158167601265,146.56345101416477
3,238,1822,7096700,10598135,0.5254699222014617,87.22207460464044
24,1167,1655,64985240,255364316,5.537008538221834,353.48450580857883
18,411,1808,56364410,533829806,7.733998662547731,269.575202961391
23,698,682,10731280,96225999,1.3214260356814052,118.9872959472121
6,1978,1828,20352962,87673818,1.6266829028914336,137.45545789411673
5,210,1298,7031276,43516208,0.5650404028417451,101.63878866930908
7,1953,1835,23818310,67550762,2.385042559522512,200.7869515539046
22,1076,283,1995443,11091085,0.4651355192311347,89.60712349114267
11,86,255,677545,2795914,0.13693499458955458,69.7191266506188
18,1537,1602,46136008,250085383,3.9494054306439135,271.9017024319222
2,1194,502,857426,3277237,0.051362009584526455,66.33888121388179
18,404,645,7351075,43362254,0.8060363458316441,121.46630314707622
8,766,369,1242433,4556916,0.14017926088858368,76.2989224004494
11,1799,1661,30612240,141511380,2.3079518808438135,222.55087945262662
18,1607,1786,57146652,442476089,5.901190753168209,316.9280937527973
22,1470,1339,39662529,196129283,3.05171601011976,263.75017882599536
22,1863,456,5230786,33206296,0.6059323508994569,99.76164466351953
23,985,599,8503414,33719963,0.9118698641317637,85.31644529077082
9,1735,758,5926054,30691431,0.5522545868934042,90.88959886027081
20,1046,539,6099873,8001294,0.6747497798784547,111.59383023352268
12,1932,535,4193875,19070825,0.36966369802610205,101.73432099199513
10,677,1148,12661302,98874072,1.1306000131098644,133.15620413198755
21,1302,328,2588914,17040195,0.4071837417213105,78.78954234112385
4,2027,766,3323684,21350291,0.24342637947944265,120.78526139998198
8,964,714,4269730,34644162,0.3508949589839514,105.7069883386075
5,1260,843,3917431,14102128,0.24839057370820414,107.50958787340267
1,1165,655,770290,2079411,0.051800629713223315,84.63173801016656
14,1620,1150,19083110,48361400,1.5501799246511494,139.91771310513866
17,652,1083,19501591,104212341,2.3223707926704593,124.42799424932886
5,76,171,132535,384907,0.10871404658873154,90.70029885399703
12,1486,389,2251153,8844796,0.2678366432289959,93.9855695199968
4,790,1716,10213642,52229476,0.777644544109371,91.39062907385086
15,576,1933,53472589,117165638,4.59655909252921,255.6841383476149
5,458,1932,15844342,73444008,2.0064835428228642,144.7852694835321
20,1313,1279,32798686,273173839,3.2231762679492517,189.5892806532731
23,1247,1665,63120160,292903268,4.608377694543966,347.82356868429156
16,1216,521,4718707,11959796,0.5354672446358256,95.93880115054306
15,1047,145,449800,1396738,0.17210156824488626,67.01724235283068
14,1206,1274,22667018,180133755,2.1248063103495096,150.41169573238813
10,1292,252,902170,5966787,0.15744464197702093,96.2767128751766
12,1476,1063,14022043,24230805,1.226135542230618,140.2555705018289
21,480,47,68207,210724,0.1565003352541898,90.53113160026433
19,637,258,1369990,9779582,0.28630619002304997,72.84874408461081
2,617,1878,4708156,18565759,0.3067925900462726,95.60199236199436
11,337,46,37638,72447,0.09535210204443625,69.71256271423867
21,1552,344,2911282,20187044,0.4794537036703337,69.37575793822633
21,352,1932,75392446,712735195,6.4361823881932265,380.0642354838334
4,1134,1480,8270250,65806851,0.6152490947598519,79.23604279023648
7,1171,681,3591604,31684294,0.2994463619692483,87.18515362306297
4,1618,830,3421270,9969803,0.29282112852905146,84.03989524963987
5,747,1384,8716442,46054992,0.6976821539998956,119.04247919643501
12,1747,980,12298030,21922812,1.3730704859293346,104.20738514891576
14,1556,1307,24272307,66074795,2.8127789566971306,157.76815322225798
13,948,854,9581036,56361321,0.961142714365128,81.1698405071606
20,2047,1479,44633272,375613939,4.366597342076028,264.8158388655072
15,1070,1314,25611184,51966229,2.412838121054657,157.10706283631566
23,1573,237,1616350,9924176,0.3975751315314212,69.40178646482893
16,1156,1223,23881531,130973425,2.582855349780874,137.2872194292377
9,1635,492,2750290,16773982,0.2633374510174892,103.46563926695706
1,1874,1090,2054660,3051727,0.1011707000252189,107.24468405441286
6,654,767,3455345,29425998,0.2527713638732733,92.73010222473552
4,1160,38,48954,474468,0.04628824752050844,55.541746754852625
24,1355,178,975984,7920500,0.2479239983432022,83.56778437427428
12,1552,408,2473306,13287836,0.2680526256959273,96.88556970040847
11,442,2012,41413006,166206877,4.820957770281993,239.45905919341104
13,1292,1457,27390153,153899636,2.369805566986733,161.75760086622878
18,1562,597,7008193,50047325,0.6333968832459873,128.07916364330987
13,182,1496,27162882,230801735,2.6141380684716764,199.21886904938495
15,932,211,825231,5118805,0.3298001941894484,70.54331838821844
5,834,761,2962583,19775121,0.2731256741476846,92.44582673698488
21,1188,286,1984564,2799177,0.39127439572845446,62.06515602467594
14,518,1366,24997810,68063910,1.9834649172949772,143.85851167988795
17,1212,562,5749832,30969917,0.5937999218130848,109.50551758230948
22,1941,769,13935828,52474292,1.5357838568615498,121.38408558051228
23,950,2015,91305705,502912953,11.050985600199956,464.6183790170469
11,1977,1266,18557038,62400730,1.7413631686687034,122.72045477582256
6,1692,1291,10538443,73645229,0.8758832648079679,112.5635227448452
8,942,785,5067185,22004861,0.4973173447258323,110.52430902102893
14,1458,702,7446826,17773698,0.6513887607376714,69.4609080131561
19,473,1400,35982810,144811175,3.091724257695086,191.77101705909521
10,1447,1728,29408842,65285051,2.286154294122976,183.5912929746217
24,1945,89,358324,1779413,0.1942825985593344,97.44260739078851
15,536,664,6545058,6713336,0.563275988627787,100.86934880408631
12,1980,1123,16120675,152412932,1.359755935632757,142.12545110506406
16,743,1263,24898792,85204521,2.0944959188144643,151.06066303875036
17,1578,1477,37275059,228240697,2.87445834464087,241.6008307185116
2,1045,925,1833360,7812480,0.08827920170817018,61.801346947247076
11,535,230,656890,3644921,0.12415332645979879,110.11797357373008
5,1620,1027,5898071,38195258,0.6478559940701039,84.33455300014884
19,1222,1968,72176410,417082673,5.989134699745748,318.3482626288959
16,1475,1065,18611950,144966321,1.8421938330288155,121.25540835470566
21,2005,342,3035602,12156216,0.3794369475864398,74.33210588298422
18,761,1357,32375316,51501778,2.920398843009335,195.58516729323955
5,1546,127,262773,1831248,0.08380234764118802,50.39494806709911
3,1177,1905,9525010,70870507,0.6576184564959461,120.50789240455829
23,42,1119,27631477,154556292,2.4747893201598465,178.50510217286774
5,572,1336,7923826,28383361,0.6836935249473962,134.43151265536673
22,469,731,11587822,45990068,1.1116700614911887,109.08980321341835
7,487,527,1931992,11282229,0.20278353761546403,92.7767208130299
10,1762,471,2835901,26603918,0.27392338074359646,70.92912086055742
15,981,1378,27970654,41753936,2.842923598151099,191.19816485966325
11,41,667,4490254,26207398,0.4304521259896014,112.71521160167696
18,741,197,811256,4491778,0.2491328793094807,103.85857698106103
23,840,1975,87537935,864370763,6.5518440069298105,387.12684428571146
24,1683,299,2569616,13741996,0.549326848626676,105.39459464647604
4,1189,1338,6980356,59486970,0.4955178068636528,97.45619479657323
14,1231,1372,26192862,210069540,2.846901962086703,175.35798887700932
13,542,580,4364510,35988005,0.47037132688964883,103.95666836999064
10,647,1239,14642512,112637738,1.4638281448769503,137.97221604817932
20,90,592,6729866,61072866,0.7562978684172864,98.66734705242014
3,808,536,1014658,6663902,0.09699946349775028,81.23527707739271
22,1266,452,4877090,12690220,0.48736157795806045,70.28734391702561
23,845,852,16717954,56391602,1.6796568885334378,154.97339426895874
11,629,1451,21997170,178318764,1.6926937562168893,160.66079704889555
21,799,241,1361660,4463283,0.2929298616843647,66.72347061222737
18,1626,945,16744465,34088279,1.7740845337956426,151.40152548190594
4,369,923,2909306,8977736,0.5285431269764942,81.62759837007675
2,538,1302,2411314,21769313,0.21961401852830761,79.61908744391766
23,375,132,437194,1669308,0.20864094059230565,57.4938664545597
20,1598,228,1358890,5506865,0.2658829909670503,118.82777263421642
2,1565,486,1002628,8013809,0.053356181310740436,84.20649416985604
21,576,1466,43872992,187531565,4.517759151143173,197.5328903289532
15,1459,963,14412268,69863006,2.6429623402612292,153.56354320382766
17,1963,1022,18745534,161553649,4.459950395072768,163.65336639781447
19,1995,1020,20791690,57696897,3.875854740530478,152.04025747019992
6,647,887,4521936,11338926,0.3742266923416209,81.03377936760307
19,1249,974,18320950,64102057,2.0680499577811764,143.42913914008443
3,1134,1032,3313762,31150157,0.27788205419928236,112.5987475516872
1,1925,196,379466,521704,0.04418804016044587,95.96524232856972
19,166,318,1882252,18232635,0.32471732400524494,74.22438021899798
8,1642,1736,23977642,181846036,1.8418524543530437,145.21201645987628
23,775,1816,74020170,351333911,8.776658948503387,372.5598104581126
5,1813,186,478402,2490300,0.10610712299681362,82.80078270030705
16,1663,626,6935464,20500744,0.7686703629115412,84.36142081595398
21,1907,287,2203596,20785527,0.36327702088240355,87.64846656608172
24,1547,1476,52440814,500394645,4.622467497951837,314.7595148213401
1,961,1267,1231534,6932665,0.09010057214953089,66.8452438999662
21,1340,1745,63292905,456927009,5.097406004252662,299.20542273952935
19,394,1604,46989190,338828985,3.8579373433445854,210.90679249988648
11,1781,634,5162038,11404549,0.5608345617907441,106.78256911995264
2,1496,2046,7271494,40112864,0.6895296612149903,83.60890197810386
21,1485,1383,40350418,93867211,3.275180402022527,224.70006890394401
3,491,1759,7074708,70018398,0.43489182293215506,129.95776615583847
24,1017,172,861214,7026684,0.2468608937767775,65.78044733833781
15,874,573,5111743,6055574,0.5717883055638436,103.89737698308888
11,732,1024,11256842,108660756,0.9375882092935275,90.29820198340094
5,1189,998,5185618,12723915,0.43653509455500855,101.78276848158308
7,680,1006,6773408,60375562,0.8275011707433071,113.7620805094168
10,562,1839,31507597,244895092,3.64124389373203,184.4393523768127
21,234,2007,81092845,618057103,8.613081249453876,320.3466178488974
10,406,517,2625853,7657819,0.43937166778611836,71.79369163546097
22,1600,1215,32983615,319047704,3.282412777258939,189.22766050450738
13,1471,358,2072830,2842053,0.3075530266908479,105.96606779826035
15,1254,50,98960,978020,0.11166849079723466,66.98168287514342
16,481,382,2382544,6946168,0.2700457696589935,112.61595071019062
10,788,1763,29398035,271272918,2.890936703725363,183.9591399699762
20,1216,1985,77337595,524436205,14.576501577844587,404.63895914914724
23,568,183,846751,3315902,0.5687791536482877,68.68521165607133
24,325,1824,77175274,357305340,7.618101304155472,342.1617660229328
21,1722,1807,68472661,227689083,6.421865734182837,359.7249002908626
10,921,1308,16628614,63538130,1.7599403052963833,156.08597945773414
20,665,1169,26777124,130745076,3.427778456252037,162.24905730472688
12,2029,1793,39040792,325558518,3.558269230371836,186.32719969393048
23,462,656,9792122,41894918,0.9852549170702942,92.60602495246602
12,740,1633,30577935,157086146,3.558961232003272,195.90127736775102
23,1280,1257,36411529,207509118,3.9824591335911186,225.4169248158464
13,158,1481,26588403,217505131,2.3225917583216873,178.0442873012817
6,1243,1037,6682438,37829693,0.8102107657153617,86.5572165412361
4,737,1422,7134184,25964899,0.5980444422694216,94.42771989456176
7,1596,1649,18975053,74179266,1.8447601881937,153.49665430803168
21,432,458,4407344,32119722,0.6187012461574536,111.29886746204818
19,1978,651,8934985,41154601,0.9779995468368596,97.17395345376467
17,219,2029,66368600,234021384,8.94137866829279,312.50001105841886
13,535,127,264424,2472010,0.1490071685251695,59.901941214992135
6,491,503,1520076,7852065,0.1309507699120727,98.85065391950654
3,207,616,894442,8369387,0.08729864428103326,71.15303137543155
4,1057,975,3896110,5684494,0.2684879232011752,71.47136953899559
22,574,1224,32203450,282528028,2.909385797015394,192.0668347137088
17,1336,339,2300803,10075353,0.43485445502658415,63.881787203314154
22,1294,654,9849250,53272262,0.8711916629020803,128.29711671864536
14,1637,1852,47664934,102941393,4.528607904374502,240.31886881627472
21,648,1745,62085365,242860306,6.090033843742277,357.625485408051
22,1144,569,7468135,61151997,0.8652872348696458,101.33973614265761
3,1389,1764,8696530,31130939,0.6243932061022183,95.56434037314754
19,1471,623,7920832,50789362,0.774496466553522,126.44073615068372
18,914,1300,29954610,71238733,2.820050272585828,181.858853161763
9,1980,708,5425414,12202352,0.45326020794747646,80.37708026003958
23,1264,821,15893749,22564216,1.5539491439086826,138.62513268906963
3,238,1356,4017838,11303126,0.2673099970646456,94.77675579074449
6,1634,1098,7839730,31329066,0.6148021576122678,76.96627551165778
9,1147,1907,31316764,307636542,2.818554388482971,189.97721469653592
17,1475,1328,30212010,41265918,2.9469210089358056,229.5725532100133
9,1116,1796,27843398,268926145,2.0149689501519488,186.71290877739648
22,1908,1470,48230710,370140572,4.115155578306899,272.7230538142845
3,409,1501,5139434,12850444,0.40134040441709257,101.01734113782643
6,703,1442,11433628,101625709,0.8695247022931499,96.98567619685153
17,1568,916,14885926,45152470,1.4766156069835514,163.4725438334204
21,693,347,2659418,20559068,0.42281754429962803,95.76968736172545
1,444,1835,834935,7520037,0.07686792093752279,89.96143270484663
9,1585,1659,24679294,167399102,2.358779348277101,151.13088925681217
6,1559,531,2246140,21397559,0.14399811028489656,76.78132182475106
11,650,220,631630,4576508,0.1441788084607572,56.661193824445725
21,1296,1832,69555554,175855385,9.335069696000485,332.49603912043705
6,668,1826,17920374,98309219,3.4861591405731156,112.3504840162912
9,675,150,284110,1836990,0.1614127073196732,55.772270258139905
5,1722,569,2283407,4585673,0.24967609317982403,116.47747032027927
18,1014,1846,59854714,129901994,6.025855998560054,322.874448908497
10,1306,1716,28777330,205234053,7.892954170192114,187.49651921229824
11,1069,1540,25394610,232858405,2.046632284467271,167.89793153398958
21,1172,938,18725304,68225686,1.9222402784962729,145.21291205060598
24,770,1320,41136490,159574549,4.201324577226821,255.71123803210315
8,1110,470,2076470,14496709,0.2394913865450467,100.46100501979284
18,148,1734,51420046,263003220,4.096152376928174,306.04562849004674
18,186,1881,60551281,77907390,6.402100511114393,276.90772815255775
12,1882,488,3548746,24683380,0.4168756711017853,100.01791560502285
3,210,1915,7761505,37678931,0.48431849794915466,90.34244323054975
8,816,268,726290,6780872,0.14478320647445964,81.5166752620848
7,1319,120,246730,581496,0.09469373381289675,93.68326924192002
3,894,1743,7657009,31311803,0.5875307821030371,82.86198053601841
3,582,217,223303,1296464,0.0633141697117918,65.27040012616469
2,1205,1529,4198644,38476326,0.22907053583447073,93.79324480942218
2,1635,39,65764,348439,0.05761254789105647,107.46668665232741
24,1362,467,5667989,20477382,0.565803770527112,84.64066474456212
8,55,1832,23627314,105515872,4.264802202644202,190.9037782830205
6,1450,280,802490,1510549,0.1244015431115692,60.39644665019279
3,1266,815,2370845,11396485,0.2757472562078392,103.54177101544286
16,549,1143,20253970,105499073,2.998961279383345,116.48928940974835
23,1617,1736,69165722,675021657,6.98473829336739,381.91173078517704
3,1916,82,171636,196419,0.07613234499765688,75.13671531054248
18,156,931,14906251,45525244,1.4594109917689921,121.06771744009708
11,1030,1400,21071410,67559558,1.7405335049912334,187.14566765334342
7,226,1745,18694195,66500038,1.4046680118416524,133.98645745679332
20,1886,1439,42100833,194549597,3.822140744223431,278.79738500785646
23,527,988,22028458,41096443,2.7991281990503754,136.6186426276004
6,1843,595,2876240,9804400,0.34159471167273137,79.06623922637412
16,1597,1963,60986494,475885104,5.497376092063738,281.86096555362457
12,178,962,10372294,72081257,0.8418180206707565,101.28497338207117
9,1712,955,8949315,57482319,0.8042294127927218,109.4018151435434
6,146,1859,17580573,51063771,1.2646221233481518,127.21461025983051
19,581,1241,28478478,270366972,2.7379342135452545,181.89357020063983
12,390,783,7066585,15522071,0.9447659895415286,116.27638307231081
21,1778,347,3035913,28070816,0.5297998492086711,105.39853871358989
1,480,844,414414,3651990,0.045883062722121094,73.7470072525395
24,550,1916,85553242,375347267,6.841267907166506,366.38199949853737
22,1478,525,6580885,61277151,0.7699879129780379,88.05310387989762
7,1899,1941,26323852,157063972,2.438468668358585,189.66380986516637
2,208,659,579271,1515191,0.0626709240676148,72.52219968455174
11,1302,625,4733135,45774344,0.3604234233063991,78.42237024195573
14,514,868,10261506,25072252,0.9173956311293191,104.14546979925089
12,1787,2042,49561392,478444233,8.928641768382366,289.5476621223675
7,1345,33,51490,382085,0.11811993336759088,63.5812516656176
3,1414,1420,6059150,41927209,0.44030559792055574,99.05802513131574
8,1107,464,2029082,4511195,0.22011758369133566,84.7949546635579
6,130,1782,16137802,138495950,1.321600454921216,143.94721396406533
21,1849,937,19320950,102565259,1.540440176682259,144.43321759856627
21,396,601,7480657,69508966,0.826782563657684,113.74539101656333
4,58,2009,12252901,116866781,1.0559773749796681,136.4459845031716
21,1231,999,21220768,198607280,2.3202422928031097,125.05106204304018
15,322,344,1776082,9435672,0.25993708629094353,94.25532745645222
9,1221,621,3855178,16477261,0.32704770115843323,70.39588971634637
21,520,219,1079899,1830817,0.27934356048672604,94.33334038752466
21,223,420,3634690,19230537,0.4245093854903012,93.77235457654376
2,292,1490,2673070,18047863,0.190488636926819,95.53569186983005
19,41,1789,57734618,197532621,5.8630646551289765,269.7451813662844
16,263,576,5143114,8216053,0.5423304251744229,117.66827683071199
4,971,714,2232688,3033906,0.3105493290381109,73.8908760133379
11,1797,1156,15464978,79057619,1.5109013771815982,111.28825172060134
24,571,1832,78301522,421089153,7.904384891139506,419.6656044570186
8,1298,1787,24705285,59027380,2.5556373655118065,141.08623481785628
2,729,749,1116020,8742445,0.0985922324325129,63.57553264226617
24,496,1014,24185938,95408420,3.497715250743349,156.17815154378889
9,409,420,1590970,15717849,0.22440817151539985,85.87768225894737
16,898,2033,63874837,345886033,13.113762278471885,300.9690470376328
15,1756,1943,56313979,283456913,5.392097271105555,270.5875497859373
3,252,371,373607,526479,0.08920461557152468,62.10023493992046
21,1540,349,2984309,13896863,0.44231654707354773,64.96054985978279
12,1316,1757,36308415,250812317,3.1747800450240375,254.9256074313051
23,1001,491,5811486,7882141,0.6670314038260453,94.4633973242574
2,1596,991,2575619,13421091,0.1724630041557068,75.99874490094118
11,1802,110,321540,696364,0.10719725646131016,64.56332703807868
10,1878,414,2328346,15519314,0.2542328371305859,62.27055776250011
23,343,762,13060690,64152362,1.2511617459465891,127.29696821007867
10,1577,1785,31526680,273921249,4.132311661149041,213.61111700244018
12,475,459,2545624,11980586,0.3716092776750306,93.26995670281501
5,598,510,1353040,1567593,0.14956526773810225,97.76507866568029
1,396,1953,794881,3190453,0.07448861392334004,98.95170725052465
19,1726,1697,54814807,443901837,6.941732842220654,260.5273220064002
6,885,1990,21593500,138814059,2.315702095178424,145.05115956668638
10,951,1373,18299354,128740645,1.838523931369233,158.3438744486727
7,691,1243,10150348,43302185,0.7747365182667574,98.63343473213219
7,1103,209,496176,777171,0.1643167799640992,71.75028747028087
9,1128,952,8342386,66038497,0.7193107607057233,91.72791483516593
21,1155,392,3538202,19920295,0.5259877759124257,96.59587974302792
7,1737,544,2729802,22441983,0.28472699475187896,77.35233637402345
9,608,1434,17349976,108642296,1.1471050365353859,172.8489123155102
19,1946,1173,27083407,232061025,2.8969268593836848,191.00160968721303
8,1411,820,5878590,19255167,0.7522096692746787,81.87168936299167
15,1720,976,15039194,124146109,1.2896815187059483,112.15373974760139
6,1437,641,2985788,3476947,0.5790150181057923,94.51414033447216
18,1736,538,5869590,54138437,0.6691312624254179,117.94708800392615
10,1762,67,159805,227173,0.09812874658451386,96.85275815785947
16,1538,265,1467845,13503807,0.21874524903745193,97.61123055090293
22,298,901,17345161,156307275,2.238736088469117,153.32140306102085
4,712,256,382474,2142894,0.08214067685907081,66.56380988772733
8,1182,919,7014737,20304406,0.5644783935420352,110.26715610663472
12,1157,1833,39119896,288930696,3.7566338971822506,241.7600076410175
8,334,473,1732609,9053961,0.15908973184655903,74.69123570721489
9,1490,812,6500070,29477273,0.5204004246513433,105.79602163184072
20,1484,1072,23457514,101850369,2.0033998754945332,183.3910254062781
20,485,832,13580746,19468027,1.2730456729424644,132.11574348058582
5,42,933,3535147,24210757,0.3446795464641985,87.70050102817403
18,794,1585,44010705,259391629,4.1189838373206635,270.0579014874637
24,1657,62,193264,1438220,0.1856716485920099,51.6784084065145
18,2037,658,8719168,63686212,0.9445996007768716,85.21817990619542
1,1547,1537,2394656,3605803,0.09983742389667305,102.07567470226117
20,1145,695,9994110,19817003,0.8645809516216397,115.96133354028639
14,1539,54,122320,996502,0.11764156800776791,84.170464621671
6,927,1984,21552202,93809468,1.7171660278563525,174.06691861799246
8,2021,626,4019556,29848448,0.33058904743020057,72.43875252241943
16,572,198,706474,2688042,0.20853508504187757,84.20012278085589
18,52,1811,55900147,243200495,5.379887102883971,330.1265230259277
12,42,373,1554301,5099374,0.2152767639692837,68.47025463107158
1,505,1297,669262,5310234,0.047527743339473925,111.16933254314706
8,808,596,2978818,9033562,0.21903609342567792,99.1685584631701
9,1502,1418,18242580,116130680,1.425296776691263,147.96094863759774
16,1863,1124,21073886,142217219,1.9844815542949208,173.9235904264756
22,1604,1736,66127722,362271256,5.690138985763092,385.2122737145286
7,1610,101,225543,393440,0.08283316624726421,105.52956907436571
24,1429,1797,76900828,104315333,11.122808919407836,378.1810263593608
5,1384,795,3640315,14456649,0.31632134122263417,119.59710471866646
24,1624,1998,95128786,96251504,12.214587100280703,361.06087012382085
19,1497,2034,77572702,255053368,12.801698264420132,341.95727673378303
1,333,884,304106,1520076,0.13063853065108813,73.90049275282439
1,269,1901,532290,4190943,0.173999830916882,77.75416982000702
5,1121,1620,12337930,107618872,1.0679803221007678,161.320972833674
13,160,927,10481599,55677059,0.8942190415312211,108.85985079962079
13,855,601,4862100,30282170,0.5159742439948787,74.60068557710447
17,574,279,1413145,2352371,0.34604025059179666,100.55922744183738
13,295,1169,16770484,116247583,1.743559590115596,121.66963403152668
18,92,603,6253723,41800798,0.5809509671751508,114.57823993299414
22,1820,561,7648123,40943471,0.8431176605739551,130.9524788176355
23,792,1593,57142513,84933160,4.517611124897224,306.3905275671264
20,1443,1091,24222392,43563036,2.088406732360741,140.90976531352467
18,908,620,7115130,48643933,0.8064847689101212,91.97087149001615
13,1032,213,769153,1503519,0.19186207930006963,56.33590086037219
9,189,1818,26819146,104784729,2.12879799839341,164.3848981943163
13,86,1051,13369781,44917445,1.4781020245551897,120.60228553569617
15,946,394,2555888,15726251,0.3172415066508579,69.72137823210487
10,432,1095,11286175,79680189,0.8238858456515895,129.12695970610804
22,1466,448,4885898,5906934,0.4848202113598154,99.57231340036967
7,1180,324,1017694,6149056,0.1336764632624676,70.84011089206518
5,145,395,687310,6152878,0.07767478918340381,68.42245243635168
6,1088,1215,8722495,44559984,0.7144740668624742,114.6678789381012
24,756,1374,44506618,352683027,5.069872368328955,300.11884149990203
14,1092,1320,24124330,31536936,3.4708381478710417,142.22305142613496
22,1968,1070,26182910,27155217,2.468812592409034,182.39862757157363
19,1229,1745,57005670,212753419,4.680938551452404,325.2782094614513
22,301,1933,79109968,389161566,9.187679500483542,347.772571568623
3,1479,1681,8159584,32570243,0.9216595837003523,90.6972625768259
23,847,1553,54426448,74044192,6.396197903676242,245.52156863344004
3,51,1249,3199948,19544029,0.2728719537060988,65.69808351436677
11,743,816,7281994,48278630,0.7006771858709734,106.061258167865
8,1790,696,4649290,11623537,0.40704833322798195,71.33414339571539
14,1635,1958,53087264,393679310,5.659749746601529,217.56748208906671
2,308,2038,4805614,14083884,0.3565046321329767,87.69941993400467
6,353,1681,14749104,31076068,1.1847352721514932,121.81884522545597
5,1258,69,106891,258016,0.06309101411580667,69.36655850718881
17,1171,499,4581828,8038738,0.5117745031979823,108.18268805635044
1,261,1962,533674,2268660,0.052288888370202416,90.82293965533397
15,1051,1024,15781898,48439031,1.3124393222706792,133.70500523591147
24,1864,113,508171,3641892,0.16901134147482785,105.45139994467897
2,261,876,1006534,9191569,0.07130195813522074,87.91315105365116
14,1306,472,3523962,11892304,0.3576774092532134,101.2585610956244
13,1236,1650,34747360,196384602,2.935208336588162,190.98623182538736
8,565,1526,17190400,33148025,1.5162197702242743,139.2396514579621
5,1985,1278,9089146,18968555,0.615446182113266,124.11629613900953
3,825,1054,3105094,12878648,0.18884203078192272,70.75834375057792
7,904,779,4358515,29931200,0.3356788226596366,94.19842952036298
9,1128,298,1052248,6048782,0.2187665796588401,92.45659279661349
1,471,266,128222,1223290,0.02703451946619335,99.5417278195309
17,915,985,16451480,82549057,1.539588524912961,142.3684689008528
18,1845,1053,20822032,128380036,2.2081427891905943,144.9677586208862
1,351,827,299384,345394,0.05795840364545698,80.92776312652363
20,423,1948,72981830,535053276,6.19567090059552,356.0280636182796
4,574,1737,10072873,81524446,0.7532447745494514,104.55463447457103
20,881,1083,23271514,230104348,2.168032516107514,162.6665126407127
7,244,1852,21062806,68689468,1.7145982116264789,162.335784589229
7,168,1587,15405019,127498858,1.1750961783709053,146.401677625715
3,1987,1073,4448668,8585744,0.2937371647721123,82.82795209255244
4,84,299,297515,910519,0.052592769948646444,69.43904652338448
21,1380,771,12976711,77686022,1.4813179331237722,143.7671458330698
15,644,263,1144323,4178585,0.2204670319901697,83.57273293032927
23,1975,1402,46058514,391838398,5.761151223549533,238.11731027355643
20,668,972,18629362,38868609,2.03278266270589,141.98502654565715
8,302,252,525178,1720384,0.11081433321911943,71.13499531296074
2,1550,1031,2673393,4843217,0.14763262936202465,108.34163056429692
2,1854,1047,3049921,7968034,0.20822647124541316,64.04650897302977
21,1397,392,3633066,24537475,0.41217771484939225,119.07183170625198
10,253,1760,28358890,222122949,2.32552093858069,211.89342045178984
16,2041,345,2498500,17895933,0.33237546026578496,75.56015510010037
2,779,1594,3801700,4135746,0.2745418301972776,107.69249734075422
7,699,1864,22181610,175780170,2.019111554218144,178.77245233734524
7,130,679,2866069,3373398,0.2894987926289737,73.03119548332272
2,216,1108,1480298,2195962,0.10093264997736492,83.35248482275044
3,76,1964,7889398,34628016,0.529205097630399,123.24727365262194
12,181,1980,43526350,330353989,4.551309533130311,248.47514967077637
22,1331,959,20620428,127946795,2.7486476055053033,166.40691102462628
20,1545,1695,57257110,376335063,5.5818759859785425,335.15655175012006
20,1094,1880,69266730,680684135,5.630018392710201,330.6954485197703
24,1164,1974,91988410,128439892,11.645569362899876,419.31752027543564
5,1871,2042,20530278,68501984,3.1367998823547785,137.20243708391877
5,1838,1800,16295410,99125442,1.727352988629295,156.59094593867744
22,1151,1714,63721388,402667885,6.216067651258362,331.0969203572914
15,413,173,494790,3393696,0.2294898331619409,67.33360755820145
2,1286,380,637650,3177005,0.08415694410779422,48.38891924260275
6,721,1959,20632198,63718902,1.4265290316489314,180.8255565371541
5,1605,766,3587954,15832394,0.6296650738792277,87.3490575876566
18,223,298,1584476,3479720,0.3057305768680577,96.81396635568522
6,1771,2044,24542318,213164993,2.7442892047733625,182.02695064146246
17,2012,541,5786005,47744126,0.6142910972606507,117.72195438337143
4,551,1772,10421142,42000092,0.6677864517925544,147.24873138382574
17,1441,584,6314218,25140915,0.5517084564696433,110.30916394954225
4,1752,507,1666519,13669490,0.1481756198543961,57.18134934269581
1,386,1441,572087,3613665,0.05195082045030369,59.82987845944193
15,831,1685,41191520,74797729,2.9490031895953583,235.40996611520094
13,1833,411,2789878,22167975,0.31492263180993285,110.39290528810334
15,1110,1549,35349739,46532783,3.183451934060082,209.96866345866155
24,1485,579,8590054,35973662,0.7323715470581409,100.1851154991657
20,1172,1982,77020530,539777727,14.300510018069557,362.89907488174026
11,363,956,9506474,19883968,2.0589415308110475,146.66016786289504
12,1126,296,1303594,3521196,0.2579606445343296,68.4435462155772
9,1189,1984,33886730,276051437,3.292614471065533,246.48029755375168
20,1821,1182,28733248,196232424,2.9389347507689645,164.12770033845527
10,83,268,674030,5802509,0.24434788819016995,67.98015582266518
15,496,925,12460685,88928658,1.6033521876073276,125.44058884029927
9,358,1025,8791435,24795056,1.0462170177968482,94.14319083063671
19,455,125,341760,407809,0.17231571419532873,90.21039475239651
6,438,1246,8328274,18411693,0.7609736371332589,78.87127618324669
16,1463,163,641252,3507489,0.24255073818326983,73.99558742810709
7,1259,1836,22568122,113744208,1.7319073334189274,139.0421266516743
24,348,80,177770,210624,0.2316656066736889,90.50606317508647
24,330,1249,36334669,104869367,3.265292395916519,207.35708819773794
23,1827,341,3192452,22692689,0.7054045916104658,99.18496912426887
14,1981,2026,57422928,428817790,10.05911845120855,273.4234040236726
23,2040,162,913204,1048153,0.32213184136242823,97.93792383648415
1,569,164,95130,112621,0.022433066295425762,77.34808074102038
16,124,827,10382995,53642016,0.924546441731028,117.7660698599742
2,1645,1948,7022550,40902453,0.5914600979197071,122.47898708057174
1,369,1634,620930,3917987,0.0553912861032085,50.7031214674137
14,482,1949,50368017,395427373,4.276271957986391,243.04324694585634
18,1524,824,12821450,93653305,1.604505139198594,97.57426341224595
8,1150,239,679009,6748476,0.1576991496187375,85.45000287268303
12,630,1422,23170078,162145287,1.9673260145074571,192.75046363813922
9,1351,46,79958,758565,0.07882811403390874,97.3233531058927
10,1744,705,5716855,8613642,0.46544651841917006,81.36123761810343
3,1043,762,1965970,18923379,0.131169205501627,69.16455830642498
22,117,291,1821670,17583156,0.32952353093147985,75.77309767772573
13,1909,391,2589994,22952791,0.2727015916738547,60.66269624693494
7,1902,711,4397545,26802243,0.35160989994558983,117.19322499084933
8,729,1917,27156232,233384784,2.6184640980019958,174.37746742429297
5,901,443,1190794,3743663,0.09987623897312949,93.98714758959393
3,1189,753,2039134,19888461,0.13062564089384407,86.84550425948355
3,1307,1775,8644260,62303662,0.6925487456286611,85.23394453005912
10,800,1211,14191719,91305022,1.205944854824958,124.46102379785025
15,197,1551,34022746,40561504,2.8211740179638274,205.2994875643598
8,515,1135,9622540,34791312,0.8477910380539347,94.0679525613192
19,770,859,13968209,114197294,1.5882153448669432,120.13839374310537
3,1654,492,1304302,6257538,0.13984924733040419,58.905492015116344
13,324,767,7325627,20898383,0.8442370713702877,97.12087683830855
16,1476,2012,63744194,558314730,7.442438604163157,337.74842491114845
1,1420,1510,2160820,17098340,0.11366451423886935,54.41534598197369
15,1624,1182,21508864,167954413,2.0367072055335065,140.41356370639235
5,1753,167,406822,2375266,0.06810886323326606,98.63294819118317
23,368,1201,32214433,95709241,3.37394090761297,215.0018805147108
12,930,1279,19211869,154142220,4.046774053935848,141.45305176519165
23,848,842,16339020,72786965,1.6155509986714716,130.53212255756597
2,1413,941,2226416,18484874,0.3562995838591012,63.890163647490446
13,835,1220,18907570,146319706,1.5571120075274973,151.43142097084205
3,1490,99,168409,609021,0.06720745803320374,92.73138917401192
11,1329,1298,18600350,110040074,1.7854744487120984,111.74794769469504
6,944,116,178650,843502,0.06933970231629075,71.00438853112765
13,59,1287,19981972,43017483,1.8406795672164489,172.95780624288102
15,78,738,7701040,10750247,0.7480351801757761,94.4456134671877
22,1370,1899,78392629,402254469,7.404470634163036,332.87956723844707
18,1604,185,883755,1058123,0.2898594338491226,54.80944858075422
23,187,533,6367228,25369318,0.5961752454216351,90.52345212440146
15,41,391,2166150,5787742,0.29523140964678013,75.46090384239696
5,1987,1387,10471860,33646008,0.6995452960814943,102.69270094023443
23,1303,1900,81958410,210521790,6.529059162142849,321.8009518254518
21,882,39,66037,399641,0.2018759486415686,72.66312799624289
3,1634,903,3118069,27492706,0.21970324232465122,100.21870805166144
8,810,1625,19829885,55918488,1.7812344585340263,135.34845322834315
18,819,911,14880284,37196746,1.1712480276743809,116.52450320994397
6,493,1134,7006996,10482282,0.4925289776579248,103.17142754283678
3,329,1994,8634030,62593372,1.3165789145497604,75.13612530896927
14,2036,1870,49311910,482091061,4.471929849750204,283.28258092546264
21,298,823,13817357,50864918,1.388361868237171,123.00850247581515
5,1495,342,984286,5480378,0.1347275540477843,80.56936561795177
9,1023,1967,33002336,306915278,3.217601084802559,217.08998423755244
10,306,912,7783018,16711073,0.8227972620547074,115.04151329567755
9,1171,1787,27673492,108966662,2.7367584612864215,198.07088710291774
8,443,1723,21575416,194729523,1.920147820423475,140.914421809068
22,755,93,254830,2195011,0.20613273592948025,85.22383699033456
22,1873,1333,39854044,330061787,3.761058223987598,235.7710112726473
10,758,566,3323562,31813776,0.3568750664616408,112.0472268711969
20,1369,1934,73772440,163887793,8.413635370846462,354.90995564773453
16,709,315,1719910,15197562,0.3816733177488503,76.64724198678245
10,231,306,919540,8752970,0.1460732429280601,77.76918809876604
16,1531,1646,43202572,110976861,4.231839375802602,209.3208570976917
8,1152,1801,24812387,154217002,2.139653837164228,146.26443250414397
2,1833,1356,4340566,10718427,0.2564856310866201,93.84724602878958
20,1511,1220,30159630,235564099,2.683402012299013,208.24697754455187
13,1784,1019,14301675,141898249,2.272153336779122,109.93292290170955
23,641,127,440446,2550572,0.2688877596914146,59.624046879663155
19,1360,432,3959290,11309459,0.3396777935671707,64.02066745944019
17,200,1770,50528200,211721927,4.755140701634527,268.8066650083861
4,561,1737,10050292,49379913,0.7370414449320566,136.45911652591442
24,535,1910,84993100,141790244,6.322637267600422,384.56321964300287
13,166,349,1527583,2824214,0.33256557989001434,65.24034049702826
10,330,1863,31888981,308002861,2.3591277419799987,170.10198231248154
17,469,962,15284266,33857432,1.4387888672605145,128.31916951599086
10,681,1934,35018948,146439459,2.7861836926716923,246.70415347814867
18,1490,101,326745,524919,0.17836973104122478,68.0312025609236
12,572,1567,27941187,59962990,2.189257273692194,173.2302135747004
17,645,1140,21559690,112904668,1.9307174479280806,143.65778568400438
7,1238,1217,10413879,97138688,2.4046115598502715,105.2976436630746
15,1005,803,9854426,62815171,0.761763444928718,121.9826396987293
1,965,1311,1279546,5385647,0.08161998687599122,68.36173030135078
9,74,907,6665553,26893102,0.5191607860377419,104.20081393414344
5,515,506,1292334,11082198,0.13373517119884917,85.42971350477514
20,822,159,615817,3565810,0.21163674495767595,102.19298369072062
7,1263,1651,18468096,62354344,1.7686144776812018,127.20009643691573
2,1034,241,310177,1145191,0.04464865086295129,77.81609450133446
21,257,409,3463422,12036926,0.409767183521573,85.43448207415358
21,419,1627,53674740,479654579,4.530455423099281,328.67118577603765
5,889,901,4061718,23427283,0.2800512214482765,76.9682624692759
14,639,1476,29300086,265015381,2.2287225719000636,217.47179663656703
2,927,61,61010,603348,0.04444021309104559,59.640665488058076
22,1163,226,1342676,7860033,0.2763454646929016,102.8104943419574
11,502,810,6984640,61499630,0.626591008861037,75.19039731521893
16,1582,929,14439457,81003463,1.3346252603190056,126.1941633102915
5,1053,1542,11157922,26474565,1.1357472153112895,90.0084580553049
21,1045,1452,43728442,338718977,4.144701222470804,221.15425044983624
5,1735,2011,19695744,84740621,2.5123957019395298,172.62821400458725
23,1736,1407,46041271,91218282,3.762053569852046,271.01432985731367
23,921,226,1339286,9261102,0.34370376687591747,86.41063629630263
14,1779,1770,43919020,231551345,4.154954271080128,244.41962100232882
12,377,2025,45914860,390682893,5.291616693170824,254.33061184848376
8,1828,511,2771163,5984446,0.36012215884584553,105.85531851274501
23,758,1391,43667673,246688383,3.8572252197903967,273.4111676208011
19,998,158,611628,5138480,0.2098764423942058,93.48054528399715
5,1431,1182,7297678,26152529,0.5455830339645075,89.69026097298749
19,980,802,12386900,93418352,1.1484707966254288,159.92628023377617
23,510,1434,46018504,149484940,4.415733186476807,297.375378586817
16,148,34,23266,51917,0.1913904393428359,61.886771361022774
3,1390,1926,10121140,69581975,1.0556160579313323,128.36404644529821
18,1047,1189,25311442,123869635,2.323584752001242,153.63447514026967
11,1855,143,472768,3262811,0.16357008370087786,83.90655108008411
22,1499,1506,49934452,106904648,4.9758182674607845,281.18243820821465
7,560,1155,8670595,58252188,0.5950060756215133,93.86818160334866
6,1482,1594,15092002,41290938,1.2195427926113933,120.51446265581602
11,1285,1722,31901782,198433917,2.816796110534954,175.38323379321736
21,411,1775,63797060,552199817,5.764351894962678,346.88543215667795
24,1020,885,18946975,77215396,1.9519397536011198,104.43134932035542
6,331,1662,14387944,24632097,1.304353921611917,113.0067247373434
23,811,482,5517946,46191608,0.6459073825691344,72.2543689670111
21,1644,1828,69893590,323565099,6.508622665930821,331.62619581481385
2,1586,1720,5706970,21708146,0.43978729254367493,94.74658029213803
5,714,1338,8136388,30383940,0.686654943165708,110.99632306253312
22,281,1639,56925758,177833928,6.484761503951681,267.88817798854757
3,2038,606,1977388,3618078,0.260989194380652,89.84924673780397
18,525,1519,40065154,81466731,3.4331717987290853,224.81560615013964
4,488,1888,11641418,37419427,0.9135679605580482,108.23206526338052
17,1209,1578,41791762,49113055,3.485391502261106,188.25071233662646
6,1530,1963,22301653,75140022,1.4730538698012539,158.95634660332718
12,1336,1405,23622275,138799434,1.7753761131092791,195.78302059826797
4,1332,42,61834,162823,0.06209093644911599,68.6133748404884
18,1163,1645,47961630,129110255,3.8790783941565237,277.7859607316048
9,1931,1186,13565478,78994189,1.0112719691887329,137.67540769932495
3,686,56,45426,110618,0.05169660246798306,80.69147517165189
22,1636,1121,28259299,65325345,2.846919445657527,192.6212110017519
19,179,869,13773660,67096589,1.3991885030331406,114.92694013245429
22,139,1906,76615492,394359005,6.847492744620013,389.86200580233907
11,1918,1226,17407984,24215458,3.040482844973483,166.370865718609
15,1286,914,12893808,124422573,0.9967797821683584,130.4084004323244
18,895,108,297982,2339919,0.1934874380656315,101.57842376654399
13,152,1850,41393760,370329025,3.3804180369632872,190.97138960630122
15,65,997,14005866,66577269,1.2230902373712282,106.54333177573704
16,642,2034,63416062,359286938,9.58108951687522,354.2352721473907
22,215,878,16405440,62283475,1.3187491345861446,118.94482427337248
14,1000,742,7917150,38010934,0.775677818384195,131.86060072294683
5,632,901,3830161,31984246,0.30701433861381916,112.39370148648014
15,385,1508,32455186,68687275,2.578395975918558,221.22816359145148
15,1858,1618,39697640,381241541,3.547717314324809,234.5689900614676
16,538,1596,39108394,336202622,3.188591476400158,235.46191896032678
13,1677,1277,21739658,190291331,4.9078112185636815,200.35064535905948
9,1668,1256,14739170,84151221,3.4036479945752123,124.12108217906362
2,544,1136,1922122,3978224,0.1570189543334548,95.81223386139335
1,1781,1751,3137802,11269384,0.25804472189513583,69.73574848935196
13,702,1275,20431885,70778735,2.152620240773456,204.39377572517705
18,330,1000,17358010,88764143,1.4958844356960004,120.63097927225915
6,1504,1730,17594110,149937843,1.3741284867161783,139.30860254003136
3,1522,157,290303,1222974,0.04734895811840911,55.396749767439395
4,575,406,733652,5062954,0.0856556478148062,52.961191496923284
19,153,917,15302906,116432629,1.4774400054547425,113.49823524188265
4,1568,1046,4937130,19947156,0.32120129104453576,80.23543195059854
4,1486,1868,13270282,73246525,1.0079174099604893,114.00256127251018
16,2047,509,4941382,45405764,0.4235154990101238,77.08551598171519
24,1624,1648,65198186,364126485,6.63508341236077,345.41924281195537
6,337,859,3992642,10404349,0.3367302764090271,116.53830340710122
24,918,851,17466785,59117415,1.8711118139899225,130.07905818115137
20,86,1800,61768810,544510087,5.785819677304687,349.14464324710826
8,2028,1299,14469571,130974935,2.6493639012139485,149.69235931884293
14,1065,1156,18631262,178138535,1.6793316219713204,142.8531435782826
3,1547,102,179938,1405629,0.07553190301338678,93.69235549040856
2,264,510,400870,479511,0.05287473025293722,61.981964049690276
8,926,57,76561,749999,0.08223363636383281,60.19660209661685
22,1941,254,1855988,3752122,0.35286518506387743,52.38643461981665
12,1572,2022,48196402,171347916,7.8349580886627805,275.90174277802043
20,1908,1092,24773122,132626648,1.9859856411367662,168.44645848845903
18,646,296,1688986,3006195,0.31324412837696936,79.75946902719923
2,1457,1796,5863950,36852449,0.3538429443884001,101.10492383293112
22,1571,2040,90663730,234355823,11.017413407440339,427.07392088104956
23,1286,455,5154705,21850854,0.6477033732186538,91.94416301075123
15,1082,413,2845167,7907262,0.32620572292125183,70.02125329012554
2,902,1341,3023965,6026193,0.268628153598794,83.70131782589321
12,686,379,1848393,5367450,0.2270602840377994,58.996214839536485
23,569,1346,40668054,179614991,4.950699154626218,229.3850563737838
20,290,935,16909485,77627693,1.606330960581497,152.66690719892793
10,1949,528,3548698,12692287,0.3551700443280738,82.04819015523915
17,1184,1022,17949396,111292600,2.485483757197501,158.42456195710324
21,1184,952,19282770,43571544,1.6921363679263988,171.67994437725602
8,824,1419,15289735,150019356,1.0646833259396615,159.69575441196918
11,1719,2035,44953160,423170518,3.7499003327085583,287.5764067462433
23,1759,1743,69960544,351535250,5.9290321408026205,359.9386902632879
4,761,1736,10386498,20627340,0.9340412988021644,121.29290139744612
13,1227,808,8844378,14442709,1.804954795565917,96.41330170071788
19,38,1774,56766236,146401569,5.829265981921553,331.34253555814547
4,1163,1572,9263806,85429446,0.7495178819465473,105.23175480127614
21,432,1122,25697176,69173865,2.253580907592291,176.41474885484925
12,1084,212,728866,3963288,0.17529983069392552,84.75102952983265
1,1681,1088,1840906,5299251,0.08432425558990762,101.8193275285182
23,1638,306,2571328,23401764,0.3191468102748983,75.36420475745062
21,1383,739,11967376,106195663,1.259521283639479,89.59028011444481
19,540,1437,37987105,59321393,3.3353804653979964,196.93311505535576
15,691,1505,32787940,133307452,2.8838725094628352,219.5319692736495
3,1903,168,378346,850582,0.07235662578259705,54.678824042225784
19,294,1461,38893291,269685361,3.5739566154843136,183.57863945894272
15,920,1407,29044711,148309795,2.4733908460033582,174.34871888611107
24,1974,1810,78984790,251695930,7.98034142556871,401.69156387856367
9,1688,1845,30381625,116419749,8.455695195556688,172.69317747590458
18,1299,683,8836664,21569478,0.7088181094632585,99.18116539466278
1,282,534,156472,610590,0.027509219875221393,55.92431552898344
24,1975,1317,42539110,285393394,3.371562312536256,238.1485420631338
1,1032,911,950183,8669617,0.04994058241363781,70.6288508675584
9,1460,1391,17536347,62986853,1.5043511595914736,132.494967839623
7,1185,1191,9942478,93075847,0.8879076850040111,88.14449261307877
11,1839,1306,19485530,119947214,1.569316584127051,160.59830754387968
23,433,69,136906,1063802,0.16383850408372283,103.79236088667129
5,1538,1763,15170625,41844096,1.28143620146718,122.37820316738797
20,1799,338,2788848,8911259,0.30441368382817496,103.68400035042747
4,675,94,91284,182032,0.043540710222651255,48.19886833012463
23,216,1494,49476808,66985024,4.6025126271914845,255.83390547971865
15,483,58,76570,285292,0.1413599122852721,112.06986139707001
7,1542,1080,8682130,80380736,0.648760747989105,78.74103461892959
17,278,1008,16564474,105613613,1.7918574550956465,157.8834279563097
8,1402,1371,15104317,37009452,1.4820060778409208,111.62421980063989
8,723,891,6217408,52488362,0.48666746724158017,108.73589862220707
16,312,215,766055,4279330,0.27142248702615424,65.03908343802823
16,1200,1867,54574287,203506230,5.39181029463072,267.92397334389295
18,1912,1430,37537510,130688330,3.741236693069274,221.08907472702916
2,509,1711,3818962,22776920,0.25713050179400443,84.60547066022812
3,497,1847,7764798,14715956,0.5241208603463356,97.26206954333722
22,1669,1223,33490642,243205881,3.154622880192353,185.08065315154963
19,1795,578,7067794,49111448,0.6845607858037898,113.70943707221687
4,970,559,1487509,6157742,0.12079652708535647,100.05073405077368
4,1197,1643,10088030,70880802,0.7555821009522872,98.84413694967814
20,1554,1967,76628429,725061268,6.459272758955087,378.9993009067096
4,1769,432,1330138,12410743,0.15092367949891575,83.419115108604
2,1954,1142,3549346,18164257,0.27788719284222657,102.63388538261738
15,520,765,8610085,47412797,1.114400084621694,138.03396190419656
6,1272,933,5554159,8325569,0.5362048313285278,104.1092625574698
20,1800,641,8979779,32743313,0.8195053422001835,85.32772954641771
1,945,1264,1208394,4514987,0.07536428458819587,91.4171640608388
12,1316,1750,36029010,199438306,3.873164306143926,204.51214460715187
15,1167,975,14470960,68938213,1.576919931747072,146.4685166659902
1,1684,935,1584835,11752123,0.283515642765391,80.80343198140203
3,1606,1457,6604591,46957722,0.40932313314973506,68.5851409206813
23,1024,1553,54701329,477589080,6.427933708825705,342.06478434890465
10,1266,845,7512905,44611583,0.7066807139716649,106.04397474774348
23,1715,409,4395124,20996458,0.5949273148870756,63.54863228411439
19,1641,539,6129518,44316230,0.6794836380878002,93.71233934066619
6,1781,1800,19434610,170877670,1.4893203904757266,156.77724025850725
5,1490,1320,8956210,82720994,0.7366221010888586,114.2287859429877
24,1676,1142,31948602,124788505,2.894542937405142,200.33854230285607
18,872,1608,45403498,201239577,4.364844229962043,236.91660619917292
20,150,76,123434,676765,0.20770984874156498,71.33225482723851
2,659,182,155256,1405105,0.03054505230663176,96.11169503506896
11,844,1352,19448530,40032337,2.156574272800505,163.5602044092595
4,849,1429,7359360,27632227,0.5471165534373282,112.86134687181966
24,77,825,15745960,152350758,1.4429534303931917,116.98162318079909
15,1395,647,6779276,50703112,0.7151108308903023,133.87372450592446
12,304,701,5633947,51883174,0.4474589872455549,111.62099379573117
19,1223,821,13160640,110842715,1.445270978490716,117.14099086931922
21,1939,47,136780,1175005,0.13530095723184019,84.2664965670894
15,794,922,12656304,34150968,1.269942638474455,117.68494473642649
10,52,1882,32012830,231300351,2.87543957403907,201.67376476900606
12,377,180,428230,3654839,0.17929402564425057,85.4863115824243
16,1978,67,201613,1599103,0.10389324618753629,61.98120060963011
17,1777,317,2179702,18301917,0.3313995882622795,93.29528792725996
3,945,1815,8327230,53373301,0.6137131613823097,118.00798753636887
21,1233,1257,33189838,63312659,2.78755324487556,228.34669924969225
4,1881,1877,14126312,92346654,1.1551240861679974,135.81297461224142
7,809,1136,8681322,73612107,0.6248021063633497,141.17999966811664
17,229,531,4647322,12737526,0.44910854894926905,68.81205040430382
5,1464,452,1485734,6475571,0.15769546935087395,52.006842316989086
9,792,511,2503399,13823933,0.29514559089608,67.11676326235508
17,264,1163,21979547,81268464,1.7114559264478972,124.0744956995811
19,1571,169,784508,5084928,0.24979079003322435,67.31224457824229
4,912,493,1185675,11555158,0.09147728885769295,58.67239371107572
7,366,589,2307123,5470043,0.18515070109249168,83.54302032578737
24,1532,37,89439,580739,0.1860628011573376,49.304259085026004
18,109,678,7907524,17836946,0.9285916498976892,128.52310177739218
3,1364,699,1939735,7692400,0.12916516330330158,76.39686993791561
7,271,771,3788704,7725809,0.2248655536633007,98.00806748920088
15,1929,802,10571974,15682709,0.9603093218433039,104.39616611227665
19,704,983,18113751,134299848,1.564579398548192,156.384272859564
9,1707,1456,19472554,134266984,1.8119657123963593,169.7348987888412
10,742,230,651370,6035333,0.14684102006085195,81.82823797437811
17,1044,157,562541,2493275,0.2572207116216103,81.96225461059332
13,637,208,656458,5109817,0.11900977857659856,100.00856919515466
17,197,74,104202,577179,0.13857113930130582,82.86501186293793
23,1025,41,80370,546227,0.17293833116984592,83.08669901041739
12,1090,1614,30449734,100048138,2.4624221244773725,229.35442274323117
16,1913,65,189420,557123,0.15168251062042015,69.8318967405989
9,874,118,216776,1566283,0.10825263218225378,53.66120708211945
19,1277,865,14597750,102013671,1.3922655025335413,112.76796695438063
3,595,382,524114,1252893,0.0684562351463101,62.31076304003831
5,1844,1731,15203383,95396304,0.9745888294027136,122.29658464226587
23,474,1378,42474104,364767392,5.409427838805606,189.46753178322086
16,666,957,14399989,20102958,1.3672005135471539,147.17456946452853
18,523,59,91696,412348,0.14112256923953947,49.64066662473627
21,474,1257,32235775,313877731,3.045836309097778,231.2457005422823
16,814,334,1953910,5152364,0.21345410234826304,103.51790657842093
16,1476,263,1432571,13137435,0.279311917856419,85.5380737906014
23,1642,1786,73167072,614679973,6.680849422674249,314.3827205802425
6,1841,898,5699616,20430000,0.4503369251663123,87.27185778149781
6,98,495,1281565,8888123,0.14347979988521248,71.25586373707728
2,1666,939,2457373,22608050,0.14364248786171394,80.22614794390141
8,1122,331,1144277,10964358,0.16307808478911506,60.243727717145134
15,1169,1929,54397810,155444381,5.183993119218776,284.55500660160374
6,949,1131,7487230,17224867,0.6888609722085968,117.88406055383237
23,1348,689,11395381,75343944,1.3576693689874826,120.55621057422636
15,620,1212,21346966,56020030,2.050709669701677,179.07270751928436
1,1996,924,1854478,7201520,0.09656039069058585,118.40109503734635
24,738,1510,53608030,196371032,5.527111421316271,312.2483042900007
22,1079,1440,45145450,361214383,3.9344143470894095,255.89683802268718
20,527,721,10278586,71573912,1.094981719574711,128.22214887434004
22,1223,626,9015036,49122915,0.928834756452142,105.0456948842782
3,1727,697,2184408,12604809,0.14926623924821592,81.2367078144008
14,1574,1150,19030210,138945486,1.5068548320512312,131.49710131600926
17,1745,1431,35299918,97493427,3.172504364660902,182.14884449903622
6,1680,584,2695754,22815786,0.17152942044417593,82.98352880591403
1,1967,958,1894934,2541446,0.0785935636104984,64.29594549674336
3,1546,685,2006375,10325817,0.08453022567475527,107.90503208853002
24,1997,1373,46146540,321927519,4.40158810532614,302.9420226274093
1,1805,994,1805114,9279636,0.10882315776348522,66.65869366623767
22,1026,341,2802689,15094134,0.509579125885955,65.96549003905791
10,424,1783,29403463,205619370,2.716612329735901,191.89483732085753
3,390,1974,8588884,19501409,0.5751956697609553,116.2755676116496
20,2032,867,16069855,86329900,1.5838165331920175,145.05428579945672
5,1987,1495,11933100,53784615,1.704911392468813,117.48507307749846
22,1569,204,1200550,6816089,1.565975726805443,92.99177706409564
4,1166,272,542922,4259167,0.07616552392316964,64.44376658672456
8,1128,162,369370,1234632,0.10959172364722779,81.13110683523895
24,86,1411,45960513,104988960,3.87721801733962,229.21659408968938
24,607,1916,85662454,715308270,10.106728026770178,336.52795294027726
6,1190,469,1665429,5151296,0.23392459466805693,91.19582345099298
9,394,727,4528493,13002696,0.48769273218079556,72.02570341913102
18,452,192,718858,3962451,0.20928337756647358,85.19591517895061
9,1898,1451,19624785,117004429,1.7137182653763772,148.416878214715
1,785,1559,1240974,8242049,0.08653815725317011,98.3411218922908
19,1161,407,3466022,32899576,0.44538065942323224,73.00144711590106
10,1231,772,6329638,36157159,0.842553529322501,93.79336184765955
5,459,358,682358,3166811,0.139120662247463,78.49088628100951
12,713,1226,17434956,162854604,1.7543768163841222,131.87913075228425
17,1224,491,4471547,13577278,0.448885095478791,125.11874516042957
21,1084,1480,45458210,427718274,4.822062812270756,211.48857301649815
2,445,664,744354,4675044,0.06843565635383723,57.35638782392144
21,1526,1647,56816569,103241503,5.847620662557011,344.9800049105656
20,562,1285,32134005,302484461,4.489930873239755,195.62483472967708
13,1858,1213,19938091,108342820,1.7647185454143148,114.82203904560966
15,438,1291,23931277,160120667,2.3142845520618263,156.01259938492592
6,1671,1672,16798594,68325423,1.4582799547710465,128.2486230342691
2,991,378,522028,2067402,0.07326115789500565,100.59730065018151
5,523,839,3267076,18634257,0.325450965218529,68.64082171716389
21,497,799,13189902,43316355,1.1478171779690878,153.8759817981542
10,970,1715,28168885,212190294,5.57401064508834,172.64774101292647
1,1258,553,701767,5644200,0.2116387885700281,83.81453218749311
20,984,873,15365683,69601353,1.5280837743545046,138.68818217288592
12,1878,49,119521,769695,0.16170013320945387,65.72378918927912
5,462,395,812525,3812680,0.10297046773376334,71.74039292510764
11,210,1237,15587447,23396227,1.3365965710718948,135.08931972607226
23,617,658,9952918,50051128,1.0560437919439134,120.46579153316965
20,767,374,2955732,6787564,0.3978648397539153,87.03762932667358
15,1061,1800,47314810,311501215,5.025218529937587,267.7892507968114
1,1625,417,682222,2907707,0.0779511083235383,65.6632335807136
18,167,1331,30376092,220814599,2.5199653316417696,169.28799782373574
12,1359,963,11530972,49164176,1.633563096434546,93.79165625370119
15,1915,701,8239564,51708893,1.1253293703913663,125.70148080712177
12,46,243,666073,6010754,0.17389930887351912,96.58903344144552
18,1285,1772,55706374,425474764,5.4201709214699605,317.4439083354265
24,432,1190,33124850,201205490,3.2621065143205246,181.59877392253048
15,754,1939,54146585,141646085,5.382603593015913,290.2051686262141
16,893,1457,33181728,311091524,2.5540026436718613,184.75136640590517
9,1805,426,2228842,12901761,0.2691219560969763,65.79736430169392
3,1369,914,2933950,25916883,0.17524912150795185,74.06445935832102
7,1620,706,4146348,21367716,0.254827082082369,73.75032693308754
5,916,289,603153,1243894,0.08208145721866172,78.6826751994938
17,561,280,1419050,6868691,0.17851182049542122,90.03088547998317
4,437,449,807312,2897292,0.06509108967512663,87.53122859364352
22,673,596,7879726,48329993,0.8567444162649088,102.47228721973224
10,1243,1974,37563256,276272139,4.313656799087172,243.12826476373755
5,514,246,372208,3636614,0.1202697308479531,58.915348594159695
6,1105,1754,17348824,147315013,1.758332674053118,153.39655588199642
21,1519,1844,70864930,555588364,5.687076040707124,299.5097231661376
20,1491,1284,33277438,79702313,3.0101532951616323,181.19770725662033
16,725,1193,22244688,92047309,2.244914173751309,197.32307469918663
17,929,1039,18265630,145071867,2.695845341718704,105.68368782131812
4,504,513,1055251,5118287,0.14191534746511555,59.24741310950783
1,1602,216,348418,2453429,0.029900317068015856,71.29633850672506
6,1244,654,2962630,13433209,0.20080547356561887,95.64094253218025
23,1335,464,5371274,10694371,0.5880068169032897,79.0985372058156
6,1646,554,2455338,13169317,0.21020728651294862,104.55921166327778
2,310,1997,4631053,9396040,0.3458601029599568,95.70566338355461
23,1618,1432,47477970,427347088,4.448000990427886,282.5638371886997
2,391,204,123838,296950,0.03882242145864937,90.80334089650994
15,1756,1012,16140398,108220084,1.57700763179788,163.54287414488067
5,1160,1491,10644259,103143996,0.7316755114259782,132.0695770692442
5,1425,1344,9160714,45004971,0.6905489113367297,109.15681543844978
17,1626,2021,68691779,176051703,9.849180208727423,312.99746638361876
23,639,1912,81711242,726373930,8.080919426373637,392.9611751711067
11,2043,1185,16488100,36098025,1.7932367261367594,135.52832106217824
6,552,820,3827770,13638342,0.30323586370303957,77.3003810741705
14,370,1780,41890530,117677272,5.806886557869566,273.70788805622385
22,754,995,21572605,90809907,2.702278283192738,135.31714762212144
22,292,1867,73804387,119757637,6.083263271319899,362.90151786975827
11,614,1174,14528260,67071532,1.3683594021109253,134.59517995065488
7,1362,1678,19208076,164147300,1.6217424507637195,150.31634569364883
19,1131,1490,41690210,117218368,3.680245749376164,229.7413997156725
8,1584,886,6914354,11264507,0.5971172947151696,135.89248690847106
16,727,950,14252860,31438684,1.1315310100447329,138.8131566065856
12,1480,1921,43478003,400408113,4.2944082948817845,218.48667335133587
24,1841,827,17281002,58790192,1.6410221395740627,161.1709785329452
4,1600,554,1814914,2722928,0.16945262646238318,79.19698176764742
17,1751,1123,22174768,100727959,1.8169267454434743,143.6033035858937
10,880,898,8065846,68294527,0.6060531810212485,111.68610374276561
19,1559,651,8662216,18192756,0.7371940369013157,87.05327864012625
5,717,383,867122,1348142,0.1598955670123907,60.36066220989271
24,1982,1078,28901190,95936167,3.0159160317723512,186.7166271922011
15,438,1613,37171595,90241044,3.4596950353952307,179.82345406932689
8,1387,819,5846032,53950545,0.4858570745328284,88.83157768913097
5,665,1237,6961846,56084410,1.1562039851670542,128.66165974986205
5,1354,1620,12715390,18974778,1.148756797604553,115.2744171939954
17,572,1894,58530292,509669646,4.568191499728384,254.48844506714465
16,1197,1737,47381896,324648971,4.94662287508988,224.66468954994284
13,1686,906,11398396,29133731,1.0774762806010791,102.59278716442066
13,82,1009,12322927,12873293,1.6748880109949877,126.30823455626381
5,78,293,370655,2691843,0.10485481402844964,56.268515034927034
6,1504,1029,6858295,24238045,0.6094453032637973,83.21099040695432
23,527,1109,27678432,57201959,2.712860037282541,179.97701041953164
21,842,1198,29749944,266255127,4.778255486129904,235.89384471958095
5,1682,1127,6993045,54085165,0.5366580437604963,104.10794040669691
19,1548,924,16825126,129104594,2.3455685558594994,127.95842709817015
2,2031,820,2347670,11613547,0.14800784364694217,85.49554678275972
17,1985,54,155314,1151720,0.11888363626132185,68.20485274540523
24,652,638,9799690,19242617,1.0541903771268881,111.20612793188688
24,1789,1967,92574898,791929378,7.914021536167129,443.4420957213114
17,2036,1775,54071835,353969791,14.757233998555838,243.68149833559275
14,194,1185,18513265,38923722,1.8390090428990944,141.35696981061352
9,1991,1519,21512088,48353937,2.4299124428714505,134.07746414708498
6,316,322,625334,5969552,0.10595592613593498,77.61819829395422
17,900,118,332180,3212045,0.1689955824320007,65.15451791664904
13,866,38,51120,367245,0.11709342173661023,53.46055316479512
1,303,526,165174,956986,0.04376113080844244,61.9781540406561
19,1638,1647,51572521,221357109,5.085696731343433,271.14665495690014
3,960,644,1456094,12192888,0.46413600998265825,108.34625446392403
15,1533,1512,34361722,70072533,3.3742967670301836,184.7718553356989
24,2001,252,1973422,8083766,0.3051870534831836,76.62219514534675
3,1808,122,251940,1179853,0.050876624315153135,81.6254384724534
19,355,913,15354844,142605975,1.1368307686658887,154.42268683353532
18,1842,1101,22666297,112841884,2.341553734097741,157.9983484592082
1,1231,838,1040806,2599177,0.1523958722696005,99.94958924104687
6,1483,1115,7887520,10799542,0.7391232622559515,87.19098950632119
19,1529,1641,51028546,83194832,6.0945745187928875,259.535579974999
12,585,553,3699580,36637405,0.48919656437346487,96.27116759435971
10,120,1655,24882935,238426248,1.7666928039392313,181.2348454419803
10,197,1858,31472672,117707402,2.202596393637822,178.5974026498111
1,1170,1871,2209661,20952559,0.09197601753951301,96.02147639541754
7,1401,247,716310,730591,0.07917891353571195,65.15400839619299
6,1725,334,1139284,5391412,0.09023828116955633,80.82864536070154
7,934,928,6049642,48075196,0.5548371698497035,78.229127508491
22,1912,847,16712167,127703397,1.8231001041995119,107.43713605701971
18,1097,299,1856202,10503245,0.3513646768760321,93.1952969421114
22,1466,149,689433,3780269,0.24891132985472172,80.91999744422215
8,1926,316,1313306,5088852,0.1471955829554351,63.96074017251525
18,488,1164,23633866,51961294,2.360141919491299,191.29699720107692
23,1344,1237,35367077,220642998,6.160865618122008,215.50360000954322
11,745,256,851466,2753494,0.2503289806589489,70.19997701565362
19,1474,149,623575,2430653,0.1828362450661734,59.45652552230374
5,1789,789,3913450,22096554,0.36137167800583514,118.68644211821639
19,468,284,1592966,3246114,0.35062602893339007,87.78381433601923
24,1785,1919,88189574,135234856,8.10162084363007,441.438196285666
24,1500,1347,43797715,404979783,10.45134349807842,245.87040330255653
11,438,550,3277460,31482069,0.4647435667967316,71.49150863263036
3,1446,657,1821871,16866494,0.19401107317464195,104.88946953502919
9,1103,1821,28571500,73925083,2.9561309096711694,173.65040367948865
20,1404,78,227458,1240677,0.19688030279591456,57.36686354179709
4,1685,416,1225962,1612654,0.18481138801750208,87.96923548531728
18,1067,764,10759422,16370216,1.202872568887182,138.2211217058135
24,441,1078,27239992,106858177,2.926481269567406,155.91657910280995
13,1884,1266,21647344,55626882,2.0108134659742096,177.1718842867271
11,33,1165,13635170,35060107,1.1100893059786603,104.72930635426651
18,1821,33,79540,706892,0.15681074665680045,66.98198671938596
4,1925,1690,11845220,96024088,0.8892198110427757,142.14821039156186
16,1932,1042,18326706,94311547,1.9510580020224764,157.95947079090962
18,718,365,2537125,18237462,0.381733693628352,70.9829692676938
4,1237,1392,7554394,55419505,0.48142284680398845,103.02408953292915
8,124,481,1687839,11943141,0.20756060334742862,99.71161745766484
12,1980,1353,22845415,183651247,2.6000604772073133,157.3654670277739
21,1413,461,4916114,48789974,0.7961060164901049,103.53972057252675
3,685,1284,4193554,37117246,0.3124996265631935,117.07213420028253
7,407,260,515850,2260136,0.09216707056496877,57.12900530273223
14,1557,935,12843170,58664540,1.0531618302901327,105.02031055314922
23,517,254,1559062,2284964,0.5244439905968841,101.51672546240994
5,1995,335,1122260,10783375,0.18448443873491,77.42018429134973
2,1061,209,267948,1570928,0.05672945001935182,78.86445798713123
1,269,297,83170,553287,0.025197748328334317,86.06723134722725
24,693,1899,84323206,147001051,8.344621842146458,354.1873642796002
13,590,1687,35185769,207424687,4.971636614410757,245.15736304467885
5,271,103,71904,396287,0.10600590144497017,104.88369149586188
8,589,1245,11605900,92906410,0.826713108811329,122.13608375947184
16,1329,102,294280,1905469,0.15216037607906518,93.75883814728826
18,1972,1441,38182187,359910107,2.9883110457304887,191.36255098265
16,2037,1411,32774718,194289803,2.329063103663512,204.76075483602617
7,1657,1750,21304510,119601028,1.7771620834661261,160.85942850602035
23,392,1974,86565832,507956031,8.832869393436996,376.9753707766263
14,1217,1553,33280800,270867236,3.330457569945956,182.77338885046663
4,383,1730,9665520,48299847,0.6464052803949133,125.35720782922007
23,1130,1779,71695489,137786477,6.283930232261957,301.39470352614984
2,510,702,859258,6071387,0.0587413153696702,100.83629432828641
10,1423,265,1014430,8724293,0.14164079524662332,61.02508046968929
10,122,529,2593697,8275391,0.1865792470820445,81.74438987063718
13,407,1265,19746660,195166575,1.685077337820068,186.79162185425733
19,1319,435,3992440,19182881,0.43557051094356297,109.30161538507068
17,1210,1622,44100568,421056185,3.8377571710883416,223.12670793227522
11,1531,108,284266,2593727,0.108859038199396,70.44955835278553
21,1531,1662,57840934,311491954,5.14022954749119,284.53318078588893
20,1173,1777,62134592,253473351,7.516620591797626,306.46258816021856
11,1336,1482,23974324,100892868,2.806980778464795,167.98878616627877
13,717,857,9447578,24195860,0.8375575815533683,101.61747392103199
13,1958,1095,16557505,132503925,2.498862652185652,128.1121159623756
13,1689,220,957450,2983808,0.32969472214370227,89.9321606795791
23,931,103,332700,1952141,0.25703739658587493,91.82927385282996
20,1479,1141,26457518,228633910,2.9110106426013,152.06440774869486
6,1815,340,1200550,8299823,0.17345813726741846,55.23153637830259
15,1047,702,7651810,25249946,0.704150623359197,117.4377168175153
3,1682,573,1627903,13494544,0.11542903125251433,63.534315751698784
23,61,81,151966,992135,0.15592287818780254,72.82440870435384
8,707,1785,23597710,209575477,2.0764120514378686,165.7295667625546
14,978,1424,27787946,188639439,2.1984718048858216,198.153098531817
22,2008,485,5929135,6115326,0.5431285642745811,94.03226967188998
6,380,328,667818,5464986,0.10129165459869666,59.21357217182375
20,161,495,4750030,40204011,0.4094293016004709,89.87176025950272
20,273,797,12310472,30275487,1.1738504818956286,130.4011485940114
22,1194,617,8750921,9496825,0.7848546068179098,101.97413794703787
16,1648,716,8888434,61316836,0.8317418534331522,84.28390824636736
12,564,1001,11608607,28105352,1.2604419220756031,105.08676758245812
1,519,711,376840,3756887,0.03846229814965051,62.576118523194275
8,931,1839,25418668,251243727,2.5771159338789835,159.14817238887548
18,1721,614,7482828,46497146,0.7685221897153913,95.78389433307787
9,455,388,1388274,11806902,0.14912310595912762,102.40591560842795
20,1885,1417,40863456,287243023,3.4323327119687916,224.5433163855864
6,243,866,3974084,9040200,0.2539712592121732,96.86790138607104
12,1646,1231,18722289,72555601,1.699883665836389,158.17812102514483
22,784,1280,35450890,343650482,2.6448339360679527,191.58140199325783
24,1923,221,1555850,14902835,0.4234439473370996,80.47592845390632
7,1384,172,418486,2273714,0.09209413783438439,63.36820147278922
24,362,1014,24050062,168103732,3.5126561225618116,153.20356367252134
11,2034,873,9415315,54426789,0.7513379215158797,105.0071257924573
11,524,1775,32473635,299526740,2.884043329725741,190.18497076500609
17,750,674,7792124,38193085,0.7438563552040488,85.421269490214
16,964,568,5401690,22000660,0.4780167906152906,79.68718978132767
21,85,62,84082,708664,0.14892123188952075,94.6838936208036
12,892,1307,19985347,85629783,1.7663689266129246,135.7971761470494
24,1035,1921,86929102,553029210,10.223482546109956,432.9182535329841
16,384,944,13754090,49193490,1.3877951229210257,103.93322839607565
11,165,1553,24406958,228354672,2.415411146123029,182.2010427763655
1,504,805,414585,1663772,0.08983724811966214,75.74141808547509
5,1182,443,1315277,3527587,0.2115747340702423,104.93883737955566
5,1858,487,1860837,7219876,0.2206064132286808,94.58395397024611
12,1566,910,10554190,17886502,1.0550520317011352,107.63632667438556
13,432,211,630267,5061397,0.21293295243101415,60.26758356887874
19,1993,989,19605946,185155161,1.987559060495799,162.2873001019058
24,89,2012,93354798,386050230,11.375288445390337,458.5237857354763
24,59,191,856836,2146770,0.37614699436467813,64.64205076861619
16,577,117,275896,1170902,0.16069596285453072,67.6508848120741
20,817,2007,78232870,730793717,6.710031627650134,382.42578480705674
17,961,916,14329914,23949421,1.5619143873563703,112.58342540265159
19,1038,1433,38491823,45014777,4.174821319685543,264.53042909073565
12,1067,1912,42295362,90381967,3.3455776260364014,225.29699986632497
23,1725,1401,45644590,434949967,3.846906800195134,246.3114999196069
18,467,2047,72246828,150595525,10.546001383350768,393.17262095096544
21,979,529,6131120,28843438,0.5976373075941092,90.42020560148379
21,1218,334,2648296,10045528,0.36665974352767006,57.17393650329903
18,1162,1204,26076242,154226065,2.655662436272902,206.75028536010154
20,188,1566,46936162,463514850,3.701776983728114,251.46678239894425
17,1323,1540,40024610,336288630,4.392336819620323,232.34964766676237
5,1021,237,470218,2564438,0.1238883369590928,52.644892755226294
4,866,909,3278773,32339509,0.25391532764812236,83.14949626839291
24,560,1831,78196527,437960333,7.260133384025523,351.131994758343
7,1702,2034,28319392,137611750,3.334292158815685,150.3562283393823
16,1158,2021,63659489,417276662,7.252734523902138,331.54337163987555
16,1233,557,5355008,14972409,0.5060509366303123,93.44629274471234
18,747,2035,71977960,468371191,9.942253381463425,308.69515728612663
2,1157,347,526062,3398876,0.06374846124988694,104.04877599572823
4,1518,411,1136425,2841944,0.11498711370978286,88.15308822640327
15,236,1347,25753303,167907358,2.5644175472284716,174.18242436533322
2,1125,669,1208224,11116842,0.080798983464852,78.82713251571971
11,140,1963,38849743,128532529,5.438510174524609,204.73098238532188
18,1138,939,16084141,35557639,1.2803018539994848,112.56206743466603
21,1241,569,7198998,61553427,0.7894673990335513,111.59190326354447
13,677,408,2283178,5361464,0.2728944210716649,98.45968033992834
11,1741,1651,30167082,185921622,2.808810431626413,193.375022022687
24,1379,1807,77654028,661318482,6.426572889348703,364.4872183794951
16,1782,594,6366502,14563319,0.610510474884264,104.05777707159483
24,1837,1113,30574120,39446450,3.006898114654975,148.38024791655056
5,1051,1543,11168244,43838833,0.8734518406635969,136.67572019711776
5,105,610,1561610,1866335,0.18196747317720288,76.66354801614432
14,1043,1684,38662966,321252840,3.4280777159256184,256.8039186276311
24,430,1349,42481369,100911390,4.595061470290404,257.4478025685815
16,349,253,1055020,3068575,0.30071385475435003,91.835955079
23,1675,677,11239564,76243230,1.2815068046419367,120.4566067861678
2,386,1010,1422090,6679232,0.09489165984071478,99.07959709927802
4,1591,1821,12870838,100674342,1.1727281959855103,103.75597758958058
19,748,655,8231395,68610128,1.3131050501292232,105.91759717826292
5,1741,1401,10311370,58219975,0.8046576653226878,97.22935156739143
17,1039,51,95992,324809,0.16273856655391727,102.94920875269081
15,1987,177,794740,4085001,0.21296100751068603,80.02911036886378
9,716,1763,26161167,241537383,2.0788030996206572,144.54927366563268
9,1058,407,1763541,2819447,0.18615938583100136,78.69074164494224
9,445,398,1451914,12202043,0.14914525891820615,86.36361008030782
6,1787,523,2310624,9323952,0.18147147020339377,95.69116846611266
8,1228,1419,15863011,101983270,1.096245631775456,116.79105072383629
4,1892,1059,5382907,38624821,0.3900437265760978,97.72228428868814
23,1563,1443,48112516,245181007,4.402570261081561,249.69405408719552
8,1275,1680,21929050,122024108,1.883241752808525,170.75637604555726
24,624,1466,50395226,447317080,5.439014803793798,251.6677581256088
1,1735,1228,2144098,7993101,0.14547052621021886,58.789810397236444
20,1030,1728,58565386,344662471,4.758469848799724,285.851874836233
2,1992,934,2744102,12428648,0.2162521626608298,81.31708234105237
18,985,1004,18153334,151143371,2.290565306995551,180.34143174300314
16,673,277,1344568,7801334,0.37905524960555986,47.64929431838635
18,1469,1376,34247274,157505591,2.763344621982665,242.84856509917057
22,1486,1387,42504625,67043609,3.4729020199161535,250.28382113240752
15,578,1310,24815340,75603136,2.017417235626859,168.03202552343262
1,544,671,372415,1287232,0.026863670412041265,80.37893347843732
2,889,416,547882,4795869,0.0638030279997923,97.30002455364725
20,381,1215,28547650,216955458,2.124789519429432,199.42518725891574
5,1324,648,2547298,11960366,0.2678398814220514,64.5195475700649
17,547,142,404142,2013148,0.33334543182794957,83.71317316992317
6,975,868,4627318,21292666,0.34623603769819156,111.14674434087571
14,82,111,171949,827122,0.12026387005663694,81.17447908093801
5,1453,936,4878442,48164479,0.37926961211547305,87.54187396937212
11,365,898,8410678,39993053,0.9543000019594554,121.37387395395872
11,461,1822,34075054,133954711,2.883000762208121,230.0719689364113
18,304,1319,30013855,267487451,2.8981420665525404,162.6658350553005
6,118,1058,5738602,20116983,0.498260811873873,71.15396132913638
23,824,1106,27859044,187576392,2.347673422729715,148.66226821857117
9,1323,877,7329976,68365000,0.5834104700752696,130.0699695633786
7,1101,1617,17495950,172924688,1.9761225045857378,142.50068937490784
12,1031,520,3521970,17619817,0.4046993854907912,81.34774797966342
12,2013,921,11204896,62975793,0.7935124282424076,99.39860693920637
24,1586,496,6461898,62629889,0.7203811650240565,108.04334758354938
19,389,398,3017646,7255882,0.3712275586615779,80.11567341808433
3,1754,1255,5367645,34263701,0.3863967002866124,76.46602079180987
2,582,1201,2155805,9188968,0.20315918456305088,86.84963877018347
15,995,307,1632636,10314559,0.2408179976631793,80.3925397770689
3,933,236,334658,2450156,0.06501487357503416,62.871177463257
21,1057,1728,61599754,247222709,5.685043428602677,276.6251994406607
16,1215,687,7932112,58178965,0.7623738186948695,94.54620353745663
17,1428,598,6591764,20112425,0.5779624066626219,106.56225241163482
2,355,1979,4642744,23811758,0.3449886271332848,102.98476815167224
19,865,1245,29013490,228581465,2.3770418992028985,149.9133507614921
9,1734,1655,24813425,162296131,1.7895200056902725,150.68551591455233
2,1517,248,440706,1120959,0.04487663977984133,52.562150507639934
9,516,1762,25779832,95502716,1.9850876493964291,175.79005654679526
20,485,1042,21166156,21303681,2.5494338984326608,127.45037762445543
8,1648,1013,8870851,28154878,0.9724630737049688,151.1938115757025
9,1082,969,8578567,32708203,0.6299531909097642,145.19377858163082
12,901,115,251630,1762215,0.14893361383684395,97.37387652167598
24,698,1289,39158541,56120757,4.230488411758962,274.4382721641948
3,675,1432,5086474,33171605,0.2973825975500888,91.02483223105187
24,964,1955,89857675,396390293,7.283631557963569,386.69315283457166
18,738,560,5760170,42545672,0.5495768374680402,132.14338094952416
12,1505,1703,34502790,160006251,3.3926264365442056,176.53708045642517
20,770,1209,28739149,33662734,2.7171649671717404,171.75829335877813
23,1763,1831,77044828,293459045,7.778800401778638,391.0971188153556
14,683,1416,27066850,224439150,2.3388006299111566,174.4097945229794
12,457,797,7369072,66005388,0.6268864160612293,87.95936084724198
24,1897,88,348050,2766205,0.2244525626146557,113.00464965657655
20,1833,2026,81763292,166933398,11.663868306298523,346.722895163009
2,562,413,407641,1348964,0.10965147843697223,53.3904677634302
4,804,190,263730,270547,0.08971337088571364,60.10723286051422
10,660,1837,31620291,128936228,3.447204838226237,194.71127870362383
11,509,641,4448550,22660571,0.4904678020664252,65.4299276708867
19,215,165,530320,814580,0.20924357693737328,63.49088540023321
17,1755,1909,61710344,215158685,5.199223509703084,312.6442024156286
17,229,910,13482570,15253167,1.1234644483506337,136.30563324542638
16,674,661,7016525,56191080,0.6499983386278095,112.02263446789168
21,235,587,7047532,68251171,0.9267629260659945,92.14370920939255
24,634,1308,40223626,74360276,5.174930915013038,235.0216206832965
10,1774,1498,22883458,194778083,2.57891715654401,160.8861182105426
20,1944,880,16450730,129924928,1.8347769969595489,140.503824326078
19,1018,1440,38832490,383035217,3.7441070651198265,224.8574291563213
12,1755,1648,32803450,292807079,3.8212077564341,197.56691665147284
13,415,1990,48392830,183797064,4.963025602586842,271.39444069201795
23,1593,1611,59716558,576531910,4.845008574745494,292.0136170324047
13,1767,611,5573552,48146396,0.5210781523758604,80.30443322416127
18,1185,854,13434284,42405611,1.0590898749972701,106.50592636186792
9,551,1197,12144772,104977438,1.070708701552807,112.24320407862588
11,623,177,427288,3755413,0.12953000487303365,79.21609053867873
2,182,1150,1545610,4949593,0.08588891312707544,72.47766189769379
22,188,505,5466635,13717035,0.5685349369734863,69.80303551670283
10,1186,988,9976834,45753744,1.2902703893378367,114.66064337194692
17,1493,1677,47546314,471418642,5.069932825121023,281.35897152475786
20,1428,1375,37926635,327172123,4.7234943286921665,202.74895012155835
15,346,2024,58102978,517749423,9.279188226443999,246.50423908088203
2,237,1650,3133360,30558321,0.6097443446065016,119.03650510803811
13,1681,1771,40655086,80483300,4.346528474056286,193.30055167573528
16,1652,1805,51899175,397239336,4.8250689826978,305.14808043128346
4,1711,1466,8976328,65762749,0.6676422782975494,104.6079358050348
7,160,344,770914,4513116,0.1584166454538487,80.81994906112469
19,1480,697,9796345,22146657,0.8595480128735067,104.68062558254076
16,2038,408,3339082,31565497,0.3545364639863073,98.11898923048493
15,295,1683,40193416,81127337,3.243455915300982,220.9672587924171
24,1141,1707,69024262,107324455,5.968075975711282,388.8730148911047
10,1996,1721,30126115,146207606,2.808460105050626,196.57078136042216
24,1454,1626,63228646,116286608,5.190217515799213,272.8814748914588
9,1223,130,296670,1184255,0.14955446667856975,81.26822185226435
12,344,450,2392210,18259950,0.23702644171035872,52.298495527093756
19,1468,846,14149360,50786431,1.2057710152353047,99.78962362005957
16,1229,785,10228560,70853548,1.0394956978511245,131.59424763615849
16,1410,71,177581,1559357,0.2109672418667393,48.535085665294346
1,1319,70,93110,108806,0.02891216328080075,64.93823650543258
9,930,719,4818029,6673240,0.43600493084927405,67.25215258653832
24,952,726,12838594,24678429,1.6807123270982969,148.22275270311374
11,1105,1324,19020594,80797139,1.867058401969167,126.56330732867448
1,66,1404,108118,809371,0.03659150826145164,90.75086538035806
5,1576,801,3840805,33730291,0.2814639937510816,71.178674299675
19,1762,1325,33974335,65626497,3.9899807419082665,195.57769269063027
8,880,1890,26701930,149279770,1.8924361322140781,206.63372594561076
23,1186,1018,24040080,37518903,3.649506933009337,131.90197619951346
4,474,1449,7005925,38635935,0.5431835676745272,114.22548613621406
5,1275,1743,14400676,15008936,1.0960483866252346,143.5770494421698
13,168,1439,25123511,201249286,2.032474871304695,173.53577326467183
3,212,129,62317,514650,0.047869742716928065,59.439064596083234
8,722,1237,11626573,25755575,0.87790808853046,108.47849214513131
9,1112,1346,16016064,60644699,1.4042753742400629,162.6325043876415
14,1589,389,2594640,9052767,0.39090497608730096,62.784975672314005
23,1249,1917,83305162,372054863,8.150352222941788,372.2698777461531
2,384,842,1042406,3295410,0.27321702188506014,75.8249669168238
2,478,1039,1588641,7094545,0.08903261849017427,114.38836608022523
5,1775,1273,8760796,84315329,0.7727533415695358,136.31565961363532
22,916,1966,83032054,672227801,9.513886325183753,332.74234271400945
18,1257,67,162418,839120,0.1810107158441174,95.4371094568315
4,1822,1339,7837177,40364127,0.7164687477066494,95.75856113783533
14,1207,1823,45447400,204922219,4.052332711562706,246.45117934401404
4,125,2011,12411902,59219449,1.121137596816468,86.93268188930885
14,1545,674,6963104,39724214,0.7846311504539838,113.86523743990928
6,1150,103,173153,746635,0.067949817417431,63.42239388770982
19,1440,161,703097,6813906,0.27532624621876467,48.06124546129869
2,675,308,306470,1026835,0.03459742802065164,56.64388970730998
13,1418,740,7637550,27319855,0.7469033968234442,137.6348399410006
15,1725,1268,24728546,122000369,2.1031919093596008,139.81072540798058
12,1677,39,83002,432170,0.1214069594566946,92.12349541120582
18,1572,407,3467243,19521370,0.500095185354016,98.53253640147506
1,1836,1970,3638600,16092170,0.2469305201623426,107.38026305271555
8,2044,32,73162,596328,0.11102482044748686,92.44801190151863
20,1889,1001,20958948,80055753,2.6009351657686333,135.31907285381666
4,975,1767,11114440,38127729,1.0415447940654965,89.15085701539466
17,1932,1684,48672662,404656708,4.524450221646591,260.4575440693008
22,1776,1178,31271198,279583712,3.7899092981748344,221.11948856291633
22,1484,1289,36846075,332581407,6.7576143889829305,222.19983517653287
19,445,1645,49488190,139075905,5.509896700198737,252.29809142299456
15,1306,645,6682855,52847756,1.1149365960138353,112.45387918344827
19,638,1031,19820985,153366205,3.8551118118813745,123.35406317901294
8,1148,436,1839058,17828020,0.2174596676106077,82.04445510489353
1,1115,409,460544,2360420,0.046453975028208194,95.5422534920873
10,447,886,7478736,34062050,0.6013754214230482,87.45604717270237
18,1653,1098,22341016,118408647,1.9750627690686975,130.78645147851117
10,1037,1021,10461176,90903842,1.0812581738094837,113.78298670697832
2,1208,1293,3249319,21226750,0.21096185463881834,93.5685119521468
4,1847,928,4310570,37597018,0.2640434348410494,107.99165022427277
3,708,307,409855,2582418,0.060672596183936015,71.53871256140842
24,1155,983,23393444,51583093,2.905814194707949,167.2000359616309
23,497,365,3124410,7664338,0.6077102876078232,120.36809523863543
4,371,889,2713238,21439637,0.2311177839603621,120.7535695323999
23,1237,563,7688338,46968653,0.7817097477335573,88.82423176001572
11,111,1772,31633754,137641300,3.509912027574895,179.23071725843076
7,1279,38,57922,425564,0.11104038098883987,85.03901091342611
10,734,126,237898,2360798,0.1227645743317749,51.77004653781812
13,532,720,6620410,15812723,0.6301772717044776,113.73386817165799
20,401,360,2617570,10440178,0.341674112116493,87.84445867258854
17,2007,405,3448180,18224473,0.4602582976966225,96.25217281898334
13,1035,988,12759042,34402840,2.04309961441656,140.95733953079207
6,802,1972,21057026,60752983,2.29569966759702,156.2345361512528
15,1642,817,10706795,60459016,1.3545739219467234,124.86927288612534
6,2009,1901,21918540,154824391,1.9809200693493272,194.67447967151423
12,1307,536,3872610,4358733,0.4679782042207047,98.60633240006456
23,58,328,2396706,21976821,0.34446816444809375,72.4408005641553
18,1762,532,5763698,36812769,0.5744427339042998,90.69012419043173
5,402,554,1458692,8570385,0.1843316158734847,90.54126358622162
11,1939,1263,18427180,164991540,1.4829819907734036,141.737630120824
11,404,1497,23046325,107237744,1.6698062216463874,132.08699792575777
1,1120,1627,1840147,4982767,0.06666278770180306,97.44152732467911
15,1869,2011,60426538,583858467,6.381002543827856,275.6989544318861
15,947,2041,60303396,571485867,6.701036542822507,273.1416274998891
6,612,1741,16248763,85137323,1.2534813461440688,103.32080135380646
10,1302,587,3877145,36329516,0.3370882667544971,105.77207468413405
19,1908,1750,58514760,387336568,4.219097624178441,258.8525534266072
6,1374,1829,19268525,171437188,1.5326387893185789,167.4530412922453
18,743,1216,26074698,63310294,2.5162575526878563,168.70533270343225
3,1285,1771,8571650,82300540,0.5857913257949714,90.5744976209257
8,1123,363,1336576,5717940,0.13561339184510052,71.22506973274777
10,334,243,617473,3194182,0.11246718466528739,56.877821178845004
19,1817,1531,45017534,318590355,5.813350678751711,234.6501991622771
13,918,237,897055,7703095,0.20739636367688288,77.83217876118984
15,1747,507,4497100,16699002,0.3760665130620886,102.34170411836332
3,606,1088,3040970,3760405,0.16099178020134192,111.46017357824306
4,1527,634,2182872,18582643,0.1484604661267353,98.21241180350717
21,1184,401,3703245,32324121,0.45974243599984216,83.22708289766095
14,1996,1229,22118323,106626686,1.8661804795030497,154.03944255720728
2,878,397,510949,3224566,0.04591273399455937,84.69400336200906
11,688,1492,23318478,211942406,1.8420620321248058,145.56337885358928
19,688,234,1153396,1567066,0.24857672568616507,80.02715392994153
11,1118,182,538548,1222432,0.1220572264192545,47.81941053282529
9,1159,428,1969666,2801392,0.17640394077200858,56.86582042520734
16,750,105,246865,2204740,0.13035907416686737,74.98413343620281
10,1163,511,2954612,26108085,0.24288632712577754,90.6741868905826
12,1779,1108,15499822,63008066,1.5042722602706826,160.63375676799927
17,1092,2011,66956255,151830479,7.1305942026705464,300.2074827773235
1,1675,430,724990,4159374,0.08096447022267374,61.89681431286448
7,1405,33,53470,254622,0.09590041432855295,82.21259760230764
17,1788,1634,45685016,216395270,4.95040647416824,252.18087738170655
10,827,985,9566330,33859371,0.7573310888843128,110.64447199335847
5,2000,276,860854,1151457,0.14065079319517318,89.28463111355538
17,760,1160,22442530,48897523,3.166048775258459,163.47236357371187
3,1279,1373,5544184,25663740,0.4047241148706161,118.51643049514668
20,1179,1922,72511304,233463049,7.332460319179656,365.6206950875205
19,1864,1172,26943118,194101227,2.574636875345611,212.48601390183364
21,885,1612,53447482,208639742,5.91667174345796,258.7204230853154
7,1196,1587,17036455,140379567,1.4115662964388425,180.5806660660259
13,276,542,3687236,33242070,0.4378334057152797,98.89229792165513
24,1854,450,5507110,12973532,0.5748731145874219,125.92932898843922
11,1091,1188,15434506,142031073,1.413332020772727,160.50485688782007
15,309,1885,50374750,131091361,4.918582934618135,286.95988016059624
18,998,1360,32838570,256049901,3.082739257347496,200.95594946670317
2,1656,1636,5405354,34860503,0.32219866151906673,98.27537735551086
6,1479,117,243370,2360326,0.10074090912740362,89.4421750343733
10,712,935,8552455,64579944,0.6582912135304357,80.93551838703243
19,1889,1764,59393890,566704265,6.038400305263405,324.45305317902137
12,1605,1914,43411444,234396492,5.090256777598769,252.29246568654506
8,1259,1437,16289842,94080744,1.718480310454852,126.80383638588387
14,730,1760,41595850,376914604,4.590125617890695,227.74156581822146
14,1784,1912,50981578,112111446,4.015294065065994,321.19875775113474
10,1777,1976,38692066,245879372,3.8935863055056714,210.27834928254748
23,992,289,2133697,18192545,0.4483316580852946,77.12840678944438
16,1849,412,3318670,16363203,0.37419983134272305,74.07706646494991
2,1766,1371,4317289,31463472,0.27034329216383957,105.42750609439015
24,589,88,232946,1890438,0.19389121546360402,92.650875632274
13,1750,636,5981590,58998799,0.47065617046222963,106.81343898285576
22,673,815,14523310,59384434,1.6910799684304063,134.17984149513651
17,775,1901,59345428,158205949,4.824270768393873,280.7926656912916
14,810,432,2786410,9358199,0.4135763157774657,59.78546492125704
20,443,905,15989550,73679341,3.2931822786776035,121.6298793473996
3,952,1922,9242908,59761387,0.8919274583146304,90.77589832344117
2,1026,2024,6197498,15276505,0.6950008054494518,106.89026589194621
13,1793,207,890110,921304,0.23859715310082213,56.67837953419088
9,1219,1948,32769266,126437275,3.4465914760350604,190.43686451850624
16,153,1910,55063400,361890591,10.73310702533696,278.5927421995777
12,579,1493,25416842,132822421,2.1171577736167793,166.76010091418047
5,1830,1228,8297606,15590990,0.6274928739806473,103.86485324119937
15,51,469,3115108,4237499,0.42043458220106916,69.12669027452485
12,1027,320,1462090,4122242,0.16053911822908365,84.19996986771423
15,770,1131,18807409,173927617,2.040329400607264,114.31983870919576
24,1981,667,11576462,93726016,1.0187076614403405,155.73403193097948
7,1221,1001,7251254,21797513,0.666596014609278,90.0630393763828
2,1742,1426,4534690,40490944,0.2850629046997609,103.79495216957523
14,830,1268,21984594,86205636,1.8790941731501882,193.63035313364537
4,170,1612,8092250,36267200,0.6559478558086826,121.03729844390374
9,1473,2016,35521930,312182979,3.271902100837413,214.68606884554958
15,1582,968,14673922,144406813,1.4491484328453357,108.31351026852164
15,873,231,954502,5731445,0.2300364038515709,86.39531866423297
7,329,1228,9472802,47930132,1.044192450251103,119.10940077735845
7,764,492,1836646,4154231,0.23539714063591358,95.34044029168932
3,1701,379,936898,5510111,0.07219429410061488,100.78641139269385
17,863,1170,22943710,73332617,2.9556738260803868,171.34678440966886
7,444,44,31910,134445,0.08609713062931704,100.39086032843221
9,1391,1395,17535160,57877119,1.8114016621652074,130.36797565378112
17,1665,1193,24790550,107654861,2.405298728025133,175.25690229485443
6,1498,1101,7727929,14088025,0.6850749144084648,92.59605815898627
7,475,586,2348698,14765200,0.23913462473491706,63.934000081976585
24,65,102,249400,437300,0.23114591655423222,54.32496570435465
3,53,668,936546,7678420,0.1112128752223224,50.496726133194336
9,1164,1097,10925033,25081217,0.9751891093307022,132.70165703350273
7,1684,548,2733982,14084826,0.4949256851749604,86.92206953453966
21,844,1611,53316055,120527392,5.580868385538265,312.54958022785627
8,169,1315,12350490,40849852,0.9921910508970112,122.60035415193929
20,1409,79,232270,1030389,0.14509798460951118,81.58938144838764
20,1378,153,660205,3306529,0.2203693558173029,80.83654533104726
5,687,1113,5736412,45326240,0.3978423081970177,100.89681182682608
7,1679,1614,18367330,174453074,1.8646058402203098,185.71125081610884
6,1763,979,6533856,7874417,0.5103215235964484,69.7571496898026
5,1686,1739,15054533,66777615,1.171182348894349,149.52728187250807
6,1864,1523,14460895,133266608,1.3559922906976043,139.8917091509715
7,1291,926,6356074,18628421,0.44811184490721484,106.43585318097543
9,1606,707,5147677,45809682,0.5505258880575233,85.50575640973456
5,1208,69,103441,231777,0.06555358963251157,72.77960549452051
20,1104,1110,24668650,81047975,2.3223229568075916,168.29349610044815
3,351,1787,7037216,44477805,0.5503323569359237,117.15918361619198
18,1208,907,15106095,21387015,1.2403543285014396,134.58410703052422
15,310,385,2204135,10977600,0.30085988642295286,82.77167763809655
11,1128,2034,43708636,101265604,6.48164292383607,223.69136266879215
7,1137,262,714222,6831027,0.1653549202712064,101.55229830475957
9,980,1921,31441017,124284192,2.8560610288922716,157.9843147962557
2,136,491,313759,1678522,0.037375479913653385,77.3244653873945
22,1654,945,20346805,157468324,2.005287750755727,140.92729108061627
18,1731,322,2329036,10905682,0.3507819961213152,64.09844742360139
17,1360,1713,49325845,252172986,5.164113694203516,251.0506876270644
5,1883,1369,10095016,45890351,0.9622469839125091,154.76188729543912
13,1296,511,3807471,14046543,0.5148364687095162,82.47740226672407
8,1036,799,5310963,23259369,0.4558730413869159,100.77707257145997
4,1707,1107,5581504,42148387,0.3903128582319756,72.38642755600978
22,399,1596,54179422,272643883,5.415355986657122,319.1587197970774
5,1939,2027,20395684,128285577,1.9907116391167805,121.49064545506324
18,1468,1920,65541130,460021186,5.620906799596622,349.3049075559737
24,2044,1650,66046210,179489031,8.291075263015562,358.08221869289554
5,35,1595,10255860,10401977,0.7269093725770482,103.44593668781862
12,446,539,3447993,21642911,0.3792635167993038,59.75181472904964
24,181,351,2909098,12380795,0.4443930090815161,71.03311331131523
17,1110,1701,48228463,214247884,6.177121914622843,239.06346406677665
10,356,43,32819,160995,0.10298882685774649,72.06610730527223
23,1697,1642,62156278,259071075,6.491235128646275,317.9351185545787
10,1631,662,5037168,18349251,0.509382983676881,127.18833501593461
2,2037,1952,7809962,25595496,0.6510397270518142,122.64636370971405
21,1481,1478,45924426,293175497,4.559514334452088,223.838102509539
5,1570,323,929281,6078994,0.12181214889428874,76.25221075868915
15,654,489,3679735,28328458,0.4044665999095689,94.65853973588683
23,1152,131,532787,3093461,0.3139801911982926,71.26065959851886
17,1728,1871,59293871,223364509,7.276324452368426,259.9428413085967
8,203,123,133096,139833,0.3818470924084103,88.20468616338687
19,1124,397,3294713,7847834,0.7369260117451228,115.96741762888813
9,296,1709,23903793,134110984,3.414025452964261,130.71272092090462
17,1440,78,211780,1049604,0.5813782379172362,90.34998554140354
3,660,1147,3403159,33473255,0.3784106750221187,77.0844927457243
23,337,608,8357578,24864328,1.5904871178702593,118.20112932033149
1,1579,1489,2367520,22130650,0.18608058391818258,83.4975702333202
9,1177,958,8487890,63573707,0.9898368085674185,102.81266362183054
12,1142,274,1144782,6964820,0.24663882575175505,63.77286391587899
18,511,788,10980790,20032193,1.7193602542199324,131.4341859606151
12,1251,949,11114698,49707198,0.9982797088882807,91.07491662812546
10,622,82,113170,220891,0.16482761660431544,61.39667779423745
24,792,332,2809394,15221081,0.5510610652095332,59.322313932267434
13,1286,967,12486881,93222585,1.2279926076337404,122.66052253348866
24,911,679,11245608,66361237,1.1298038044675325,139.95737473245399
11,346,1515,23508265,44151173,2.495516777958708,174.78848736452474
8,1443,345,1337230,8306608,0.17245866792898057,87.81922057104718
15,1672,804,10414222,56580926,1.3414471838646214,135.36388346339592
13,204,1474,26406720,128081274,2.1722227987124905,188.36276429844293
17,736,41,58189,126823,0.11408009137047657,95.94348915744283
19,1911,766,12047658,32447252,1.0275725888510159,97.39362160200692
23,1384,62,172432,953151,0.14993956324757246,53.78868995544107
7,1023,893,5713424,18500127,0.37945044719252097,109.02736239946157
7,1361,1451,14631894,117592292,0.946654347054899,161.06498594563516
13,2040,688,7099482,60640701,0.5560303703415729,89.80986706143462
20,2043,133,611810,5319865,0.20125314382662157,63.38003415548096
7,217,1498,13814566,106565001,0.92385419947717,133.2045663245172
22,1133,1522,50419304,173160012,5.9046434210112055,249.36978783036253
4,386,1063,3815117,22245792,0.2878600680785433,99.24591169731363
18,447,557,5538818,9235425,0.5577650032403558,102.01808884271165
22,1375,1280,36207370,155395318,3.084924779787602,196.7807428541804
18,1676,1430,37200030,235626990,3.5159675160192685,192.7108304011457
5,1030,709,2751639,22358290,0.1889654613690817,85.28337783794919
11,51,1347,18241084,75835887,2.0599259492496245,142.596679687559
4,1756,487,1573507,5164516,0.12088928927672565,62.685849157269026
8,914,286,839134,7425635,0.17022079983138186,87.38391471992146
13,466,1406,24409576,197754621,2.6645690817639403,166.6527568385821
2,229,811,853182,7288097,0.10115507702063162,76.1153137540493
19,1681,1506,43399918,178393052,5.718765608920454,241.17412581892523
10,243,858,6851140,33509626,0.6318280340718566,105.25325168979997
6,89,553,1587120,14842207,0.15572279274199421,58.94798809451173
21,953,1853,70495542,438617847,6.035618952902948,302.54588189427574
14,878,1573,33585133,251776331,2.7044041968314776,246.40156340595934
19,480,1540,43472670,260146832,4.125258015994444,217.17415843500234
17,1476,1101,21050029,157646049,1.7434674873628961,148.32521534886243
10,983,233,722310,6940152,0.13098236052396092,99.2837475802973
2,1124,830,1631790,10056729,0.08516633906456703,65.24694174789892
9,1973,155,500970,3441117,0.11765255878322156,106.9907074184537
20,1702,1573,49736697,488495916,3.583279022610106,230.36626443706288
14,1486,111,327793,438590,0.12739249572052044,77.7914125968856
10,677,1251,14956966,97589997,1.1382721644284801,101.8653418525976
3,870,1392,5104474,49200658,0.30584603388397746,124.45386815750635
19,1607,1179,26949592,178716862,2.579891849611408,179.08436999541593
2,1636,573,1272643,8589002,0.08076110193143267,74.1827206911388
3,1769,1379,6260670,28177445,0.3534353420464912,84.34586676364036
7,1067,944,6370122,59315357,0.44040084956603903,87.64658122484633
17,926,1225,25177435,165732536,2.168661443603226,184.99535750437735
6,1833,1081,7841584,50189315,0.5224098544604444,101.73835711177236
2,986,770,1361370,3972640,0.10177890416050232,106.16014690261167
20,647,462,4368220,22205652,0.4150692628865522,100.4288824269798
22,479,1394,41520300,301562198,3.768333277641068,272.88157873488075
22,1594,440,4781050,32059015,0.47090650209771595,88.13824518039316
22,1587,403,4063056,30026877,0.49886120517402677,109.58900396415596
13,1592,1853,44195913,174154099,3.5665057887751734,267.55309969873815
14,1726,166,648738,5584412,0.1625417557074696,64.0342981277183
3,155,1495,4721220,7201891,0.3341287660256299,86.9471312938089
11,1058,1562,26083848,222790595,2.4474629181465666,169.49795100994734
6,1170,1757,17519057,78334731,1.2968636655958448,153.36586507710723
17,967,38,60886,268243,0.15082479149356448,94.62441150406622
20,1007,565,6651190,8210473,0.638673579658467,82.92010227287682
15,441,386,2265830,17589005,0.2608835322672293,77.76174358650844
17,1565,1093,20854450,69793341,1.472113646865972,128.09488531452496
8,1126,694,4165398,6517672,0.3342817376649676,71.49885786467243
8,1917,812,6186638,60708123,0.4743945319825862,93.8564820980243
20,376,1854,66061738,590777031,5.6791671831325585,297.9328899269638
21,615,2008,81938458,421498341,8.809315004715286,323.76656818007507
14,1374,463,3434081,4450790,0.3726632279592895,113.65515188947953
21,45,793,12637258,109973659,1.0123528772891444,99.38122996569024
8,534,1157,10009217,11183759,0.812550153006747,116.18421947833916
17,1765,291,1876378,8992880,0.30244567820926765,92.90764935927862
17,769,277,1448166,8408533,0.2287031837524751,68.34025465697827
4,1757,1872,13828474,99501336,1.001688319105238,134.79895802081325
19,287,492,4512634,43446136,0.3959037859852807,130.88104921852045
24,551,908,19493862,131990351,2.194214572442619,156.4604173059296
13,802,313,1433863,9005468,0.29022412269460235,89.46108782462842
21,1409,458,4854810,35369162,0.49315921830695625,68.86170947115396
12,512,946,10349250,22665402,0.7195361439469271,107.53668103444643
6,1850,169,458169,2313808,0.08129302929171339,108.86427214870993
16,503,1863,53047072,87981899,4.1728406731156955,240.64764329319357
8,514,1413,14727709,22165843,0.9580800348386525,117.78938853395238
2,69,669,501760,1605547,0.06002848201240929,92.57891672866661
4,335,2028,13046134,53411366,1.5225158557827378,116.0675062764359
14,2029,629,6434680,56516244,0.6556935423856681,96.61825626831624
10,1982,1460,22107330,124393925,1.7028652033203096,188.59851531853792
8,1905,458,2349092,13954784,0.23359082221588415,59.81931411707435
7,1883,747,4767364,18481506,0.352002272076614,72.91847113080017
23,1850,604,9163294,47313303,0.9434909874775859,128.52765210920242
9,231,1067,9374672,13544673,0.8464580956970833,98.15383061301952
7,1538,860,5774910,46898872,0.4921564416933768,79.12303245474958
8,155,1571,17548080,106144104,1.4333344958667662,141.29606626101648
5,546,1915,15743225,141955236,1.2041780485150928,147.8038241980335
15,482,643,6114297,31019156,0.6018015082962288,110.63125482504178
6,1523,1809,19146466,61098712,1.6810709577776206,140.4522451992242
2,606,338,323138,2686243,0.06069071511518694,78.59327694809332
9,2004,1693,26354941,85453586,2.19119724216888,188.1303471581297
5,498,1507,9857297,96818214,0.8277323285261408,108.10289196874253
1,691,107,75124,281808,0.019851942414317078,95.9974574474843
5,1570,542,2034136,8175946,0.17045358309797531,83.44056578866953
8,1656,683,4408775,19606648,0.34025399392675815,92.62536199437457
9,1518,1910,32120480,168445713,2.736930241284138,215.72931728894878
6,490,1893,18875113,108339020,1.3323562504968152,165.46848857967925
15,1730,1300,25941510,200347725,2.25520042945566,157.9681260703422
16,606,787,9787929,22578552,0.8430354647640523,95.40292740921193
12,608,459,2606671,9673648,0.6037934222074979,59.338153196549115
18,886,1671,48995401,408950547,4.139608274786454,233.10175233451474
20,1116,1713,57716119,259997522,6.684900674750817,259.79900468390633
19,1545,1460,40666850,301162654,3.5812866146787057,235.29153576442843
3,1889,1608,8229754,28271698,0.6580958992446115,105.67207924220963
12,201,2033,45917348,214033870,8.898653197517337,247.5480637864568
18,75,47,42404,194399,0.16606700205883682,76.16964299274146
11,581,410,1927830,15144909,0.20397749924924144,70.48528514712802
13,417,1759,37902942,232617835,3.861176099092175,226.5695501565177
22,1563,1358,40893464,325509654,5.612232809571613,208.13787828588949
19,108,1384,34667826,288278776,3.7507696251249363,192.56924095261041
4,915,1607,9240260,64872575,1.7767815746092102,94.81740344128073
23,684,1740,67854790,91006234,7.021254993553866,376.89077956933835
22,277,698,10446976,91623847,1.157778218198175,129.6815884985281
18,1736,1358,33746310,231145398,3.5263475982316277,172.38156591929896
19,542,1866,63740704,170760581,5.511954513130581,302.3482112022772
15,1567,1523,34898032,269841499,2.866831390480963,168.73431731613044
4,2041,1533,10200592,78695955,0.9370228347650047,125.03278673939639
19,436,1411,36492703,136386347,3.212164791206653,210.1268366693463
3,1126,1630,7170380,17323725,2.1603991670681038,91.58973662537956
18,850,612,6904594,52282287,0.8004686447679761,110.99879585676736
23,1207,731,12662392,101994114,1.75744189037186,147.7907579614613
4,1648,1381,8016715,77862653,0.7734743435124932,110.56663385140428
21,449,1873,71061630,145499418,8.118935309968428,350.231133256026
20,352,386,2978386,16043451,0.397735571488758,110.7739734353977
21,682,820,14032670,136369733,1.5753410741393439,116.53347179419107
16,650,1561,37606061,52583906,4.41197450636764,234.2972903307686
23,1039,1580,56614570,382164493,4.839898521258805,278.091706508223
8,1731,188,576230,3930100,0.18865422457663217,61.78519115953953
9,1398,261,914815,3583930,0.18960866125082154,64.56949858222278
23,1292,443,4904463,9833546,0.6152967474834358,92.98870130327366
2,1295,966,2195728,16222848,0.12182205643477051,74.53009062874747
9,355,1121,10472392,35661132,0.8253334821235466,114.78746633001494
13,696,517,3579201,34460784,0.35689088797132174,55.98808375129493
2,1942,1261,4054125,23114416,0.2696003209947696,69.63773586811227
2,865,1070,2083300,5212118,0.13871616973216702,80.83799055160554
13,535,1252,19508674,80058954,1.6030358425196027,133.2420356535602
23,1478,1206,33819868,160741495,3.3984092366693885,217.51960043959082
12,1231,709,6417878,23493448,0.6587524125984601,110.93482877503851
16,1823,780,10568230,50622785,1.1588489930046046,124.95408123625886
23,147,1541,52520372,446569207,6.222929761267686,234.73048078395396
6,1672,1363,11589599,26980114,1.1732362444593882,146.65056566984313
15,1481,1624,39369018,166879846,4.253408221304852,187.52154211245093
14,777,1765,41911700,238295587,3.4185050128214156,215.69045379496714
8,693,1870,25807880,159381329,3.939631340420257,210.92823055440792
7,1746,1416,14526754,95013955,1.3400363699961853,132.23041099415667
14,484,681,6374851,54501079,0.5447097185970436,83.99381834099334
5,1961,1926,18643690,64995894,1.739422227295272,120.6515109646337
7,1982,85,213275,1501245,0.08714881222518216,101.51894815175037
10,1377,836,7457966,20985833,0.6945455090967042,85.24074707431872
12,1506,1333,21582613,137769525,1.8442670487086086,159.57461533143587
1,1821,1484,2718698,3948613,0.3356423122031454,92.15728757251412
9,90,305,777455,2127251,0.22305811762540734,58.40123454445621
23,920,506,6115020,28893271,0.6854291310267687,96.52011647824193
23,1679,1126,29820994,262924272,3.475874428619468,221.79161287649572
3,1221,1714,7990678,59809247,0.556227998880881,91.49189931067268
18,439,919,14786720,45099380,1.3880591494578032,118.7136522503185
9,729,1823,27950246,79073815,3.033414459027226,153.7817974056612
15,1830,671,7548089,13900455,0.5631186530958673,88.30984793224067
24,864,1891,83943391,173443153,8.145488494348449,423.6062285230706
19,984,1421,37785821,164389083,3.092483846229962,230.57305898110505
20,62,1466,40968846,366568009,3.7822973791900565,238.06161880139092
11,183,769,6070496,17432899,0.5830233266752206,78.49298792541855
4,1585,1415,8269270,38217571,0.6960282736616119,93.27022022823004
16,233,1690,43279220,349070795,4.164339248052848,227.90759582286356
14,465,948,12146734,26991297,1.1100092604308094,130.5113475212882
16,1786,500,4656010,15531420,0.49900627898333944,96.31537044422815
12,1721,1168,17042298,66282589,1.5899493057663798,107.292686751638
16,133,1821,50030164,130091699,4.953021354816733,257.63701934053955
24,1320,698,12150794,104701814,1.4041219594397991,136.12817364405714
14,1586,99,286813,2285284,0.13997925302701394,79.43629990822039
13,326,1941,45887191,231880471,3.9495188160158854,226.45711592521846
20,960,1975,76067135,201326375,5.903105135090161,397.9641096475877
12,407,1068,13005046,67594347,1.0698301694020824,127.19103524275505
9,1196,1633,23317617,138421896,2.2634677597677753,163.336061167952
3,1448,1629,7687261,25795543,0.48235100385639185,76.29497146704692
12,255,1153,14942890,23547246,1.0910093555606646,121.49272819755757
6,1491,803,4434176,39816582,0.3981765379145295,87.71843706953187
6,1622,1113,8016949,27911296,0.4721393396811339,100.68528226944655
17,500,265,1263265,9293171,0.2166736005341839,84.30012950094874
7,1660,771,4859623,45857429,0.3375661837345307,130.22165840594477
6,307,1651,14162288,41995710,1.047104226405672,166.7746839491336
8,270,1857,24673969,218727839,1.9960766626297055,166.33032149939228
13,321,955,11272830,41944122,1.0596063044415884,89.95966518283386
16,2024,1945,60732635,379696189,5.305017897477217,274.2196509515573
7,1716,664,3796098,33128065,0.378820023399888,71.37734306491609
8,1624,1866,27437674,127883691,2.33401503167224,175.3189628082321
12,1366,1274,19622158,83491232,1.6072510042167436,170.0826797580991
4,1470,249,555529,1542119,0.09968847448659819,73.47106438853915
23,58,1803,71681881,640544325,6.755000605847776,312.1463726271991
1,928,966,907084,7403126,0.06171431087717677,75.85161232988477
5,114,1066,4682948,45815109,0.36000070823222297,73.42436853160171
21,1015,1455,43862440,403487850,4.182152390925953,251.75694035967356
23,1246,119,463753,591502,0.18652716510340556,50.599740284564405
18,597,396,2913382,5165359,0.2637815378483613,81.47401639886185
9,1256,1085,10801185,41942650,0.8950628716290095,109.57578351978846
8,928,1391,14860063,91983301,1.3085137382732666,110.74371392948473
20,1233,1629,52476616,379331407,4.24157092724259,264.4622460579364
22,1742,2032,90314282,712302427,7.8647591429103585,446.41610140976945
20,1501,2046,82668640,685336941,14.50322291142454,328.89593659968733
12,1757,1812,39340342,71045813,2.97187151018203,196.5631049117329
24,1085,1750,72395760,599869843,8.707464968696838,327.24338106418315
10,1493,1327,17856122,159467421,1.6098508046771047,132.52096730818832
15,707,537,4430260,28239435,0.5038999843146584,113.31750244017793
16,913,198,773992,7359791,0.14740451794234333,97.53034607529975
4,1387,401,1044214,1253768,0.10322823427743748,63.35660981565394
23,146,1809,72318403,367112355,5.673136290320431,392.5492736443679
24,1329,292,2359078,12996616,0.3787040100032219,107.89107412003841
18,1325,1613,46412472,192072284,3.8164014079306408,290.42496697962684
23,34,196,858294,5582467,0.24262298392601778,52.305155377372984
21,1071,317,2359124,19168849,0.36553025477531115,93.3759445477182
16,1576,128,450826,2904522,0.16558546354985795,86.60649904787095
10,1953,478,2999460,21150236,0.22878566702229347,73.13239264477751
7,990,1742,19961588,57527224,1.5477719191865136,169.33735684999104
3,633,764,1660946,6686899,0.07495676071778255,95.7821807886735
1,1340,1421,1919781,11022379,0.08709920788707604,57.43421409604737
24,1842,1301,41370509,255555060,3.7757141858212115,235.5387430412775
21,1252,896,17205898,22300284,3.6967223336329487,154.1688997603185
9,1391,1366,16853718,72646829,1.437928316086557,117.27605175167504
5,1188,812,3614222,30423803,0.3904114211536032,102.74183357254255
21,1503,875,16654760,107852272,1.639559713356611,115.44997000093787
11,1006,1826,35218072,123112764,2.7049293445695795,181.04318932684393
15,1825,534,4980094,12901704,0.6895894090880976,69.64060767337753
16,35,252,967942,7235819,0.19951649082022072,55.96924958289854
18,960,2036,72481610,514362395,13.587428734548912,317.5944294848196
11,196,1926,37512712,329465293,5.831102516475899,206.70220588009516
8,1757,1109,10577652,61061950,0.7715398238998624,96.67928157150232
2,1422,2041,7092485,7305082,0.684411575747663,90.21214400833507
4,189,407,579578,2296460,0.11678567394292887,102.10705170128654
2,1793,632,1540194,8665564,0.13962303406410356,89.3176518750439
7,1940,1308,12824950,62835306,1.2380472950721186,151.882271395192
8,907,652,3578838,10455856,0.30702669842166064,93.40748045694428
4,1513,1528,9337618,39755416,0.6948867347791055,100.80658277051589
19,1939,1462,41351218,221623296,3.389816584074497,201.82843023999357
8,361,1630,19216080,65722156,1.9963760454548698,136.46679446423838
24,299,706,11699136,83635148,1.2827801686393556,150.91468436756338
10,1817,1386,19835056,20296554,2.2049497168647947,180.9103503667176
7,894,108,168382,442088,0.08159959638040067,64.58410304610068
6,325,471,1269826,12632524,0.11855991408221746,59.73356050928426
19,1680,1572,47167870,73238740,4.1709582558891745,202.8507107167555
5,1675,1886,17415334,43088486,1.3347299577948049,145.32224522680625
11,1311,1727,32125664,106908035,2.6114466364504225,199.34526671722483
9,1172,238,736620,1435590,0.11922439716835266,70.33873364936053
3,1221,1124,3913778,15184150,0.266297766603,93.04445330011444
12,500,1812,37062658,228187242,2.8555811985134905,190.21418969658956
14,1344,678,6903406,44893907,0.6927612477545717,90.67795842794101
3,456,1119,3029143,11038521,0.23592615898486255,77.07728611583931
20,571,1822,64169028,131660137,5.543784062805674,284.38575431569876
14,622,165,460525,4332866,0.30253302016805517,96.12816311476816
4,1085,830,2978880,17776940,0.21683707857882795,88.92819654743516
22,1389,103,369162,563430,0.14534980698437103,95.16085639960158
14,1162,1225,20960985,101352829,2.125601407354453,182.39761533570302
10,1443,1004,10541006,59484272,1.088924151577243,112.81348715448115
11,51,1993,39863996,103992902,3.9997079441864214,253.71040585972654
8,1551,512,2638346,8937337,0.2408514320539343,63.79639865214052
11,663,225,660160,2936387,0.17243505338187118,77.33537058875389
23,748,1896,80566738,397005892,6.723926414156488,396.1836718878071
24,1812,1534,56954362,173739396,6.848946059502197,270.2475593149415
6,430,1643,14230033,66881498,1.0623462460205624,140.59297291852997
10,1666,92,231298,1175246,0.2221226841231876,55.6012182240981
8,1674,297,1119997,8610831,0.1491839664513482,60.74650679160401
20,1949,1206,30020968,226669510,2.6831214013019564,191.43052363376285
23,1563,704,12027146,74267323,0.977047883827956,119.6224770144085
16,581,169,531008,545011,0.22174071624292013,105.770732518401
6,1939,1027,7281440,21700335,0.7594458951816295,84.59508509352642
15,1586,1016,16088370,137803652,1.5363360954428977,137.30860932713318
23,149,1548,53000434,480935299,5.486248897421279,315.4536572844366
12,1349,1338,21527092,55748516,2.3314958647150497,159.45754763683604
8,1221,590,3167720,21347951,0.2785966576623851,91.38381803296497
1,1872,931,1753083,12960034,0.07893666489783457,69.23526231730004
8,1646,822,6097606,57206482,0.5558695314044325,96.54443479901921
23,1797,940,21159410,24511364,2.477766208148513,138.69447358075942
20,208,1990,75715530,470365504,10.082489148220033,321.70437698119594
24,1476,1444,50138578,205959996,4.285666146834187,275.0646347273811
18,1784,1781,57150519,241211205,4.313576787530668,330.3398450485666
5,1031,1787,14642688,26109121,1.4582983781567638,115.40698140020307
24,561,258,1684492,15282904,0.35375911898244294,66.28186460493906
9,1097,496,2521674,22457138,0.23979180176773163,79.17551439340805
19,705,1069,21354354,51832855,2.5526209785678633,141.31480446905417
15,1263,586,5562322,24646574,0.571143090746358,80.75048254686743
17,1362,1057,19344167,30201433,2.088871220713598,144.33802637606786
5,1262,696,2826466,27339840,0.271748032204413,91.25559490700547
12,163,765,6579010,28517065,0.5663599216197579,115.97906609035834
10,377,1846,31402316,298157399,2.729853864860963,167.37009074610415
15,557,1338,25842142,73579127,2.2470802584762146,172.16988973755247
17,1752,1683,48313891,422536824,4.758550325084256,216.78961331533148
10,962,1780,30263570,180517370,2.7652599677510836,243.00143544484243
4,161,235,206810,1915508,0.07072222686624784,91.89262856145692
4,1317,1080,4936690,27304974,0.3463072042072125,120.27479634969191
6,121,1392,9879034,10167929,0.720972701611471,136.13676209383465
1,487,472,235066,780306,0.035304154688359436,81.62503022154081
21,1480,978,20607448,177318547,2.294162947003248,151.9264524401687
6,321,230,342020,1337781,0.08384722256824888,55.19865473843708
16,433,1913,55771612,353972491,4.0362291682028975,256.11730720238114
14,1060,271,1248507,2540587,0.22563050807046595,55.05873956742539
8,1431,98,209240,1043771,0.09351148074704631,84.03451424062449
17,1056,1155,22595275,109419068,2.1067062697000276,144.38888056714276
18,1072,1505,40160935,197055982,3.561107928229261,187.95362025462026
7,1496,1857,23500345,211193930,1.9136743617088163,173.21403493647784
15,1099,355,2163380,9103859,0.2982882336666643,90.85918489163114
6,1641,812,4642214,11232200,0.40609296545370693,112.11995326874408
11,1618,877,9128703,82534476,0.8567467016054089,102.27342994593899
13,1809,204,873130,6726676,0.14628168982866693,87.02254982498037
9,1960,784,6468794,11264259,0.5329338149173285,132.6828968224032
3,1162,1014,3247852,30157401,0.2437942049063846,96.67855082668656
16,885,1076,18346886,31096418,2.131379848026511,167.24378722152173
18,1292,1250,28212510,258076442,3.132135248214024,171.2762115823761
15,148,713,7240525,13433756,0.771218148384259,86.41379874777283
14,1986,954,13749058,116001725,1.0552165547856318,126.90768951934622
20,1710,1388,39019466,180974742,4.346587257156981,261.012333245585
19,815,1043,20461584,123957718,2.755824807871463,169.85105900527958
14,1793,410,2930280,5068059,0.3973286645271628,102.22752386083927
9,1930,1992,35626930,147221702,2.935435100881054,201.91273268659782
21,630,1021,21523711,48953445,3.659592157523261,130.5354566853626
13,1726,1086,16052176,137579879,1.4528126655947524,143.443314163871
19,593,1441,38272970,299526430,2.8884368402300518,200.20498342271793
12,1117,997,12069692,17578053,1.0788609311144521,100.02909838024839
18,928,1879,61817231,441107243,6.569968697761597,298.3188577131765
23,806,84,225718,2070483,0.1620700596425388,81.6706841441895
2,1735,718,1769880,11034840,0.09533362945370437,78.27642523188482
22,1625,1671,61405918,406507024,4.5913356849941485,351.06361253057446
7,1764,474,2192260,16707765,0.20108949278770122,84.05844362422462
15,836,1693,41585169,242366089,3.589179516797935,255.31496407821786
2,1112,1028,2212266,11116313,0.12393443771114608,112.50037593811267
1,252,361,94953,101008,0.04529152917457525,74.76475507059024
10,1209,785,6510800,22095416,0.5921675214149893,77.95906761445606
18,872,1690,50074710,304232324,4.874180821764307,300.66476621776206
16,1493,138,495292,4404013,0.1541110632936761,55.74139292629084
21,1206,474,5079868,17661013,0.6232012303035366,90.72255109031204
6,628,1548,12978442,70745347,1.0218157251829105,135.04410649207583
1,1904,249,476845,4767958,0.034075225942045144,91.31740694863839
15,1025,2047,60812286,203688416,9.046158298625684,304.37343391554174
5,471,628,1882754,17346981,0.223256326291565,95.4034254937306
16,1709,1850,54547260,335527506,5.2973623504296015,278.93782080748275
13,1873,457,3372670,19988813,0.3959226752657016,95.26194583656317
17,1876,1258,27715008,231084083,2.162039104258467,179.4410895392599
5,467,1994,16865262,125450879,1.718250658368509,139.10046936518336
20,754,1300,33129210,306755400,3.5086938865127806,208.7581885838311
17,1191,689,8434748,79380748,0.8548011009154559,101.41689878782968
19,1293,714,10120246,13598157,0.8705562882207919,87.79524116445937
2,258,307,177149,748023,0.06557831831528681,65.55514910755701
14,462,393,2198845,4712841,0.23817191289498174,110.9515166411823
23,169,2029,90980370,762254410,10.805430735496625,501.0391575191137
22,522,977,20586377,126371871,2.5783591502060346,189.34597423695303
9,1690,615,4076845,19448839,0.510015112288337,89.36629102210625
12,432,657,5046427,32150837,0.5520221338816106,85.47859089775552
4,1551,1540,9524910,87733558,0.7861110730777802,137.79773911904766
14,814,769,8332125,34637478,0.7192815593239519,78.45568601814422
12,320,1509,25563979,164005351,2.841038908471525,137.89729142927757
6,1355,633,2871298,24013747,0.24187112605270045,95.20195532552029
23,519,609,8495560,79162364,0.9261749693489726,143.46583575045807
19,280,1537,42997585,300197193,3.6639693267599656,234.07810263421723
5,517,1073,5176162,44379405,0.3669176245287878,72.49248951142266
20,562,665,8795965,65029903,0.8346369508108932,92.77217876151441
19,1375,1753,57775384,485320235,5.8735165652871615,311.1472870662546
18,249,843,12314554,38564090,1.4733568723429915,110.64960545071683
8,1213,849,6090736,48388925,0.7256725933067357,70.70306372759592
12,246,315,1175905,8672716,0.31834684012310793,88.77754519123258
6,120,1887,18060487,79627389,1.5950704083578364,163.16229928030958
20,1065,1776,61874074,264170228,6.203606646970479,360.98046949468807
2,173,552,406834,2431098,0.07950973904564203,94.43412661315999
13,1754,1734,39162400,308253916,2.7141827342360085,251.77995552345163
4,1121,1195,5640410,52973036,0.40931093505556376,79.05127457480863
15,831,1324,25675018,68626159,2.689217428630433,193.6206398032785
21,1116,1958,78921116,103910086,7.120645883880321,368.8049835070471
19,556,813,12373057,54566848,1.3001526790614688,131.06539589150808
1,1290,955,1242465,6166432,0.07865794072378203,91.2469638310474
16,421,795,9835750,12934466,0.877261704070052,86.0424042456125
22,1313,1994,86178696,416474704,11.399360479221732,388.24957914539226
15,724,360,2084050,16486713,0.37450520770386275,92.79953334172498
18,166,491,4193641,39636839,0.5439069886264154,105.60100413159486
1,1747,1512,2658106,21221614,0.19277794906962703,79.90669066989261
19,1693,1652,51968626,464674836,4.357436735235468,312.0737020094551
7,1710,1675,19726485,153214769,1.3384320543857349,131.5248259521087
17,1461,507,4867210,48620120,0.4132467608335427,69.87549842889743
9,1407,777,5937844,33751186,0.44226924328666606,117.50150518849131
12,1406,446,2824974,22038051,0.21233898033440674,64.49943436627349
10,1830,1604,26122754,132983151,2.26021251398488,168.61061609210154
11,1271,1647,29254024,223608392,2.5830769349032576,224.56180327499345
2,1472,650,1387110,12273890,0.10050006570768032,95.80146034035643
21,1787,772,13323186,50321916,1.2316294323346955,117.24196109846253
20,678,933,17199865,133601330,1.598346020384642,145.030357125737
19,1662,158,716540,3273335,0.24171942039583127,67.83354231055348
17,1745,647,7844238,56809980,0.685911117639539,91.80727841213073
10,976,1800,30952810,85162920,3.105867270814747,201.25830522996554
10,1304,509,3005655,21456419,0.33507989210167965,86.8848547308042
7,482,1910,22841700,167949198,1.98304622331591,168.00788927934596
20,1257,1526,46208816,308271053,4.485130045871414,270.2727009569589
24,1545,318,2827984,15134856,0.548922671999419,92.55415888724941
4,1638,1633,10697793,59294248,0.9240689602613487,137.82123333577817
12,658,1126,14712326,62702215,1.220836997767509,130.5564611701525
2,1786,1896,7003834,41637648,0.46136993244875313,123.99374805418577
11,1939,316,1617930,1898237,0.20360259642564188,89.11903367309675
22,1450,599,8422549,27244144,0.8369558969427692,122.65014456741105
14,686,1594,34162618,121241646,2.534167545302831,185.14654471408258
16,1935,651,7633636,27099839,0.7205962339035491,99.45740491485866
23,1853,795,15403930,62502283,1.5774565743711917,139.33518302999192
13,1432,395,2447035,23889734,0.24635275693952033,60.80797566098439
19,532,1028,19598830,192088864,2.0170796106297084,145.19000080946728
7,574,154,233320,906227,0.08331244217739076,89.65413606218313
18,426,1270,27995890,192422262,2.911397320336223,168.34939520533737
19,2007,1749,58622992,115426855,4.917555038900676,350.6832484988434
23,1365,572,7997714,68051037,0.8053479224004995,105.9476605414913
7,900,656,3183578,6292447,0.24917049738811892,62.079011747722596
16,736,537,4734739,45406445,0.4181662386777502,99.08962807027075
14,239,1096,15904066,117726326,1.2947565510201327,154.2230487026181
5,647,573,1692652,3046133,0.20544907860160647,81.07038458420821
10,187,1272,14825170,107451517,1.511190283847609,110.37450601659431
13,1087,51,87832,111350,0.10334044359809279,92.42630865800494
1,1338,513,692047,3955392,0.04509957131517149,96.92708501824713
12,177,649,4762372,19838706,0.50155498798596,106.74151341434255
22,1861,801,14989924,149045280,1.213016363308647,143.13990345890215
15,2047,1496,34431946,88347468,3.369480363482159,197.95813090799928
4,1427,513,1528750,2519547,0.15252073254384366,59.94507506473615
13,1429,1879,45096010,269452429,4.2068229643558475,267.9177300055964
8,183,1892,25437950,89728954,4.318731854428453,200.07653196480211
15,1860,657,7281541,25659855,0.5825519589975955,117.89481177686412
22,1485,1078,26039100,214674181,2.838988632159339,164.0428633576658
13,548,1642,33291560,56991141,3.596916802896643,203.46264652728053
7,1200,311,958823,6482463,0.13721525186475972,71.17518105592715
6,1723,779,4388896,28595338,0.36010042302445155,69.96121281722444
18,1593,242,1387880,6271652,0.22905349073930403,77.39467502106211
23,512,248,1488258,8844648,0.30035429732971736,113.93038077056981
22,1427,1140,28954870,143538776,2.3772935708318994,173.13469688242893
22,139,921,17970562,97599365,1.6472681003930418,141.9534452206975
8,741,1180,10642430,38271122,0.7522816717336416,115.92815924435803
5,1302,329,866267,4376331,0.11956492412162649,75.14731072729082
13,1704,1041,14801989,59105176,1.5054006245304437,130.5237786189996
19,1840,1778,60226204,314424400,5.074822820049581,299.63771474708494
12,879,365,1794350,17203239,0.3366046494290617,98.7016230345083
23,1494,1990,90160940,743304046,11.34510972890831,425.62988016731634
6,132,1887,18083131,172150717,1.5791446159802949,126.54975918648391
21,1349,943,19086330,173809410,1.5555185945433025,155.28746675947585
6,857,278,629124,5776407,0.1354309631877821,96.87408842958035
23,1516,1510,52501200,509934906,5.081000563715971,262.6640834867802
11,571,578,3683026,31311425,0.3895306176117661,81.8049163454681
13,1958,1091,16444653,82093304,1.4994241513920579,130.50452795353866
2,1877,175,361210,1139338,0.06599582997004924,63.811129771682545
17,1241,1303,28817158,90103316,1.9521017048840328,209.5155532421482
20,582,57,96625,640450,0.15120047067053816,50.464051684117216
6,1973,311,1102194,1911470,0.11046868337024762,90.4974855801837
24,801,831,16576798,130815150,1.3998897206262357,116.31812756416842
7,1349,1857,23227366,136250756,1.9794930727210622,136.47250737779748
6,549,304,633850,991298,0.08566403706483962,56.54251877855341
18,39,1992,67590562,550592498,7.581235539287034,356.3047307655786
11,928,456,2512114,13200113,0.3263296156355818,85.6911117583618
12,993,609,4697836,42995636,0.43351110126539766,83.97336232806249
20,1902,1641,54335161,527177981,5.436446696940063,294.0589787620008
14,59,174,408040,467026,0.2036264206715373,85.8199367876474
24,722,474,5525902,6680864,0.6324236397474179,102.43963443935378
4,235,1871,10967812,33334161,0.7157230503240073,122.23361588835125
11,324,491,2580215,16985556,0.25089503567246385,55.96495829842943
13,655,779,7810264,23559821,0.575182849451553,87.78377710179912
16,1691,1995,63125800,349919999,6.605417050751046,323.67886700039384
5,1436,1673,13623249,111994559,1.01285665685467,148.4731218119398
1,1429,1457,2098090,16075823,0.12592374427277006,80.55450399212748
18,1584,539,5807735,38855784,0.547073308044517,101.85157801087475
10,1272,1282,16448070,124580326,1.6167372769971802,115.35702305627476
16,1108,1913,57062887,174595506,4.627534882590062,270.8615849260571
16,610,918,13224718,82787366,1.264730491415311,105.48692346475303
8,2002,1063,10057053,76284591,1.2680265030619071,115.86219636860712
16,108,1335,26912275,160870961,2.163956177057297,185.4146343640673
12,836,1227,17613595,76800519,3.8754349919885924,138.89351025489626
12,1434,1166,16652822,86264985,2.814723948316887,123.70263536070107
13,1114,1322,22475332,91061473,2.0137260596597457,159.33139529815725
1,374,1803,694165,5173606,0.20173031383527876,67.15188364914673
2,1078,752,1385194,8574469,0.10183638138443105,62.86378582825115
1,1389,411,575410,2308297,0.04885510119279882,67.52450438645238
20,1681,656,9298810,81170481,0.92184916973446,114.38410139458828
14,625,1253,21223324,95577280,1.980433544322036,186.70869341487173
11,655,1789,33214584,223139049,3.2052069201392928,192.0165353902917
18,922,1583,44103973,316496348,3.905419036974433,294.23812613779256
15,1346,768,9310474,61010134,0.7360624937206828,93.72308470256755
9,1697,1498,20522610,99618480,3.087302119901925,152.1603873243616
12,86,1941,41651929,110051606,6.237631600224575,212.05701605659743
17,90,1183,22530245,144830708,1.9360549250230779,173.86420764899063
7,1712,541,2691485,23193109,0.2401759763178433,69.74892783244577
1,1733,254,442986,868666,0.034426530669573324,53.64458502709951
20,1383,181,878222,7199277,0.2650514030176182,58.371635665191526
2,313,700,717510,2566240,0.04044952003662307,52.263783749686745
13,108,685,5720445,21231270,0.48615788389989706,109.42285553802814
20,618,684,9332506,82064472,0.9144794716431279,90.74902974814586
3,138,478,529156,795042,0.07590553412724112,57.13708179550875
11,2039,1374,21709210,122120953,2.660732793636995,125.63572787216135
24,279,1985,91246490,672397711,7.468268443376395,459.7093405043829
10,463,1437,19278802,20693477,1.5271208802295995,166.0318861388583
17,556,1392,31814170,304830320,2.5142871885900067,245.41845955747166
7,1354,1279,11568565,33100119,1.018351744964567,142.1693453291766
19,2023,1752,58846186,479625754,4.531223015717688,319.71799046890584
5,2002,986,5877556,15805729,0.4345723351828487,73.68488953935048
3,1266,1308,5094670,28303089,0.30421513966609515,107.6977419332886
23,797,270,1827910,18067485,0.3627671274772657,52.7348417684193
1,1647,1837,3045756,13013832,0.1818405805839064,105.12390207881884
13,1586,212,880446,4268931,0.17520142688284465,74.98217643911279
16,148,628,6025042,54588068,0.6795704121894665,95.7398133415718
24,376,562,7494842,40563046,0.952037434414177,98.99807505062572
4,937,117,152344,196288,0.06828323607901095,81.97174981514175
8,1784,672,4372042,24964340,0.35250544754037355,96.47672499101536
9,655,1187,12071800,108526350,0.8626999726302874,105.28965957161604
11,697,1747,31774446,134241743,2.5337495191696244,182.21500561492152
1,1576,547,868099,2762414,0.04387338622478374,60.72749826304164
12,1261,969,11571808,31720052,1.1594333675122699,134.9459807527495
24,77,767,13615794,28150677,1.646286846468548,103.89330584101145
6,1141,1767,17655874,46356397,1.6730031337845812,133.64479450597352
23,741,1455,47700730,85187309,3.8063243429490017,267.51393150948326
16,344,812,10190610,24272267,1.4927689017057075,110.37462065368048
21,2028,79,287491,2741553,0.16641221300896034,71.31397521527781
9,1622,1392,17785594,40810081,1.4677434797923254,118.66088715905785
8,753,1610,19386020,106468546,1.5670514408260987,130.4974296401456
2,1487,1434,4205932,32803712,0.24008909870034303,79.78032688188725
24,1580,1359,44671699,115368144,4.690450130524417,266.24852657550565
10,1491,1378,19172124,189555743,2.8040195734382247,177.2378843434853
13,470,1749,37570279,125591780,2.9758570400010496,236.92651392061515
21,1765,1021,22682546,199217847,3.975048245579322,200.174408121133
20,1443,932,17876702,27178351,3.511284280213297,111.21790718285335
23,751,998,22694530,129177412,2.3176282976982847,125.88638958176836
21,130,1002,20241412,170693805,6.132355658435078,162.15141687560921
18,506,1249,27186993,179021639,2.5038484441614575,175.98264538658245
11,951,179,494408,3047379,0.13261403139298794,88.69579995497706
9,995,624,3747754,17706114,0.27425622676340644,78.88735838411816
10,1290,394,1913274,4989737,0.1791008707939137,90.43148035337953
7,445,1157,8566438,51963066,0.5675809703535202,103.02300903354417
20,1875,776,12919634,84981229,1.3673073483065874,119.84103241113935
3,2009,826,3034734,28799113,0.2106795382438108,89.98703094157153
23,771,88,241130,265490,0.17797341692988206,48.502457892740075
23,1691,1041,25635676,102902326,3.520348815261147,186.08542582753375
7,1006,532,2242390,7554871,0.2184480113017486,71.92288440198247
17,545,2036,67489338,431997791,10.75174916496561,305.95696989197586
4,1722,987,4635949,43745459,0.4614159964990417,119.6354760131061
17,1178,1861,57655651,342186691,5.0818692810891815,290.32349810290384
3,546,762,1587256,12165027,0.12653817258642194,80.28254173829495
15,1854,1098,18941608,24537937,1.6920557180856215,118.41417594942536
11,1618,750,6854260,9615276,0.5997413174213141,131.10020286188677
2,294,752,795626,2202170,0.06956177895325161,59.18118306140114
11,1611,1619,28853828,150102304,3.7956853085356883,178.4069720387768
8,694,447,1716937,9505759,0.23081489867634236,96.00594494456364
23,1070,476,5509710,34220767,0.7848768180051438,108.36908887717031
23,671,1586,56455266,520331872,5.1542914955807015,254.49738464711268
1,805,1354,1104874,9090941,0.10762592984613321,57.84923840493423
19,311,950,16568010,24047146,1.394070281160491,164.5595625335051
3,1103,269,444936,499462,0.07542668800870794,60.5424410731427
14,219,260,941990,5452011,0.16778014002741135,68.9392466349522
16,842,1009,16147037,151268029,2.023405221068195,167.32467360351603
18,146,1226,25765626,257478821,2.5618551966990326,188.56028839681701
12,472,1424,23009002,54453548,2.3828518054559162,150.00107262998947
11,667,1484,23043562,96048460,1.8985821808744072,132.30198319546176
18,655,87,188104,673151,0.15443861145183463,49.650888477768994
19,1439,237,1358968,1594815,0.2938654482558419,91.8830775117023
9,1528,88,198098,1591239,0.08112417772502738,52.42329714377476
2,1613,1714,5723056,10963179,0.30231068204952133,110.85201889880457
24,1637,812,16521774,54465480,1.776062964394357,152.5955297313686
14,2015,1906,51113212,386149635,4.229767961181055,295.9024468732627
3,112,1675,5820635,14404964,0.7942510359888447,106.34000074178304
7,1705,125,309010,324198,0.08733326880573115,93.4197051746584
2,1562,385,754225,4452481,0.057185944026372566,109.8868175604739
7,714,713,3571427,12055159,0.316764737707162,97.33462976933163
24,1941,558,8263432,64750330,0.7609969758124793,108.6617819431341
1,901,1096,999562,8842735,0.07851900713679691,72.47059212168958
20,1792,1202,29641330,260528356,2.6035937008269796,190.7633029229275
11,913,1854,36104806,131987120,2.891161940594384,187.17699863785748
10,1658,120,330970,2751688,0.10900733668184868,93.39322119106673
20,1683,95,334220,2379629,0.1724970508354516,87.98542385568452
4,646,2014,13497838,62764741,1.107248424652655,103.59882144457877
23,384,96,242794,720262,0.2256304539310096,98.14415562610728
17,87,1571,39667760,356128859,3.0224560287987225,238.1615679434664
13,1364,1123,16691159,69741793,1.2799555888532537,179.29666205002826
8,1148,531,2592883,12996964,0.15802709293752754,85.49197328451977
2,34,317,115081,713367,0.02762313681658635,75.34677821891597
9,847,297,962884,1639787,0.15198181896501864,77.11076158874839
18,214,1055,19176745,131327337,1.97369227247498,156.800827387089
17,1262,461,3994575,25957662,0.4560973068805339,111.64512845878687
7,1271,1059,8092888,29511569,0.6557534114754646,97.79197016131724
13,1306,414,2606968,4201300,0.20744859224947204,72.3428348525043
15,770,1792,46382346,206891966,3.5873470676106916,247.90989418852465
23,287,1243,34388848,273839984,3.209108168943026,223.2786689413291
18,280,1844,58373674,276481797,5.360795542648629,262.12956267002824
19,1821,1191,27736018,89214229,2.6345308096151943,179.0630859275122
12,1639,465,3150850,6416809,0.3137393064536284,67.35218418093014
1,1008,1343,1368527,1711900,0.08299366826394929,102.25303294643834
7,2012,1800,23092210,199923237,1.8254008967012814,173.06212568748853
2,2047,1940,7758070,39731637,0.7097390584693047,123.92288786568948
23,768,981,21957733,109487660,2.3012880519842533,155.8796404504668
5,1527,1850,16542710,148490932,1.3726012667476355,126.92653592714561
3,1577,128,236298,1666845,0.04908133723837268,75.64394525804258
18,844,1886,62113534,554101804,5.565505831804214,264.43469723646115
22,1001,1186,30763664,104712161,3.216442979640787,170.78521375850983
9,1999,563,3671896,24958455,0.3632608056137962,81.54028549882148
22,773,545,6676260,15804240,0.8377090580204062,93.6362646536375
7,109,213,299062,2924331,0.08862169069175484,109.24883553877807
15,1540,358,2354576,6021108,0.25786747647520525,87.55231723519358
8,1106,547,2709301,17615840,0.24042705777556245,76.89835881119936
24,182,407,3897849,30560786,0.4933961580170026,75.24803429612683
5,198,1992,16296562,90581453,1.5222566598384129,124.1652581751126
20,211,265,1398150,4843896,0.30819687254584566,84.24388592898093
6,447,1060,6108790,37130241,0.5113382828234263,118.12176712150023
16,1423,1944,59503906,306642798,6.625309538458572,271.2277405356474
5,137,1630,10875370,93934596,1.0098081820247795,88.56403878689869
10,1191,1634,26008388,44360983,2.902456523732715,150.84456786214966
15,1257,2042,60994550,422322060,11.104683857172704,255.46275486640297
15,2037,1342,27980710,164764738,2.6664956996340523,164.33325490400955
20,590,874,15055534,98508164,1.408479203038296,142.14117329003003
3,1364,1545,6901525,59811454,0.49402200915065775,84.01579751969206
18,672,1202,25403078,189259724,2.466653442511221,143.70520283035205
19,1915,119,486244,565008,0.17345282950236476,73.65262148589616
12,1977,1315,21650170,120305055,1.957729874789287,173.46075702325135
1,603,1397,857768,1699186,0.09059336870980085,69.03525244235126
19,1299,983,18698636,158913329,1.8549418113180287,128.5715376134922
3,1743,1920,10744330,103199513,0.8505785370379096,119.51370954372922
24,149,945,20712520,60560317,1.794553036450322,191.62288751265177
11,624,1496,23345090,136908171,2.0645821729456566,196.36630611586014
2,398,1941,4563301,43363270,0.283902035796562,105.17708515554855
9,233,1546,19510530,89787351,2.1355184957343942,168.09135944724915
20,711,1033,21040154,92835712,3.6631038239162703,157.8808042158083
22,1721,1031,24129534,69757741,3.9818285101175865,171.63565459541428
22,1554,384,3705610,27875190,0.4001283068101873,85.10753935167676
4,410,473,871749,6957383,0.07969192537002473,58.187911818711065
24,66,1679,65005853,579682492,5.937821200899942,269.5453154132994
21,1423,1609,54117116,251434487,10.145039962695039,276.6652027345462
14,171,261,936478,9036776,0.2029242643774068,72.85629582115246
18,383,180,624790,3576936,0.20953430929252556,93.84660943826816
13,581,1724,36707418,241538347,3.096069301539003,193.87127826129066
18,1231,1463,38228200,346791960,3.380667106254222,193.24597608191755
13,377,1508,27891978,239748927,3.007656139372592,146.37389164987064
6,649,1065,6379360,17897557,0.5692645602814222,96.04728545304586
15,1924,1798,48763568,390016973,4.472014270994226,241.55038829654677
15,1678,1759,46312721,265925446,6.801852453620805,295.11523795275843
14,1838,962,13822026,46477613,1.0375788689985348,136.29123478330197
6,1956,931,6169747,38732015,1.219651658488184,126.89392910447158
1,145,808,126058,888438,0.07657581048008143,80.11485114605858
6,1599,140,324110,2411950,0.06067265658933323,70.05780074326874
2,1402,1952,6570442,7367808,0.41979829629412524,83.33122856760212
1,1142,166,191408,1142401,0.03917465686536563,44.25651195283749
2,204,1413,2301787,14799802,0.18404157108852548,59.76284395981094
2,146,934,1019938,8556230,0.14140435984235356,56.81957878775154
6,124,1808,16597450,56176743,1.1863738635091892,130.3940563325692
15,1447,785,9782680,22999496,1.0525055078085788,120.2059609964198
13,84,1341,21722869,178111971,1.6410509141771628,188.61534636323236
10,607,691,4730596,35251915,0.3967559880401965,93.19463366076282
14,1571,621,6003838,30940251,0.48140980602489286,104.84390431749704
24,807,32,50474,310137,0.17019344949479398,51.58199897018966
2,1142,1897,5787757,18725517,0.3209165082717016,95.43465373636727
13,656,1179,17481043,143785120,1.719674432872878,125.46331046638412
12,840,483,2982535,22552830,0.33651696469378206,104.08101751746396
21,537,1795,65460070,318710469,6.942662464735087,325.8964383748106
22,1336,620,8920570,31100417,1.0475190980401101,97.70271491253347
9,1024,500,2521510,20730224,0.2641322275452265,103.36664472210438
8,499,1290,12315640,113275704,0.9027772061681243,152.4739137898808
17,907,805,11120280,26993251,1.0590890741060515,128.57296801352658
17,1976,320,2279370,3860730,0.2026472832017172,71.03357729972056
21,1586,664,9891618,55471391,0.9035682054584588,91.44644773267522
21,189,968,18953450,76283702,1.9407143581079989,162.13780330487623
2,1745,101,187668,411081,0.04298189424621118,81.23671047811291
1,942,83,79109,364802,0.019920831306420438,95.00142718007889
13,1010,107,247929,2258688,0.14441610284641446,76.39004546962383
24,1372,1776,75043114,102693419,6.243649943842374,424.2076940252342
8,1810,826,6285870,41892739,0.4808805268488257,87.02924151512096
19,563,1905,66450220,209210307,6.184726679444078,340.3409395753844
4,364,1603,8314771,48417679,0.9161488501191769,116.60507332104643
23,1347,619,9283772,10833737,1.1647260906169588,107.14763609141076
13,792,510,3536860,25624009,0.552720187854094,104.13305998462069
19,622,308,1908070,3563761,0.4479238529623503,87.16188853165204
23,248,871,16934863,82848583,2.019288404666033,134.6935443898789
7,290,260,485430,1541023,0.12807236800547317,71.03729250073897
15,144,745,7896265,72190262,0.8676202457548307,120.23346332288482
7,982,891,5653405,14132728,0.4234253959947041,102.06541866223507
2,1721,588,1364758,12639439,0.1642375026426458,69.76155621057545
14,1037,164,523662,3033428,0.23487315109691823,56.414495522542396
19,1054,1870,64969420,506344302,5.5881886621879575,357.1878686888203
4,1488,676,2386290,17159270,0.18695739910458387,61.457705730652556
16,588,53,74687,162952,0.1304613470518289,71.14525422782361
10,86,2040,37670650,136115352,3.5242576655288147,201.98789007557286
12,306,200,505610,2277879,0.19094994524428344,48.756233030969
8,1756,1203,12264595,37847024,0.9306497711329632,120.3301696766313
6,1013,539,2007246,11927483,0.21300621335113362,75.20156844529247
7,560,74,75564,611573,0.05770889903430766,85.29634608391298
13,874,624,5232250,35304719,0.4330579632432697,99.86732053184184
22,1319,1007,22655496,182493324,3.137317965329338,199.33589194138668
17,1164,859,12829175,57339416,1.2289710944341459,150.37333484874964
2,165,1987,4299878,11285612,0.31071887523392466,112.11374275798268
22,1314,1766,67870922,580833936,6.180526299180567,346.2262244756867
21,1633,1405,41818430,118528438,5.1323769022416235,211.00525106388824
9,687,1218,12728110,69557457,3.1006871522109636,122.31482608684692
14,726,1533,31700917,260112258,3.1292537241979343,220.14161699074967
3,1382,1557,7020523,30569506,0.4900853955093514,122.63574769424505
11,1846,1759,34224873,88494753,2.799782576946482,217.46624206460123
3,906,312,481426,1911103,0.0737358333746397,66.57881456681933
14,1282,1928,50841370,377197703,5.2571749297566335,290.0249483207507
23,1882,1651,63129297,395010955,6.097171140442576,269.3794204528935
14,1280,376,2328202,6503538,0.2447672306283685,69.47986079756592
2,1789,977,2714116,21176996,0.15669055909909382,78.80451829628812
4,1425,1918,13796184,24510465,1.0242793370299519,124.6717038223602
18,593,1264,27945786,217264830,2.6400484331295027,175.0440728696533
2,400,1810,4021830,19341664,0.31129913175307894,80.52343808252638
6,1780,1368,11814058,101024205,0.9748814439492245,108.80452711965228
8,220,1886,25347850,66877648,2.196814518081325,216.240542138911
24,754,717,12389053,121699711,1.050802088387828,132.1371642451171
11,1150,1929,39469279,244187434,3.283392474010444,262.0062373657643
21,2027,330,2857150,6090950,0.28995405304711686,68.60229944532463
11,1161,298,1240286,7941113,0.14981854610644865,97.39139257193334
15,1679,46,108018,670798,0.14171396605739803,90.02615648335325
22,188,996,21051466,49342359,2.2013479651878094,153.97025270584854
21,292,874,15559832,150150528,1.6270051184883858,143.49064645558707
20,626,1999,77235373,208198781,9.265865750942782,319.0058549372459
10,2027,233,965562,7804845,0.25737582686020205,52.361165425821866
19,871,1156,25094458,237138699,2.5657837388957154,195.8671750842938
14,72,582,4459294,23414066,0.489487948423898,124.30899669842017
10,699,978,9311548,89372371,0.6674585207359968,97.23669463598466
19,1664,460,4587590,37906062,0.5220869519653775,117.15508894896486
20,1368,77,220307,1571671,0.18161950790759962,52.322128266222485
13,1956,824,9778418,46869487,1.1550792632294187,134.11766613623934
3,1640,1749,9009109,77940838,0.822000673378502,133.42985954116105
3,1714,532,1484822,13760121,0.10431118081902371,65.9672473080285
6,700,1980,21019690,90455572,2.260423224669045,156.33726530211985
12,512,1525,26396235,255659743,3.0603029503439556,166.42632846819683
6,1552,728,3791434,28057720,0.3032629664858067,90.8306632615462
6,1849,1370,11939560,12106121,1.176729200038758,127.2722600866354
11,1014,1563,26047405,38637156,2.3288776493694288,202.02044915802395
23,1610,1295,39022245,118707647,3.2504785792443074,237.7036346523486
11,1555,1461,23647756,66726019,2.310953099124925,205.22691617563515
20,1143,1007,20448152,70639375,2.467902487253508,146.6826930549954
13,642,1955,47164385,327580587,3.9456538995345998,223.2211538889452
6,956,1710,16282630,44518074,1.568196868149752,130.26234568348747
24,1587,1514,55174712,453932790,4.3441740659378505,329.4069897330534
8,127,1087,8428608,84260576,0.7264028255508261,94.52265664037623
23,1052,1363,42349783,387296128,3.769099008908735,217.44642697067732
14,1869,1956,53439886,131301886,4.425144932354148,247.5338563685536
14,1843,494,4094776,27129541,0.353845078803273,104.10938865494604
1,1738,907,1586353,14608632,0.10177720192291517,108.0068588326098
6,1654,1664,16623370,85115618,1.1423138643270707,127.780194708715
4,321,214,209088,1951407,0.05937953601859843,50.23946691286565
13,877,1319,22064242,125174570,2.084098215928747,186.30458966385885
18,1132,912,15197578,107895859,1.6170062194885246,132.5197836203838
8,1522,1004,8602282,40489101,0.7803228575415898,133.20321690716955
21,442,908,16918774,122945671,1.5089255638796288,131.2201277891385
17,1662,1696,48887210,103843523,3.96399889209211,282.40214305069657
1,1505,501,759526,6036152,0.06567929756675575,93.60882217057005
8,802,931,6830757,19200939,0.5597389854320566,99.4342118958857
1,1959,414,815590,7506897,0.053133289346068785,84.25311373142401
18,1106,406,3262626,15513317,0.4166703544167958,122.36160052844022
21,822,991,20486953,156605729,2.3680260735038465,165.8635805163455
20,467,1888,68664682,441481732,6.602670304802298,345.3418138029247
12,648,673,5433139,22685204,0.4596490246737314,98.2258516438901
18,1250,1095,21782845,92513819,1.7619791063892842,170.95427517503086
8,1266,1669,21641933,62088045,1.7420168938793756,190.26053008079654
23,750,1416,45219970,93611370,3.550966922598902,263.7179652040162
20,268,800,12398410,39069835,1.089393794753767,104.17274408343822
14,1099,921,12061426,87674321,1.060826188170802,105.33468773199266
16,1195,482,4073392,29396804,0.44931331522162765,111.03449103426242
24,1220,1712,69558570,511576554,6.1533325778764665,315.3239367725789
24,1021,1266,38199028,156939490,3.6216504445554025,237.25159642983664
11,110,625,3988135,6844141,0.4973382206913786,87.74910546588082
12,913,1098,14288284,112284901,1.0908592127292547,113.01373777641439
13,666,1368,23399650,192753876,2.8639357541740904,204.5537772520275
13,962,249,989287,6122078,0.1751740197402523,59.73786892461297
20,1636,1387,38862363,333104446,3.298826535621746,208.11738569452018
18,979,1417,35561042,284240651,2.5847703549877488,188.7602063939371
21,1256,1863,71813071,139187112,6.929654572540403,368.12018745692035
14,188,1174,18166486,124170929,1.7515027027778474,125.97027434403721
22,155,485,5030430,17326884,0.5883115086173843,123.70320441699344
16,1522,1696,45771658,58760587,5.129584339164116,262.19604502586594
21,1471,1092,25489474,201379473,1.9719908071388064,142.91705128573736
22,182,1778,66767466,243456063,5.5183368113398314,316.25209257936166
1,1677,1211,2044178,4931236,0.15490602451740204,86.14275377700913
15,1256,1803,47820979,159046472,4.233184000117863,269.016088892798
5,822,830,3450320,22322063,0.3197960829329841,117.05935890902136
14,245,1909,47889184,194662730,4.6910210170656645,252.3566452732965
1,1817,1847,3376326,27602091,0.3143671906964552,115.21131458020788
4,2045,238,659984,6099394,0.10855595061530672,81.24686923638181
9,1785,1041,10547422,96897458,1.188939935912653,108.99799784134717
15,2025,951,14611174,70548921,1.2546662673083007,140.5690476636001
12,1210,1010,12465430,30617834,1.419347606450677,126.14703858591356
8,967,1381,14710422,34904057,1.3077748538056746,122.63634602880197
22,1467,1719,64630972,635093202,5.842035803888447,292.438059944667
12,933,789,7601236,24241206,0.7411314868713225,113.26813880838516
11,1604,800,7700010,55493826,1.2105282543967784,122.07362835100723
12,1441,809,8382868,69566115,0.6635538976703229,136.35581260168885
2,2018,554,1431546,3014441,0.13166474927993033,61.60600229159768
3,1645,1468,6744002,55272778,0.49674065005393714,88.6731602868589
24,1759,1676,67611526,542603317,6.137467418111577,308.2618634232969
24,599,232,1384818,12850581,0.32476377937761824,71.44595006418314
21,1894,955,20078885,74477784,1.8224051279645999,141.78012662569168
19,1807,1925,70235560,625010942,9.180460361800879,391.542995948866
8,1565,1072,9741274,81882483,0.7791012011400945,97.6842973948054
10,589,788,6068398,6706277,0.5421972367988871,101.61666579001722
12,1621,1909,43223588,271871093,3.759158078867643,219.42374385699134
10,203,1977,35617642,195308649,4.881002926201626,203.17811951331683
21,570,1736,61317266,115928186,5.3839175927403815,336.6741135956509
14,1376,201,806623,978178,0.2596747274222973,91.58050997941812
7,603,1551,15395236,30441924,1.723048147857488,136.1518188735135
11,2030,405,2470915,24690535,0.27658278301329453,86.21130761353864
8,741,979,7452158,52685747,0.5354577618761703,80.81511108542449
13,1441,1208,19279690,117307117,1.84952941581695,123.04940372746084
13,903,1414,25302126,185491225,2.069168171087945,160.53870872577414
7,150,1569,15032599,120276280,1.045473233801386,125.09725068219431
13,1830,1401,26149675,85478714,2.4920653586166313,170.90288397025782
16,834,44,66890,79428,0.15096310409616012,103.1303952387708
15,1548,1158,20595040,155337467,1.6960295917260326,133.9976089794547
4,1500,954,4174714,9584313,0.376054257635673,117.60674542011995
3,969,1077,3377482,10341449,0.20323776567147364,76.66888280517338
12,1354,514,3613430,28637912,0.31389769142104834,80.39925932617638
17,1654,1960,64760370,78538388,5.889177377819049,316.94248020708386
15,1836,1215,22928275,112101433,2.2613592302929484,186.20515201168416
9,1072,1571,21458299,29884339,1.8246576032338704,169.14330716617954
1,1621,653,1065706,5529457,0.0806796788114007,74.5560437940306
6,512,1597,13595271,31204116,1.000840943699521,137.35524567630728
11,1492,1626,28898908,231993636,2.5919641129213686,166.39636286085215
11,1286,1436,22497822,92761136,1.8447970247863568,158.86525860641808
13,734,1755,38288845,275130905,2.811401191998647,237.40647124344608
22,180,1887,75176203,662473801,6.5190472407796936,330.3064347645198
17,434,1157,21951771,94055388,2.0572549684899464,164.82255577212845
13,1614,570,4831900,38968481,0.48283924287326413,105.00493388507753
20,1661,264,1770658,7555336,0.28556026655924516,74.20632263912704
19,1133,1569,46134886,460183021,3.9178845349142484,221.85841273987688
14,81,1658,35910632,80970653,2.516335276810587,189.71545188202288
18,353,1050,19142560,100971211,1.8453583859572087,136.19990346792704
24,919,1635,63042340,124614523,5.054832549905499,335.39238355096256
23,1118,385,3704095,30839683,0.5829644646131624,96.08491483981048
23,819,1936,84107594,506478423,6.936237972114035,409.0305796102096
20,1902,1929,74426617,281176209,6.803433207672327,337.1394671607788
23,1600,1203,33803107,85864749,3.6322794748253013,239.0171683923209
6,708,856,4283434,8258717,0.5665562999981393,66.20915373234122
3,610,52,37814,129896,0.049860415369052564,93.78422153726935
12,1269,1289,19940840,115637150,1.5949956762132735,162.53593521994782
13,1003,110,258070,1107457,0.13607127995659932,84.28190194444647
15,136,691,6795995,31493169,0.5063036767009604,87.33830631851993
6,1149,300,799510,996182,0.11312456512699427,80.91186728655359
14,1476,1441,29155763,221176448,2.9791520236478917,165.08267271216224
15,1838,192,873802,6362310,0.1446947927409258,56.93211618401532
2,822,186,189730,886747,0.052439791186004864,69.00887079041001
10,1847,1677,28441930,30543653,2.301870817738849,160.94043464800123
14,577,116,244654,1989590,0.15435714987805293,102.58510746423862
21,1256,209,1142613,10916669,0.28184359026101913,70.59595206690605
17,785,270,1385650,2724659,0.2947090093700088,89.74905455976592
9,921,1001,8956958,21704699,0.8928737714680071,89.39256681019864
18,881,302,1824996,8594407,0.3440469654766025,82.65879072837996
23,721,1661,61948666,500326134,6.961950243355311,327.98691587981483
20,1831,121,503370,3189776,0.20626313022616016,77.42947551429516
5,1696,776,3736450,35290982,0.25370666309637013,97.49122772691199
1,1235,35,43620,183293,0.02698520231902712,70.77637228154478
2,1940,807,2226523,11126179,0.11786763623023085,62.39688177898819
11,219,1702,29376530,178908439,2.117155671814969,212.67956009533142
22,911,844,15754958,41766202,1.7330254735512278,152.54727950529985
19,1645,524,5819554,33927983,0.5772766148382746,75.30384718108559
12,602,1701,32888845,76322852,3.7309628269721946,220.1807011623667
6,1234,1565,14202385,55614223,1.2021581007512108,120.41766857532548
17,1424,874,13490200,117340868,1.4107458074780233,138.71337314113097
14,1216,483,3631687,29810697,0.49665640879930933,82.45497625304361
14,1509,1367,26388578,108835022,2.2600789938946435,161.58890479536288
19,2026,1193,28070107,263422704,3.061617105904312,202.16552295356917
10,1473,1161,13864672,17602403,1.5733912215979355,121.5008143790966
21,1415,316,2454066,18803700,0.39836751717561325,79.80035044399762
2,1732,593,1385851,11459471,0.1178697420234118,73.13983727249793
19,1198,1818,61722928,546008190,4.524892513121871,280.69651181490286
15,1031,1119,18711928,181529962,1.6897327457600235,183.14822878336693
7,1013,1127,8781594,68989419,0.7067444534170919,90.54629232497096
18,1437,1999,70860562,466841885,8.55661288302831,291.7043023473625
13,948,418,2502576,22984621,0.3397641510856655,100.89281674089023
18,771,1897,62692066,201075639,6.354676540068223,306.3220386776411
23,962,1673,63241083,180847232,6.2435177879486865,332.78951652969755
7,844,1265,10690525,64462556,0.9226531054436594,116.89605450273811
11,1743,1800,35575210,306632732,3.144447487129317,204.78236050949977
11,1922,345,1860595,2240190,0.31295535543921243,119.48464838970926
6,1478,1078,7420962,14915015,0.5644139040887295,102.80315736082805
22,708,143,535259,1892820,0.2508843257874322,69.58273891896052
15,1461,918,13162294,127315534,1.156416989832516,138.54234821990738
17,530,976,15784858,136814004,1.5505964753262829,162.0223514429383
21,1553,1259,33695886,246441485,5.570193119178638,166.1011507032343
7,1064,1888,23428202,137577969,2.2097147297784683,159.54609057748962
4,1986,1615,11054685,63051826,0.8551138314900284,115.4185274000494
23,1411,821,16014436,67230541,1.636562060922518,146.51505095165214
2,1335,1577,4611158,27670148,0.3259794004326009,91.80011927891877
2,1394,1085,2702745,22676551,0.24553360316047124,99.13333355738108
14,72,1034,13998302,81489552,1.776592847595377,119.40852427293035
15,1570,56,133234,1288186,0.1161495685999161,69.43897400946445
23,996,1053,25477345,39155830,2.870956459219828,154.05248355290004
12,655,1502,25832908,212825702,1.9539612137833926,216.93606107884276
11,1623,95,246440,498264,0.11487352466779537,63.06070022384984
5,629,483,1244218,11520369,0.11036827260895575,75.02317644350701
4,224,260,264690,463301,0.07194372128990842,102.50561926279066
7,1312,303,953551,4877047,0.1094847711307048,62.4426128099567
8,87,1072,8156858,23466437,0.656514402327203,115.581717674425
24,1159,83,257476,1431783,0.16335471666924173,55.31523876225696
7,256,674,2909668,7697433,0.2360869591974686,101.71791304109227
24,946,874,18425678,110236087,2.191656343612379,143.97944021802087
22,1015,1006,22306048,188623417,2.7318239907525643,171.63879260979533
2,1978,1654,6027186,30978574,0.34386274735582195,127.99806149301205
22,1468,1158,29897254,224681239,2.8769753261026763,174.45440979012662
14,1726,1740,42403810,74676498,3.8101822073922653,233.6438791563561
9,1507,1298,15459190,92195539,2.502608310430587,98.3012676516894
19,1975,1868,66553114,159471436,6.256629024324949,372.36420968451404
14,1518,873,11253853,16101841,1.015566418862236,93.46595607030869
17,102,639,6615577,48775750,0.6781561303778352,74.06533705510078
23,1875,1139,30714284,127373295,2.5059622142759155,183.23769124178128
11,1576,953,10604041,86599907,0.9473864138132934,96.00140661081373
24,810,1033,25414909,122239101,4.713714853065755,176.21647006788314
24,1460,1983,93405259,452049470,10.20257943812153,465.16308899538154
21,1206,427,4174789,40316721,0.6329660503891777,102.71190374801142
3,1682,381,936127,4650526,0.08702306104981519,64.86994114558688
13,671,513,3514060,10826432,0.3508739200784101,76.00712262230454
18,1073,1340,32000550,141518054,3.566390427317021,227.64742497243063
11,279,654,4473370,38676335,0.48401319967960454,103.92945623319817
23,1546,109,433503,2210544,0.21073467161423512,84.09212238915269
4,133,1135,4031530,28921123,0.32884932151779855,92.3948019825008
9,1928,1090,11627040,87823782,1.0080368636215506,118.42282054157297
2,77,500,294510,1201860,0.04844929258143049,77.288117598883
23,142,1412,44109478,109429004,4.7469474109076835,208.88332855245093
22,1490,2020,88762850,92812475,12.906153452123553,405.74620902557575
8,1752,1753,24613883,62224000,2.420550577467586,171.57628515144506
22,120,678,9756430,86635777,1.3562867602264812,136.78266335901998
16,632,754,9023882,12666758,0.8015650967104838,138.70692154230366
13,1587,529,4209792,6960669,0.47868405534997205,79.94495395831724
19,1162,368,2875930,10186520,0.3646129131923918,85.90200941507075
9,950,1133,11367399,64167964,0.9389135990085514,137.89979417471125
12,1070,676,5764938,17195411,0.6473807462223491,99.26766903406016
14,1628,407,2825811,14946690,0.38652371437747124,94.4302449171746
1,738,668,500342,3160976,0.035406521674448486,55.33542564618434
6,1747,95,212620,1615100,0.07552441268978936,67.69262100227596
8,764,1156,10258354,55184941,0.7215009196581946,83.8753904720449
14,314,1834,44346130,272754186,3.4258094792328344,269.8961438525925
10,1098,2046,39962482,127037062,9.59530212797423,187.54975702326215
4,335,600,1289410,1667645,0.14150916679883138,110.0394785070126
22,477,1278,34949476,142676429,3.3276470973336623,230.85861769205385
10,1677,1960,37900530,110667620,3.785566404877049,228.28339924449566
11,1768,1601,28496209,129873982,2.7525280017526494,191.27381260341303
11,1564,386,2101780,12602905,0.22241265129528998,101.14448149080941
6,349,1791,16692130,42592459,1.4702981421519978,126.51441491726264
18,1785,248,1495202,12523953,0.286892100254125,107.00730595886921
7,37,1840,20412970,100628625,1.9681706589463055,151.7597538671025
16,1007,759,9425272,87294773,0.9564627386184217,134.67976107426855
12,390,1481,24737153,138731179,2.314974957144743,155.221205637646
2,1082,1661,4576065,36411082,0.2999181813248755,114.64659071755139
2,344,582,545926,750159,0.048960350033753416,62.274269951952945
6,68,1652,13784298,133400826,1.0666659619744527,123.68058669190471
12,1014,1574,28882910,67617899,2.4920760401349833,223.54441473872933
10,96,995,9025655,42005626,0.9575897220904691,112.60696887099127
3,1005,1871,8905970,30389437,0.6553980227141096,101.70217492752346
12,1894,95,281305,782586,0.11603037937586963,93.69549588585805
13,1152,898,10732008,64824865,0.9886505043974317,119.36535619094064
21,214,1973,78337975,711815256,5.3808691125730554,339.0019756601086
2,1285,631,1216578,2638914,0.09499001352175451,101.54287576835516
14,449,1975,51642310,359415588,3.5206098787807734,237.49452142938966
14,1440,1583,34894079,229629067,2.9528942698792853,174.47234078046858
12,1808,1962,45934354,262570341,4.742303075552751,254.09935565433315
14,1803,1566,34741720,103749259,3.2242054585213014,197.46728219142773
13,437,188,510618,4787457,0.16588101158040605,81.79038389513254
22,1260,568,7508970,17196007,0.6712057392889795,109.39275885162385
24,931,247,1641572,10520817,0.3384776482706317,70.79476674534162
19,1288,482,4816636,35874263,0.507546105520165,71.25825470613694
22,323,1539,50285296,255295107,5.413214340083557,290.3935108987126
11,372,494,2634512,8200424,0.24998935645504045,65.02902265846718
4,1823,440,1389090,7258724,0.13818447257397296,76.85523579460285
16,1441,1957,60318664,162015520,4.533890393576838,291.248239863958
17,525,1513,37461890,249658958,4.327254390736914,213.07739936261876
7,214,1112,7676146,68617795,0.6355064558577475,118.45105263586197
21,2010,698,11168708,29064481,1.1928307217573926,94.58736861628446
11,753,1484,23171186,185971146,1.7763543078498345,177.59762550363223
24,535,1833,78320434,369520567,6.261825465662109,418.197064202828
13,359,1168,16816874,18200866,1.3486011791795383,119.8096869297625
22,1260,1385,42072155,60721927,4.801328106158793,243.18489737000877
6,1569,622,2920300,18792052,0.26219739578151147,80.47766677199591
3,734,211,246669,1694518,0.06011292696312391,94.42637285753318
11,42,650,4265960,8713272,0.4040457422487412,96.2202580503181
11,1518,1042,12461288,118473082,1.353304717955688,114.88030217864969
10,127,1464,19504882,143554607,2.106453488657085,167.00694343119247
17,1207,1879,58808952,497934417,4.4836606462023285,259.42433496055855
7,448,1156,8555566,51272626,0.6006338898339626,107.57162208284434
21,1563,1310,36410150,220947351,3.3793464954232646,202.52587516563676
12,1490,119,335709,2675669,0.12196648261361923,73.31744642215057
14,680,520,3881290,26605403,0.3500844591410066,116.8403021820359
20,1204,666,9249418,50753624,0.8842049133006241,95.07971608376018
12,1246,1554,28534558,173547898,2.8889378813785243,191.21995624034662
18,686,1431,35833681,147469761,3.1175400887502875,185.06753385860748
17,1914,1995,67552705,290199197,5.839954217373236,363.05873601879483
16,1434,1168,22168650,54725296,1.9152040428069679,164.05312241970415
15,975,259,1198144,10523733,0.2995070386374504,96.50819525784397
5,1278,2011,18776717,47347385,1.9584466378315326,151.1002020641679
22,350,1639,57038849,162717042,5.629449009336842,261.43295101898644
24,788,2039,97299051,673033210,16.950403043057516,436.16424612019864
11,1783,50,115210,850047,0.17183228590425834,85.84866222562431
19,2024,378,3347956,19851093,0.5366808350469806,60.15813144446108
8,1390,847,6214449,31531823,0.5100304316802489,94.52970721508864
16,1800,1701,46507051,456005974,5.908741638342945,242.93513787546792
12,1194,1128,15367882,124290126,1.5439236717802414,159.5754411960581
16,532,1549,36855367,141406735,3.8672124200816174,252.22338268157569
14,101,1395,25472710,65416603,7.385333155422555,186.7685532082402
4,1674,814,3361830,10551303,0.4143350136992263,106.92481151426047
23,1553,1377,43898770,347299551,5.09639535545623,219.88217527108654
21,302,130,381300,2024569,0.2180063771933908,104.7891598752187
20,1514,922,17575174,69433213,1.6011488900472175,130.1898474567432
20,1380,1184,28304714,197069815,2.891984832965745,193.0907607428064
5,1392,1775,15099935,37502411,1.3762029633551978,159.28949188035125
21,334,182,728920,5655053,0.22700932187821576,93.30459245805194
20,2016,1003,21166319,190214733,2.495352306992897,132.8504943313793
20,1284,628,8318498,34836442,0.8853581417448895,121.21664764150674
21,1713,1872,73352458,117461261,7.8071803639021455,356.471759702013
9,1326,1965,33532735,288243151,5.9167737580607245,209.66559242055177
1,570,1853,1076603,8822267,0.1142871469357805,104.12852232354777
3,1572,1349,5777777,21382342,0.3937773042370765,116.0257324452336
24,1836,133,655567,4456490,0.34172868429486686,84.5201628029758
20,1276,1321,34881015,135947450,3.342356635788984,194.31027672444282
2,832,1094,2120182,4974492,0.13893136212084842,109.96260799994054
2,1449,1215,3251350,4465784,0.18459496677602127,99.86267016572073
8,481,382,1212096,2060340,0.1631877502776176,80.49359047811305
20,1461,1993,78440504,236543129,7.554244070779227,381.6910464696575
6,493,1563,13010422,72203837,1.2879844809385739,128.067417122368
1,1204,323,392455,2971781,0.052503459058033046,66.04125653976203
24,890,305,2421405,17762887,0.42251524370838783,101.64575618507038
16,948,1115,19734395,24665321,1.4847030338018565,164.4746095733937
13,662,1032,13487218,86971584,1.2723488281838993,88.2548352782082
10,1890,1824,33426634,218957962,2.9456775251793066,193.09468436796774
21,996,1366,38722012,162743266,3.0056593544439423,188.49523213933367
9,52,291,698119,6745808,0.1917213125307127,100.94622488461253
14,274,1022,13882858,98497984,1.8770730642115083,124.64923746015481
10,1886,1201,15270725,110752806,1.2393554705043415,125.81906352489483
3,384,873,1870849,2258140,0.12296084802968264,95.46610352496859
24,1622,884,19437402,116111226,1.9982192040237714,179.83324609526886
20,935,1738,59069416,506814327,4.4675016863037555,261.88269310438295
5,693,502,1363442,12832651,0.18873393902005556,67.98961061140038
13,1218,882,10429660,47407542,0.8002477617973686,118.97955736087786
17,556,1613,42568693,222571957,3.685900216056221,272.8987365837771
11,342,739,5729477,22557164,0.522158382610115,89.69947833619247
17,1248,751,9981551,25698762,0.8869322267741303,89.34455344110353
5,1756,1043,6198559,48428833,0.4601942046811956,130.13398835742123
2,766,1871,4956289,46757295,0.3458110474982917,106.32237624341312
21,114,1374,37956760,356170182,4.781336563330994,260.8186558219688
3,1095,1368,5258602,12754689,0.39040544971312885,113.44779979074752
16,932,542,4925706,6833250,0.5078234647139176,96.95078644360723
4,429,1330,5895900,11775692,0.3911005377515954,93.43550314692098
20,1982,1012,21494890,59556430,2.310299205861521,149.1666259176248
1,1359,203,278120,1597169,0.030457886084099724,59.5457885401234
12,1391,164,527598,1954163,0.15790394306112157,50.49769828669429
5,1317,1510,11131730,100051772,0.8129548484537568,127.07554904242656
10,1694,328,1530458,7762424,0.15189581448899286,83.07380241597734
2,1735,1618,5444580,10374005,0.2978794875861034,78.96803400485047
16,1418,178,732302,2274840,0.19561198395357665,66.91747623232997
24,615,1111,29110432,128188048,2.759602127497336,216.182809913418
4,910,1495,8086465,20503966,0.7816191378005236,84.4570123883434
12,1729,425,2731060,17114007,0.43838624856930103,66.5451792366281
7,1743,1903,25077744,136878655,2.1689004338616598,132.0468470192528
22,1812,134,624182,3267611,0.2890901988844027,76.32000438152916
16,1761,2018,64691036,231143851,8.865728805098998,327.5598139866307
24,1338,328,2924458,11792593,0.42427450366058705,83.5473954260243
6,1522,1309,10580657,102888364,0.7021918456825972,99.55076945780323
23,309,288,1923274,1987236,0.2915311372704527,72.30638931866747
21,132,147,456151,2861479,0.2093313255584154,82.62125456075545
24,455,1301,39566022,284603282,3.261936923831733,247.0688767995283
17,1330,1155,22911745,77158599,2.113096380961891,160.92549160568078
14,943,400,2466810,13404989,0.3453277846957701,63.78771093692015
7,1656,589,3066933,9185912,0.2508798434038069,60.57139482572833
23,1050,1381,43453175,284924710,4.272679287112701,241.5651508211292
6,1852,105,251275,945177,0.17659647596311476,63.65056949165127
7,1179,1514,15563930,130321175,1.4142961076211276,109.31968099817155
8,1671,64,136778,556614,0.0903411159105655,62.30175074183459
15,1328,1722,43843852,424486333,3.7805936498790302,233.46706070351556
18,1496,440,3961770,25704583,0.383594747544383,92.90232121945215
22,478,1567,52364449,357891870,4.971939359680391,283.56794790445343
24,1739,793,15869526,20912858,3.0237798007509613,137.01632758910478
6,1026,1503,12861181,76792253,2.240944720340088,161.28507304561998
2,1710,1492,4795298,16604754,0.3124915888847747,118.17245412280168
11,827,738,6072274,40603380,0.6072400070564351,126.03826765049195
2,769,1896,5075602,38622346,0.3642532216199033,107.407886513257
16,595,1319,26915524,225943915,2.56793622277145,166.95750207437234
8,1962,982,8694638,70496429,0.628884393617976,124.46214638671763
10,1151,155,397740,1351850,0.18524029567085198,61.036144140511865
5,1575,1717,14522396,44713398,1.5190958026445411,118.02565602408146
20,807,946,17795216,170035117,1.4595131435434394,167.63304135261512
13,528,410,2243120,13598372,0.2837144240404915,66.72527776497246
24,1674,321,2918221,21366407,0.4351578984434773,92.23125407819292
10,1683,1726,29751072,77749939,2.7080438671070484,174.51187260873655
8,792,1807,24320423,235486750,4.510752230936304,160.4939652837259
24,1108,812,16092226,125855397,1.555788451179821,129.02653178770655
15,1658,755,9251025,37840523,0.8153537710538957,144.96029097886108
8,1159,919,6993600,36206293,0.5022347626345434,123.59873898734479
16,134,922,12898790,79913550,1.3567126318636584,113.75749633186491
6,1593,1210,9267400,86950598,0.6455441060570423,78.8889547041919
18,1865,1988,70949742,124461528,11.904351696733002,359.24716064995016
4,1954,951,4584781,45547157,0.36313637370779817,107.4306066104006
12,1952,1162,17146482,155836358,1.5806409445457617,122.08773853064618
21,243,1188,28552402,271972823,4.572781341551345,217.24825745329565
4,129,74,27020,207462,0.04999541448049773,85.51356765318619
5,1393,280,707850,4932319,0.08610975350023548,81.78078911196333
5,616,1031,4902415,40412768,0.40915412216754077,79.34301814416261
18,231,1051,19050436,123487143,2.070053447623534,140.61245217880708
16,824,874,12201050,107282050,1.1522864036354357,116.70854880098312
2,1700,1229,3614499,14662797,0.2814872694204934,72.54298671029193
9,1607,534,3149542,15473176,0.3072605994541586,108.65367980926202
1,1563,251,395084,1965685,0.030011337962699662,74.26900527291824
12,1917,1848,41149426,205531970,3.907444274435419,218.11284434779049
17,34,585,5511295,13209291,0.5622790638107134,74.16817433880631
12,1434,1259,19269005,67402300,1.4985613130541813,128.4652071773886
1,2047,75,154360,339996,0.03282921588338292,87.46158780860856
12,200,1673,31159635,210997280,2.4433967901455484,184.601461872524
5,982,457,1291035,7158724,0.11476512054334677,73.11154739915715
2,464,958,1373782,2944472,0.09313297403778731,82.33330313576577
15,1668,984,15221506,57680704,1.3503748841136933,120.32480123280729
14,739,1208,19892146,171771697,1.5719508945628022,152.2570965613521
23,811,1164,30790138,293507902,3.436225426750735,231.85341726432372
19,555,1357,33938580,308290999,4.396751986318798,169.67132095994432
13,1781,1636,35069306,124434646,3.3471778882395324,197.52875670323803
4,1263,1214,5971676,58155216,0.4633062473576914,70.86973845818603
2,382,1211,1943665,4954597,0.1469669749234051,92.67974092106715
24,2031,1506,55274728,176629782,4.813920557944285,260.5137582398755
23,225,1428,45230482,338429423,8.921416248173049,230.4183869233429
17,1375,104,318874,2478073,0.16085971496316886,69.66936670579791
13,552,1830,41239060,113723529,3.5575014599406307,206.30253834911474
7,819,1215,9873100,14833651,0.7247097677472589,135.8646353710988
14,106,599,4742293,24524276,0.5194686339106246,94.82561128266588
23,1884,1704,67146130,208751098,7.5336604427640825,379.46289870761046
8,816,1020,8133490,73289580,1.0221715061929357,90.66728252488612
6,279,496,1376410,13707096,0.20246661267885813,102.03407163238386
21,483,1022,21414998,102847937,2.6220024615382536,194.13049798540743
21,899,1683,58214980,495907730,4.097071986922969,324.9521257002651
10,803,1708,27661070,233781363,2.268484018806685,164.74997624802052
19,439,328,2090026,19852698,0.27854575838809165,85.27740036152882
7,1484,1731,20576407,45503689,1.2860581218910183,145.3562874972648
13,883,1768,39111706,369505637,3.402838457825786,230.5755827441592
14,404,1865,46015155,114689969,3.7617898434451007,261.41758914774636
3,196,592,824666,2386905,0.09099591402839012,96.41032088046032
4,1882,141,326989,849583,0.057355661309823266,74.13834454344065
24,1623,1897,85911346,267164468,8.89552391388235,347.46275748527233
16,1509,240,1232410,8676487,0.2291512771050084,101.78925272274505
2,59,853,788182,6378626,0.07363739612156397,76.40759594675653
4,755,1646,9393732,50479566,0.7241950507314132,108.41804190892331
14,1433,394,2592136,8884051,0.2614834206058153,76.22472689401556
6,485,1058,6126888,11778763,0.46534108375817895,95.91268015220197
11,1467,177,576676,3999928,0.1352338742677538,81.63277210812709
24,253,648,9843778,18686168,1.1151360033771252,114.45912040627142
18,810,623,7120277,24631454,0.7800704565910929,109.22036127888745
12,771,197,583130,3538606,0.1447937030214328,95.70575779763587
18,892,1305,30152035,274062987,2.3268927506900545,228.24352049459782
2,495,197,138698,788985,0.05054850528035268,66.4889453335855
13,1087,1662,34991758,62405750,2.694050764529621,233.4322416738529
19,940,1325,32885185,264338508,4.055471091105327,216.49242789272574
11,699,956,9827690,12775353,1.0088360151030382,132.7236544220082
1,1294,1140,1487710,7780361,0.11939844913844883,67.69472453884546
15,1096,1962,56091628,521572464,5.99811926184288,264.7576169005176
24,725,1932,87316750,108309738,11.060908078619315,420.74479773567623
7,1953,2004,28043986,167744581,4.091248311119767,191.97556594105168
18,1392,1213,26735743,196252431,2.4441477933495306,173.88556771919653
4,1214,1124,5170410,27673569,1.030691881708112,71.54667268092045
18,992,1725,52345135,96718975,7.822029639925375,256.95551810310883
19,87,51,52744,273468,0.20106752611699313,100.70772592011907
11,1418,1340,19884270,160726414,1.763151118039285,125.28413445677793
14,187,435,2551720,24371380,0.3756723123749437,94.77117471997016
24,162,1341,41623309,364610741,3.487149938455007,197.52748375054227
21,1948,764,13185886,87391617,2.6841649110093417,136.28210790460702
23,1735,1929,85273384,569514144,6.342677654344111,383.10280667026746
6,148,96,61834,157458,0.10039594178316116,73.63336760648727
17,1852,277,1748157,14835267,0.26627535511340383,78.6974587645543
11,1140,2033,43691213,247913712,5.41894640138742,244.42728634781835
21,1259,1752,63650170,277094676,5.223843045289996,285.8656278948389
13,1392,1137,17122093,46227398,1.2980582590026806,136.25352180668915
18,649,1188,24797134,126083160,6.392522508323019,169.24387645659587
2,1919,1160,3585570,26921804,0.28780946144368535,82.73887710544898
21,1341,1628,55241306,211740163,5.741420665211225,325.1880861053728
8,2046,214,762278,3592248,0.16207920142454257,69.82264394062763
4,2004,945,4586095,16440410,0.32870504409449947,112.14059300565371
13,292,1531,28609807,75054788,2.8293895065222032,221.4571265265991
10,568,40,37930,134245,0.08922116411261623,68.93507141133698
5,292,153,140617,317396,0.061312816548127196,56.49985265347846
9,1519,93,212236,1001856,0.07876579696081404,106.17919731361255
22,1998,1241,34860941,240332492,3.886164669433253,256.05574104435874
20,229,807,12582754,28664905,2.63374226523966,119.07754189350139
22,1972,757,13551067,89065436,3.0119125592995855,120.26325532521318
7,507,1424,12912842,13177163,1.1607832618546787,168.02634001334715
21,1129,71,183190,712553,0.2223557819345761,80.57939904741106
16,1027,308,1747294,6638285,0.35581118582272186,65.28589141326779
1,668,2042,1386528,4234843,0.10088152353444439,107.66722445114186
11,2043,1867,38710388,82678219,4.0269501001515255,238.60709459376855
13,538,1756,37987558,344239485,9.427617305667855,267.1899593008857
5,64,906,3354928,22384533,0.3036173474308894,75.3563641877874
5,1461,1023,5696074,41900600,1.0520799263509968,81.5200807956369
7,1503,2007,27218944,117197827,3.990998392739817,162.9127118014783
19,1593,1691,54213470,62589123,4.738081109492982,313.0201266235273
22,649,641,9065032,50228950,0.9566074168629782,109.08980075044184
9,390,218,469364,1965455,0.1370381204639298,81.48529717874155
3,717,475,798010,5207247,0.06605285799744334,55.550158440471236
3,996,827,2202311,3138875,0.17304216345638307,79.58241967411578
19,746,1901,66521703,346530597,7.2039766984009725,316.3690128646234
23,383,1147,29420560,80500113,4.410377029568296,195.47908485976023
23,1839,975,22738960,111555887,4.740683465864654,203.4360824261473
17,1993,1754,52767346,506820246,5.44393240702504,280.68389496547667
9,494,900,6941710,44174650,0.8277318735561737,91.87373448173538
13,237,712,6268458,8676578,0.7780357277783135,127.2770753202785
9,454,961,7842731,9072424,0.7956346948528477,128.0008117811998
1,918,1531,1422309,1885949,0.08873039175573053,56.54811784745798
10,407,807,6205840,44894014,0.712915872100395,81.52844958126137
23,1925,86,331110,2789136,0.2634232931623753,82.4009565520802
11,1316,589,4256713,13781077,0.5118917225119618,103.24496121397502
2,1952,791,2179215,2205414,0.17327694793395002,60.0377581010015
18,549,638,7287884,52573337,0.9778470126909259,90.87050728278513
19,811,644,8006218,42682829,0.9569653417987141,114.69013563541098
14,1593,1439,29246246,135760221,2.6618273788457985,204.56875916653058
1,387,168,66874,464147,0.025367049357935,58.06044970732977
13,1043,555,4287940,31267238,0.5635909552905701,120.82142632288249
8,1105,1295,13193470,123546178,1.2256237524338782,101.69801009416238
22,187,1906,76706980,90612384,6.3214160451705865,335.17861439612045
18,1361,679,8780838,39734868,1.504068846682277,109.5377262265031
5,1898,1846,17162272,95463769,1.4957060743149453,128.84556441632114
1,1224,1410,1741360,16755796,0.12543547302312855,63.04639604451332
12,1854,477,3397681,18953458,0.3265985392711436,84.37229704900186
22,1531,416,4284394,31241333,0.48029947832107966,100.83491804350791
23,70,1706,64205320,446895576,5.679376367268595,336.38794676844344
13,171,1422,24540886,221425357,2.214696464939223,167.87496265202188
24,238,236,1345210,4282216,0.24108828340538957,63.37641446194611
8,1887,1449,17457562,49476557,1.3853711325444775,109.57637657111331
17,1199,1008,17492842,159204050,1.7957597067393654,150.88669414057188
7,845,1286,11031318,72050022,0.7900956339267711,152.630212922723
17,1615,533,5420620,21919550,0.6402831227671173,70.93911134384348
15,1713,1557,36645562,293568441,3.4318783711009866,216.25657276832922
22,1354,1452,46286866,274247923,3.8494571150709644,256.0196680142963
10,1845,179,622214,2240528,0.1473350559863387,62.591699653039306
3,1398,1898,9882896,61583339,0.6136674015227029,145.40406566427131
16,171,727,8071164,70402925,0.6086599967294759,79.69636263086137
10,1376,1931,36254535,200187119,3.5376007222119985,225.8027746312919
18,1510,188,890002,4134170,0.18989959544511553,53.70048599922043
20,1677,720,11078650,35315270,1.2031034849208644,116.06278971171952
21,736,169,700853,5693721,0.22980527663251224,76.72622638550949
9,386,724,4486638,14616949,0.36298204079933327,114.56052785651396
7,1291,1840,22720330,170997363,1.772682293566786,163.04526871659192
22,1253,640,9424010,73312125,0.8485701158675371,104.10109485428474
12,1867,546,4310680,37359746,0.42579098768491663,61.855213303284394
17,1129,1648,45359562,207815566,4.094831744029066,244.82690203655432
18,1507,974,17622592,95795994,1.5070575340451702,122.75844777146087
16,1153,1287,26362918,73418319,2.186522939932773,207.17041630476717
16,311,1293,25513486,73070324,3.864184931433662,157.10775124824173
15,1357,1786,47125406,401639708,4.156106510294812,253.48352298166967
10,1153,846,7433812,32036403,0.7166970111720062,91.01991688031711
5,1069,943,4579218,8213187,0.3302224456742736,65.24213443555527
13,1319,1705,37172420,122597418,3.5738492564999396,275.50914312331696
18,760,1941,65576695,161072928,7.6433843669761865,325.11576577566933
16,69,486,3589120,8326337,0.4650430918707406,63.45986237936744
15,1851,449,3664748,28740317,0.4665547345904311,116.21176569610576
11,503,284,955386,4647900,0.16118998308499674,95.6260106300464
22,1963,444,5025646,17882724,0.5765039950322745,77.10542959303228
18,899,831,12509884,91147408,1.0191603664428242,109.45042418713246
14,905,1433,28026624,234019351,2.651016753219035,186.63845294780515
21,332,1757,62378781,378311425,5.670448537266112,349.06604555933853
7,1059,820,4916730,22261420,0.4158318522381219,80.77725208047924
14,1087,832,9923274,52073228,0.7787895472375367,92.12300508014927
8,262,536,2161162,21092287,0.21728288904334883,72.26172951932269
1,1428,2008,2889522,17623798,0.19570644616439814,72.64709924390986
12,1210,1435,24419405,191499028,2.7798131638201724,195.01615432504013
19,1597,386,3309574,30452639,0.5168666851863396,96.52997203499555
14,640,105,213055,2051014,0.13038064225320725,74.63227547237916
9,855,783,5589064,42153978,0.5502665430680205,92.96509971422734
6,1924,523,2382275,18085237,0.17925399466519332,86.26703383344476
13,1442,178,640988,6044889,0.1319089732631968,81.14873354595375
5,1976,973,5724169,14174081,0.40635432588357717,67.8307906989728
9,1667,200,657210,2628677,0.11809824874770235,115.61917112537546
11,1264,1314,18954460,36326663,1.7340650111316422,135.93320058356434
11,956,968,10315986,60601011,1.1294003974762838,113.12917141001475
24,846,1301,40074713,138438475,3.6456869800578535,216.52780928442232
22,1765,339,3022534,8589009,0.5500844215408457,92.23999274251125
19,161,323,1939302,2808711,0.33240599805308035,59.83699449087277
20,147,1666,53030456,483771494,4.196594777097655,294.78565326719803
14,1474,190,753930,1463130,0.18581895443250554,81.73433318695825
8,1178,1297,13326685,35867809,1.2591371741334654,142.00081341395787
10,1935,84,227734,825081,0.1424755967379197,69.73333437420646
2,1904,1181,3657567,6842225,0.25405214253651087,91.80652947732513
9,1881,977,9492542,82937780,0.7107883949775098,129.25021437137883
17,549,1714,47992010,464294622,5.23239736406275,244.03644717122117
1,1051,1254,1331758,6708559,0.07560950626907394,114.21197859750424
24,1079,1696,68045226,167332382,6.38718527005744,309.1448491206658
17,2044,889,14486265,38835804,1.2247234926414527,146.407222428481
17,1774,1730,51002140,433586678,4.476470884747062,257.52454742024867
20,156,836,13434530,61705495,1.6187698725398978,137.29931167684157
18,367,1630,45811160,67530565,4.531010988743489,255.1885924373119
24,641,1822,77582592,756902043,6.5992465847005635,422.40151707278125
19,1747,1256,30626314,107159353,2.5815218710360393,147.83545457852819
10,1185,769,6248904,7527135,0.5055815075772839,125.4288122334181
6,635,1135,7180020,64976322,0.8003355011796734,109.41253166573618
24,51,1488,51051802,56764249,4.113665109657756,225.69569558128114
23,1740,1524,53798734,372488793,5.0596950248882955,286.0994960626123
4,910,94,113374,603556,0.07709663581716607,81.45028501836227
8,613,525,2260660,20029381,0.1961444838892334,53.595545947506615
14,1825,1248,22555114,201631766,2.1129432231118814,158.04511733415845
20,1383,1496,44636162,183565069,4.370467517183324,264.96346323357784
10,293,702,4654972,5783300,0.40357624314538787,131.44758157852988
24,99,962,21413168,141285432,1.9645199019891646,148.60011464462193
5,712,1947,16578715,85398206,2.6830614680030562,127.46998996053473
12,1262,1079,14192097,66520425,1.2710352364777548,135.99153437615465
3,1225,2008,10550042,79091084,1.6843959848186094,147.25535810300096
8,1980,228,819442,7481007,0.15319880029460256,55.5574909783247
23,1520,106,411820,513513,0.17094391132708125,78.67454163209027
7,970,670,3354700,9180082,0.2752226106343094,64.7830307625016
16,1405,647,7205002,33979414,0.7517875921315327,107.86968027093346
7,504,1580,15801590,33588911,1.368831373389869,161.83240745630457
14,1435,1281,23201482,160131873,2.1671115572219626,193.54569529224642
12,1039,1046,13145092,24484630,1.679619548670786,131.02797746413881
6,1883,182,511248,3438822,0.1423585887865423,59.39176090843405
19,235,690,8751970,56378718,1.0118171806620784,83.54407280010255
8,681,1406,14820656,135161529,1.36956881796384,155.90806099903975
16,1566,1496,35951882,338011319,2.994119097799713,171.80270127251538
12,1693,1228,18693854,128530857,1.7553397997802034,157.3382494725635
7,40,337,700633,2709435,0.10925856272615421,62.85540398433028
20,671,1503,43974784,313980232,3.4253659040081104,238.25597369342586
23,111,103,248240,668830,0.1538990159303047,80.83885774669379
16,554,1158,20786110,31350036,1.9213474520694824,147.2783411271485
13,958,40,58450,73182,0.14392577617573069,56.35878343583571
16,1827,215,1091780,4642858,0.23404887211747288,104.04460603720763
14,494,1766,41458626,165242657,3.315674592540052,209.9587117666102
23,1528,965,21993325,191670548,2.590167679345297,155.64865457088223
24,1331,1806,77482828,574871899,7.666241243284908,341.94679269515734
1,724,1360,999610,7879666,0.10973979091108345,85.48292107914274
21,1812,1063,24558499,38019604,2.867411667490171,150.69032047430468
14,216,901,10769663,92702195,0.7893362934406479,141.96014807826063
4,1088,946,3727250,22800081,0.2695005301245823,98.21432421134641
2,384,1273,2124647,5012305,0.15246125026823804,73.46953535277086
11,237,103,132674,1127255,0.10999444380905002,67.75671379301897
8,1671,1185,11831050,91099897,1.011908063498008,127.3596310459659
4,1506,1976,14717258,121684271,1.228362693082984,145.74779085469856
20,336,64,101258,926867,0.20837627818282797,73.63425229176251
17,287,377,2392452,18798863,0.4053332175643565,86.10344861212043
5,1673,1279,8702326,61595278,0.5844973658619895,86.57509262311072
13,1359,841,9649644,41725383,1.0633568115900542,122.21841315491857
18,427,437,3445318,19036113,0.484768897472213,127.42481330974981
7,1208,480,1970410,14983690,0.15761024094178125,52.037798099474344
18,451,999,17444548,74331811,1.8231627140132503,134.45435876288153
9,1039,1271,14268256,91859027,1.1766517063191515,119.63343796332862
1,1208,2026,2469704,13369104,0.18326310157406295,104.07944049761755
9,1136,1040,9854010,38819530,0.8365431106326305,118.8608076392188
15,1179,580,5407930,7321564,0.5964114653465546,75.94550688464356
16,1094,934,14131430,118631735,1.3489799554113129,143.7920166772697
7,237,1523,14304026,107967444,1.6357633321205403,146.2523855479744
2,1243,397,655854,2779802,0.058754983609773485,85.39915172098706
21,807,57,112756,537636,0.13948017978122723,67.82594756159736
24,1073,403,4181538,11513928,0.4934457375269691,94.45903611482134
16,1007,1911,56752888,223653925,5.248270053123052,308.18135083021775
17,1940,1868,59505150,436950534,6.572102939922391,274.6496984115531
13,923,802,8477150,56263449,0.6420176192250884,110.21675946458296
3,454,183,152449,876702,0.0765453432621942,95.20817969387625
10,497,1725,27672460,226981380,2.4383119756764566,176.4238833426139
20,182,1148,25283562,113703548,2.496068015216906,166.65742327946765
8,1654,46,91734,829889,0.06914764808000524,79.43512149358695
20,1510,813,13810441,39189492,1.404906731982277,121.49439716500703
3,1975,1957,11550224,16377921,0.6646447399627315,104.96027685539431
16,1038,2044,64843866,585786751,12.962288879856226,343.2136528371028
6,813,1513,12700132,57785563,1.3764701899067613,115.1319980449378
2,114,1655,2947565,22846107,0.24889174839244874,82.41513381788803
3,157,169,85862,366439,0.062186103570129124,71.83275890144535
11,1079,1793,34120800,201632284,2.807599801897273,188.1451944332187
21,2034,1633,56705935,482085477,5.481453851066767,253.70454584110178
22,681,1522,49731360,107283366,5.069107919357869,256.43015904326154
18,393,610,6582520,58928061,0.7762326897069147,105.89127188211195
11,1422,1428,22452454,88240064,2.070968711064024,163.9436570743965
22,1232,1072,25487882,201907629,2.6218522550037675,165.51701520139048
6,382,1943,19649569,70425452,1.3692564742669826,135.40960276416521
8,343,1557,17531830,28803385,1.4624777411641705,130.84416824110627
24,1700,1954,91204914,789622985,10.55741075826253,474.5337784675027
14,1744,1468,30610746,187388121,2.651268307454186,213.03536809433862
11,1757,1249,17820742,30534038,5.304833828403584,141.52194560740548
4,449,1199,4867950,23103133,0.41433692039363224,136.013790272113
13,403,1033,13245136,101364102,1.914558949178002,148.10614852247107
2,1899,137,280586,737437,0.07357966491620849,107.8442535184232
4,1376,847,3329567,31413649,0.2360692937705761,106.28435561360465
18,1121,1210,26280000,244462397,2.2946215435108646,153.21086329074134
2,160,1073,1335895,5727397,0.09857171888722344,87.5056359756371
20,1817,270,1883800,7945918,0.26178879078028805,95.93940755341114
20,761,481,4776340,42962003,0.5384717221103185,81.4428087013312
12,1737,732,7181662,56509732,0.650110939250481,127.34104493966302
20,1685,2001,79507744,458207928,8.683337329486138,403.3408366501054
24,775,220,1291190,7827804,0.4024645798750628,78.67996996399873
9,519,313,952156,8316969,0.13928009829033106,56.45320625026466
23,2000,291,2454595,16250388,0.3243199824565013,59.86142922905788
3,1474,1669,8052935,65356744,0.5704668598727628,91.07577055316973
7,1895,214,683954,1806891,0.10989277161642727,112.31884844179123
2,607,1063,1787976,7948013,0.09218169308181408,62.02124520718548
20,1122,774,12274102,107440865,0.9754212867001434,118.54530911960482
14,1563,1049,15969986,116740580,2.064392775902947,125.65283962030877
6,1053,1359,10687186,86647995,0.9212543360401988,127.0151162059696
20,1822,1391,39338881,243915926,5.000590728945103,210.55176835816272
19,1056,751,10966863,55326325,1.7924774632957419,128.6871666551902
12,1474,959,11551165,68275534,1.3692717584683618,143.64760570251008
8,1894,117,319537,2249399,0.22130708147655218,81.88065801667524
24,898,532,7005386,16121142,0.7630743038728061,132.36228397674031
3,961,1601,6685786,17034830,0.4003666557296864,114.97267534637147
12,2016,712,7027450,35249935,0.7082340356121096,82.32192257773343
23,1250,1243,35585857,314616337,2.5769348307220636,190.81874388679984
19,1494,1235,29334965,78137676,2.904219181991062,220.54304095156562
15,855,926,12819554,126570016,1.6771253417112557,148.76041830295415
8,868,1804,24379266,102738120,4.404123425229988,209.96070830212338
24,279,1651,63210196,237753540,10.442947904020617,332.6786746836977
24,530,1661,64391997,98401001,7.798867774047955,357.1852305085241
4,583,1388,6608278,27977038,0.6692349234453571,102.83272845759335
16,189,1468,32640990,245373401,2.9874889487420773,182.093313854887
7,1280,1358,12826320,118410923,1.360563555211281,125.45233612866176
23,1182,100,341510,3179587,0.2762671778464061,65.86134958438828
12,1471,1118,15418348,34490867,2.130458871524714,175.99015869237064
17,679,1626,43449982,128500293,4.00601142409446,227.21063809592997
3,445,1834,7567094,42851938,0.9139571894055123,100.49625562369307
20,288,84,160786,517600,0.15326295567232423,61.609830897122656
18,189,1412,34200062,65222545,3.160571573008542,255.79464360339264
1,1749,1110,1953610,8035524,0.13824145291615983,109.36447570673063
7,110,1977,23702263,213682935,1.8076276092941475,190.36692801105735
13,796,1032,13625506,106159373,1.4932030991627758,143.31522749256962
4,1825,834,3620404,29469465,1.216066931188954,110.2771905177693
5,1885,1641,13889434,51688211,1.1648847827158304,104.58992086543539
21,1399,1140,27622210,237311264,2.8299495615313077,216.27097227836492
3,1251,1635,7413100,45431604,0.5259920922857373,94.35600497441794
10,711,1980,36730990,260856056,6.293302173243265,258.2940737105873
4,131,1841,10434798,14212885,0.9837742276788386,114.24056535765993
9,1405,229,745634,7322944,0.17342910970706865,79.70245214260191
18,1122,1445,37158185,268834514,3.144712997590553,176.41338839540168
1,270,266,74756,267865,0.026744336518413743,75.34965893863966
20,226,1910,69802870,511316204,6.319609819220601,361.7316436858856
21,172,1488,44584954,404132127,3.971794845855106,276.2059602001087
19,807,1208,27276650,112505327,5.923394855866218,173.93694658804893
13,1619,2002,51383342,155122472,5.705828294157931,298.2055881546687
4,1466,438,1223782,4506909,0.2631946095961144,66.71625784424363
19,1291,1431,38748628,348654704,3.4072035426691767,182.8683926607968
7,108,1152,8106634,78051190,0.5876754742238297,111.90150285008909
8,300,952,6646874,21231246,0.4734695924583675,67.52286673687456
14,1321,1349,25471828,187827555,2.5047920048624928,162.6439917711189
19,1590,951,17818897,118703716,1.6787401237621282,119.5507305313311
12,1074,503,3334397,23436011,0.4719136979147347,66.55336972566514
1,98,517,56363,294223,0.025193482762522288,61.48888561753055
23,826,928,19743210,130005781,2.163327276518061,181.2478772959025
1,1506,244,370158,2038581,0.05690066253491902,86.16213650015217
6,708,2034,22158406,150626954,4.005581970039261,143.20071064846024
2,913,564,839806,4932563,0.09466283159930755,52.87741385838409
2,1295,1515,4275340,7032453,0.2942621817072252,72.07625924689053
13,1205,278,1268802,1945781,0.19259812224681655,86.41293250143761
9,1063,1491,19397920,71854915,1.7759720154775294,186.14410011148587
2,756,246,249454,509352,0.03746481321565138,78.88569807684738
16,718,1071,18002449,89740588,2.002270599947149,135.70578237449632
19,1792,1361,35820169,269891076,5.164685077870139,210.7790148430745
21,911,1659,56608408,302497184,5.638106664705673,259.3453367379225
2,1435,1845,6073750,14465629,0.6029463941733733,70.59235579656853
15,1656,613,6291229,48932729,0.8693189023617113,106.35710244040273
12,1599,1100,15093110,121852279,1.5558858855773006,113.83306085017394
6,921,1963,21106186,121225868,1.7920663574008568,196.28428584711017
8,443,276,660478,6006119,0.2100483740287469,59.47540721572964
20,408,949,17527091,116892179,1.898445084586495,122.79112041013464
1,2042,1676,3440838,22172720,0.14705406200541515,92.53922724014843
8,1757,2018,32088228,296224471,4.851649975300165,172.9872030590889
8,1040,1932,28172434,124157548,3.2929321699997987,179.26413770091165
1,1075,987,1071892,7752542,0.19317861561249813,86.83944407437119
17,464,1782,51683356,290027753,4.518077702591353,304.9458219591911
14,187,1103,16048660,150190539,1.328473868797547,145.08105552038305
12,1727,139,455652,4345503,0.12607156488619314,64.41801108711493
13,1987,1503,30129148,188195337,2.8096158033943275,160.74523586812066
24,692,1789,74910807,438239119,10.217297023839885,391.16163928712695
21,685,135,461170,721782,0.313845357476805,58.87099080294137
9,1611,1798,28793182,174567181,2.694551027779142,159.61963318271248
15,1065,1727,43637846,54846768,3.7404466745601157,232.04158196760073
19,1783,616,7946410,8715421,0.7814791644083444,115.95371365011678
19,1016,628,7755182,11224265,0.8162580446722763,91.57938673551911
14,1591,1016,15060178,26027857,1.2205851808997077,140.99785417896746
19,1383,1479,41462296,248118827,3.392174539906659,197.486268774677
10,784,805,6479455,36260030,0.664312794748377,100.18516382783173
2,1478,995,2472585,3114812,0.18629222127629286,75.50044406596128
22,1547,613,8859086,32027610,0.8751790518204,133.91459698277714
13,1819,1107,16744492,69540410,1.4056214118457833,144.67713681525464
18,224,1825,57080535,385589274,4.140967483955738,276.6142010606836
5,1788,1713,14826025,132621145,1.3007961340300398,153.82754484449347
1,2006,1530,3086020,16970111,0.10400275226943526,89.25112786179771
22,1126,518,6234658,44699797,0.7287055450215507,118.73845866314997
9,1479,1158,12462406,55078513,0.9392491125729948,105.06603203558896
12,51,1491,24562744,176338906,1.9136851653225808,151.1087992274931
11,1893,1026,12490534,32271268,1.4102571971316955,113.9176457540511
22,1953,1207,32989734,204607539,2.7617051415923766,208.25893175090175
2,1081,1412,3537070,12093107,0.22731423003986906,71.47388005644527
4,1850,590,2144070,5847558,0.16175741380102723,120.20433249844837
24,1964,1890,85934530,466518720,7.065650075104603,379.49875023669784
5,1731,630,2687590,19584974,0.31727754385403856,121.97749997347125
13,1428,1776,40427098,156466376,3.3434507749020392,190.7131861812683
21,1094,1931,76747605,715692757,6.493067231496987,334.87127432280874
20,108,1028,20220770,119693014,2.481020100270455,151.05764929491053
7,344,1646,16850112,25210750,1.73407349120979,111.72801784774681
4,588,1374,6490786,18602006,0.8682523527053561,112.70588395074542
19,966,217,1063527,2412488,0.320877335538301,79.13610818063019
24,604,1093,28174271,238657288,2.237159984039803,177.8311616971705
10,826,1267,15519493,21606422,1.22461582362722,138.77665745769008
16,1253,1729,47053016,73113160,4.21629133401648,241.48000593370864
6,416,490,1412190,8504159,0.1531619014156312,80.04526123513132
13,2008,1177,19014445,111349891,1.782105499161617,150.8164785048434
19,1321,299,2012878,19886738,0.30726683112372316,94.98223755201455
14,1235,194,733524,2937696,0.14358614174133197,83.17670104138648
10,1307,1427,20220600,25651622,1.8184500323553625,159.76018618193578
10,1709,304,1357370,13563185,0.15392665591912677,73.97035251641334
16,337,49,53812,414499,0.11051660228447716,81.06313752703282
16,933,1943,58492082,583963216,4.240256195674156,276.84211753091796
22,556,1601,54768619,180651436,4.17141884840347,232.01207241748088
11,1217,1402,21391726,47261392,1.674234226287328,152.52747700054238
20,104,1399,37374295,86657538,3.1621266195848867,172.28050117139853
15,543,77,126752,597024,0.12377019224841886,57.16714883021506
10,995,1534,22735424,28175910,1.9769005339760644,143.06805828045282
14,1841,109,357748,1650580,0.12900994643749658,93.10973027074014
21,219,1324,35390530,85446921,3.777404376973213,199.22101138996018
15,1610,1837,50247471,283298159,5.276638907444766,259.88722800673605
3,765,1553,6031862,59341637,0.359398406626515,91.90555616256394
15,1404,698,7818308,29343081,0.8487080667267497,88.45317845214524
18,535,1659,47722804,68512842,4.024612811178807,294.73844800389355
20,2020,1544,48459994,207336450,4.01448042037184,285.4149773950183
7,403,1509,14296276,25444394,1.5048328054919593,120.67907436877535
19,1765,859,14822914,83691318,1.3584184152081267,124.25041990116003
17,127,1291,26865720,167085748,2.5672078409844543,162.64083724174245
8,1457,1998,30891088,164908799,3.379597869485638,204.4770765215833
12,1329,936,10901602,87839105,0.8648013268617988,97.08592073844542
2,1832,1459,4819087,38248925,0.33888230765665756,76.57995671555234
6,1937,980,6715950,38383342,0.48992300241781217,82.20912245290113
7,1600,805,5189845,49807735,0.47644311413852325,102.56671972042385
16,490,1445,32066005,191692125,2.541074399545004,166.5360479967449
20,928,2011,78764847,754650933,9.425593691787387,377.3200167068261
19,1589,89,286590,551464,0.20528844186993558,84.17970081050453
5,1861,155,386890,1954709,0.08358594895995926,53.482313081952924
8,232,1563,17491543,151638380,1.793058953715392,144.9891682172661
24,959,1339,42566820,195499694,2.9983095485949036,238.98767281236402
22,1961,551,7473774,56186377,0.7266906282810789,120.17865845770591
15,1107,296,1561706,11341785,0.22193675966419438,89.35270213006801
9,998,1878,30125008,91094254,2.5242465956570457,200.11158372713376
13,1034,1146,16971124,29423557,1.380159752611996,180.23706381188146
23,193,1373,41783146,403374228,5.0696376999672585,219.2689477392454
24,1231,555,7786660,36395863,0.8035136335886737,90.06409804826013
21,1443,580,7582930,55938220,0.7597308525989737,78.78593195408476
15,1847,1932,55873450,196934021,5.257137781864418,308.3096730742328
20,1172,1206,29083906,234832884,2.4544108508850346,180.62586898332026
17,80,601,5843533,17372124,0.5533063208659195,87.92868199012351
2,1727,63,113536,474966,0.04679860959896001,65.86540811363436
23,1800,424,4732274,22349210,0.4583893689718925,97.31394236969918
2,155,651,532528,2404198,0.06556270108588585,95.04215170711885
12,1511,263,1164048,1570781,0.1607728648150394,91.84415473847555
8,1800,1138,11134202,71111051,0.8291954970174833,114.85617071905456
11,143,2029,41501176,190208065,5.791257908959065,230.76717554137306
5,589,1228,6773658,36925060,0.6167350147048088,96.82146701920577
9,1016,1566,21239668,172822956,2.2063401750940654,163.48812051541793
6,874,1373,10647625,75872579,0.8557433364770339,104.75713809591183
12,95,1276,18059238,137556141,1.305260738403248,146.80638686566903
12,317,768,6748426,13483489,1.1044888079954993,135.8283235468174
4,700,411,800227,2656588,0.09021158422773305,67.33147813112349
17,1634,792,11351746,75795990,1.14629652521054,133.1965949692963
4,408,1717,9568851,63474296,0.8267060688425152,79.24395925942729
14,965,897,11347060,90229129,0.905527738818146,119.2668675343403
15,1348,1863,51148675,200983403,3.7480046565628404,254.47205095332353
2,165,1403,2216750,8780609,0.16890295699566524,67.35395196502628
23,82,660,9659110,15307808,1.0256485246335982,125.28205159259338
8,392,1648,19687018,61917829,1.574503962501148,119.06577405066807
12,1189,2031,47834122,147059620,5.948778093252231,241.13948359948006
8,73,1245,10963480,106863222,0.7955139239420727,154.30082595417747
22,119,938,18618372,80631810,2.176663736057012,118.40490783410175
8,1936,1716,23965666,182570041,2.3481976452812825,209.90052807552775
20,1462,1457,42507985,409893996,4.083552729591699,258.5265476682124
22,1016,1649,58831383,419873633,5.713523149285063,329.2048034593128
14,460,1720,39291690,126355855,3.9469412765806013,208.6245788570584
24,1387,1477,52273994,283443855,5.348074361868527,255.83550920115155
3,757,1770,7628710,23072008,0.5796751518580419,106.11930316164465
8,1416,1810,25528250,199164648,1.8619081272022613,153.23810039625135
12,1948,830,9213010,48374356,0.7605876346546387,132.59100807257207
13,2022,1686,37559032,197560989,3.9822832188450157,219.4601183060981
1,575,150,87910,97914,0.05138440811478482,83.84526264328981
11,1157,1983,41658874,54307337,3.421408054318666,242.11227090573067
19,1189,88,246586,2022396,0.18453571951238737,47.65449028744393
4,113,1831,10290230,33215392,0.7078442406561904,91.31751415594535
14,344,1198,19098526,131233132,1.5953084419277264,128.62154179356602
18,587,849,12775762,127520437,1.1760639802284945,122.14592200330947
1,2038,679,1391281,9468805,0.08150836370021074,92.7948360001771
9,994,1060,10062590,87508294,0.8525083277009461,107.81329089479333
19,220,696,8892802,74293599,0.8648457628949165,144.65146942223518
11,1358,1030,12029380,84890159,1.6272878707692142,125.58207019280623
15,1227,1092,18061690,84500927,1.8990988330355802,140.06763125931587
1,986,697,694919,6766171,0.08549209879794872,65.21432986026204
2,1296,71,97919,598968,0.030269417024621343,83.21555140789859
20,964,284,1814770,16590528,0.3178477296785634,51.973278613009114
22,1539,308,2476022,22533359,0.32254960040819863,99.00825870390453
5,1711,1220,8059330,13313277,0.5907051284014941,79.99018520859678
13,999,872,10015802,43639699,0.9545197154633637,98.98927809385081
12,1992,215,941495,7427172,0.19042480644127407,52.275278003332126
19,1076,792,12165922,12817836,1.2763250432691917,142.52737764294938
6,1744,847,5077775,44085250,0.42931045400123113,91.15544293657385
12,714,481,2898997,11533070,0.3090740257329077,67.32944729030703
14,1990,961,13941237,75810836,1.2376126288813374,97.17784901592803
16,482,541,4665053,11351394,0.4995524032980695,80.08412117182993
6,646,995,5608825,40135096,0.4664318910752097,115.2719112423406
8,1497,233,733028,901557,0.13214564498489514,86.98025982342489
6,423,554,1777796,2942672,0.16860034994399525,95.87750049213446
13,1707,460,3335010,25053057,0.3514648728598021,68.81589142624007
15,544,196,649358,3208740,0.14452819103049272,86.29718215180252
9,35,1323,14074084,127359902,1.1130142862417647,113.08213525742963
20,710,451,4198369,29920083,0.45736447104769595,71.3238736766763
6,158,1712,14952618,86184913,1.0877291207726312,128.82301286495002
8,864,479,2028575,10766926,0.23484819467655663,74.38789820682379
10,1397,2005,39021320,121857076,3.201194374590492,255.4729218103115
24,443,880,18230970,25672018,1.6472272682844449,157.73149828811532
22,924,1744,65539530,289096278,5.481249835675564,286.9799111140724
17,267,123,278236,1587622,0.16022317824603555,53.45381842769355
19,1359,354,2747050,21949960,0.31526417021236086,72.24068163400341
23,1810,1789,73708599,633830189,8.305623812987164,320.3398149745077
5,656,1416,8970370,84410595,0.7651695095816585,104.10918783344357
10,984,1405,19176855,100538841,1.7811666748432662,144.472066219025
8,1206,1468,16882010,156103441,1.1987049078488798,119.38348812856768
19,483,348,2358058,4422598,0.38568706507984474,69.27872003276663
14,1289,302,1582188,12178518,0.2214729351689174,95.19604793363122
2,606,597,725365,6303023,0.0773945119247038,55.5767660139865
7,1908,1217,11229269,30722018,0.7548432364235406,117.56304184520205
14,1593,1226,21522440,43825578,2.1018207331062926,155.46611156971173
20,1132,2019,79796947,553737058,8.419425519541667,452.3695910670155
10,974,1239,15047665,25660684,1.3401959835970103,132.3360271686122
15,1785,69,191554,1433460,0.15537543545730292,83.91858402773961
11,490,1097,12594667,25580406,1.057126195352803,140.62236185780208
17,1138,984,16638466,77038516,1.6194868527717106,138.6768809343789
23,1447,1887,81129688,352422993,6.718761515306703,351.5192589197218
23,1149,1619,59579210,340259665,4.506783934113916,336.7987697900596
15,1729,1306,26169638,111575573,2.225676214679678,142.094891300541
12,441,457,2508940,24040171,0.2934345523039043,97.6003823922766
8,102,1438,14647478,129081210,1.4082743857218396,134.55479179412785
3,1009,1973,9801874,70179362,0.8068208391216137,145.80788166410144
14,589,461,3045376,6231598,0.32793950869034116,77.435352501165
4,350,250,278510,2115893,0.06085779829071845,72.09797082271325
22,973,70,173260,580652,0.18318140400053923,96.5095877115727
10,837,1890,33768640,313595228,2.900708346180473,191.83717213599434
17,914,1018,17539132,130685181,2.016855619747921,156.65592498831944
5,1690,1597,12924531,98941412,0.8013732202074739,141.6355523169357
2,1876,1484,5004058,11508782,0.33476460210998477,113.86410298928853
19,1597,1620,49873330,226837109,4.414569818207948,234.73556488226032
8,2026,921,7820221,71431730,0.5661284297887234,121.74129397330613
15,534,1392,27905434,163007190,2.5619283138985485,188.5349899233379
6,918,2017,22225333,125896998,2.7589834333272973,159.15320358197758
5,554,150,175360,815502,0.0924485568728964,61.17268559356987
21,874,1805,66794035,308946978,6.835430602271883,362.41134543371174
12,673,1021,12176456,50780735,1.360902424611732,122.7530726349692
18,669,787,11077822,17551593,1.2388709847041564,127.83425573744783
24,1525,792,15661810,32244309,1.6481807399439927,157.85964590848783
17,152,1271,26074575,43136229,2.3852618798963086,167.53435705432457
10,936,1287,16137703,127724013,1.7983955734519705,127.54942611059501
7,1323,131,278516,2002396,0.1613647081101198,99.41869450535908
1,470,71,34161,222497,0.023016506360517726,70.12494898018049
8,731,1726,22146316,126932342,2.5329745542164157,119.3039860664184
16,288,1793,48785747,450692941,4.386484441977849,232.67301258495004
15,480,1510,32683960,193416721,3.7162460874617707,181.35336219558403
15,1735,1510,34579010,240331083,3.019182336760226,209.7308368397716
5,1311,426,1290790,2507529,0.12806324163852095,95.2256242124907
22,1537,1869,76288852,507535976,7.0887021001578905,318.1265795267626
21,938,1786,65526564,85491108,6.824338100875114,372.1503614904057
13,739,1400,24586810,214573806,2.1820518245776253,187.13239827219115
4,148,1494,6938146,19313962,0.5657319220507322,104.23454451327196
2,1972,1029,3100387,5097183,0.18878611657566532,92.1441078435893
5,1162,1356,8950966,61875955,0.8683547349463544,90.53892428561377
24,1391,837,17305822,47006834,1.6982144889182476,170.64091649785095
20,1762,1008,21111562,76693855,2.299801164811452,179.56404957018316
3,121,151,65846,313984,0.07058259853594794,71.28889894971452
7,67,697,2973412,26041200,0.2647250218045033,116.21036798932138
6,344,739,2996655,28738915,0.23043537486811266,74.81563525223144
12,304,1813,36747707,232454855,2.5528594607413133,217.27030470565663
1,1357,294,402202,1670636,0.11636461176787619,58.092707330032916
5,445,1094,5290594,48083139,0.6216272270682737,91.35486945697235
6,715,1661,15008806,131343741,1.1446636613131174,108.57472558272053
14,527,88,149170,991620,0.12977542283231058,92.8668187412654
20,425,796,12400894,117459434,1.3794381408052276,97.11155314842749
19,1799,845,14397120,57228237,1.2404800028649612,113.6700363291477
9,1974,1462,20013328,92372381,1.676425312577946,136.96070390790186
4,127,474,740872,2725481,0.08866778432241891,88.20875039600368
12,298,422,2093974,7302245,0.2171310829502847,93.06550685299209
1,1446,2019,2941693,16590127,0.14423993457543735,106.05827290719712
15,148,248,903970,8939963,0.16518377817175683,91.30589892793463
20,635,626,7861944,37560081,0.7815700630446272,91.16916694725509
8,1660,180,528850,3601296,0.11059174129402334,58.05146832060427
16,1634,1460,34397610,186580251,2.873484919378636,201.66584943266028
13,481,472,2911306,3336818,0.25992838180000993,65.91591049980572
4,1594,900,3877210,26680785,0.26939972619149954,76.98914257977447
15,1579,1788,47625178,124319088,4.055253394094481,287.0777817479449
8,1277,1354,14586652,66549778,1.4765683356515906,116.56275743193349
19,74,1117,22573463,214838710,2.096147366482019,148.32921971517666
1,1014,858,879460,5397228,0.06263365242034373,67.18845405376995
9,278,1576,20338290,90452709,2.12453761826339,171.1089345037657
20,2012,1767,62931715,526300393,6.013188911966798,350.72560976455
24,478,460,5102330,17390709,0.6033325770889209,87.9177088839924
19,1875,311,2333132,6959461,0.4322760235693198,77.34752047925777
22,268,1945,80027035,367296818,6.811703249447295,325.7684254285209
10,247,1947,34637140,130994018,2.9904859800624486,217.22576265322414
17,266,1083,19083553,47878227,1.8085016500905504,145.17480623481075
17,1337,818,11821746,78771363,1.302766908367099,116.7735687387306
6,1011,1475,12392960,24105394,0.9958560259753282,99.7096126859113
20,452,1302,32836450,202328374,2.714742158661976,174.43951131482157
5,2045,610,2745010,16295749,0.2707245687991269,76.53901546788865
10,1810,464,2786794,7477495,0.23436651387486737,72.8380069224161
22,1109,909,18389080,79851140,1.5432344105726294,120.60893318592774
13,1381,971,12677386,24915738,1.2331931226672694,124.05446472185056
6,123,1824,16888426,134405186,1.6230305191668288,176.14849330496253
1,1541,296,459402,3872035,0.04477619416638574,81.77200490741771
1,863,1250,1092510,8810329,0.15325057446881446,63.6463639262207
12,786,715,6201205,10542255,0.6022658194298727,98.14175312000663
2,1031,311,421104,4068858,0.053642829107715194,77.03063752986645
16,1115,1275,25839160,202653858,2.6695591635549145,155.73068259016605
6,1343,1107,7631668,42433032,0.6002100387417666,80.70768348689205
20,1421,1173,27844684,97677671,2.600515776297438,180.13821875155455
4,1159,1993,14253946,45532612,1.4238634918468176,127.28109262743368
4,1548,942,4133506,38262864,0.33105504799514845,84.97875009198
17,701,1971,63592354,509204426,5.795922245116478,293.13646945521754
14,1122,883,11147885,81840850,1.0927319450217696,122.10006007928868
20,620,1367,36393651,268383339,4.944163142537125,200.0318939297377
8,1587,1282,13562288,35635526,0.9688107059288091,120.01152106769935
16,820,1112,19488922,183942856,1.9606453059710085,172.26489177376357
6,1897,1865,20958880,115176935,3.5493453905787558,165.41684295065497
21,1525,593,7955698,35367421,1.0192517979633424,91.35600404297541
21,866,1480,45135570,72145649,4.5432766972332805,233.4554148355533
9,1112,913,7701165,47091928,0.6269443472456808,109.70154653862086
1,1136,183,209911,333079,0.026333459179323192,90.99415500465682
18,1219,616,7218914,20130973,0.681556364152951,95.18141835925174
6,302,634,2211402,3125198,0.28984850459677325,92.00287026668146
13,1157,941,11736162,48394640,0.9819886912705728,137.80887448869964
9,830,986,8614692,63792077,0.6323642757768261,128.33165031345447
7,1741,1124,9556258,82262775,0.8454630680104371,94.62732704657472
15,1368,90,238780,2149835,0.1298651486577332,92.26792753973986
24,1158,708,12373018,85510234,1.1777939558847428,125.04414616701952
20,1779,1227,30824704,143552477,2.8349442628057546,212.39697724179808
5,1368,1225,7696685,48263398,0.6622775976095057,107.17097790701199
9,276,1106,10112168,66432102,0.7293816848900325,97.29304748979901
24,1567,70,224780,1100717,0.18656500321405994,86.30066009717859
18,121,412,2947046,6062077,0.3712886609420124,71.35458453623916
11,1114,358,1687980,7138858,0.23684788974381252,65.04343262877731
17,1775,151,636928,6248308,0.16047501011329163,47.217323919886255
22,403,1703,61645204,131195124,24.133273983777038,256.3049130779429
16,1812,565,5826855,40317784,4.183410564109508,79.23034868922781
3,1104,1093,3610189,4056284,0.5050666715015113,118.21429922826378
3,671,1967,9083616,11961265,0.7039495224464204,147.14259985682318
9,1907,1603,23644260,143022063,2.1632049889992007,165.85747252986727
5,1639,1541,12047548,69915131,1.4765034360846032,149.83905211891025
18,1710,511,5327185,16677531,0.8623137620736914,123.55377561135309
13,1503,734,7585166,22045378,0.9995031631795589,87.40192249969195
23,1392,1614,59609872,382676147,5.582674709786125,279.36665591084505
8,777,2041,30782372,253837520,3.8012187324604914,230.0654166515526
1,1818,427,780993,875493,0.07954552166780592,63.08355382816092
11,1128,321,1399249,3009196,0.21611491660871707,58.10029595533842
14,1912,1916,51433114,100833154,5.1282864172782405,279.0058033840908
4,1929,1821,13486336,80453239,1.0130540838217483,145.55379223895875
13,948,1510,28827420,286598158,2.493548810640467,217.81842256536808
14,801,158,454892,2281580,0.14935566928227667,53.834396530317726
16,978,1269,25429501,145830182,2.485366523405386,161.53671035327216
4,2044,1448,9270106,60982001,0.6369369572730658,150.29420112382897
10,1662,313,1408197,12208864,0.1942465884967562,95.14806766188102
15,1792,1396,29819966,33914061,3.1290289428176403,177.81470092684015
22,970,194,984754,1888149,0.33902927185412435,69.6444899040466
12,315,1393,21814390,112284758,1.9679090839931206,140.389197439855
6,205,477,1243072,9388116,0.133136549990731,76.0053484375603
1,337,1397,486166,3640111,0.04320200820302662,62.38388259015607
22,956,671,10118019,93493333,0.9750142603383334,145.10803996241185
24,46,399,3693553,33028348,0.584923160340003,67.84602694537142
12,426,839,8119013,61441713,0.6537718392938769,99.85484179128258
6,1673,1225,9572160,81609901,0.6251076822432989,124.83843515622739
1,489,1063,531510,3348674,0.05526080360739056,51.0777491676044
13,204,1726,36140724,339146306,3.365469848134786,209.6238387881038
6,1793,1555,14903130,67794119,1.097893082880239,120.98533279766293
5,777,821,3346406,23237503,0.21151248215294086,70.04945217995039
7,1727,69,148912,303283,0.07472080365998215,60.05034880466749
6,379,1464,11294770,112595882,0.9827213422386294,147.3646467654169
19,760,506,5007892,46860511,0.6121027535946293,98.47757856561397
12,592,637,4854587,36035412,0.4396159470875533,111.60243994151693
17,1854,1500,38821510,182859100,3.3864283703110694,254.04841108613385
24,120,1352,42250010,153367335,4.490794532845001,222.05733760609598
9,1280,1283,14835339,90895626,1.280777884317496,154.89104144560866
17,179,1749,49304320,64242067,3.466811870283561,211.41104105278757
16,62,1335,26850865,67919342,2.0513217247017086,170.45984940168248
5,792,635,2125355,19316501,0.12255382252860575,58.860517852823875
20,1947,238,1546772,8981386,0.2394332652770042,111.16999820007975
13,433,50,52810,64187,0.103690055119095,83.81574789256705
23,1793,44,122946,433407,0.164665338664619,92.55613820722108
2,153,2035,4477010,31825141,0.2500649258085581,70.24797117066585
22,674,835,15231245,54695196,1.4884621420604918,151.0917322548895
7,1419,1615,17968500,67532177,1.4166710606557193,136.31898875927334
7,1949,900,6629410,55601572,0.5457242259122738,117.08003583529496
20,2007,882,16577200,120880780,1.6790492641426409,165.75551354141703
10,905,1606,24698684,79225558,2.312758801866175,163.25716348072046
24,134,264,1647370,4529293,0.3226733075456189,96.42338317121063
1,1391,771,1080952,4824638,0.06579003405472017,85.39639639938684
3,1523,598,1633746,16055163,0.11555031520184596,71.56416923068744
2,1508,1386,4027726,11246117,0.23462584903096442,100.17138612451777
24,356,1038,25186042,49955404,3.3414782871750015,193.90657013418917
11,1380,1391,21297611,154340634,1.633284286533353,167.7600448414473
6,283,77,52678,372023,0.07024424260204848,76.43723349258988
17,2013,223,1250594,8685513,0.23520965740462238,105.90482212431941
4,1114,131,199261,477701,0.06830238629478817,57.93434267869809
21,1591,1068,24544786,168770437,2.308503409725036,176.21115666254423
16,187,948,13682494,87445211,1.245441810880617,162.7695436560482
14,2031,1389,27935578,50045597,2.2552531394444566,182.81252805330274
6,141,275,421310,1288439,0.09991015465056666,84.51352852294127
14,323,1145,17440650,136498417,1.439929174406541,151.7060548303959
3,938,720,1721530,10028383,0.1378803908844672,71.04831609638966
5,614,1092,5456734,8285060,0.4164463757692658,128.56330055543165
7,1495,1955,25888120,170023970,1.5715029130709983,148.66286940110925
24,657,95,273230,1579196,0.15786699799629303,85.3541611847029
16,233,1887,53900278,394773165,5.539440617514783,290.84890928450267
22,1151,469,5174018,47610881,0.554398420535467,76.18096266196535
11,1852,1276,18671718,154625109,1.275275511653331,123.48495330388175
14,1792,257,1325359,4879426,0.16790303515623373,99.73436741898227
11,832,1050,11920660,65805052,0.9956048092705237,120.46133944712142
18,1012,1117,22372403,67365880,1.9262965221395618,140.0951013766431
19,1162,173,744775,5129223,0.20943064422433597,74.86790555700642
17,377,2019,66037462,163305307,7.673384518340233,325.4171448453809
18,1734,987,18299977,128081825,1.5636191992828254,115.75634529625925
4,728,1008,3796138,28781012,0.3000191076150174,86.0190794745297
22,1253,1749,66486496,104417827,5.410102377624393,327.7622071720446
18,950,1479,38632969,356996561,3.850065192462538,234.80816649900024
20,1055,1923,72347116,504290903,23.37450563824612,285.23773632306006
20,776,297,1915363,15759499,0.4874729349506376,109.82489989687787
20,1601,1070,23498280,93843902,3.2936108069640513,169.33798521289702
24,1218,971,22901045,23293097,3.3275875138428614,181.55285849295612
5,764,434,1091520,6509306,0.16519713151356805,101.27813273710096
8,349,1609,18712680,118591988,1.6050739516938561,164.82430593753742
12,1086,1569,28817833,187502941,2.74410639530447,193.63659649356455
24,1453,1840,80604890,698156802,7.589366873858959,381.1384169028619
24,612,1604,60210962,476102569,6.345847942755567,244.17113253746584
21,712,1107,25331491,198006178,3.436185281181508,205.38823867742374
6,310,1453,11029733,60088587,1.5723971769158778,128.87959498348027
10,2029,811,7581238,34715382,1.3635050577815395,93.36253646602091
18,752,1202,25499238,174001106,2.3247482435860256,173.59758756166195
14,1038,974,13367186,60735336,1.43179865153898,143.77189515194098
10,463,1436,19252462,115711254,1.6033965812369186,179.43056008601587
12,767,467,2767452,27343159,0.3100593453035749,77.59326581031453
7,686,1549,15485363,80773572,1.415050313869107,131.23216184550827
22,206,564,6814258,15814450,0.8383854486369196,98.38849515839878
20,1715,171,853984,2877410,0.2694637787340186,83.70241255429315
19,1386,1522,43850352,305727904,4.196727383551558,221.02246537379006
24,1550,95,358065,3436079,0.23226164569696292,84.30055692640158
10,373,1251,14576662,29459277,1.302666143069533,107.66462126193206
14,1020,2044,56447114,234573911,6.989736974731648,322.0774800064195
18,1693,1047,20437450,132402116,2.548461003823181,124.70698273045296
3,1525,327,716794,1989029,0.163293900449894,71.03790911306298
16,96,945,13510675,27439650,1.3131393004097818,113.45624259692994
16,2047,912,14366746,94735094,1.497610617101638,148.91472005560803
10,1085,208,619226,5112850,0.27027643731772516,84.17691710771246
23,438,1757,68742635,389168611,5.535127145838637,332.52457938466813
1,352,2047,743071,1923247,0.07580659078796356,82.77549439515192
24,1555,962,22813840,162576318,2.4898962067973875,150.43317974293052
17,1624,692,8804326,75451237,0.9612155387175711,129.07857943823993
5,696,1476,9763750,79884685,0.7874513736798177,95.34521380577085
2,491,425,394410,2932386,0.0435279725900052,56.31021111106396
1,1706,1990,3416840,4446371,0.2169332526346808,103.43056709651736
16,789,814,10602360,11833421,0.8691329814480142,115.35059410915458
22,1224,1034,23750990,51613811,3.819341793328442,179.24930065831978
2,296,200,101610,273819,0.09011092184371104,57.73988084420763
5,1079,578,1968678,10852220,0.23805856184967378,71.63519170528869
8,162,292,649418,4233453,0.13761378684454298,63.8596653492748
15,58,1526,32728132,255635322,3.9937201644488485,201.2856074338522
6,278,1827,17226793,52604254,1.4871846786364988,141.52148934011166
2,1354,517,973521,1040597,0.06504430437378275,52.89561790771693
18,1160,611,7072335,43594511,0.7329843906099704,73.47856886483743
18,696,561,5756431,49002670,0.7528659312523982,94.05852047019849
3,1377,1633,7603258,9157221,0.5728286839597128,89.09468287237834
9,1886,1398,18298432,66274446,3.573245726451986,114.72185714974206
4,642,722,2037494,19637111,0.1764602489634139,72.29393956751638
12,1772,1201,18021015,168142280,1.7036601416077117,173.87351963250887
3,897,632,1373978,8859493,0.10250751232013318,88.03743105363233
6,499,77,69310,542466,0.07099036970189933,102.17738155169098
13,447,733,6791988,54502133,0.700278233782255,109.02293243799149
20,457,1652,52657510,65117663,5.804235981528033,289.09825308293034
21,89,1361,37209750,63443276,3.260712053654104,213.25513127196604
19,1260,1476,41116942,178575601,4.251341956418622,213.93661613232382
13,1678,209,879691,8119860,0.17887918844901562,98.2012376251587
7,678,316,818766,4776483,0.10289412300149749,97.60341957194943
1,1504,947,1434715,8691495,0.07921053727272277,60.177961737823885
22,761,1022,22744620,28541851,2.7954504295924036,150.30338478051658
10,1588,1619,26193811,253318190,1.7534399043502,174.81761564031078
17,1259,976,16496362,109181731,1.4277594140376195,123.41040499802477
10,80,414,1583974,8331065,0.1768993681824888,78.76602125782672
2,606,653,829973,8040715,0.07858359545389533,59.23322016873272
13,44,1004,12163470,63655480,1.0615020525283487,117.60135959077368
10,337,176,341626,1022993,0.12548458248418934,64.87278822845893
20,175,768,11364106,66096961,1.0311778428630571,86.97459733146448
20,1084,369,2998135,5357724,0.3794435120939537,75.2134814973445
10,396,980,9051290,49815002,0.8657524427191268,144.6207574113841
14,666,863,10277477,36814262,0.910990021678314,82.75337820029034
24,1172,1353,43735735,261862082,4.209959550673735,268.681149397396
14,65,537,3796600,23969522,0.402109382669149,102.84876323654947
15,1787,542,5094810,16659531,0.541867581686548,101.09703218277731
8,1766,1809,26134633,237972041,1.861634843159563,197.0902989197573
7,888,428,1486454,1608364,0.11788906229109397,65.67017348770655
24,2041,1127,31551502,239321294,2.5621856367940663,174.2158496603132
20,969,149,570680,2678772,0.2172675960928298,78.11184930717197
21,669,952,18792490,68592016,1.855039959361275,180.38379008572892
24,1867,178,1067120,4973593,0.35698727892938453,90.14131085131109
16,1668,937,14756823,109672690,1.3964773470413938,140.82601041031177
3,855,1638,6787882,53799388,0.4836617053689081,82.58332949799899
16,870,1519,35971449,322072920,4.0832553404416645,236.5388507682807
9,1032,328,1205410,2075889,0.18122409915592422,86.30674396559559
2,745,1540,3537390,22112530,0.24534126056621622,84.92899125601991
15,544,1935,53520175,453867074,4.4106101041684775,269.05789008174963
7,1752,1786,22298220,61403470,2.0836204627022967,166.1991729153067
11,1641,180,623170,1598576,0.15385869402690916,60.78473606345039
15,1738,1709,43902511,61274474,3.9417281608258357,275.30631615267475
23,1117,1899,81520282,393687274,8.657193844600027,387.4841335955799
15,263,1689,40424536,76762625,3.765688193769207,205.67809182874447
13,212,844,8746382,14025310,0.9506363329130298,107.55177124315047
6,549,1579,13358350,94272021,0.861939507660491,127.24954868548225
24,168,281,1872875,17746786,0.36269716457536216,57.59007677241097
24,1481,1899,85819618,138122083,7.916987441052686,453.7829295761377
4,939,751,2407716,7392056,0.16678941379517084,72.51760845811708
22,208,1278,34605694,326911083,2.922451653618632,227.1644175696787
7,834,1702,18829236,179631194,1.538911808732775,166.6653560573445
22,461,728,11488578,43195557,1.0552493539437546,121.14765770046569
7,1597,734,4417222,34456747,0.4013575648183995,123.57684699899762
13,1574,1061,15203079,35571157,1.4743703525566072,120.36533888679587
24,1413,1710,69728680,217700176,7.129416301570479,411.7977512036619
11,1673,2033,44774802,306206339,7.545394784770929,285.4695048978091
23,1239,555,7482520,69581046,0.8756343033066959,121.99964343138375
4,1599,443,1303316,5001905,0.14202131066595625,103.88380640285716
3,1143,912,2717770,10312782,0.1700702850178174,108.95547774830092
22,550,1658,58693210,255899138,5.1592728011777425,323.4085743712385
19,916,1107,23104207,77408640,1.8369231221130373,172.738507838954
20,338,152,494922,647433,0.222246371597297,91.69562526701104
24,131,723,12142072,71934019,1.1057617669567328,100.33237904705251
6,1592,382,1343886,2405807,0.12876860826850695,103.64071586529404
17,637,1407,32608642,106865317,3.741284832078958,228.3303271296998
1,126,1089,149203,1443691,0.04188516127793677,82.19755406483331
8,1396,134,315178,2784076,0.11111001025560864,105.58987181183791
20,792,801,12848851,106232470,1.268432337302351,107.09629095292884
10,1996,919,9453763,54928557,0.7448510430578605,98.92197402041155
9,1460,1129,11866929,50100199,1.5131721039619412,132.02448414524866
9,575,1213,12491484,48511101,1.0613609253108562,113.7653829149013
20,1285,2014,79716144,701713271,9.070742122872941,414.22175134220475
20,109,1962,73412164,686091006,14.911729735737234,336.5355591723564
21,324,516,5508310,28216524,0.5436433205161327,92.53919754491484
17,214,1138,20994972,140340409,1.4996542449264085,168.41617009408105
10,1579,990,10403920,55031208,0.8803118004802226,97.12322536064153
23,920,211,1180555,9251098,0.2804024193284411,87.58898973011904
13,1608,1848,43995346,421363285,4.297322938461443,255.0165453901509
23,789,40,68090,650183,0.1532925481290139,83.71464405893869
24,1554,795,15799045,88168458,1.69521870068622,141.66336920021266
14,1775,1418,28690404,57332178,2.370504369270441,160.72901382836008
7,1107,680,3538730,10144356,0.3144474444919557,68.39974046584813
9,1385,242,808290,3856913,0.12614772023360074,81.06062119660088
16,1344,951,14868895,83993182,1.1340804411651295,148.1235743288352
4,587,1714,9843512,60338928,0.8082683835404573,154.88325086458656
23,1301,375,3594010,24933530,0.37859948673632526,87.44067262536326
3,887,1275,4398760,32973437,0.2967923732366718,107.03359872352618
7,198,1796,19739846,28783032,1.5886943177238535,138.601256268098
11,331,903,8471956,56495142,0.7506114445716308,138.0624529186272
16,426,1277,25038149,126313373,2.5578496827339787,171.91932334153358
11,186,433,1964531,17813554,0.2684639403321197,80.11333949314479
4,551,808,2415122,17571039,0.1914905843356593,78.0209645054855
17,778,928,14525994,38012164,1.1799694821381594,110.28579296068042
1,481,1250,615010,5889989,0.0660362951147896,99.40790540914696
4,1775,599,2148024,13945163,0.15148283896820933,83.59475006915359
6,1645,1115,8068150,68111139,0.5206648506614329,111.33787488465417
8,1838,857,6731745,29045669,0.46396231088143475,67.94699348161691
21,652,324,2320822,6630961,0.38807207063315985,77.81365502757633
24,700,1586,59018242,209447060,4.777087448231525,330.60352875273594
20,60,1392,36940906,302650673,3.6024656201156593,185.02705997860218
14,34,666,5804866,32191308,0.5317980709726866,101.28362346903616
2,939,1292,2897966,4045325,0.22876416926633011,108.3193923882023
23,266,1838,74870940,341494836,5.667268901961036,398.1769843672953
2,354,1166,1786322,14194640,0.1282304148625056,79.35107666966472
22,1057,1022,23047132,136118255,2.5918440367585305,132.43149732714753
19,255,1387,35021760,43871625,3.437364446068218,178.39459147363408
10,1455,266,1029164,5919869,0.20032589740457651,95.98279901313174
21,286,1877,71057599,218421488,7.295479823932676,403.7703454080081
6,1374,217,537085,2311254,0.13366658705328846,90.39008425033573
6,696,1307,9471839,89396381,0.7834709625883528,116.29111573701809
11,1839,301,1465880,5283242,0.1741472034428654,115.12617691788084
21,1873,1906,76285754,261216552,5.810026663923504,410.5921098977678
2,1508,126,207406,1598339,0.0486117619941118,104.21851537341644
20,1172,1037,21678495,109635821,2.7398983801983006,147.73345573161245
10,1557,1773,31087792,212583231,2.363984712795402,189.54379059559128
23,1121,242,1567686,6837736,0.27725981893209045,84.25669103098122
2,1029,905,1761140,4335808,0.09730513074264999,103.75464598710256
2,479,1013,1523562,5127329,0.08394305979488911,91.33650719019002
9,851,756,5230018,49321511,0.37874374417796286,104.95821236078733
1,319,1695,559360,1624452,0.046654368694996555,75.75185236444682
20,1247,1546,47386456,447178228,5.561067108381729,247.7746720060368
12,248,390,1778410,11666545,0.2567341237211381,61.5929368892593
13,1576,1353,24130765,196562884,2.2097672841870777,184.80832289539418
8,534,1878,25724854,98860933,2.0538930751264326,173.5735328027971
20,730,791,12489109,60242544,1.1473219014245073,145.32233581446113
23,410,530,6414600,39039635,0.7602848550102559,81.6622608377529
20,1541,198,1055944,9369547,0.2557564435168914,80.82063458778806
9,1197,591,3512914,25076959,0.27986477585345465,103.27867696213629
11,784,1107,13145635,125667606,1.0583221732977388,117.81620297787039
1,744,542,409220,2330184,0.060912098744169946,96.68541771691365
23,1024,1270,36826200,180006060,3.2982508442818954,230.67402129677757
21,1246,1377,39681019,392863601,4.037700637884115,218.64469624892794
4,942,917,3399329,4088046,0.24711312621968587,88.9316255072007
11,154,1565,24766135,175740032,2.360435472868741,189.04826496243868
11,400,1645,27752805,179859301,2.7461548262055926,159.11379318985473
15,391,1243,22147784,50252067,2.024754134681611,137.62657501050992
2,1464,272,475466,2666562,0.04966884554587582,79.80817150228745
6,1284,864,4855690,44944309,0.37924018221359607,93.80220432946504
6,995,871,4673796,7310433,0.7883867445462929,86.9321566451104
1,826,1085,908155,2654920,0.06035180316362222,88.35939632664756
10,1368,910,8715990,51115663,0.7072404044780868,145.10686522228437
13,1718,634,5927276,7246198,0.5525679952039525,71.16493810168627
24,473,1539,55256266,493430317,7.001389933836924,264.09999627297435
19,538,1532,43115086,200849180,3.976606125568657,200.10354113261425
16,422,384,2383882,8627015,0.2987483530144444,102.96817710195559
20,553,398,3241720,18712004,0.34774841149662833,85.83328238027529
8,203,1624,18820546,139646240,1.8179594377871422,133.127484465232
5,1971,710,3426470,13374699,0.31340820345543513,94.69468652845278
13,1898,959,12878421,15480700,0.9528661813133935,97.55916186498959
21,788,162,657568,1589677,0.23576677285311864,77.92640950894547
7,161,1024,6473738,49897207,0.43990633006363056,87.33173175707533
19,1447,722,10448794,41109409,1.063492373935724,105.97269156508206
24,1135,1167,32687680,61562014,2.814813908040983,234.39024684616876
20,833,232,1222882,3248795,0.26981205527517904,67.91398485560559
16,1551,707,8612684,37646165,0.7726404911190913,110.71068321674139
15,1666,1510,34474820,50361158,3.102024834836395,207.1625158737771
15,1559,1672,41786634,392825305,4.351825312477904,225.8502331864415
6,1219,1674,16078780,40001422,1.275989252458054,153.3960739771973
1,1560,1228,1929198,5811052,0.12862871178464366,113.58284717903771
11,2036,740,6998190,26080988,0.634392064083085,107.20339366549622
15,1182,1454,31352612,57786629,2.8418080413500686,193.34697012029858
14,1534,953,13291501,125421527,1.1537656839707455,105.77260647146504
6,102,1411,10121113,75551157,0.6835256477767886,118.425878523158
18,1959,1439,38061560,221619813,2.603224608669501,225.4083304566253
23,818,1701,65102383,324072264,8.16246932301981,335.14233421318806
9,165,936,7181002,35341070,0.5601823932596294,94.40788106774832
17,1886,899,14651013,128803958,1.4413762441610776,107.55039639362643
20,1521,1492,44609318,98568979,4.253169062480321,262.63101014546925
6,738,99,123661,448422,0.08154032807983701,58.99280819660062
24,254,645,9754345,21992587,0.7700729257125839,116.21163940217042
16,179,1975,58914260,236211229,3.9917548420472415,307.71593830661993
22,448,1771,66715351,456329814,9.626559471809543,354.4309003841107
13,59,1876,42386354,117730975,5.2316979446706995,231.1722627281671
6,375,381,874786,4149282,0.1440815437221658,94.85153374675112
10,881,925,8534060,14651709,0.7224602950503827,79.08776995173292
15,876,1326,25810600,180409598,2.770166894080256,172.52218263531927
21,205,1896,72343786,117349223,6.5372140489129995,372.50913947965785
17,190,1687,45901593,117970640,3.92919357702724,251.72503961628274
1,817,300,248410,2356819,0.03611885266152293,79.53135869796265
5,1799,1030,6112030,44625756,0.6132986236570683,108.43194877848346
23,2029,945,21595150,160443249,3.0346444995682256,154.52364106978297
19,189,373,2585646,20937610,0.4863799543731155,95.14185689563597
3,166,290,220120,1350579,0.045027883730101435,87.93265405364131
10,1488,1240,15708330,28636722,1.5804688734554708,164.75933121608193
4,832,953,3530875,26998155,0.23773992411941844,114.13179982035268
1,894,1851,1675165,9762915,0.12880043599067398,78.10930374579483
10,445,617,3713116,24611628,0.34466004603050554,80.21898908822264
24,1372,300,2491810,19567570,0.3458779611112824,94.10265361376938
8,1614,1523,18722249,130577002,2.1788563544852164,195.44586677457644
8,1988,932,7949970,22510784,0.6444273024251572,87.137153896701
13,397,236,767482,7466487,0.16866628098480835,72.35990588698732
17,480,1264,26203994,242515459,2.610039592542187,146.67237204641427
9,1011,1665,23892760,232811714,1.8555012567336646,194.418522735231
10,135,2033,37512926,241198376,7.709040835077912,245.41178556374143
17,1138,1763,51784609,286544057,4.023652793312585,275.05071736315045
1,1083,1209,1322656,4239131,0.07207358010446051,96.12038032977019
6,47,1454,10662192,36982047,0.9598624529254937,135.3520713322555
2,328,349,240471,1189452,0.054644086738948786,79.37524337334774
23,730,1113,28102147,71836260,2.41770832462819,221.8013541150607
18,805,834,12519184,59640093,1.04139621095923,112.55751409558728
16,733,122,315868,436799,0.14480804461762814,63.43026561945318
6,264,793,3366295,5199564,0.19342436638931146,101.71564779622504
14,93,914,10967096,65646357,0.872060318873924,104.70955841223368
1,714,1332,965710,1027878,0.06228475657932327,78.30884318354572
6,80,1318,8812158,58497939,0.697459982056038,111.01895005092835
12,2014,250,1196510,4076968,0.1328215681718526,85.0860568546017
11,1556,144,434458,1829496,0.11815491456056153,75.4230899168884
23,2043,322,2949530,21379532,0.3537495596086589,101.04820989605795
15,650,1941,54054919,361585928,4.783468963074518,275.6226160252987
17,559,971,15654472,151219552,1.38786467828076,135.4625106154432
11,1857,1256,18134138,48347219,1.7628983896534802,146.72869116644685
9,1911,1049,10827788,36009154,1.0160407501457562,116.9407548933922
6,812,1084,6772842,24268638,0.5149271434121517,110.10208300407078
6,1294,1655,15863185,40886089,1.1824988322166312,118.51649111562438
7,235,561,2029708,18269999,0.195530770448309,81.50753788755964
11,1221,1811,35046482,150417054,2.3495142962635485,235.91628881286223
11,760,119,234559,2283570,0.11744901946942272,56.01578226895538
1,1623,545,890540,4626448,0.03630843863595954,63.66389923055051
23,209,1730,66262470,116059463,5.819984031977346,320.11947279851756
10,758,447,2146057,7285554,0.18077470288491973,83.13468390589615
15,94,2035,58219325,163448238,8.278094477454161,305.91355528623995
1,825,524,438074,3094053,0.07604612061763004,81.85887763201639
14,636,245,942035,8845790,0.1990638998681538,101.86651931109967
23,343,1168,30452106,254448521,2.846169090577015,187.19305017272382
24,1265,1438,49428384,342316165,4.171727743783741,267.13030525917867
10,389,893,7542288,23106906,0.5628478806101301,85.95188006675697
18,138,1928,63512186,568814882,6.504269034027245,309.2145849582185
8,106,1839,23901493,117240730,2.393802946870134,129.59349022014115
8,955,1066,8991720,36426756,0.7076065266935813,118.63783474767537
16,1828,913,14196247,32671013,1.1538492424276443,111.46686395532558
11,1206,818,7694936,75705510,0.7214187426513239,89.29983820971454
17,147,1845,54785440,236762501,5.389601983427137,333.9719970642935
13,483,900,10175410,46275155,0.8763261348593505,91.20787442324725
7,1107,1823,21989036,63056188,1.5410621558201423,191.53966981596724
2,1329,1821,5758012,16461048,0.4277858771654559,90.86647475572377
6,181,2004,20474878,58693738,2.2138625319590224,135.38043755811933
24,1551,1241,37388858,335130397,3.4430323927938074,226.2468123896534
5,850,1188,6673006,9749442,1.1428505925764252,77.6844285344205
5,1351,732,3143218,15924118,0.23808761826157057,70.81211884711202
4,700,316,525202,2359926,0.08386157714508684,67.96813374522408
23,1793,429,4832266,32380429,0.5766857128983605,94.32762987435757
4,243,359,478916,2193063,0.09680664460439946,89.25725897870623
15,1850,1621,39826359,227756355,2.624356917624578,185.56461299145215
7,1641,1481,15615674,137972097,1.3804888821425298,109.50899865669335
24,492,1559,56721107,101406344,6.4990376938793455,280.881480852477
15,47,727,7451760,13431056,0.7610330345805459,102.01114471174061
21,1942,1888,75015914,717226679,6.776162770952986,325.53327472787805
21,1995,198,1185238,5404622,0.28673493800116456,58.8586496957551
22,1943,1418,45025764,163221889,3.576106932167208,264.1127041818677
7,1812,160,446250,4371127,0.05775178508631332,87.13954409755921
3,228,1713,6281581,27227721,0.4564414415135271,137.90498443171563
13,864,907,10676307,53534731,0.9403626712565633,92.14045785205818
8,51,558,2218060,21184138,0.17778923803921085,64.19552163967569
7,368,1928,23045394,95571935,1.8190039221584202,193.24461595818067
15,1458,1746,45268552,392330639,3.540626392883618,249.28076831521585
8,953,463,1950166,11885501,0.17381704214962898,55.38770412442612
3,399,1925,8204360,10198645,0.6705519647107344,111.2769775831353
18,1100,1200,25833610,70578095,2.2542511474323015,189.02850241660101
4,560,1855,11387855,21364695,0.7567672531038726,128.03059997974984
6,386,801,3530017,8689616,0.3512862072883538,81.20151324497367
1,1321,2023,2694646,8333804,0.1793599777579744,72.0667789759796
7,978,1575,16450885,26908101,1.2561450119082043,141.17567354680983
18,896,1219,26387703,174836399,2.350381269030884,174.38238763388395
9,1684,959,8990635,58739547,0.7793637048367098,108.27269321009763
23,1680,1674,64517644,554188998,5.8488499347845835,328.4743003454488
18,68,1772,53549850,191118925,6.549419805413914,292.3007024301344
1,333,556,191274,1295488,0.04937016217500446,60.69088048213324
1,2025,721,1467966,14120455,0.05846958919856724,74.84431427566935
15,1298,62,135852,1133185,0.1212246910522218,66.98404556762841
3,1037,433,829638,4143361,0.07030376246726444,101.41006521334666
1,1978,907,1804033,12228403,0.10646385824590114,111.13699864808827
9,711,208,497962,697515,0.12431985840050458,96.6549700109255
18,1344,252,1425322,1884090,0.204722882319423,78.91817610676686
10,981,1948,36102294,289330144,3.5191312037730893,223.67033598994954
17,283,1010,16634710,101338823,1.9302291717020619,132.37101328293159
19,45,971,17043002,77914301,3.6514003537187807,131.75775178961837
13,1068,93,205261,784923,0.11952991221320022,82.41845712555018
18,1428,505,5070715,50531256,0.4383050311773716,83.73229326582918
1,1163,403,473132,1785203,0.04398281443416934,78.71363080386632
12,1370,522,3723958,6922217,0.3091734604354084,65.6747156018316
19,999,318,2147146,6018514,0.24634153144196833,79.40550202650287
21,295,1225,30411860,131783710,3.4206068888892727,205.68908626818802
21,1562,872,16596786,46193863,1.4533660318453383,141.5167053933305
17,1634,612,7009246,57843890,0.612547934780258,108.32395239072832
22,1988,79,290651,823513,0.1674079610473466,84.84532126854258
1,1562,1248,1963114,5075272,0.10823579050176341,55.60038817641488
2,219,743,723692,6636238,0.06853588095989299,74.16681357408326
19,1949,1445,40442670,146980421,3.3653825107586077,278.99326838914016
1,1992,359,719087,1892164,0.039968140860303356,85.75155239117758
14,1544,1195,20438095,183292365,1.5087888922531403,151.08493953031208
5,981,396,1021690,3254401,0.08557497124740397,67.86288028675874
2,222,1579,2862737,15122816,0.14291485770622767,86.15254883589206
20,884,1385,37712175,212210162,3.990278073036735,202.5796099301584
22,1203,1009,22625826,112914203,2.683361516049801,165.28270405820902
11,408,1783,32555807,177817248,2.7008670104296395,157.82641558506617
17,1148,1814,54780996,541351309,10.948355725763275,321.98744446219484
3,470,837,1805419,12334707,0.16890822435481048,111.07462114265034
21,518,1205,29702055,148563406,2.3170289371614388,240.26735540329295
16,2026,1618,42589006,307172280,3.8966819945291102,192.96127793113405
5,149,197,187554,1827827,0.08856105449813288,95.96106846534506
17,159,899,13098440,52767719,1.0934948511777038,102.70700209932393
6,588,710,2949350,24669442,0.22403375858421082,84.04123901851764
9,1235,303,1114444,6546107,0.10073958609431738,59.42604481604574
16,1153,262,1338568,1733035,0.22625039268927505,70.62530372540965
18,1274,912,15327082,19879428,1.469143514314609,128.82195016389096
24,1529,364,3616350,26733679,0.4526499118661771,74.38449353616842
22,1423,1983,85463344,380704362,9.168513136751937,397.94023270740064
3,1117,308,537778,2231427,0.10838944552867959,55.4227686148997
11,1228,421,2298249,8121053,0.2629668104275146,66.70873144774212
15,1777,985,15358130,110418755,1.4702854832615468,114.77716165604606
12,94,1180,15453290,152909948,1.2297946031186344,128.89325478515298
18,1117,264,1487122,5308107,0.23124884009192376,74.55941766816528
4,1433,83,140778,583053,0.057486860915188634,95.33746721343059
4,1672,384,1089802,4486590,0.09191823210011019,64.09016070238584
2,1139,430,679840,3535272,0.05923592582669025,74.70905753741714
3,631,727,1525256,5810549,0.08308557638136677,59.710534731024204
6,808,1341,10096399,74268404,0.6169102946634393,143.107095444334
9,316,1719,24215563,199093821,2.41524640279686,161.59117872439046
19,627,1083,21822460,131706281,2.1588727000836836,153.06440751675572
13,576,1116,15613966,121776381,1.3467083891485676,157.30171136476088
15,1931,232,1207338,9454531,0.21617192108353184,96.99416198768245
24,973,508,6447038,28719216,0.6427610084834404,79.62521841265576
22,2030,1165,30903965,269238151,2.9981933404097356,166.62696791391033
3,1287,224,391562,3221836,0.0521878247836512,58.57292293864225
5,1166,649,2451283,20339493,0.2375343760021139,61.925775068120956
24,272,1788,74076850,733620912,6.849845041023011,346.30220585821723
10,410,1609,23991809,220387174,1.9789486635138447,171.16433161010116
23,1293,1332,40799170,94849547,4.224960811671998,258.3942254474582
4,388,1090,4002490,36811400,0.2787168997681426,93.63921345708133
14,289,1630,35049900,329122055,2.8315261858870797,169.63907424974872
10,1802,1855,34349045,132378402,2.718547262676691,204.09126001129334
6,1506,2020,23476450,53933801,3.7659724434019273,165.9679279273338
6,1019,573,2234710,18341534,0.2178495792644211,66.15684333427164
18,133,1324,30013766,109683871,2.598734591618827,181.4574699457124
20,556,1064,22133338,25742313,1.8662207029576277,187.7593565125278
13,806,363,1882165,4878675,0.2939467336466563,108.29850538223616
7,1343,1417,13974464,76070167,0.9314889609158729,116.64366596727635
23,1409,46,112894,913567,0.16234671348455618,55.430938213169696
6,195,42,17692,167873,0.06423874938926538,90.6833055936255
20,786,1991,76942205,619559901,7.768404428921412,381.31371988314146
8,204,742,4018682,28290052,0.8620525440782981,89.3548463843779
11,1380,1628,28784678,199095213,3.0391465628379755,166.04686141732998
23,1636,294,2392288,18695896,0.375664046810636,89.72560133045627
6,1791,737,4047614,6272485,0.2927258969492768,114.68808293506784
4,1848,543,1895623,7259635,0.125507910683904,65.30549020336548
5,1012,1830,15275020,83802408,1.2972472686838794,128.09410692174956
6,1171,1455,12312220,38302170,0.8327331788028637,127.20036062430745
4,1198,1234,6063886,57755924,0.4081248511848072,94.92702437534685
21,984,1345,37545685,239856298,3.6997082501289507,241.49781583473728
10,1741,1231,15806050,99001804,2.361997640060152,155.56446468262962
18,1789,1874,63106960,71677532,4.628209200968163,351.1015863806395
17,751,1289,27587188,89040529,2.364031513046602,161.4202022708964
6,1852,227,681691,5622749,0.08163000613721086,101.39880376626259
16,1034,875,12411885,40244004,1.213480467576194,115.12377018589231
16,893,286,1489784,8658427,0.20336105681730623,118.5696189100445
9,524,1483,18399591,61529423,1.4866741239424492,178.561755206921
19,1421,1174,26511278,247180386,1.966702428596194,228.67316248737177
3,1732,1509,7187377,21990188,0.5455433063700403,100.43790509322255
7,851,763,4155308,33480796,0.2702972429477642,100.74469344786262
15,1950,1845,51300235,289605666,4.350378506645845,259.1709032720998
11,375,1701,29607616,84701924,2.6879988713832694,189.24631059070893
13,983,339,1720096,14500892,0.2182048438368353,114.31911856793084
6,1703,716,3794094,21316037,0.2696705262701957,81.80813917388075
24,1384,920,20771770,171359633,1.8335477991925317,117.45043039258596
17,1635,601,6778088,31255936,0.6244712417816561,107.37877298249533
2,1691,1832,6476130,18367849,0.39651077325069717,118.04029983591032
22,735,1114,26915364,62320044,2.7064947120596976,136.24840644376968
3,1083,436,858058,7677366,0.07292181786646425,110.26833014370014
12,1791,1040,13783130,58846844,1.151603137513552,113.53177053970893
23,513,1262,35727230,207480286,2.5854218239050515,212.1750641809793
12,1010,965,11239365,91886847,0.8323159070391071,150.47008681045747
12,1891,1869,42000178,193597486,3.4970781787011784,240.43387872995532
20,2030,805,13970785,120828887,1.312864308121957,132.67219168381564
14,1942,417,3080389,26770566,0.29365370523057804,100.88664469225
8,1151,818,5640120,40767412,0.5116713743491855,99.56670493514338
5,557,405,887770,1545682,0.12213025458229725,87.82796538024222
4,223,1734,9431236,64315322,0.7785622743966326,90.59442160465191
7,721,2006,25624654,119426683,2.6995307490720784,208.46819340507668
4,406,1439,6816553,34965742,0.47293951216236274,95.70554060681685
17,75,1500,36153010,101697254,3.4390214114391697,202.49392844036515
14,819,765,8252830,11516637,0.8119194381769707,126.2565296545594
7,235,147,166708,555145,0.08703924669684128,71.91753457319751
18,1163,288,1753066,8743372,0.19678984545608777,90.26679227909294
24,576,1870,81569410,585807022,8.162136264961541,431.09979918875706
4,1128,971,3937415,39137768,0.2578318134003298,69.94358192838864
19,1751,843,14292232,80655579,1.0741196332546257,171.75211177893624
20,707,1741,58873666,359777828,5.00016736234276,336.4905542351896
16,1852,459,4022227,32399446,0.4016797094672173,97.97326018295635
4,1928,38,78138,300762,0.0470741098271866,91.47288307276929
7,541,1110,8011990,69339244,0.6421409229590225,83.87674632728927
19,1116,904,15744978,127519105,1.6522963762735432,158.15100699672388
4,840,1198,5328714,52734044,0.40450697397419044,130.91291685149565
5,509,1937,16022874,53252642,1.1617265632761973,156.24808723858465
16,1525,947,14920942,79609174,1.2750813025517935,153.2168291585853
11,705,1425,21340810,211949502,2.015799060848585,126.9471775178089
15,1401,177,691018,5713426,0.16286768886378686,100.44604598129551
10,1583,1766,30899712,273568081,2.7326557067049952,179.71444181423843
21,239,1502,45525630,274172874,3.645137130157259,272.2305173590293
14,1113,475,3473210,21273009,0.31432607429387865,70.39045019823665
2,532,1655,3639355,7745630,0.18893158979338623,94.26294375517544
20,1162,949,18242637,117185230,1.4271392106790355,119.35005818665357
12,704,1712,33483306,318453963,2.3485226475354075,218.43442036457296
24,1058,783,14956093,126115436,1.3472519456646723,132.03381045241824
19,414,246,1198276,9804659,0.2636090751563969,79.94608843048796
24,486,1675,65400385,478539531,5.651162439776894,323.55571021816735
6,2027,1560,15355090,29171211,1.5713800139762515,156.34297265665163
11,1026,229,764183,4406914,0.18290989222251028,82.60324711951385
12,1918,313,1684889,16844002,0.20901330920360875,61.49020996686956
18,1098,920,15424730,79665040,1.3230952891900813,131.41901355481096
9,289,1475,17859310,59880756,1.3216553378263707,143.76497443434786
20,1783,1173,28269310,58813880,2.81834630776997,170.03219922644612
22,681,1259,34184378,39413486,2.6549918835945507,202.7447256181735
20,311,155,509340,3233968,0.2465729555724501,64.69675489448527
17,789,1143,21835882,37470510,1.6069261381757614,163.1394518638686
8,184,1652,19437442,111342269,1.9427156296490649,118.2658395325744
21,207,1361,37370348,193881780,4.062086344300556,173.66238547295933
18,624,1868,60538154,210559810,8.741290366375463,250.88639239959628
6,332,1328,9280074,27764699,0.7874080786478305,133.1819717661589
23,350,188,849582,3552952,0.27460380393987116,79.9992992152416
23,1021,603,8634970,17203460,0.6850643206724921,102.08005388097143
10,1756,433,2456419,12964471,0.27967018287068124,96.78022877616775
22,1705,289,2255944,5378271,0.30949121591193557,68.8859016041651
13,1503,90,234550,1832671,0.09199873458992396,51.81289341950047
21,205,1760,62367370,211294058,5.140082733996706,345.7262602091351
24,2013,574,8752936,67803686,1.000717697088258,110.68452467440947
1,1116,850,957960,1909262,0.07701247764683967,73.77405163378255
6,1418,587,2564613,23039552,0.17266838812751859,79.63626342884196
15,916,504,4030498,6523685,0.38744041230122667,90.23209791559482
17,1245,1814,54956954,82828819,4.858096624204301,274.2553475339821
16,1439,239,1206960,3636494,0.222386136515045,81.47370941914276
5,826,1103,5794069,57030221,0.43319288051796145,114.5694819689166
19,1776,391,3457623,27216789,0.3490854526697414,65.23812370037766
21,1616,1087,25421679,200680120,2.481932203365882,172.75502150867004
5,414,718,2370128,13352755,0.13527328738518865,67.7472234396012
6,223,284,471166,2174161,0.09664406920268491,89.07799601038488
19,2019,283,2021196,6119185,0.3002254295160395,92.98376814445781
22,1642,512,6362122,29694341,0.6925749760810104,112.61040643493361
2,1031,1053,2207098,14410276,0.12260595506207604,75.0426837429848
12,711,1789,36517078,301430638,2.7889175674167563,215.67840973478118
17,480,1024,17296394,44925747,1.5979945043409358,174.9753987804229
14,230,1822,43618690,116367216,3.716303529628133,220.5322129701143
4,1018,497,1253941,1799784,0.0912014511178297,86.17273888747413
5,1876,34,68928,455502,0.056117502309112895,84.40131387378739
23,884,619,8997175,73792830,0.8691406347119611,97.06198843757262
10,1582,191,634321,4239544,0.1442172716183717,84.28276787329877
22,1956,1951,83813019,645903608,9.447926829703569,370.19042639891927
9,1877,784,6403722,39030134,1.4053835043162435,122.69886858846937
1,323,985,329000,1394706,0.05365456735419828,77.24240837990402
7,893,121,197966,1403072,0.07400683586247997,64.22887592422234
19,1314,285,1844815,3422147,0.29191037103333756,79.83580708623148
17,1890,144,607834,716159,0.17280729275844486,88.04166133508753
16,1743,125,455510,2621069,0.1184125541314974,99.53806532089065
10,1576,1833,33164479,105211358,2.6714609557760864,179.22057887729318
17,710,198,773200,6091883,0.1961096714668731,66.58025417307107
6,1268,1943,21371067,198658362,1.796363808814263,148.12218117346225
13,670,940,11254630,81139311,0.9462465299602485,149.22028315519967
19,1383,698,9755258,10209135,0.9801256051590893,102.16848836272258
6,239,980,5051910,8498098,0.39150521942539174,106.66605376108767
1,1229,1702,2110490,15464780,0.13803485109432742,106.57547750942321
19,1028,174,728896,2353802,0.2218768716240932,53.780393313080566
5,400,1325,7572385,61967109,0.5509060322230951,106.86448534441816
8,1498,1767,24534805,237435760,1.877443898200026,155.02843597005048
12,884,514,3371850,12990797,0.3473630936526482,67.04553739116625
5,909,715,2705570,18120620,0.19600235754765755,90.28413993890562
2,1265,715,1424290,6296607,0.06200064057867968,75.35097853965473
21,1976,538,6868656,19867884,0.6242434436970695,82.9124766014889
12,482,129,248077,2412472,0.14597815442025175,93.167181956076
23,490,343,2767677,16643725,0.3593884584641616,108.29769945947183
9,402,1131,10709449,74164976,0.7248808499777011,110.7331409613498
4,165,831,2220442,13251733,0.18772016232629188,112.87426348061334
18,1012,587,6468163,8080624,0.6740764496427285,97.83402896856965
7,252,867,4743367,21968183,0.34528850637792613,93.64818306859343
22,1852,1380,42592330,420705700,5.330166033982903,267.50202586274486
8,1730,1789,25530829,91965397,2.0705444460809623,165.006322210018
24,1862,1891,85830609,192247868,8.071781711819664,363.97483354106106
15,528,1135,18662815,120143050,1.710627731959663,123.80692606531498
7,1936,1026,8319844,56481340,0.7424563070251577,126.13214249190445
23,913,584,8055706,73770776,0.897791385343027,93.277364172495
4,319,116,79006,437961,0.06159068478300466,58.71182280122563
14,843,1208,20017778,25741712,1.6803710591552499,129.00969427040016
16,699,645,6708010,25843628,0.5774581381362882,102.59231379661679
5,112,626,1647016,3112036,0.16323458585532116,96.81728086440346
20,852,1564,47855282,196117914,4.509479039581765,286.67548770190103
5,1309,945,4823290,38623444,0.3423176749826385,110.65544009945344
13,1761,46,107466,729004,0.10684999305406316,75.56128999678894
14,694,1512,30805498,182697056,2.604659980901324,193.60728504330677
19,512,1093,22095005,219924431,2.041126076811376,186.20248113979616
23,565,1085,26547790,192937350,2.5219345685886068,179.66387106623526
15,674,1450,30448560,197896225,2.3070640555288815,181.73458160167908
20,1829,1858,69045148,337614724,5.7402971060679775,345.7048938621666
2,1119,778,1485212,12027172,0.06850715929761567,70.37343741440961
13,163,384,1840906,17125226,0.19216326736380854,79.00290648002611
6,1375,1536,13933066,103872173,1.295973678617533,106.46795548914969
10,1340,1783,31036691,188039159,2.3173999153580658,160.92170653592842
9,1554,243,854641,5119163,0.15787709284514273,81.83281855888607
14,831,969,13034998,19461447,1.211127515408576,104.50352229900791
16,1120,1762,48588922,311562916,4.09433965048775,277.2407284476159
19,636,1293,30953137,221362542,3.241049921025807,206.4458396871239
4,775,783,2457064,4137997,0.18354584597677756,65.16005525561827
4,188,1362,5840266,23162982,0.41901773625819216,118.91157042354493
7,1453,1360,13096810,21723759,1.022613246211856,121.41930135201693
3,488,181,156213,345855,0.06799590612328112,67.72790618856581
8,1831,2002,31757736,268392478,3.582972312707884,211.12311331820123
13,969,1785,40005430,109505252,3.9480370299708825,207.0860247664399
10,2036,1974,39128638,326948363,3.4229047026317803,245.66734411449153
11,899,1812,34500490,327463907,3.2283404835301006,214.98943835017081
4,482,1351,6145709,36203356,0.47714101921245544,78.03286006554046
2,1397,486,920980,1809871,0.08444441100344138,81.24287235058374
5,884,1384,8906050,40783923,0.6181105357902904,129.50645095268237
19,788,1053,20818873,54077971,2.4799536110753593,187.9551003015944
18,635,1809,56831554,435621282,3.9313136699668703,323.3834759986036
17,369,910,13609970,99622553,1.1361227047153895,129.04488068749467
22,904,340,2745850,11293900,0.38144050072999824,101.03191062454782
10,1685,496,3059834,19458867,0.18991577476761565,73.82550346226388
19,2025,1767,59830630,183585556,4.466432686185772,288.5439543484163
17,835,1929,61199464,516054135,6.843163428329476,350.44912433299226
18,1907,659,8657952,82716888,0.9055344034497118,118.28333774565506
19,365,1452,38521570,254650143,3.2987893236120347,255.60100817950232
16,1229,1311,27426130,99604206,2.4285573598004513,213.21345720757856
13,290,1250,19141260,179402102,2.180615838125365,141.18788994976444
23,278,965,20787075,57534088,2.1303735100755894,182.0777162421589
17,291,1410,32257990,36714780,2.501787126751408,237.39013082296302
19,1184,48,99706,504298,0.19490046282555584,59.864117004423214
19,1519,228,1288666,7862442,0.2228463252164389,70.39646419741759
14,1335,748,8290094,19001923,0.8056160629976814,88.74675093720124
1,1957,683,1344154,6655218,0.10668333148515055,75.4871919546246
2,327,1575,3014560,25561706,0.2583276525683111,75.22950839565506
11,1332,302,1320656,5243811,0.2225862808843335,61.999214214761984
16,1824,1977,62285395,406715874,4.7613702223420455,327.89673626118616
18,922,1989,69143617,181780394,7.062644770493397,347.7146504322831
14,947,1179,19215352,76276898,1.6264269958728677,147.5428478887207
19,898,1470,40258900,65385129,3.285312341115258,242.26555279000019
20,788,903,16231435,131613313,1.6310056898981977,135.94403152129868
20,1893,451,4731902,44407811,0.6340774187746703,60.70660728972163
7,1327,684,3726442,32122556,0.26703865370098634,74.49668760619359
12,550,1889,40332049,289438003,3.719069372723446,249.82643608412394
17,951,1021,17677604,126303358,2.165605168753735,111.7064401542451
3,1628,806,2621928,12157589,0.18149199702796015,91.42509546250344
9,672,480,2174890,2255469,0.20093342812804604,114.31036784738845
16,1662,1003,16783209,137071770,1.7512605860024626,108.67256150098653
14,185,907,10884010,85213228,0.8300662342684579,148.17422006097047
16,322,45,46045,50754,0.12169077072378635,73.6764428879391
2,1070,1781,5099013,8694132,0.2888560310289243,104.14655669978077
7,664,1766,19915192,82754809,1.4454111753523387,157.95269570141622
20,361,1144,25313298,39699867,2.125579732900286,168.20463709584163
13,185,1100,14748810,52531104,1.2667261272115222,118.89690707843418
22,256,230,1177150,10619347,0.23849900010947206,68.7788758113101
7,1351,679,3695128,20914096,0.27257435668313246,85.60776072348412
24,1292,260,1899570,3813774,0.26335401387939017,70.6100780635743
9,1971,193,682072,4258409,0.10456480680740063,82.86278926388736
18,1030,497,4724989,43377076,0.3798443848044978,65.18904919390451
7,2034,2037,29074111,280711392,3.945982987353298,201.6215862983816
19,1683,272,1797386,6721587,0.2782856114121988,54.28061773729639
18,1592,1945,67462335,421381326,5.6376135880798905,337.45310830678045
7,549,2009,25353590,106714176,6.257964370392994,179.66794911898705
15,193,2018,57452470,112620241,7.955353000997195,245.85551138558134
1,766,1040,808090,4584154,0.08776974045915407,66.21809771046095
11,2040,1139,15320699,31970113,1.1105332775186583,127.71605846289278
19,1687,1274,31401562,169939890,2.445422006849038,183.82520459007063
8,1834,507,2738317,23681417,0.18123530007492786,87.30119534559034
12,1686,62,148190,1153259,0.1278248935811399,68.35158907633073
24,864,1201,34253731,105716564,3.4742823554368174,223.3151613576659
12,996,1642,31329370,83595054,5.4512723582492,193.54217571868946
23,740,1762,69664204,106240266,7.618431298096104,336.4484775681055
13,1743,449,3212156,6778944,0.3932743014611849,69.63042883493318
20,1722,1703,58087637,92028432,8.044465831435058,287.03799664506244
1,1307,1989,2621512,9725656,0.16914756356771196,61.20475612943773
6,1136,671,3024207,18790998,0.31207040865419583,98.7078242304124
19,716,1080,21799810,217460160,2.190131468315219,183.27262522987056
22,723,1376,40799786,378052402,4.8187702910243875,199.79039298121918
4,167,2012,12508614,44260422,1.683717157115028,106.79301020700616
20,1202,1335,35507005,72938627,9.045911867823758,224.5358357568318
7,1064,1592,16927746,162494660,2.416074702279636,110.13754252370836
16,1668,419,3343211,19744895,0.5606482175068617,92.0020660527572
13,909,353,1824314,14548743,0.4829692684732998,60.30833893000666
10,387,320,1051850,1514521,0.13200182891960974,66.03318929703954
11,429,598,3845150,15846024,0.4300310396903679,74.62939359877579
16,1606,656,7525642,17379173,0.9564904514270879,103.33084448764419
14,1607,2025,56610910,132134179,6.713665559777678,290.5361943492832
11,1851,637,5250164,51725367,0.5778245237989657,99.75392400097034
4,1901,968,4664802,19848413,1.807117921574559,80.85653148936055
22,957,940,19485270,178260876,2.0077996553258908,142.9005128408901
20,1462,1589,50344297,230469903,4.993306509142537,252.50046445681343
17,1287,2027,68403152,553791107,7.125813386254137,357.30860945922814
4,404,743,1966731,11004610,0.19619427253438207,93.81839857707095
11,1385,1240,17119450,66460280,1.369995974774191,181.15391642445823
9,63,1922,29710286,265715713,3.4442452012569693,184.41181923266117
21,682,1337,36704671,169923443,5.137998506126616,230.41256842447007
19,267,1442,37855394,43524794,5.479244620495714,247.6843768859198
18,1792,1105,22768535,207526208,4.450893247811893,163.51579199408667
1,1267,1373,1754704,9694137,0.21159042349443288,79.46854380698403
19,724,1076,21650206,90549717,2.4555936739047644,151.6702689187392
3,1358,1002,3381760,3814579,0.2621973443880651,74.32414860180603
3,629,1743,7195114,58681094,0.840539445428097,84.92954241040165
2,347,1780,3807430,28293594,0.3269903540246422,60.026556385669174
4,412,1847,11021059,32998938,1.2219730346303976,117.74827900647003
16,1510,631,6941641,19747448,0.9406609212741225,114.90447488163868
20,328,1285,31833315,134148125,3.883224950488875,156.59851201009678
10,1592,1709,29041047,154984024,3.259452583434983,161.51079241661947
24,1856,809,16582083,25424351,2.0855452667611813,119.74722830337662
21,1717,1722,62315746,361199533,4.954009755078378,306.5291044278446
22,854,1086,25729522,63513255,2.5151224810505615,166.31943183897755
4,1494,1516,9180906,46719632,0.7887956955044153,88.1874544835895
17,604,1882,57858336,74109872,4.152478624709159,329.54660897312095
7,1583,903,6337264,49363149,0.4381496701457612,99.80449426854415
12,175,1873,38958410,89986061,6.554056548998455,266.5703145620392
10,157,1537,21533380,66168604,2.7109708777520627,153.05875589739432
16,741,1190,22154240,215608749,1.544124582326131,151.64832176817464
6,2035,891,5796856,22734255,0.4040753413735898,75.17174565518125
1,1794,717,1294195,3377424,0.05955403917472944,78.00106881050012
8,884,1648,20497834,103289593,1.6117362411646237,193.767193895645
16,529,1603,39433810,283002027,2.988257733730888,237.1489014288548
10,1706,1298,17403594,88271264,1.7886194261849506,170.94306356131727
14,1448,1457,29741751,153052246,2.779663238108731,213.16707298459855
1,1502,1664,2517642,23682501,0.14008233119745042,62.800523358129986
11,1092,1368,20236834,160168473,2.2492935786080746,161.06828469485384
20,124,340,2248770,16560135,0.3738112701736554,103.72020927479434
22,1734,1326,39265522,144879566,3.261268952793919,199.22680249435766
24,729,711,12169486,51118445,0.9851962322788949,107.4556411114744
19,1064,499,5027435,25511926,0.52843269484757,64.35424431895632
3,844,102,108232,909112,0.04740148406934045,82.52109181644431
23,1211,1185,32367100,81688178,3.005651537255405,183.85409284917472
19,440,670,8394440,12520672,0.8398535625475516,109.29912977141886
15,1591,1054,17256098,63071167,1.6805056546024149,158.17509359864263
16,1112,1068,18324754,160462938,1.7216030178042907,160.77592340366422
15,1438,136,457922,4055936,0.15325567579030205,82.82242272544347
16,356,1469,32930583,233382776,2.387474664143284,197.9943585672665
15,770,716,7746414,69791061,0.7098834201204492,91.81899167727191
1,625,37,23542,218144,0.038090014389583676,64.47445802256107
9,1001,523,2721702,18747493,0.20080353479717017,67.29191663803131
22,1063,280,1953010,9099781,0.2744639340651689,58.50719815732591
20,1585,1657,54843396,190769395,4.421974674717392,268.1209851969084
19,1697,1257,30610474,215933183,2.314266589108848,197.32932348576054
15,719,432,2934154,4492734,0.224259310854118,88.70997142600278
3,191,2036,8705946,78718854,1.1861828599013315,129.78353879738614
3,1564,1972,10887422,54028089,0.7541598478125396,107.8423192653319
10,76,1153,12075379,53122408,1.1035474349551821,152.73799743519078
4,730,407,799765,6466420,0.09400302014659627,65.55240406321167
13,1633,1916,47225578,347890232,4.623041797851227,274.8630418423753
13,1356,2019,51700543,331577933,5.146364393194575,267.4137541904224
19,1115,1715,54904020,225769157,5.355295897007664,291.0159767850347
11,1552,79,186687,854244,0.12653357132359713,61.78214734785107
5,126,1657,11216243,83969402,1.0883358404082693,118.62528514127338
13,2007,1364,25094882,239627459,2.431511620918106,189.64417259351754
23,1626,893,19025375,64595560,2.640547101891253,155.30819784681609
14,1066,1584,34344298,44473944,3.0558393665657113,200.42179573872096
23,1116,1223,34311275,233809596,3.703549060854641,219.0370494363246
18,1712,938,16589478,23817971,1.5330833430650104,174.35624931172006
12,1802,452,3071802,27816885,0.37999500416977133,72.16403514881243
11,1201,1589,27190978,184429298,2.0683256909880914,168.82933777802262
18,305,1774,54091044,478094455,4.938881894162249,261.19568334409803
18,1115,1208,26188242,223819108,2.4262221166797917,166.18148031662895
10,1068,499,2783931,7456567,0.31174332937687393,103.10262675982281
13,351,274,1003398,3394765,0.22445082457989993,61.859873075782936
3,130,1900,7491710,18134905,0.5019347882891875,91.5998231934281
22,1234,1727,64819501,494054010,6.57647705988496,335.62428962987235
17,282,429,3077227,13744058,0.3861453067134383,86.29348915891008
5,1023,486,1449262,9197138,0.119039873951526,97.96763171402323
17,86,1688,45780258,331704444,4.719208728999332,276.78961630923646
10,1914,494,3151730,30412271,0.3887013945776248,121.06797540494837
13,1646,1834,43423628,84252872,3.7954613920015343,269.83125573187505
7,1489,1275,11673910,98708072,0.9433592538533735,97.4024122159278
24,1118,396,4062970,39795913,0.4654896513626155,99.61272006497639
10,728,116,207882,473999,0.10645516459648945,101.23888878771291
19,1570,898,15951184,116559544,1.4734143993652982,157.74206850685468
14,930,1091,16514477,94176282,1.1811547270862364,126.03864906573482
14,952,121,308439,2032100,0.12267157570215513,80.36068899016671
12,85,654,4774864,25375044,0.5415634975512863,95.23002858993311
11,1758,1539,26423101,128276891,3.1076287522303176,155.0117524780098
18,1067,84,211942,1035338,0.14379723591271998,43.74478332079764
20,1793,1489,44839756,261660058,3.703347657204695,279.35435794269597
10,808,1132,12470122,29947154,1.1124250152764381,144.87417989492434
22,1842,1248,35046346,260491202,3.3937676905306136,254.71860391241165
1,1008,418,425952,3023315,0.05084196917298793,73.32608710838853
16,1727,1522,37415336,198258421,3.829134745865725,181.76278025530848
19,582,193,788415,4405999,0.24629884822440815,53.3469403963998
5,2014,341,1157023,1179710,0.10189974685278183,67.1948428706231
11,1223,887,8971128,16035295,0.6781727426409638,104.00398024704263
19,1765,1157,26171350,213936674,2.4930002402759697,199.5728863161766
23,1629,272,2079722,4577033,0.2714329315268373,66.09362998991558
17,1423,1458,36126334,248621363,3.012418081556649,257.1564004057211
1,100,1125,124885,1006835,0.030475165920909493,57.07970206552063
18,1194,852,13381522,85179611,1.3754898628096648,108.2427404311975
19,735,956,17181242,143862781,1.4855835278810823,133.78697162149766
2,1017,1117,2397092,22484963,0.1748099784642788,57.30764840644157
12,1505,188,675870,4615589,0.17402664578548874,73.60773805405671
3,929,986,2873214,27388710,0.15928837311726607,85.25119837253892
23,91,918,18653770,45242859,2.6772257331828153,148.25735951200642
12,386,1764,34948378,273493785,2.9469600372203546,214.4197133110979
3,1222,1089,3716767,23013752,0.31767526237755317,95.19307930506348
18,1987,200,1083010,6817800,0.27528629638181346,62.17216789403319
20,1127,101,310686,2436492,0.149548890329432,62.78086885279276
10,52,1785,28804555,148498330,6.7483354008637715,166.638366809776
23,267,1571,54768212,105002606,5.364525295848319,271.6127773288395
13,1505,726,7434250,37905528,0.712660512987151,124.3900604446634
22,699,226,1237812,8135897,0.24920660946056022,57.24682739456063
8,917,815,5411610,25076906,0.44415137131781907,73.41720296611355
14,1687,1722,41495044,348577300,4.498805692344477,246.70719538595407
18,918,1643,47444921,394381378,5.497299059659569,210.12700780072998
17,1498,1823,55953349,197833589,6.192186423385599,242.74701850926962
14,894,2000,53836010,199101007,5.583293561676551,330.18766531775196
14,279,47,42968,346664,0.1671810415027571,68.11249216421437
11,549,935,9275210,73740690,0.9371262781328618,130.71018202209117
12,1640,1839,40257559,233606781,3.836471615751492,209.2870034825289
13,661,1527,29025226,137411983,3.1329368972527223,189.36551491604985
19,593,742,10371686,38048813,0.8741938432953639,102.63520032920806
2,575,895,1326400,9430334,0.12019189182925079,76.87974809834172
24,1168,1694,68037826,377973491,8.129157318296665,291.6418935402609
5,1235,1012,5361586,39590954,0.55121220156984,94.2832204975285
3,701,1703,7016370,53616975,0.8588389066685795,86.88018289646551
24,414,1475,50700185,395948035,4.970675169836896,324.4232878102409
15,507,503,3809732,11958366,0.4754135954019025,88.12497215818878
14,1623,1130,18460820,151004573,2.111579350712976,180.57586382889514
5,116,1467,8800543,9054146,0.6036677561278679,87.54633639614877
1,39,1732,86610,231691,0.06698740364277424,92.98363291363614
19,85,172,552130,4960258,0.20346133187664714,81.57416520994097
2,412,1505,2903155,15306677,0.1827607682044553,97.93151777326905
13,1132,827,9162343,84756528,0.7765187628361903,124.32698168315679
21,1165,1658,56962258,166245688,5.908994224806908,336.812456406744
11,1795,1001,11837836,92252442,1.2565923855384515,137.36015457576246
20,1139,1103,24404988,91424583,2.2889649748890264,150.8328847988181
20,1713,1145,26905220,169921306,5.502673055243397,163.5554824927787
8,1347,937,7424798,48493263,0.8806589034248657,87.13749799963537
6,1447,736,3785258,24653002,0.46666144858895675,79.78743755243788
9,535,1785,26478700,40237242,2.954218044847788,177.28328622726823
14,228,519,3632491,13444435,0.6105648496010246,111.11549688227393
8,1102,1745,23269585,142486504,1.9772483644242553,146.8603332137743
12,195,1103,13622060,65244298,1.038507068330551,129.74309316249025
23,948,1811,73930463,369940474,6.424049292640465,420.70372833727123
17,267,37,32792,102648,0.1360019056994751,73.6723533342557
7,1267,2021,27101620,70047508,3.3925912658560913,178.65520267248783
10,140,855,6716035,42306569,0.5003589242927492,92.60359948444452
5,1577,592,2344330,17822536,0.2028651186378486,81.58975607530601
16,863,1436,32208054,289130733,2.6105441000043035,224.54793472658548
16,161,1999,60313838,178874387,8.542060259300278,341.2822020290017
9,132,1849,27629617,37218795,3.1567298277662936,201.32933498937777
16,349,217,787720,4826060,0.22799242018321156,67.03941238196194
24,613,383,3621658,32937561,0.4904544986305798,69.50878280487824
10,1714,1396,19960018,22539641,1.7896311705871804,179.07198259171653
7,2014,528,2745082,21561310,0.22762644614683336,97.63990917135635
6,944,686,3011550,16736004,0.2561850653627968,74.08885831679864
17,322,388,2544126,10988917,0.33026780113860227,65.50566713239289
15,771,1459,30962908,51172689,2.9664787254469775,176.31093893134164
20,1887,379,3455732,18568464,0.41452938326633143,75.5169984864454
11,1804,1106,14250820,18802977,1.0607144753080375,118.68456219242901
20,1592,539,6394167,40602454,0.7217901188953659,86.30436450704106
9,289,860,6181690,27186202,0.5269017472870302,79.06205500389933
22,1346,822,15322090,34515302,1.4187610950390064,107.88493528921022
4,1622,1035,4906945,47979396,0.35021439082890227,98.34957176289504
13,1901,441,3182266,31134315,0.30765640325897603,114.71191778193432
17,650,1137,21454063,100230982,2.0397055895374296,156.48576404634014
14,1041,1671,38078758,68494576,3.1536081298011265,205.46795512114392
10,403,760,5519890,42720135,0.6562304240436292,120.63659018674551
2,890,271,317893,2051948,0.062450497583756086,56.21369727656838
18,1077,334,2265532,10770604,0.3347371294699795,123.14173516320815
19,1835,1859,65671044,80168792,6.038090626143233,343.1796965771171
11,1924,1974,42806200,375941626,5.14572369533569,254.35344881668755
8,971,1269,12527578,82884508,1.4654440840379348,100.87913947481233
17,1890,1404,34230934,311832334,3.1820094044993694,231.1843431188443
13,1220,1428,26245222,183898830,2.516276143238019,139.99447920418766
17,1458,1313,29533319,281296465,2.80723459977731,193.69444074769413
15,1143,815,10251080,95738211,1.2377957879941266,107.820519795521
9,2024,185,651765,4522371,0.17306437338028619,101.6974675510877
14,817,581,4876924,26712240,0.47526669580270053,87.3675381548835
13,245,1922,44844114,330626908,5.303046309734586,255.62853762275654
3,556,325,396185,1877826,0.09502561647595559,55.72280130055501
21,1469,35,77010,547252,0.19660644213816456,75.77645076106069
20,284,447,3936739,34606483,0.6883135422676403,90.46126703980988
16,1043,1155,21245080,120169234,2.102963748863032,178.42650126022366
12,1741,1119,15746578,90143894,2.5249566388561493,154.90078493272816
7,628,1289,10800541,53115862,0.851079072482609,127.24855833631325
21,269,969,19069930,176411577,1.9510424255993426,128.98676946832288
24,1905,429,5064784,13369436,0.6665193261704321,110.90089929969498
8,1693,773,5505316,41976221,0.40259061228254955,75.31108418728473
9,400,799,5441999,19838308,0.45690679731489736,109.06679564748082
5,1733,532,2062042,12881641,0.20109590165771232,56.47375429154386
20,1820,1148,27163986,59764068,2.6006446828522094,169.2144839392637
13,1531,1694,37068118,155403243,3.549903751323799,224.72441383304965
17,1887,71,216560,527593,0.16328038983979487,55.539831102440104
16,1772,1552,38921066,107138731,3.3228341490491884,220.85368700492614
7,987,572,2537402,21792823,0.2501408848042738,115.80475382518777
4,357,1419,6567142,44875870,0.4672035491750543,93.12149175569026
3,598,1404,4800286,43694580,0.32659340133316267,64.16367311314016
18,1347,1945,66985810,156419354,6.349169133169468,319.29169733387556
22,1624,280,2110090,20876973,0.35227295339333864,79.24370060790599
9,559,1831,27878816,96728141,2.293465207442655,220.03901090739723
19,1770,266,1752152,12725099,0.326216736362038,70.92103763484604
23,1217,473,5513298,9502890,0.635138531754543,92.64495694928587
4,500,845,2576415,23066268,0.19114593132723678,71.34987572372744
22,2009,687,11313526,35425124,1.0891733056198034,92.96838744791161
15,603,91,173092,822370,0.11662261903659144,66.6303179688422
4,1074,1542,8810998,57416655,0.6720277769922868,121.26625627921757
7,1291,210,539290,1368388,0.08130323943481349,82.1664563604134
18,172,1313,29570083,137314522,2.495770515089802,192.77761895223512
4,1465,1410,8049700,49185232,0.6510594998689443,131.84998957469466
5,1871,1357,9925108,69483707,0.724542649098921,99.94389832417009
4,1294,1896,13264426,26076656,1.0500703255090102,143.82680793699805
6,1446,1996,22838242,159404143,2.0172859253994555,166.0026596604933
1,1007,563,573144,3351390,0.06379435427317166,90.42559928299819
8,872,1141,10128667,46823418,0.7646219573862078,98.07663233340878
16,1947,1144,21888162,26092849,2.1572389389322115,148.74306502583437
16,1050,1841,52820141,498670571,5.752356963784041,265.22685380277045
23,1382,1312,39726058,159630773,3.64778941790921,250.19093383419997
24,1769,896,20080266,29765217,1.477043256208672,151.66289176223282
3,618,1478,5301596,16489206,0.3931947661594554,109.55347487483733
16,458,706,7818254,10765673,1.0874729831665269,98.29538380068793
14,1504,617,5891743,42394186,0.48042295679084696,112.46232493451262
2,639,62,44216,132263,0.04027982775297079,71.94326606135444
3,1914,1457,7053347,21938401,0.5174058283640756,115.51468226439913
19,1383,750,11184010,77600848,0.9370956820832912,89.17494336085028
2,2005,2016,8130538,58082050,1.9238232253967507,100.27578539849472
1,1416,102,145564,1026078,0.029051844502384534,79.23938919671662
3,364,2034,9041140,68379364,1.0787066911235337,121.02801734149969
18,1844,773,11605059,43909421,1.671965820160105,123.61921070071664
16,1092,783,10071739,63969241,2.2195550820065075,125.24594358176357
7,695,1787,20432568,26562279,2.605770766693211,163.25073837130972
5,459,1635,11467900,21034763,2.5069772428526047,95.53014560507422
4,1953,1708,12111438,40678224,0.9231667902665861,125.15576837313543
24,746,501,6163813,45495093,0.8348748944452833,117.68219647558305
12,1444,1211,17907067,44738089,1.384053350853425,124.33525559149608
2,410,1290,2208490,4560403,0.1745267882795497,54.843959874333294
11,399,1975,39835760,364288921,3.239636025017264,195.73222773166134
24,314,293,2076501,9690092,0.40466316862444973,83.52321068892209
16,595,1645,41611930,315531989,3.4148371774028443,250.3803669517268
1,951,1221,1174612,6557218,0.07850632765832893,80.22607545402681
21,342,2036,83665358,787594193,9.867431818567674,383.0176971004121
21,746,367,2978949,8344228,0.5148823820730218,101.45348678365505
4,896,1816,11546138,76356774,1.037493245601733,92.42332425394444
2,2033,250,573760,2728944,0.05605887662907096,106.02356238157493
19,580,737,10225885,92412053,0.8860954952236871,119.22159448162657
13,854,63,102889,443673,0.10122966395020586,96.36814570898294
1,627,1024,653322,3832688,0.04454570016250107,90.60579069915705
16,1654,1990,62744710,176462495,6.488903042760619,317.13793696508054
15,1262,1980,57433870,545425515,6.017909956867134,287.8438187107556
8,234,612,2776042,14682684,0.34192161735804855,70.28535057773205
8,1232,1858,26487658,172745837,1.9302917364092207,146.72208014234056
15,1066,1150,19769660,53510461,1.7410889560614962,185.68132706307492
2,974,297,381061,1922570,0.06523521290682756,67.60667476183944
24,1581,229,1575988,1646240,0.43965582945553894,75.20241368203669
12,1670,1045,13780425,93996382,1.86664366816994,98.66497022925707
7,1581,1711,20299314,23843115,2.1699808031701964,144.701686319017
7,1252,981,7019065,21097499,0.5941181450255164,73.8554347348236
5,132,1358,7576292,63265892,0.9127978800277364,123.52351240370812
15,1837,325,2083910,13142346,0.29789738014293393,57.9115933807983
13,1610,1393,25560167,190423616,2.0985956357165847,206.5296465651833
10,44,1457,19198899,98605490,1.941551552554314,155.50140176079455
18,1023,1244,27615566,152976114,3.29842041694031,190.85338521958673
20,1457,1435,41259130,173503598,3.9244006849024706,209.28962345801548
6,1490,1105,7769265,43449943,0.7999424270980734,130.95043165969528
16,598,1802,49832518,65902971,5.153568312894446,246.38274952695858
1,1662,832,1391946,5260927,0.06549726994165994,66.76581836811641
14,1765,590,5580820,45588572,0.6721119543480003,69.01729616939689
6,336,1097,6403199,29882208,0.6922626901819062,109.01751417308817
2,1261,1560,4419490,32346719,0.2804075932511118,82.29975214865742
12,855,963,11045620,81929399,0.9639510789820289,136.9978518264693
12,1233,1881,41280436,55866708,3.7308823605493715,226.58225177178937
12,1097,181,562920,3462065,0.169902753718876,49.0332848550568
20,2023,1519,46958376,462553322,7.340987102278184,240.8197531905277
13,672,1612,32302878,176804774,3.560585285117427,223.55702963265097
13,795,421,2471280,3521531,0.3895829901810585,63.53747418860228
2,433,1637,3408244,17783568,0.20433616437096244,89.04237050531451
13,407,138,287878,2856032,0.1279034185348377,84.37114464434065
4,1936,1809,13345003,78468248,1.0915533078420496,144.08036719196363
16,1881,1122,21022924,190033266,2.033014337619415,150.5087992403774
24,1892,305,2727015,20057794,0.44289958317832034,85.44056208160583
13,243,800,7892810,73838013,0.7321475473254075,109.74862751548277
3,335,844,1718394,4673238,0.20542632440562045,56.84923365187275
14,277,783,8205850,66786772,0.7046509490048578,110.17217632488008
19,68,1007,18350571,162171906,2.742720265942409,134.78559705056406
16,1579,1609,41415670,312170669,3.41776021550999,203.30231596746452
22,1621,804,14903758,38355133,2.379965286364478,122.24960400269327
23,708,1058,25409996,160197077,3.156178003438917,188.64547047998695
19,527,1835,61630320,72263529,7.186846771057012,360.2064954019577
20,1730,248,1605066,8528125,0.33297455321149977,86.1580261653835
20,710,743,11038761,18177424,1.1017753975610105,129.9699674976799
23,1608,1214,34415696,144239978,3.8607515191668624,233.84672493896522
17,1894,347,2593141,17271985,0.4285671423999926,88.67490258504016
7,507,1659,17383012,110201070,1.5039825784354084,125.49072606784145
10,876,228,672154,1450876,0.13851029419560756,96.11834212977153
3,1138,1253,4582231,21930641,0.3346854148026103,86.99399559569981
24,976,965,22392835,55463301,2.4622099591026516,140.5604601432162
11,1442,298,1324024,9506894,0.25540098465045935,79.28894214430433
6,419,1508,12026310,93891532,1.0323463082208069,147.9336456028734
2,1931,1137,3501970,30827073,0.25404029128857825,82.37518820662447
2,887,1237,2642242,19042950,0.19165739068512488,88.49600807789245
3,68,1098,2500156,14957883,0.22013150271643833,74.47355045304414
14,1839,890,11955380,15008821,2.090400439728238,117.37115275471699
19,1764,334,2606880,4018102,0.32198378144303735,101.61839787446482
11,1177,202,650046,2953508,0.3250698012531646,59.30379901346926
4,711,1220,5349710,33932448,0.39307232834680783,98.09276746195331
12,1861,871,9985154,66125574,1.021510633425489,98.70592311069385
11,482,1797,33195991,242134054,3.3976381994295717,200.13663308138123
10,1427,580,3866870,5939514,0.4951824389040133,100.28358353022918
2,74,401,195297,292728,0.05082337856964678,56.22705410115889
4,1036,346,722458,6392568,0.06986813528982648,97.55386252320412
3,426,2033,9158675,51571589,0.7748211485222652,135.01234001088008
18,627,168,589858,1180414,0.21214338691545784,91.16071948457551
10,769,1872,33016474,307279054,2.949570418947809,175.1708253060525
17,1449,649,7697150,12346693,0.7541698371754576,96.81845874667746
1,57,1321,89838,471102,0.031061364195752207,57.33839525982438
7,1779,252,833626,1988293,0.12956088847710984,87.65813276358166
10,722,1217,14232825,51910959,1.1870850476983015,140.7150813284521
2,1081,2007,6221710,28973556,0.383004166992482,82.85659902881171
8,1936,1359,15583663,51898066,1.4016839927500888,141.9581219272359
20,200,56,72474,207062,0.18354788280889936,64.68115847963367
12,1551,1000,12573010,78481981,1.2606586506663826,100.17714229976158
16,1641,1281,26749852,237094362,2.7439380363540997,186.13996398265678
5,610,1831,14554629,113280799,1.0300479319219658,136.6451284718917
15,1152,1875,51425635,475003715,5.63741033499255,333.2205623470484
22,1337,1353,40295056,289300393,7.558798324140775,209.20243873454083
19,1582,284,1909342,9886817,0.41484643436634033,70.66930807031402
14,448,263,1023343,5489123,0.22891988807755853,94.41681492279851
15,239,1575,35144560,140851385,2.4857389872067768,220.73463021099036
23,128,1550,53104560,164347136,5.6463670539305895,291.967365292736
12,1796,1994,47361498,404235856,9.87014425815742,214.4413064850648
16,362,672,7034506,30718326,0.9289341684725666,109.71934754084876
22,555,538,6394140,7648823,0.6872340945491345,136.4034528548038
19,343,705,9208720,72886796,1.1256858260330957,109.55192061044728
8,1061,1781,24125436,208164396,1.9240011498138514,203.2333156870237
16,458,1965,58869445,394329500,5.257159249197617,302.5074899272414
15,354,713,7387403,14947309,0.9067493729910112,102.79311477167477
9,343,1703,23818168,80886125,2.7208277592958225,155.31085243553792
19,1516,1073,22381717,154101675,2.2403274655806737,189.08942201156722
10,511,945,8539030,31932814,0.6911287405710878,93.23234736856848
7,312,499,1658187,12921784,0.17081362852116913,98.31937139729158
9,654,874,6699220,31725731,1.2377639150952808,126.14439614345032
2,93,472,272354,2331104,0.03783284824964483,55.09880916390487
22,555,1171,29483448,51114914,2.5633462151840742,155.70887174956314
20,1001,955,18313090,82415742,1.6685178926530349,129.13492831972817
9,1147,1201,12939584,41362807,1.314658718223074,93.89370641773219
14,1139,147,451888,3857426,0.15217215297193068,59.46284352972476
17,140,1659,44313559,159849572,3.9772526868170845,275.9702049226222
22,1151,822,15161800,120064598,1.443082745631603,138.55324155063565
13,425,1359,22771414,181855342,2.7815233470675857,200.30694279354321
10,1757,118,335012,2764968,0.10167058505640096,76.9803186143157
23,1334,445,4964875,37990975,0.568661884683121,109.48093162979784
21,458,1547,48620673,337266984,5.030158531326636,257.9796926429239
7,1043,1438,13931354,44369815,1.2481623529013826,154.4740836764892
2,1374,661,1353077,10930862,0.08435802263943912,71.29296383948848
16,729,602,5890580,46240830,0.6823485723500436,125.9675563559026
18,574,1572,42956482,160457826,3.9962206849002517,226.92720114946334
17,666,1809,53613343,467814375,5.38997026933248,303.6839532062378
12,637,917,9854092,18285864,0.703068573353042,115.31169311402424
6,118,915,4308745,32250022,0.3665874796640579,85.27019984592255
24,1034,1213,35136981,184459055,3.2648773304088894,191.55964600947323
23,905,1924,83243794,341023104,11.503732423955528,345.69274566463037
19,58,1169,24699811,241698628,2.715162415576534,164.4951001547918
12,212,2046,46526050,226130245,13.482276162627606,222.27555968622
23,1341,1767,71118226,644821344,5.905693406960373,410.80070543513887
12,134,1609,28728705,112255364,2.307253955536615,193.80138492622822
8,1135,1930,28299600,137828491,2.1145031202495668,196.64768148616525
2,528,1136,1903946,13226014,0.11219137673217144,82.50655000526123
10,1175,246,838624,4905364,0.1487511044853137,91.56483951806996
20,1975,1112,25723906,243281690,2.4826850939648306,174.73762565707182
9,546,1818,27468172,43433997,2.512411311941196,164.89979400147337
14,656,788,8608122,19450111,0.9002777680514925,95.23354805248755
6,429,456,1242610,2061950,0.13795434657325523,66.73074740196226
21,779,1723,60770220,96253968,5.561751357137746,256.0969500874501
17,297,368,2286026,21188376,0.28878005555136177,70.14620090715957
23,2021,1853,79345470,142339108,6.4226514480775805,428.35613799550674
20,734,1628,51601098,264424047,4.682000740086136,282.49181710816697
22,128,1965,81400135,488933686,8.069920499505978,366.05779840634176
9,1057,606,3589954,22633823,0.36344847079502546,83.94983429833934
15,1467,154,561802,4895499,0.18890837605794628,52.18062097798017
5,1008,353,859565,4005008,0.08723091072676607,84.47010691939947
6,1298,1193,8683857,49666383,0.6253932099497319,103.69026585638778
9,1721,448,2385162,16951339,0.16428696667761183,59.883300093923644
12,2042,763,7978701,67775674,0.7445334661296548,76.19998468878947
3,1079,1523,6302184,47392639,0.40116148438060656,129.0467410904945
5,464,1467,9311059,76627853,0.6136847124187034,109.15020887368077
18,572,1089,20814067,58548919,2.679416582184618,192.37466852622183
20,1829,80,270330,2294743,0.27471103062334895,86.92080114930208
4,368,454,791786,931826,0.07641100967722546,64.03692985464365
9,1868,227,840591,4504075,0.10920037600840841,80.14262802698661
8,1022,600,3144010,6208219,0.2049767283685276,71.27778719993232
21,1561,1475,45860710,252577264,3.6328379071364303,310.9810022180293
13,1505,1396,25518890,82793778,2.9083160991312025,164.80195520092698
24,2047,1273,39921290,237300146,4.167564111404705,212.69470320162785
16,248,220,786290,5807266,0.19636965760743624,85.58260011721711
2,1029,230,292340,719709,0.04284717729677444,111.18567971296115
6,980,559,2119179,2878401,0.20618001561148516,53.40668835119949
1,1300,1746,2289016,5842192,0.15533819089003104,91.67160750944068
1,811,1228,1009426,2981819,0.07179488458004976,90.19700903346825
4,1634,377,1047693,6794725,0.07861774700408385,107.25830166772506
2,1289,731,1485402,11359256,0.09904616188956766,76.21364952235979
10,617,1528,21986402,96073403,1.6173396105943516,149.00021994168276
9,1323,803,6236108,21406475,0.4577120462042621,105.73325804917707
22,695,1782,67981528,611826311,6.314689951149691,405.2018666109657
1,714,534,387160,1596575,0.07306451484624399,65.84929878977017
20,888,245,1365395,13419580,0.31863070065459775,105.9309788178988
3,948,1854,8656336,59344074,0.5781141777940145,139.63259097677812
18,2044,1562,44713822,92431021,4.5008217042316225,289.83448013424334
3,44,1576,5057394,24930922,0.3092981404853134,67.41525510597425
23,311,589,7834888,12237739,0.9081877354706357,109.91264778310234
16,887,580,5575550,15744637,0.4701855289325076,96.19764613072336
1,1749,1413,2486890,14449390,0.17299705792768746,121.28507457279443
23,937,1362,42132118,64923023,5.068511025483713,217.8064251990018
11,1417,1599,27867382,205705911,2.2902733609199797,217.60576414227936
16,1630,1186,23062966,40137397,2.0543375641351465,184.2148223974599
12,1361,1327,21205470,194264315,1.469893680323655,130.5589184996352
3,356,790,1539720,5089468,0.08614358467151584,104.285993602553
10,1090,175,469885,4489887,0.11819662679224739,74.57968807698533
4,1510,908,3857194,11574492,0.27062440290061635,103.61477724224123
13,818,96,191338,1849596,0.12267210470858587,85.50872819804373
22,825,360,3030130,20131676,0.35384956513618954,101.54067850623953
24,1654,1655,65791225,421080642,6.0027985426048005,360.0719009748044
17,1715,316,2148178,17221814,0.38013033881409103,64.29770393753586
10,465,520,2685810,3356009,0.30983972400511633,90.76119193163744
3,1572,521,1368677,7781360,0.0978466327112065,89.76547771523695
17,1271,572,5977410,48885681,0.5823243565390821,93.86633584843787
12,301,294,1045768,6583255,0.16702199358576797,110.40787130374422
12,1568,406,2458746,22217024,0.19817668250771028,74.08571410633456
3,509,526,827934,2651915,0.07147244426166624,78.5899067807475
7,1213,1370,12946510,65563805,1.2797112722416506,123.3690372128627
21,66,879,15538093,35116778,1.3959426254062912,104.61805213104974
1,1441,1203,1746766,10829050,0.10046573975102735,101.01474992678298
17,506,195,712345,5047931,0.22754422500812604,77.30212488322726
21,419,499,5204580,23729146,0.4850387775696788,119.74232904962786
9,715,85,120200,149075,0.09549372378926192,92.7766667912047
5,333,212,253562,836680,0.06676241405211382,98.39287144053684
12,976,1700,33486610,99716412,2.7053966510177543,161.94151553569733
11,1193,712,5933818,26183302,0.5326359642787931,126.28389942132031
19,1099,1277,30793588,78066870,3.1955113967588544,193.90825351612156
9,816,1790,27127460,71243190,2.012555936020125,196.44862098033886
6,950,1117,7317477,29682940,0.6617270552971415,84.33574047251378
13,1955,1458,28393102,68903933,2.209501208292423,214.8276906607301
24,1903,1323,42820228,405717345,3.768272736910394,238.05720388862542
24,1151,795,15478660,134557559,1.4718552207575557,125.34017778457479
19,864,1477,40586493,207629070,3.1997874041057295,235.42583485907554
23,1971,681,11567476,39092749,1.3398986164124074,108.2783239929479
5,1426,67,114513,301664,0.04610644441146449,91.19556253019933
7,1579,1955,26052340,51373950,2.574028662770133,208.23435374826684
12,1734,1981,46646617,273123298,7.033766435606423,275.0183123911997
11,1228,1381,20796489,52467408,2.0796201023442977,153.32374676707872
24,508,305,2304895,3975719,1.0746755963362855,80.05666414209793
16,1273,146,509404,1603953,0.27059114409710683,64.20905074021354
1,197,1746,363178,1510051,0.05274372094088437,98.59422449649884
15,1365,1437,30907006,96448775,4.187763297687102,196.1126571571493
2,1925,1762,6517648,35957523,0.48948430477750865,111.06935037339419
18,256,561,5509591,20739569,0.6238706145270992,107.1834322946865
24,78,1401,45301345,385570831,4.748871052763246,250.85671097525588
7,1321,1406,13742254,27342545,1.0719597555784026,152.92000906600927
4,416,1941,12137083,28156500,0.9561813671285356,85.92653513167967
2,823,810,1332460,10619992,0.06902597060696482,69.54526770265517
1,1871,1121,2109732,15759308,0.09109953157292472,72.67881722055888
3,1244,803,2298999,14982079,0.10443443882568502,88.83917056710686
17,1831,1038,19167718,29746382,1.9367100445259335,119.60043362333293
1,1594,1560,2503810,20870972,0.1380220626786769,58.38835467546248
18,1116,897,14704531,123459697,1.4293731983899778,120.32308416649865
21,69,1901,72466130,304736770,5.6504348670022475,397.64913438661506
15,1480,1430,30780760,114691388,2.490356614332683,224.09149995886804
6,1991,2043,24969556,211479827,7.247389290698773,206.73738345345097
2,1345,711,1470358,7794364,0.12799870889945322,76.9456192922653
4,1247,1597,9665054,62101250,0.7167331131015717,91.02841827017424
20,295,838,13614996,38896066,1.4108786312621833,154.91139341691712
8,327,1836,24229702,193694324,1.8243168031480632,195.50528198158653
2,1485,1045,2656400,13789444,0.17583725038700357,71.337339768205
11,326,271,828457,7782990,0.14583761365898154,74.61252768965925
15,814,831,10365073,62054445,0.8670495249616101,116.00467165360386
14,1125,582,5072140,30976165,0.49904516439305563,130.8520618878879
15,675,720,7761610,31676636,0.8335160905219926,79.08580594790632
16,1506,2032,65048394,153588956,5.972788067833925,289.20770759397266
19,1040,517,5363885,36579092,0.7501958797857156,77.15026002763524
6,1847,856,5258418,12601264,0.3957328889022302,86.89950755623332
22,110,1762,65447738,120642397,8.11362153789232,316.0315300736269
2,546,1226,2187194,13340964,0.18847232184085,75.01689461549752
17,2036,1393,33920953,161491256,2.4903952951156385,182.6575506335813
23,338,710,11353620,89548857,1.170378438527775,140.37612631906703
20,1916,242,1583658,7985996,0.21382047125577358,104.88112894320574
7,172,1949,23159977,34629661,1.7844436316217183,160.14239009817345
11,998,1223,16203537,46421162,1.577483352242879,131.3563989348737
2,1117,355,526830,5236118,0.04458433035987414,70.48821197232711
11,450,1323,18126433,179179260,1.7591634348895522,103.3306750741906
7,970,1204,9886054,69927412,0.8687691129565638,91.90567909856144
9,1548,1912,32242066,67217366,2.4436386585730854,177.60478518341966
17,881,903,13866478,109626378,1.0762514407838486,130.7915253473764
1,517,1689,891802,7224430,0.2313570897510569,70.4493836755935
3,389,443,570594,4807599,0.07003153098385201,56.21904866488127
19,1309,1387,36483658,117448110,2.9610985395288814,243.76884334328938
10,1753,1139,13695346,114065913,1.0831217933345634,138.1405731092975
6,1551,1932,21690574,76959753,2.2058462077963856,188.31928862225215
10,650,1723,27872981,156963623,2.176606055064192,141.21932268760642
19,125,1804,58857314,585557839,4.786707305740304,249.31249049125242
10,1576,456,2599210,20970390,0.29963892640178097,109.87759174475111
4,1790,815,3462945,10100087,0.24969507992053416,67.75477493542637
11,44,2015,40733235,157146279,4.789409604272813,233.5798995554949
8,865,1499,17052634,68529102,1.1599819315796678,177.98804849328977
24,1489,281,2244076,13389094,0.36487469356383884,76.8099125647224
18,1635,1568,44404202,117935335,4.554677133403728,239.9024663680252
12,942,635,5047625,35214058,0.529369828448896,87.77599726313606
13,1934,1603,33972389,224089092,2.7756922475086325,240.0472467483106
7,85,1006,6174838,18845438,0.5818241588694393,87.99558925750392
23,224,488,5364594,43076149,0.5528936030478001,91.78125467452709
4,1338,956,4034330,9742578,0.27359945277266967,93.10107260775872
19,1913,1277,31833066,151781613,3.1169249411559923,183.37295303796313
23,1820,882,18748684,151707879,1.5639634828182052,189.90790040033167
5,1321,227,509398,1533871,0.2497783546336702,88.4005662911112
17,1394,979,16726225,120926902,1.7983339396047744,105.63296930683309
17,395,622,6452638,39547833,0.6457501680020259,78.2034911071126
3,503,1481,5150928,26822677,0.38668998344456335,112.68832889274783
5,1441,1792,15454218,84862917,1.0878131261373403,108.7197397754339
7,1117,1115,8723770,83122585,0.8221870316790604,129.92063601774834
12,1310,830,8683470,43130403,0.6182036803259684,104.41691487443084
17,1629,888,14087242,32252486,1.189019194262165,153.32218793599085
9,743,1201,12454380,22064619,1.0399557701408333,116.09963177844777
21,577,342,2547226,13608553,0.5071588112946372,61.11247117417776
8,1214,165,393865,1861626,0.2232875781694093,74.0481834281484
7,980,535,2250755,22239656,0.2894206150755383,55.82526439142351
7,1800,1698,20384500,77318313,2.2497583642852255,140.15606429934826
11,1732,1855,37662075,312579697,3.2714285891414714,219.95901774117365
7,195,1925,22641860,39567577,1.88130718213674,133.93364107441934
14,52,1513,29874195,69923614,3.0331040601016386,158.13100874089767
18,1212,1262,28639838,185789088,2.3103827741068654,237.10875566248944
17,846,719,8899073,49741772,0.8006837588624701,122.1679406749665
3,893,1761,7797718,56932341,0.48802694660758333,142.67940180323407
18,807,366,2582872,4849127,0.3561675305167462,102.30957636848204
21,320,724,10737654,55637875,0.907688779473827,102.02543016919272
24,1828,1816,79232090,609406925,7.465966450526709,389.74394374948605
4,1190,1325,6862185,62570090,0.505897990243624,110.48917587255609
11,1003,1631,28271764,153076052,3.40048455320668,180.63398905590213
15,272,1791,45439471,85984360,4.090862231132715,219.47737545888987
19,430,881,14375287,142896497,1.271554328705418,135.9654090388944
9,1599,1441,18943396,188661958,1.4719791925061028,162.42712220319527
3,1648,582,1644160,7669531,0.14862430461309023,60.69796083831297
7,454,1962,24020776,129175756,2.4137323018012085,136.9108114904829
22,1073,1958,82672644,284069105,8.087337887299526,341.31754012220784
21,1594,990,21210760,66864294,3.728451690174613,169.77206928214898
8,859,1325,13451410,98087272,1.29787560732314,115.90099136082955
6,1630,1202,9202522,26265069,0.5795222572896032,121.09739826083079
16,1054,1890,55622710,138294093,4.7979478922928385,267.3023564993666
21,179,140,421410,3477256,0.2487032565188011,58.16144209523047
7,552,333,854821,6278822,0.1362233657022401,58.271863290123534
13,837,1084,15032922,58930479,1.5110233521470637,111.66081867423667
20,362,564,6264922,60474262,0.6800362556454687,100.46526965847906
2,947,1740,4696270,11623040,0.32589179552766795,86.99468874596981
7,275,399,1071724,1692827,0.13350000126671926,107.75661595466826
11,172,355,1328775,8627309,0.18600918732384095,96.41115262864673
21,1530,169,835039,6847505,0.2285727131373269,66.47538388067133
9,568,1284,13942966,68301102,1.0683156978462813,142.46686253913742
11,1927,1252,18113946,161093802,1.375077747292742,144.2438321880268
2,1289,102,143116,218453,0.046200732412095914,64.44620966631352
22,201,959,19536758,64359007,1.9082877529493916,121.9015022249977
2,1846,111,218569,1787048,0.04064352878370666,93.32422011802815
2,725,1005,1750720,3832260,0.09949489611762159,74.17560855236239
4,85,1552,7379770,25557502,0.5097172422222955,105.30958624325663
4,203,571,1102040,9121102,0.15956897028004044,87.95188495295324
20,556,330,2262490,10872464,0.3844630221003998,66.49419773898971
21,76,1232,30488314,49600752,2.8575944558049136,188.4132178445429
12,696,1191,16458439,115845205,1.5780231409882988,130.12010231308275
23,1618,1158,31413076,194929752,2.6152048511478787,232.92033242590662
16,1501,561,5577472,36248920,0.539538241475654,97.76592917865801
9,894,1872,29744218,139174812,2.088184356060029,223.37467563080594
20,1174,583,7159833,35654136,0.7959387352108359,98.5849601099993
2,1738,1133,3266449,23121347,0.1872709849448818,93.05963568515
5,1288,1341,8940457,60034292,0.6721883031708925,104.99214469743225
9,1210,1083,10714129,50490230,0.9957301697023798,120.5759744987035
20,1477,1018,21224292,39381943,2.4912131318596145,147.3393104011876
6,1458,1098,7646482,35913818,0.6215509508537608,141.2218877631469
19,1436,682,9371372,13780313,0.9049407471306664,101.90241240599347
22,722,450,4591810,42972753,0.48941006223029293,96.46032815185538
12,852,1564,28274002,221195004,2.1645591373673456,170.85561249756526
6,1637,816,4678138,40429998,0.323044920646954,103.41097080272252
7,1328,1540,16300910,49435070,1.226351623623917,130.90064173976194
9,1226,1142,11855112,91001100,0.8576193105166995,89.92144469819809
13,1620,1959,49270819,203065451,4.724594507602351,314.6921745306126
18,1676,1143,24157315,37094367,2.1395952628999533,181.30366893926606
21,365,1072,23408202,195762995,2.506246401496127,140.6232152311568
19,724,1338,33231916,323184011,3.585662022234915,191.19197079631869
7,355,433,1286020,12686779,0.2306264219321464,92.11410680566189
12,1208,575,4344135,20705678,0.41247497389457627,105.48985370444511
13,97,700,5964010,58356695,0.5354655477159984,103.72196783057039
22,302,916,17926130,78106053,1.6790705705856406,141.79478957418695
20,1616,1735,60050095,426751373,5.438619906208231,313.32590566146547
6,287,2000,20606010,119250389,3.8184357059201406,153.75062062230302
22,1083,1446,45521536,256260471,3.4011744631355296,262.0594105025125
5,1823,1686,14469262,118572564,1.1848462905930006,111.51038895109927
1,1257,1398,1772674,13604703,0.07448642783143543,79.08398661008871
3,1965,1558,7936462,7936878,0.5833377821955937,124.73411222297081
17,505,1316,28409818,147292941,2.9587282366034144,180.75803274186185
16,1216,1477,34557379,71529681,2.883910098556228,173.01407726486553
9,1676,1037,10360677,21906884,1.1744684867188564,123.53987504443138
3,1617,532,1433218,12992681,0.11749839370456437,67.72278379857612
4,1029,1319,6595010,60560656,0.43670039022407514,82.93340646309507
6,1341,1977,22225444,74735154,1.897292228213476,157.70736057527594
10,406,1584,23256298,180718461,1.8909104451520322,140.47391725395767
1,1547,1844,2872962,17156797,0.1780574863306954,62.78281079081987
5,1251,1231,7619900,51186217,0.534208549304547,109.52507431115218
23,592,528,6463258,23715208,0.7866283508245646,72.18340804448853
7,1435,439,1793764,8398557,0.22237456289716118,89.99870513786159
18,1035,1850,60149060,97561764,6.37044338916253,307.84591685361465
12,1100,1490,26092890,249898083,1.7657424406883786,193.13019804531692
2,1678,593,1353829,8137164,0.07099351129391143,79.5771512369124
14,761,808,9121522,23369110,1.0160208640851809,132.84800601452497
23,1976,1585,58453225,416889738,5.729524483956769,241.3052652341413
14,1638,1137,18695701,70114313,1.804822580081709,184.4989798059779
5,1611,115,239900,254570,0.07203275227524562,73.04125368908697
19,928,63,131743,623221,0.17577444392715633,69.10554019520858
9,989,1001,9025026,9950808,0.8603392455962101,77.66792543869526
8,1908,153,458551,1743809,0.1194141700331488,88.59015157041095
4,833,918,3305728,14277930,0.22194499353007197,77.35752142524983
11,659,911,8918700,49591385,0.69713430582588,115.41579283350083
10,912,1671,26687551,47343478,2.899476047661226,142.005323058082
4,1450,1743,11665909,19366018,0.774173551992194,109.83320949892735
11,96,220,509750,3168815,0.14056756221611258,66.75257916783366
18,357,684,8216902,17154173,0.9354696976603923,80.26819657783697
16,1937,1478,35668584,53742452,3.6380887467569214,238.97537283632886
9,1618,454,2392136,12994760,0.25550925314849054,76.89390921998834
9,1266,492,2568742,24662425,0.25727480202768965,89.96376822195226
16,1680,310,1970370,15325091,0.23940315680857943,85.01197581850666
19,367,838,12972250,40112390,1.558215356712463,141.99594951066334
14,1071,768,8508682,9174664,1.3190223070960976,146.37679136877082
4,1944,1863,14060071,113683585,1.087444302436594,125.9275415359065
13,1663,1755,39919240,52436971,3.5949086475120304,234.84340654989913
15,1936,1707,44141323,299771093,3.7461260974078843,261.79377020179516
4,445,1981,12682372,14823011,2.5682158800074415,121.25829219577088
17,1074,974,16251200,34067234,1.5226582106169506,181.28244320684163
18,980,1828,58649562,357406262,6.705679778772949,318.3574487448427
4,614,1151,4697241,43402189,1.4231923323112803,74.73137074276721
20,1672,541,6481731,24244038,0.529659500646365,95.35613894169403
15,389,537,4259494,31348165,0.43028094182644905,86.04557353851743
3,880,1474,5661644,42230141,0.3881572637826886,135.40583999692552
20,404,448,4007818,29090756,0.602571550941451,79.30009471494898
21,1905,1613,55158158,363254418,5.5005955788320655,249.83475087828177
6,646,121,153317,1265761,0.061232363736002146,77.7630820079925
11,1669,669,5606230,17264271,0.4706153274759615,92.78902989955783
23,405,1167,30472714,186078145,2.8826050948169355,216.7051235459098
12,1452,1567,29320147,72631906,2.5597686699329567,170.4949791314704
10,504,1185,13258975,83205957,2.6378954900546634,148.91238393232547
21,228,858,14945512,33743996,1.2778842853813184,141.55275136316712
9,742,1477,18576239,40680196,1.4439823971000354,142.3922087961141
5,926,539,1669293,10826033,0.17008183112361816,96.75674354153513
1,1723,1255,2176180,10014917,0.1027025474636056,111.59625570652473
9,1008,1692,24640606,175385372,1.8318611380935146,152.51932736365686
19,919,605,7162000,12340151,0.5890338521243847,84.19393469202018
11,1678,1084,13592286,26015264,1.349735429246981,158.4026471213809
13,1322,1374,24502552,213778294,2.940774888217731,202.45760204156568
5,1160,1480,10500610,48302823,0.7464531047972588,84.68640818551032
3,1475,903,2974492,25981015,0.22979390260624097,86.02278677239296
18,1325,446,3985020,5633661,0.47329963479309217,80.61327811278686
8,1403,389,1612026,7922463,0.19621057132696548,81.77101175437814
14,1044,865,10650755,89036655,0.8358266253633375,130.58953730315417
18,406,47,57961,338420,0.15034155547599923,93.07621185190438
20,375,861,14433814,97770446,1.211658479882123,120.4075711215743
5,1408,214,487716,2435195,0.09010423624408681,64.6052016095602
17,123,840,11415610,55532380,1.132625019162488,105.34928940059585
19,1163,35,63780,85833,0.11472507857145618,63.48064400338656
19,218,1449,38150731,198720029,2.9100560554177597,238.12319897150462
4,1603,219,498016,3451761,0.05767913823217595,67.67007089896865
11,80,1423,20393023,134997392,1.8199345640531654,188.56971107519402
1,254,923,244605,2033712,0.03614262014642704,70.58533362685537
14,1069,1579,34137990,196103423,2.696752807240264,190.11223950767877
1,1688,983,1670127,6830935,0.07122957130329036,90.35902033106726
24,1838,882,19543366,175856852,1.9737685909415215,144.38204808287793
7,1571,1601,17921604,118946296,1.3339680831894194,146.6941040829943
3,1990,1794,10030264,60780226,0.8767361769532253,142.6354633979673
9,470,1194,11988964,108770296,1.1245948477221006,93.76277575378072
14,1733,1450,29880160,44460334,3.2410138827383057,207.36169954152888
3,1021,475,942410,7655504,0.11459061990128444,89.5024968039436
22,1571,1176,30927634,146831931,2.8510665372200603,174.1070847482416
7,1447,1784,21707722,175589062,4.01862877092277,120.1866487323319
12,147,683,5246816,17799426,0.5085621411711234,94.10549012264515
24,1540,1018,25437794,41226852,3.1891691526170582,150.46870507220385
12,600,997,11554243,85876337,1.1978594067264654,107.2046580892756
10,116,1968,35124874,191372035,3.2243465390895674,249.6774098548278
15,1805,149,583494,5184227,0.4857031538130691,67.25925917650775
15,94,905,11574055,78198816,1.082151418481817,114.47289834141161
20,1595,1159,27405724,272808648,2.866876712922146,191.0319136680158
18,1804,1818,59517694,301002059,5.7455519553896925,368.4895411679523
19,645,484,4542834,14655015,0.8364903520343355,72.21441439777962
19,560,1763,56985459,286526288,5.501158516533162,333.20206352575894
5,186,372,628318,3930009,0.09807103326006722,58.242307307995354
15,891,1352,26829098,259540126,2.68703539591227,206.09023319216737
13,476,103,178715,516147,0.12166797881501006,76.85062966827041
3,457,1435,4792910,40219938,0.30100700201900454,93.56804406337187
17,666,1470,35593120,311154532,3.1128378096809595,256.93284425092145
10,1589,232,857714,6006415,0.1673821843162085,53.778085331591186
23,1773,1874,80645726,163937904,7.550237293507253,407.73751404177864
4,843,1399,7070556,60155795,0.6449609821040139,85.73738162428425
14,1679,1563,34420396,287770419,3.017546935128837,227.593085174477
4,307,1476,7009534,40411826,0.5513642623581267,105.5145208480862
21,537,1663,56255974,426150038,5.510149052187232,323.7270446005916
14,512,594,4905262,33679895,0.46505029357498706,78.14560273329607
6,1922,648,3355354,17483627,0.37885876986509776,65.8293720354262
15,1528,1943,55870975,183148027,4.781844423208392,255.89679467272657
4,53,1496,6814290,18509830,0.5456066643729718,119.5052194805286
15,1217,444,3311362,32303443,0.3340571762508519,79.76036415421686
23,1773,557,7831430,8919523,0.776635505394061,98.51705474647129
8,1091,564,2852158,4439629,0.2576035032930953,70.50016595540993
3,1508,274,566916,1650220,0.0661626142670486,66.26984823428029
23,149,1575,54860410,364897172,4.898087128051287,252.81646935771934
22,1350,415,4190265,15288166,0.6300295573358465,80.00762575113967
8,1429,191,531754,3276851,0.1288051864786366,59.89683023288058
21,360,575,6837335,44487723,0.8836326599447176,101.45988829970656
17,167,1814,53001462,331697303,6.08657246329894,269.727729742194
16,130,1093,18090253,140173484,2.07057715014543,127.8035653475434
3,980,380,666150,3400110,0.06135837786528181,105.93904023998061
5,1004,1191,6887563,56573239,0.7621169538783826,78.34757076623829
14,1690,1041,15872137,84018565,2.0839579159524044,145.17420390779756
18,1820,1483,40128507,165956728,3.582668546343999,242.63726236784638
17,1427,1204,24944482,41751098,2.648883301881775,196.72550996602845
21,344,206,925980,6269366,0.4191808783335815,99.04727970559104
12,1001,1768,36192738,308047269,3.779059048129481,256.37443997817104
15,784,44,62710,202679,0.12124650782044856,88.84542010571671
3,1042,1312,4826858,30037044,0.3441167591061807,72.87106240879504
13,1817,1505,29949510,269062914,3.094464494565491,190.6696836886976
17,1418,945,15653935,154134841,1.1882505338078706,114.30278946554724
4,419,1153,4487486,27603217,0.3191137871406352,65.51816220175742
9,1428,330,1348720,12516944,0.15080619641323678,79.51492473582444
6,432,583,1960639,12169978,0.10935227504617188,67.8277202843336
17,902,1686,47047840,447468347,3.622714208518399,246.15825686253427
3,513,364,456466,3774240,0.07339035085043395,62.548717419181415
17,1319,1712,49199466,488121186,4.490592059362668,253.30094010159024
10,147,582,3145720,5765163,0.3968519547716608,109.53230740195431
17,1425,223,1119470,3909446,0.33441097732393654,104.18466708280576
24,1793,1809,78572116,307641800,6.311634052610632,315.67532700324915
15,1838,127,462417,2225586,0.16299290408248304,67.81501386507811
11,923,510,3082450,22931526,0.3771286467345627,71.04141867881167
12,1232,1012,12534642,84202875,1.405387440673027,102.5943157917103
3,578,1639,6341301,17554729,0.42756008204463136,115.40213558606101
7,841,61,74674,680279,0.07250738789292882,57.29526719947997
14,1202,199,758797,3434921,0.1415011601156931,108.78193161870627
16,638,418,2898422,9749851,0.3870355650757725,94.1461320086425
1,1399,1117,1574980,5004851,0.12886512148598958,51.9342369967154
7,1766,177,503575,637603,0.10359330484931459,53.11484502388943
1,2003,211,424964,2500723,0.04189983262918004,107.67704249852095
23,791,386,3595986,22888470,0.4116978516791255,95.16190155895026
6,1898,142,372618,1388367,0.06336984088768333,100.81693642104926
20,1985,1502,45890616,234766771,4.64532201520562,203.42256109610898
13,579,1655,33864620,166118045,2.687706370242557,174.75481466786977
4,855,1152,4982410,11725345,0.31371935341004914,119.69195360723292
8,250,1462,15353934,82708744,1.2234192127620536,157.09432536455347
8,888,776,4918298,12086552,1.3806345743076045,115.0999547729633
5,877,389,952282,3371821,0.1249498400927315,65.20880960032117
1,778,1892,1492798,3939136,0.09891635241195197,62.1797065752387
6,1972,1695,17734795,175157641,1.5603887838762613,131.27043260742408
8,270,1861,24779225,39713087,2.059053270820623,167.37641372024063
4,292,1188,4597570,12948714,0.32135263916218276,83.33124631908716
5,1184,1600,12158410,110466327,0.9526452874501291,101.96070588263863
24,181,360,3058210,23941857,0.40199502171789725,73.84747462640068
23,1553,504,6387706,35799728,0.6854429393875628,119.48158803970774
24,1437,1203,35055430,219823662,3.286130126079695,210.75242019399923
15,165,1042,15398686,153005243,1.970993062889208,127.60193353221163
8,447,873,5740858,30321720,0.6275695326915692,129.91427365262643
17,1862,1592,43558722,368404342,3.7336513452004465,229.43796100730782
18,1502,1007,18779553,164549376,2.2098309740156195,138.38107328262814
16,1404,1886,56051930,270285187,7.776692109756061,267.4384685017387
9,1163,578,3355878,27045831,0.4380618583843037,66.89844969986834
9,1484,1368,17027506,144019326,1.4420407170478298,146.3184687970203
16,190,1086,17925526,138763500,1.6067647740092468,113.92057213087104
16,895,1303,26667208,161779902,2.065000311968367,173.47326323006635
1,1653,1018,1693962,15232761,0.20423013629171993,79.47814317721398
5,290,894,3469624,6517031,0.28282963521604804,76.32553833703683
13,369,1503,27697294,93382073,2.5551097671050864,213.39372134871041
24,1499,185,1070790,10069397,0.28904830125305075,77.09578115701723
9,603,309,956056,2403341,0.11360908162528642,59.00855420459608
19,1725,1185,27354550,198382548,2.076153312356904,171.67612192226366
19,317,1129,23334182,86218322,2.7772408535969335,182.24442387093168
13,232,256,851722,5964979,0.14576233883561834,59.42288783689602
9,1571,728,5397402,26655869,0.49984527544675306,107.67675638599614
5,449,1341,7815358,45723640,0.5756089191226259,100.63849053271262
2,63,1336,1885106,4416378,0.17913385700223172,101.51140348176105
16,1133,353,2278272,17697860,0.2990141074584019,66.43131474422721
22,301,734,11558308,69584708,1.0571877100319549,99.7964555265561
9,1303,565,3300740,15341499,0.3269236984843245,90.81866240474157
1,1927,611,1184128,7727376,0.08256598143367885,112.61087745666023
15,1326,1250,23563760,171386720,2.377058059203009,164.256290189158
4,1580,1650,10797610,47446379,1.617808185318197,140.01185134961247
13,1748,1206,19589068,74570355,1.5402471957964963,175.24420947493775
2,53,113,20124,66282,0.03027467365899036,99.62320471889338
16,1880,544,5475914,23823792,0.5501915432945578,73.06326436974396
4,1250,376,899402,8479960,0.1062282644340435,52.168542098021916
17,805,1016,17361418,44866744,1.795264767666469,144.67998258219325
18,612,789,11087827,80200945,1.0312518443944723,86.32151836082353
20,1149,1171,27434198,238147160,2.7079890826210007,193.10862962928383
5,414,36,20638,144076,0.06272317763655315,77.50209754337256
12,270,855,8290945,73927625,0.739468744390567,128.43488599936003
16,891,488,4019666,19057763,0.36994147045931763,92.95217102572528
16,187,1612,39321526,230904189,4.168758070480901,233.85427581475963
7,642,972,6309262,13757993,0.5175477409359915,110.94109745051738
15,1940,1683,42961951,219830279,4.250451448805816,256.9870313029437
22,1495,689,11021254,84598674,1.0835819545435201,103.34500120225522
11,1700,68,163278,866212,0.10885429969695258,75.22529117098561
13,607,687,6096448,40956375,0.4017867101594651,72.29943399874224
20,58,265,1357605,12044071,0.31871766241529,91.9378146106558
18,1573,656,8365978,51197141,0.8747369485815895,122.89688413665735
19,227,1654,49666322,284251590,5.912872484052815,275.56291318478344
10,1637,1467,21799630,182088904,1.9640022249659785,129.20904583552664
6,949,1091,7004230,17024198,0.4995144288514252,90.57087323650956
13,448,366,1779868,14809838,0.18294181359768283,67.0124286075569
9,1313,491,2582670,18282523,0.25409112975522835,65.5612527914662
11,982,156,399838,618931,0.10054134417691327,55.70386763499913
15,1645,1924,55037954,500385525,5.2200866356423,324.1917898629562
9,860,1278,14189644,105635093,1.163091577012355,163.52122490269727
23,1818,1578,57702736,258337922,4.392608423693228,307.8712911440659
21,175,311,1998496,12124223,0.39301863754668137,66.55145394127784
23,216,1870,77397440,86550650,8.141195734613813,414.27357024474253
10,198,805,6007725,33888757,0.729524217284767,101.25443486511001
21,654,876,15947590,16037438,2.1940106412445664,142.24263894216188
11,2003,1398,22373602,75281615,2.0157418052424756,147.98385889178283
4,1316,78,122002,930736,0.07935564018809331,59.21765704418328
19,809,1252,29264258,118552301,2.458303412654042,235.35071957767838
1,1097,1602,1775026,17517332,0.20767026099261807,96.72111314799571
8,958,525,2441785,3136654,0.31559522735026824,80.57010044613357
3,273,625,960010,6436443,0.07335631443765209,80.96741611463189
18,213,487,4149250,36775614,0.5477497098782169,94.41791235844973
4,306,901,2723733,26595452,0.26169891254400673,106.98624866126752
18,1570,1338,32572282,260133133,2.868239192358435,205.3858260196208
19,709,368,2709226,6819621,0.2719841485703739,71.60988375707494
15,1235,185,712260,3745352,0.1463956787130487,62.46024516324665
8,1487,970,8046160,64633620,0.7059916638371789,83.2626989036963
8,1147,1692,22011238,113482943,1.8718453637000878,142.49944869574446
15,525,1302,24448966,211391614,2.00340733230007,203.63345808858082
19,1489,1597,48331618,338535969,3.685658117483378,274.75369891574996
16,1515,1942,59563092,153697289,6.41159371952726,273.3088458895095
16,1271,1062,18295084,123768447,1.6223762563968025,139.716955917626
15,963,1012,15337882,32216307,2.7525056136520596,142.7895849700173
7,101,77,44670,347964,0.07766994835868199,62.11531875250802
18,949,1914,64147720,260542470,5.864773986993149,292.0391037994882
15,173,1395,27520570,87964146,2.478353813988652,183.0740016372689
13,1579,1150,17712310,155522747,1.5947691327100486,151.76066563307012
5,1950,358,1216136,4993826,0.0979027153806277,72.94475162302977
14,1773,1844,47518046,456625555,4.536976102542531,262.20815651795203
19,669,1225,27866310,130881745,2.8718933954655728,171.4930271459263
18,1873,453,4349716,21051931,0.4938911899886977,77.83228908859807
9,392,717,4407409,8683187,0.38847488508806455,63.01343994549605
4,508,1882,11608186,21413265,0.8622964909602279,119.2063067157941
17,737,1763,51077646,389164423,5.462034819949698,237.82359299326183
14,1454,769,8824285,25831541,0.9367496983155686,97.566639478071
12,1447,1430,24594580,35859393,1.859280282479616,164.52364800954615
18,1893,1923,66558886,278051454,6.124681443356214,355.5631994985234
1,140,1003,151463,569320,0.04751912590141097,109.72277623141429
9,1973,2031,37045450,328786934,4.759101384223743,232.7259764192675
19,2026,1568,47477482,64996804,5.602129826307626,262.66971924497665
14,1093,1221,20744800,191252175,2.262907446745225,146.38304295445232
21,1964,1806,68835700,317794388,5.929771951421514,386.3726296599308
7,34,907,4982161,14846797,0.3893018534671327,93.02041170485124
23,745,1235,34515790,257886902,5.453512894003538,181.84898841435418
7,1704,1851,23742787,167720851,2.166832246639266,173.0627830287564
14,803,1903,48652108,205625390,4.495167442880573,270.32722347362215
2,478,1743,3892129,32336566,0.26537811761634783,95.41252472762572
24,1378,2033,97931653,649205013,12.43779728965649,394.12208166076636
3,1671,944,3371978,27710045,0.7582622975395992,121.61429460653643
17,1074,1134,21823840,157373258,1.7600683245533357,155.2780909020951
11,670,1605,26869315,76977835,2.232153584891023,146.61009644636528
9,794,1328,15188346,21239558,1.2239630751317445,122.21649126136764
14,1002,199,718997,6738915,0.2525151937035956,85.12148935773398
7,1497,1901,24560930,99543508,2.18070813391198,140.4378287079235
22,857,1880,75893730,135058202,6.5394922059570195,355.3307013478396
11,1480,735,6505495,39518783,0.579101242451213,99.03399050492338
13,1780,411,2768095,11761240,0.40439342691465896,88.0241897268575
7,1845,321,1215958,6379144,0.1566855262679002,104.92860610459536
6,1414,1066,7206170,49883628,0.4750132635078761,134.1764001834536
5,1533,868,4357370,24208776,0.3472121613097741,93.58286778801838
19,697,1252,29124034,86594315,2.486937585868755,188.2389069136443
24,718,769,14179601,87443047,1.3753862349663106,123.26786664917783
9,1036,1158,11949412,39152554,1.1617167291749326,117.61123771440624
11,667,926,9211858,43240040,1.3150019396985475,107.51749409077442
9,1506,418,2035252,10432110,0.28765201420985387,59.4478491312025
8,1781,1404,16324318,104811045,1.662674843195712,97.79832352188305
15,108,2015,57111155,116264670,7.163852137009186,248.62045662876042
5,723,1190,6542630,14542371,0.6448585701863888,116.47070018543901
20,909,577,6867464,20173509,0.7364164033606874,97.82790244388387
16,1721,1420,32726750,120594247,3.5421115947298936,194.85047920787468
21,1488,1407,41730223,63196847,10.288160886184953,277.3656031052511
11,1668,460,2892950,25382339,0.3312883743236486,93.99487725898125
11,2023,1840,37616970,100804851,2.988130769107649,191.98926029267912
5,1297,364,1007562,6673001,0.13278967235047293,97.66496426040273
5,635,1316,7782834,31868510,0.5721354191884856,128.696706742119
1,955,1612,1557202,11462564,0.12336574337693296,110.56833664070646
21,2004,365,3407285,19771637,0.4416920938232318,108.28505045647252
14,1895,871,11533792,110902295,1.1539308766070224,99.69600469021742
16,411,223,843396,2937977,0.26124025975379817,52.22042120976963
22,188,1322,36992214,101853881,3.8534118348679502,193.89016973826418
13,757,1975,48348010,423144063,4.251514324550352,231.79778541714504
21,1016,155,642795,4293362,0.2572014409727823,90.46409374610076
23,1491,1494,51381658,432802579,4.616173447632258,235.5459309404278
20,596,1739,58546923,534124869,11.66857983354236,356.62165766799797
14,1459,1952,52428778,195783489,4.553661695436852,258.8614702050521
12,33,462,2373304,20107911,0.3280093418892782,53.76950073942363
18,1454,304,2021610,15323046,0.253672220730733,76.8774363660746
13,818,68,112686,265487,0.09666766497775371,79.26464932721636
22,928,1381,41376151,399083272,3.459903267622769,204.5575320451768
5,1654,1936,18223578,105010910,1.5118324031245258,116.31060504569778
5,1779,88,188858,1671273,0.07918573001221449,98.9444389355056
20,1800,151,709559,2418258,0.28562111717999145,75.76360329345933
6,2040,1951,23043271,127024914,2.1027678266630776,174.2867822165058
24,1581,1185,34210960,229123221,3.3631492767866065,200.4347272265199
15,1834,1759,46587125,457278467,4.358118408674403,244.1768911588325
23,153,667,9911630,29663487,1.0132466714244068,96.92053687522235
10,695,1338,17068876,17549930,1.7461447979622429,144.11141747384772
16,410,1075,17803085,156271235,1.9224980359138975,135.94196050943108
22,1691,989,22244598,114682297,2.7432382877763666,166.86805775489492
9,232,1357,15072209,76666167,1.6676009769004485,134.89237625628311
19,1229,1146,25081366,198884768,2.0925820358974567,137.77048961544392
3,487,1014,2563402,8560766,0.15382649455928357,68.04361712641247
14,228,1926,48708550,401022982,3.9349950889912813,269.36512076891796
5,361,1479,9305878,92387601,0.8620484005534518,132.48615638454206
15,147,488,3417962,3679694,0.3017478504159122,83.10117518881043
5,1905,848,4504586,32695480,0.34311347629459915,125.64438090654781
13,1898,322,1862780,9518421,0.2801321608939847,56.332377119721706
19,1948,1362,36083476,256812092,3.2875170510200444,238.16756353831198
7,1578,1948,25875294,246292004,2.5026149736881496,209.8425015817356
24,252,1787,73958579,110466617,8.999385580105638,367.1040066061452
22,1355,1892,77797158,316039814,8.202250985536509,363.36941267350005
20,133,647,8059042,76618611,0.8172286574345682,100.34213393343644
18,228,1803,55725331,218342777,6.264875463292002,268.91456662997456
5,1506,921,4793815,23639548,0.40255029808413867,85.05715223057166
4,1144,561,1593811,9228185,0.17024479644655657,73.00911696447996
19,1477,727,10608394,79561798,0.7890027669962925,85.73807176392077
21,1162,991,20823893,124388805,5.505357761540465,145.43338931702507
23,299,1157,29834412,236733625,5.361069057188331,199.1621801042663
1,71,1848,151546,156767,0.06405851520913834,99.9596327037732
10,473,666,4320352,27299073,0.42268741871494625,104.96460619791523
20,1968,1527,47353807,233043393,5.606444110221143,235.4517032703789
15,463,921,12324832,121247981,1.2043620762897782,109.77820133918803
20,146,285,1593445,8783290,0.3547140619937129,88.26546587092109
7,376,194,302068,2348407,0.07225480297190322,52.13184048115349
12,470,1097,13777233,22600902,1.3182164547344206,144.89975955775904
15,673,658,6520790,49184260,0.5906961461238109,100.58858206602041
4,1882,509,1742317,7055225,0.11817684361312501,90.92389728397342
12,1984,187,759791,1948006,0.16560140778557894,67.85746936936953
9,1159,123,265936,2653167,0.08858001842922139,75.29881576932027
23,299,506,5800794,40775994,0.7247013958346868,123.30054202522525
10,1423,489,2857726,11911809,0.2945447742511851,97.29216339313396
15,230,680,6647010,41162054,0.6486106262961343,98.15141898068761
24,859,1823,78064516,747909922,6.141353719347088,347.6810842850778
17,1664,821,12172977,76618088,1.018919551605741,114.94242230034753
19,923,1157,25197156,156982115,2.1255322444745386,173.10833385502357
17,1551,1562,41502350,41722484,3.144288765798762,245.53782884794254
1,90,1186,119796,1138910,0.048668264691649685,93.07298311650213
15,252,1122,17935180,29456937,1.67725593394388,164.25396781635928
17,993,1019,17653166,161195770,3.059453571423758,152.06848589550924
21,1332,1059,23873047,157255460,2.5383584645393693,156.9665153715684
3,1025,532,1118274,5224036,0.14105137094279813,74.73006750391278
18,1955,447,4283164,12422127,0.5736804138381995,85.55234921664979
19,1357,1891,66986794,596483193,4.654509849407938,366.5684990186733
10,1194,1442,20464874,184549542,1.885557511783257,165.38422189816302
23,940,785,14320765,18810587,1.1513389704934254,123.06101711437519
12,1636,374,2158738,8502289,0.27202753089003573,95.41457065892558
17,395,833,11453760,30299212,0.9494865898004562,156.5360280087016
14,302,580,4562290,35601740,0.41878451095890107,78.97987912170845
10,1487,1571,24579876,122995251,1.8305901316919053,134.07421295058845
17,45,1268,25816490,180340331,2.0604037572104867,206.32154759541382
9,1777,1885,31811270,208529589,3.246397879028967,182.39088873010598
17,74,998,16036872,38467774,1.571723691507727,151.3519556711914
15,1518,868,11887270,102755790,1.3914475427537565,154.8835241013361
12,203,396,1814086,6218273,0.2684900808971068,76.14373197582347
4,1924,1695,11903995,20800092,0.9035164546854669,99.9572649934937
17,147,639,6644332,53269824,0.6531253200186546,82.40990925878695
23,306,1935,83028925,520162657,9.133855453486794,384.8186595629008
5,1601,1771,15407710,39344783,1.1760252044929926,136.9395854945553
21,912,198,970804,1261833,0.3021554105764361,85.92633297056672
11,2014,952,11000370,78545085,0.956094666727648,103.80898143444774
10,1099,523,3047008,7612277,0.29828978168253967,87.07537998733847
12,734,594,4330270,38917136,0.4429951971439376,100.48006953696286
14,988,324,1692586,16799982,0.23814015404593897,99.88351894385572
19,1258,1059,21549601,182548797,2.061175846931161,175.95543600067154
5,673,765,2867230,8617033,0.21422035241154383,77.48581999492143
20,373,1211,28351942,257776098,6.201797002557581,222.6662799998434
5,203,1412,8282802,17191751,0.7288498622156032,141.33290769128143
2,1962,175,376085,1673050,0.05196760347094352,63.412801245609124
13,1328,1809,41713741,200980654,3.2718699132004914,297.7885152125981
24,914,1060,26847690,61043667,2.810367190906874,156.6527661779741
10,1603,1749,30369646,63371863,3.0900812794791355,177.57946949659714
2,1224,1366,3554342,9117645,0.23575631576242873,112.04004992167468
17,1705,1858,58452690,91713676,5.201822833918789,304.78356609553447
7,1691,586,3061274,4732818,0.31665958400313454,69.33529604593456
21,1780,968,20493538,157689664,1.8827197661190438,164.12166119848206
7,1602,105,236155,2191455,0.08230783085799227,62.01216692546973
16,683,1596,39339814,197129464,3.7848868215913924,206.52063437221256
20,1423,1192,28728402,161408933,2.6911625291869656,213.8943981108558
17,418,1257,25840159,241410471,2.5270033956756386,139.8224824124501
11,1764,1643,29927255,126953704,2.3307976823707164,167.86066910756674
21,158,1062,22757608,218802964,2.6108597420053568,169.70070019889286
16,1121,1224,23876578,193303791,2.3713185820093674,169.90075201518894
22,1981,1633,59287708,439319735,5.53659490933476,299.54958454150454
19,1730,751,11473037,98897540,0.9622766855068449,117.88643771115879
13,43,430,2247190,3148028,0.2971853037034554,102.18310577116077
22,1316,1550,52541910,482702486,5.082743301489363,258.4533956385786
12,132,684,5251762,52353980,0.5352207016584353,114.46212473540609
9,1620,1105,11579305,61369841,0.926258480431952,99.2881620282111
20,810,721,10482629,63726090,0.8476850600470991,131.98618574323868
23,661,1851,76661026,321640028,7.278081375107786,419.11781531686484
10,1220,1035,10924435,19766132,1.180334947082457,143.79003020299083
14,121,969,12347008,26968050,1.2779174560632869,143.9545952410012
10,350,442,1921826,9275981,0.229657488262407,93.78760016607787
22,295,1170,29129500,158206676,2.34875297323412,193.5914088783074
13,2023,789,9084556,10405101,0.8496223018098931,98.79419164508622
12,1208,1334,21215946,46685210,1.795273245982284,159.59056496951874
11,1923,614,4963586,40467267,0.4971707167759373,81.75098126603969
6,821,171,289342,1796616,0.06779674649475721,59.1800443926783
20,409,775,11752110,90033595,1.2699640280987392,123.07141357483947
2,881,1924,5419918,24193583,0.3855222454215846,96.02280449502435
22,1244,1862,75183846,182672724,5.458936159823846,361.06457938519833
19,440,1612,47529830,74101431,4.890173084327813,208.6880379076687
1,1769,787,1400870,6574421,0.1302964834777222,81.86638340778144
19,1931,1367,36315732,100569430,4.331243968509232,240.110680871988
23,923,158,700266,1936890,0.30074253485736135,88.53628211052775
6,68,419,913011,4881852,0.15962089596974602,93.22618369143315
13,1101,905,10845530,95691071,0.919791601091441,116.55955949372418
2,1372,1909,6286347,18899639,0.5210382361604758,113.7203987194181
14,1481,1074,16611568,25703611,1.9084698685293775,141.07036888940547
21,1627,1239,32756692,287956138,5.9636551085052325,196.34647510116096
23,1489,276,2095954,18904467,0.4763072748896895,64.54318430420707
6,190,1193,7362013,8513515,0.7027374868498546,102.2178050552211
2,1316,740,1530330,8177884,0.16627166313145533,77.07431058114102
24,1827,1050,27311560,150316611,3.0084199748270826,197.18925464108457
22,546,482,5157410,24764305,0.644755547082502,92.30447061000545
19,931,1978,72323602,204533634,6.432024036881001,383.26707613700296
5,463,1611,11151352,25814460,0.9568118805556506,113.54443346496942
21,1560,1381,40340401,46432078,6.199347553987819,238.82536957668611
19,287,1934,67937562,653960903,6.688756225620172,356.74922244503637
4,661,199,253138,2476191,0.07374114440283991,47.69829156413981
12,837,1836,38656990,320230920,2.9355551219909017,231.58337018022638
20,319,785,11982250,24117993,0.9860737013057781,165.99774366106084
21,1992,631,9239743,49146596,0.7613962020836949,117.45666910680323
7,628,905,5497885,49573363,0.45807150621262427,81.09517532300922
14,1760,2003,55729479,375601664,6.445642650121546,313.94930720179707
16,430,725,8214985,51523709,1.8839775764686517,107.64071549050318
22,136,1952,80344330,373607915,8.270300435407014,451.083596433951
20,1951,1015,21585000,88792630,3.291109105288642,168.09368881307756
1,1127,1244,1415682,13948796,0.1802313853054097,101.53601617863907
21,1595,1047,23626612,228503821,2.9376203225650244,186.84766061840548
9,1032,1327,15482119,52104651,1.8087724315483917,114.37329492100723
3,1650,2026,11578600,47521958,2.618854137604562,125.03215534036431
3,1369,939,3061150,29204013,0.2035779542886222,92.77830883100752
11,1422,268,1104974,3422801,0.2708188772758662,82.31742397732718
18,789,1293,29477824,207412458,2.735901326382951,156.5889180007044
14,845,1973,52320024,211868094,4.773642932725172,298.473719355095
14,773,1581,33754360,290847840,2.4236350206596615,190.50333944761212
22,1282,823,15305341,73020522,1.471237961391149,126.18190808860697
3,1848,865,3106225,31005079,0.3487900824191009,66.62316469509021
20,1255,1173,27649966,81228214,2.8262593544474113,178.80929891149498
4,1018,771,2579005,7708481,0.2569353246771343,59.50263938794591
14,369,928,11560106,95472207,1.4599154329101365,121.79984903764256
16,36,1498,33752946,34983997,3.3694766861665983,198.57415569669615
1,1428,1520,2187290,20585371,0.2440913685809211,106.77938262493865
8,1774,1747,24494697,68445002,2.8815643086268974,166.46528289413334
3,1228,528,1212826,4869686,0.1177260570237219,91.02405252477031
8,232,1514,16423882,71389931,1.876864679260188,108.36039000451821
21,141,910,16718530,91856007,1.5396332286800818,120.69256928422854
17,319,2037,67094716,330522605,12.5260162553515,306.9510139474493
18,617,1730,51995160,321261418,5.177225459889992,277.9346675938004
14,222,689,6340877,25442959,0.7592260193031017,79.30935318973604
6,1445,672,3239722,23576691,0.28529597448865196,103.49399636447995
17,2032,1747,52429227,487699794,5.379725959398968,247.42662698504836
3,40,688,983162,6540328,0.081635691282293,58.251138277513114
23,1717,855,17578810,29982248,1.7332588974750207,162.4512300768862
7,1294,1688,19309042,190206261,1.610467877900545,159.0359160624307
19,1096,1364,35023438,346182314,3.9082072803669217,224.82074189432316
8,1269,185,477680,1271944,0.18529109530362028,71.24959729179709
14,1274,573,5012041,40455143,0.44675677461463936,92.97999536481932
17,393,374,2395106,11638043,0.3104120941786886,99.3959976885
14,1496,1350,25744510,48057945,2.4594198182045703,204.37107555235397
20,32,1412,37968690,76001522,3.912543780123266,182.23544501519382
8,1187,196,505102,3335674,0.1485652786080539,73.97613142689565
20,838,1051,21899697,196766153,2.728649820995414,185.06399329874284
19,381,1927,67630002,87877662,5.0479292084315865,354.874129525834
17,1821,997,17746610,41171332,2.008804865014263,141.66909728102112
11,458,38,32652,201612,0.09398935749965237,55.01011501357566
3,1842,1430,6742460,42335531,0.47208436734097314,115.84562321950692
15,1310,1474,32385264,76891014,2.962432472464169,220.39332748341602
24,828,567,7883011,39409649,0.9475262155292136,120.0992283749407
17,335,1122,20548318,198407842,1.981709389833127,127.48053838278003
10,347,1995,36552400,215855321,3.2171548030883588,245.09797987406563
4,160,1437,6444955,6605785,0.45547417934012174,107.07609257170107
22,1983,39,110536,610879,0.13986824578185522,75.3702935469464
18,1587,485,4782110,4792967,0.46455648516565057,90.9394902350148
11,1844,1762,34332580,44808007,2.7342773272342784,204.49580061526575
3,1392,1248,4868458,40923305,0.2910382567510696,76.72002687859863
19,797,989,18423102,87634480,2.0069053234243728,140.28220873423155
12,1564,413,2531287,10133214,0.29662213474836263,81.05694643085153
8,1085,1139,10337574,102831174,0.7058315716977445,83.22640782045023
13,1028,301,1403573,13938082,0.22376665930773085,69.07805377149387
21,825,1195,29583430,108066994,2.303871251212835,205.7051414149545
8,1659,96,225514,2198772,0.09767472415751781,105.0054927170541
15,1476,1090,18269500,62926710,1.5166076473149506,135.4419939564393
3,686,1487,5461761,41192202,0.35992198706825346,120.15851662938354
11,1003,1161,14668084,89413037,1.3247423373752873,126.10230237493633
22,536,2006,85644174,634364231,10.575569676681775,467.59947850272204
12,91,1641,29807134,109902150,2.591982359462122,204.76649453653232
2,874,2034,5939290,44087652,0.42279134219458714,99.25604271110029
10,1191,991,10038840,29392716,1.0202635572060927,113.80751365237502
21,1409,666,9830170,81563437,0.8890242004519469,106.9841056601399
24,558,970,22214950,150878209,2.623985641812096,141.62840788787676
11,1157,919,9528202,12858363,1.3574315492062272,113.19699398097082
23,1366,1374,43455508,294825547,6.13223318514108,240.49768506789056
10,397,1081,10967836,56612751,0.988184013075853,106.76455011618123
8,1398,231,700633,1455355,0.1463496333356195,56.09568122415578
16,644,2041,63852695,466569187,10.060331587794348,343.02734216275377
17,498,692,8025134,10912290,0.8600211824064663,92.09279670018174
22,964,1916,79000522,578192050,8.08428417941073,350.00239362536
16,125,1209,22107784,150901721,2.012536434507423,156.06154611709132
17,173,826,11081626,93267522,1.216331421353404,127.13901769881126
17,664,361,2334597,16068665,0.40552040840898307,91.21375871779378
6,1696,1500,13818010,129829448,1.1455225735541552,105.75924054364299
13,1038,482,3299300,20318517,0.4272262098044707,91.05503844003175
12,802,721,6312365,35669945,0.6163716700696902,85.07242734669819
12,724,1073,13465087,110094534,1.7423591213216552,142.40770214635842
21,1641,1357,39097894,259841480,4.227156096392712,243.10202313708953
15,1211,198,793594,3446053,0.18832567092101282,81.01584675828563
24,1244,878,18852426,65023788,1.9709675021222037,110.85081783397301
18,1343,305,1999590,19869644,0.41908669447176217,91.80680845378885
18,920,975,17084935,23900897,2.1519791075098125,174.80799918152857
17,1302,1475,36770285,246727822,3.715300915017787,228.28342773113553
18,1905,644,8295374,16743571,1.0738187210084864,103.68676007664467
23,1200,1321,40019705,303268636,3.151539108210808,236.0355333175884
18,1223,1572,43976710,76120343,3.652778258146883,257.6132035349791
22,488,340,2604410,13368086,0.49836342767782654,67.21699302680231
19,669,375,2793010,13527200,0.3643826976647783,60.71874128056082
20,975,68,156206,1283604,0.14720607622769707,103.15993288851664
12,1657,1323,21474946,63328358,1.683892192024822,163.52330658502584
10,951,705,5157790,48271157,0.5198512213104691,98.14221651503
16,612,786,9768418,24632720,0.9008985055200291,114.8207420608355
7,864,851,5094947,43896958,0.4063846791837586,83.14671380073139
17,1975,1565,42320740,311152796,4.344923349588075,240.96951461144002
23,1106,1499,51141393,126769118,5.941044650053674,304.7798640632333
5,1856,311,968775,8933344,0.14136181191098077,55.052114514471796
5,558,874,3556316,18431175,0.3294290744543898,87.59751418518974
2,306,414,303058,3012439,0.05512618746249184,53.91531964060079
24,941,1708,68762382,429106308,5.355580991544685,321.6394868516622
23,812,2013,90848713,861300777,10.648212006486599,415.91277387809316
1,971,303,297556,2222474,0.052509989142460425,50.85624622685343
12,1430,1954,44836494,161073746,3.8182372054427653,284.8765562220292
12,827,1756,35409750,338191582,2.8520388397137615,209.5156755558578
10,527,1321,16427966,114000104,1.5013027075141008,155.46821007505844
7,984,1578,16520092,54358967,1.0861404080510728,119.84149199170298
2,337,208,115866,766734,0.02858416043035617,85.35728695108044
13,1984,1114,17127760,42897373,1.5614051913070952,105.53602489179819
18,627,2035,71733760,291117321,9.552264110460413,386.1985805064197
16,183,2047,63280968,625816941,11.518562958227568,289.887122887309
21,1005,548,6573818,20417254,0.7185993703303152,100.39616430816383
8,626,665,3523845,27722781,0.32101995046940573,116.5194404922417
12,1219,538,3851552,23154881,0.4329808687786507,116.34964669022557
10,128,936,8023402,32018966,0.7216282197804651,141.9254713200515
19,975,1995,73643440,258386867,7.613471986681883,316.8016428034235
24,1466,1602,61430302,205710696,8.468437980441724,313.172780815819
2,1027,1464,3664402,10007442,0.2609014972005275,79.83787950832277
22,511,1631,56749024,278823511,4.1223104528175805,307.9688967495449
7,919,1925,24035560,167404420,1.7753541819707233,216.14824253787657
11,280,911,8573431,24312771,0.7239652181318394,100.27601785110181
16,482,1683,43342309,366222799,3.814973999694971,246.99291952665044
9,353,851,6110190,45985025,0.5177636481882245,99.84202691528687
23,1767,1314,40350322,268927177,3.621962659149159,253.95848385222692
3,528,1630,6195640,50236429,0.44632984947487936,107.94956199087197
8,1547,662,4103748,33915119,0.3335619688713541,121.3756216460741
20,1534,500,5532010,9483487,0.48913687723157373,108.02316723553818
6,858,1021,6104569,16076786,0.697261640955513,104.33506759340409
18,1347,911,15361292,36179695,1.232333541989935,159.30472798188586
19,1969,225,1360810,12027049,0.3039086723308243,73.08448870241841
20,742,52,91530,302190,0.13227485806671543,85.11105349803186
14,436,1686,37729318,227091575,3.607001474311906,226.5046601571966
9,686,239,625473,3598803,0.13227425065334886,106.7527761493657
20,1670,438,4389646,38937612,0.4415521816956851,99.19658904241639
20,1080,215,1116935,10121099,0.22529685978685787,94.40923329195114
22,1084,77,210451,1432036,0.15158975697130134,102.70275181751677
19,981,2024,75782618,88268214,7.832952007352052,413.5228977531252
16,829,418,2978260,9754558,0.35901327740490774,106.00248565132044
7,701,1426,13224734,129602545,1.0374839246733882,146.62938117173056
7,804,2019,26115775,89297731,2.5109069813008205,170.54822113971468
6,98,579,1742221,3629287,0.17543515724015948,62.168008169732424
11,416,1576,25526482,51756694,1.9383485960399642,166.648928545671
11,837,297,1136926,2649342,0.17897036700914998,70.59559043236419
17,1468,131,470431,2721580,0.19803008067975533,71.4406906115179
2,1963,1718,6344584,43778110,0.2866116655619952,94.18207476774396
24,769,967,22283558,183924458,2.330822007370661,177.82581977273747
24,811,442,4866872,46625594,0.5943463999644946,81.62400789318747
21,583,797,13193548,30487809,1.2341683790941833,122.83770816201066
10,360,289,861519,7421870,0.13793377643730587,77.15374419368771
19,797,1105,22891190,220097563,2.1228745739467136,169.58013296768348
3,1283,429,924076,8293323,0.12517980040033191,48.96934725243902
9,849,96,157066,989710,0.08222596826627981,91.01397064086989
21,94,110,255760,2324586,0.13170473733998228,57.57848623237369
8,836,1325,13420935,131578361,1.1518092151922603,110.03629077111319
18,1135,952,16514354,154222489,1.7108437188278451,109.75433220926263
7,1654,1749,21276595,120120153,1.9235120023154337,128.99945412564222
4,1229,1445,8060220,63352202,0.5823380161883088,85.38115893878991
16,1538,667,7716533,43492842,0.6726617312384086,97.94220758939358
14,1942,1457,30461509,214943685,2.5788912163930764,201.94378113840355
19,894,1915,67777605,623200229,5.380477688429332,358.29794226316676
11,813,1870,36528590,95926334,3.4774257918999925,229.888927044126
7,141,1493,13610198,37203647,0.9806804610290835,151.02516768253716
21,530,951,18621541,149324505,1.4793391947367274,145.98215443830992
16,1466,655,7412645,22083402,0.7062997850706849,122.29972543720442
20,1131,1071,23037220,187098401,2.0312751477265873,142.60469828110823
3,801,238,307030,937088,0.08013324535061844,56.658391014507956
6,1527,2044,24043582,88079606,3.0396767626894916,181.05729663479386
1,841,257,218974,1649512,0.049972428275734934,55.15946323018327
21,1816,829,15275993,15523507,1.319484730761933,163.17710405178855
1,744,1000,755010,2122454,0.05028073369810893,87.01074890646919
15,429,607,5433874,46417554,0.5121877096541313,116.25641298340987
1,888,1264,1136346,2718535,0.058076096500250945,53.46497071880479
24,319,153,592426,1246620,0.24822662804353068,74.90633446709673
3,1759,584,1716970,2209582,0.07095112122217404,95.45658692465632
11,1719,999,11718280,20366680,1.2112703413633343,116.74844594685707
6,858,619,2456821,17134880,0.23485555875281874,65.71055576968597
21,1605,54,146674,618276,0.16454417247943556,62.26853245834707
5,1405,1777,15154266,16081917,1.3222194045580509,140.02893080927512
21,772,333,2485189,22369695,0.4038510265816312,72.07396692730401
22,1190,379,3479609,31554195,0.4512767432597244,95.12324633406118
7,57,315,618670,1239305,0.11382717091542045,91.41859091260031
22,1096,1532,51015610,416685123,5.3377985389805,247.45832070462762
4,1187,937,3759254,28743181,0.3335861558515687,108.40545798268387
21,996,2015,83273915,639137693,9.582459809646759,383.0811343312026
6,707,1012,5852406,15803042,0.4852415796100964,74.0564773845867
19,1292,316,2214854,7339775,0.4648656331420826,81.49622311561414
10,397,1552,22325530,170033888,1.6802374189844083,202.90258862698425
22,1268,78,229174,995342,0.15881005761934558,61.35647680846477
5,467,1683,12141172,40968503,0.8506230773201879,125.40197106739663
15,2046,841,11643655,74779038,1.0566670994093945,106.59587575978486
24,2025,47,147590,1013971,0.17961140700128678,97.64595240325217
4,2010,1944,15272074,22904660,1.3565334553429098,140.43560190241436
8,1366,1389,15427633,23650189,1.4767368249400898,130.13275000566037
16,1839,1465,34925610,179563759,2.43134825693611,184.71468415716427
6,515,285,557470,5496035,0.12366452175758474,82.35247714086877
6,641,167,249174,488545,0.08283180318157998,74.62059684813221
20,1672,974,19682602,193559993,1.734115041545223,163.61838304377255
11,1519,90,219610,754161,0.13783528707474088,74.97650908589806
17,1339,708,8987362,26094520,0.7448830960485856,108.09921917331731
6,437,1085,6377640,56542530,0.43985834266984275,72.71984847541982
13,863,1155,17031640,99839617,1.580742213427559,116.02038481475958
5,1024,164,277990,466654,0.10169465610718635,76.61343397552976
23,586,817,15190491,62863857,1.8395996718623202,128.4631613849788
18,948,147,510835,2183416,0.26547390886559524,84.00239577815344
10,1234,695,5218765,24742905,0.5136522971543517,107.5362063109904
17,1722,1530,40130380,173427108,4.528277547387215,269.64600779416094
4,1950,882,4066030,30293425,0.33080545635975445,103.3419055482254
9,552,1606,21550924,190829958,2.290313674985256,121.38803860647661
12,706,1372,21705050,74191870,2.869678286541389,169.64046857154443
7,63,105,74560,214927,0.2942542221776646,59.95737725512776
24,2021,1920,88732810,421316129,8.497963888882733,434.37867177560906
21,431,1672,56684154,175595821,9.359519740627578,256.55326556013307
8,967,875,6221260,6313483,0.5213218302676462,92.18074046911204
14,1676,1574,34882998,39185850,3.350487186454668,206.9206586636224
15,647,84,155242,240136,0.15073902862977062,44.82219475483653
21,1037,639,8848882,75888264,0.8754651043343255,111.64438100561985
14,998,1563,33355993,96308627,5.086091672483554,240.02992728952893
2,422,34,15922,133475,0.05521418304603626,101.70059402099892
3,86,1419,4167613,27496397,0.37184133578870593,93.15967539500724
11,1984,1840,37545210,51755141,3.730804163770831,223.8074959796038
4,287,1279,5292512,11326312,0.49649156056925436,90.11339417473148
17,65,95,153150,648699,0.17153517505808932,91.24250256294883
14,2000,1600,36518410,184990100,2.9977661868303733,219.03954249172222
16,1895,118,435548,1722051,0.1384383786203488,56.29236404321805
14,796,509,3785443,10931419,0.4481182250646309,88.08966472072001
23,757,1687,63944058,627313534,6.420305947176941,285.275072621244
17,1417,1119,21650422,193769962,2.6542503304685523,140.22060568415702
5,1299,1512,11131354,104537516,1.1296904671070964,126.48116407628461
21,836,461,4650117,34045679,0.7601827985403289,83.21198685020595
24,501,720,12308410,30091157,1.3490051621980497,121.1440940781196
20,989,713,10385568,59874780,1.1879509075889831,137.20239669266812
14,1645,548,4818574,44030214,0.4474181787668421,88.26118246686522
23,1874,1884,81680830,526799194,6.401931531999353,414.8618735813493
24,1915,361,3700982,6562615,0.6042369326990588,71.97117093694094
23,97,289,1875042,3212882,0.31396230649420537,92.44525392116263
17,1549,488,4579402,13638383,0.36487556304416385,83.67513279150604
21,172,1183,28229939,46679590,2.4290309130239995,181.1274892063472
7,86,932,5307750,23754720,0.6336494610245089,87.00191623171374
13,1695,878,10759022,50972820,1.4837101105514805,105.33384176231927
11,621,702,5378734,19589304,0.5690219459989877,108.66158484605668
7,2014,551,2940697,10818375,0.3147522322309967,87.30663266412168
14,1257,2020,55632830,334415624,6.184559670545626,298.52454944330543
21,1785,431,4497926,42884218,0.5954501149261453,100.5284266949682
18,1307,960,16948810,116580865,1.6060743766965864,134.31039763858885
21,301,1146,26646802,122099693,2.117878633323395,160.1243272107099
2,1028,423,618859,2699518,0.10683524638223266,85.1917418836666
3,953,1895,9012630,82554744,0.5660149487725418,114.17611344730703
9,302,34,20172,162791,0.09152429761729952,80.08167742199902
21,1098,1734,62092816,323184771,6.425127332155841,348.42114337086554
1,1876,751,1417147,3471971,0.11698297529611681,95.63433607539504
18,1998,1615,47611825,100572718,4.524502035148533,275.7196069420131
11,1915,227,954772,8199672,0.14875300194971752,54.839454338666236
4,1509,2045,15660620,146030531,2.019599363534798,173.90525237733453
19,1578,588,7168318,52976718,0.6841209041645734,84.65563771242635
19,362,1167,24970309,62213312,2.4651565542108043,178.9060217216274
1,1155,1413,1647568,12442321,0.12124111847001098,53.58269934270306
24,145,1473,50167444,245268044,4.186419346021772,272.71693205010047
7,1372,486,2092240,20433582,0.16690150180568505,113.3367854208207
13,1062,1099,15686037,109423820,1.455876791449447,177.243503556711
16,265,964,14219974,31829620,1.2556645896092025,141.21557135954356
10,798,1052,10820882,42246347,1.0658169072589385,116.97074957092072
10,1315,1145,13327810,69118042,1.0254271388562515,109.94741066420856
17,1121,867,13022350,124272698,1.1239703510127295,137.18082403690528
22,463,1660,58689310,556852077,5.5901810680758315,285.87618793080657
16,567,1824,50986282,439695677,4.725480851566721,261.331741036049
5,1773,2029,20095226,41436528,5.140354258017538,141.80164149992166
15,761,1854,49579678,268987946,5.150367450071322,266.3594444805203
3,1096,490,1023620,7970890,0.10518363506513202,68.27934686039637
12,1902,1928,44598506,352214007,4.852384655555542,231.23048590743113
3,1310,829,2471259,7823146,0.20985292115358392,71.72827737901622
15,541,95,180130,1426674,0.15524833798525248,98.26949938213794
19,1433,1892,67200066,440056972,5.589391228249525,329.43176995294095
1,569,1760,1020810,3653655,0.09035829063666556,67.50082482296472
3,1394,1512,6699682,42571864,0.46566565142310506,90.11288658562364
14,620,491,3450267,26028078,0.41007558703208885,111.62585351734532
5,729,266,480938,2813612,0.08534951591897305,94.24109855623641
3,1001,1942,9511926,66309384,0.7344881230213482,124.52508163747358
9,224,972,7794478,12619474,0.6194755286754404,92.65920176218246
17,1501,1806,54945754,253701279,4.706020826919914,257.75492926806197
6,917,725,3304560,12613609,0.20443840436277425,79.4660441334283
21,1888,688,10787162,87892776,1.1529569862003601,117.29648613858036
2,812,1459,3330907,4378438,0.2075799718859899,91.6594130449204
18,1539,1258,28874884,160997266,2.789930059264502,143.725473438668
19,884,1243,28945751,249120125,5.028025657679344,158.19576430358816
8,288,1633,19166531,108030196,1.9909809391025397,144.89224834281504
7,1214,335,1085745,2659443,0.19123263089722156,70.28674934215151
3,1457,373,826578,1884173,0.09932865070218444,62.62933665464797
2,655,895,1398000,9501873,0.12319419513412941,98.10185169438495
11,1360,1814,35411104,79420163,2.888705255492393,211.16745946617897
10,936,1043,10787759,49626932,1.327945904655871,151.12380147390562
23,913,1027,24175590,67108281,4.067354179333946,153.7200522422633
1,1248,525,660985,3049689,0.051785484512372075,78.15951185046761
12,452,237,730207,1253882,0.18460848423660836,57.93743774781184
11,1873,509,3554866,17007196,0.34457895483310397,73.8370545890519
16,1307,1494,35472052,42538635,3.0519511054893766,199.71993833551863
1,1222,537,662131,4500268,0.03879616381259164,79.25208695269437
5,792,1165,6369065,58005018,0.4181703711530172,85.25393311718392
6,1579,1736,17837410,167622992,1.4727877281481045,142.53889761730264
20,2026,1103,25383349,225948933,1.8926656470445695,128.0157110795569
12,1320,2041,48561523,87423960,7.619914927031413,253.92725427429514
3,522,1069,2857447,23776883,0.21118491060859848,101.03406322549587
1,1280,131,169131,1518119,0.022494998670075563,67.01478235421452
10,1488,1076,12042602,19714696,1.0291494695906855,89.46796508309217
17,1388,1583,42334179,359529849,3.3597427188064035,254.98040299052667
23,1937,1985,90595410,464181754,8.368900685344702,429.8401654967393
22,429,989,20996480,21391244,2.147188944711703,192.49352241478638
18,189,325,1866160,18474427,0.389919491725255,80.17865799345198
14,811,1030,14651760,121984112,1.4815824229863803,123.96748491622388
7,494,127,161681,1326522,0.07994995527104648,64.09756860110826
1,1131,1298,1482326,2457450,0.0714477609765687,94.37494564863677
1,681,1097,759134,6021869,0.05981193622885949,70.29071805321036
20,177,1648,51943322,328764526,4.678267931674729,256.49486593405175
19,1941,177,912622,5347351,0.2533994765422157,105.06801989681665
15,421,517,3972638,17835722,0.38683863212670155,91.69629598639179
2,1959,1128,3495682,24691532,0.24418187171179956,74.74013826370717
18,647,1128,22391938,144842324,2.095008145631767,119.70256963825976
21,1629,996,21493690,88034040,2.205341401234373,192.31333391418133
6,775,535,1854320,11940629,0.18893920392227928,83.34677093110503
15,1289,1042,16569894,94010772,1.6852222686290161,152.12038518746385
23,1867,799,15562932,47810729,1.4930003290217122,109.42549410343538
8,1302,1311,13761577,129464597,0.9632786767776371,117.42784304052678
5,1479,317,875564,4878091,0.12258262785197187,94.56480631526472
14,1522,1314,24477202,105761710,1.9865503675057814,154.02627779993912
21,1502,1927,77220681,293724939,8.218328041044623,324.1335948074877
14,2038,527,4697161,30867670,0.5080042011669993,91.65902734205528
9,2035,493,2957024,23700362,0.29947853071793407,80.08442452278612
21,263,340,2411970,20784992,0.3516903791858882,97.89055809266557
14,1236,1412,27697802,194616484,2.9392536028088663,191.5947720957844
10,588,1731,28019707,67167155,2.0219508923299103,178.7785116367509
23,2028,1889,82396301,301405827,7.375300281275118,388.878873819309
19,1037,282,1732054,9516977,0.46540982765148686,74.91944575911354
10,260,1852,31387706,76632721,2.5961719239050383,223.92591363855928
21,445,1106,24991186,67668762,5.166942666991024,148.53277453483656
7,2032,190,605920,4780985,0.09729177802298682,58.07043786763929
15,1090,1091,17880409,36898416,1.715578360938176,118.1220299682656
12,1833,583,4820254,11797798,0.4309443051519958,73.96387919903866
10,1481,1873,34384544,98758308,3.0038732115193243,188.4442887412658
9,954,1768,26726866,46292091,2.5360262318744433,208.0763574013585
24,178,887,18283741,95301030,1.5091762955554544,128.3913228309587
9,1768,117,318601,1983506,0.08258036826010982,98.88944588682726
3,733,500,873010,5526090,0.05923770350971551,101.21966475779678
6,972,1242,8939926,62193298,0.6137807835863046,98.08631353838379
16,443,38,39492,344267,0.10970543797989415,67.68056023746679
1,1163,1308,1535602,12185520,0.07213628341375465,71.13314258139994
15,393,1463,30576710,205632721,2.350722359592489,213.23999824652967
14,980,1427,27904995,186622675,2.0397319723403027,169.83636974813135
10,1340,1315,17351435,18208122,1.5420676071523844,126.8361790748989
1,1531,1134,1748638,15417759,0.09539791329231104,67.53750577205146
20,601,1655,53085790,499466166,4.687625153545899,277.93126913519416
13,1456,801,8883901,46471718,0.8201183174120356,117.7282853594795
4,866,56,58698,160355,0.04216863129697796,68.99671507294201
17,1260,787,10922783,88674551,0.8825522541995506,139.12451631555874
15,497,624,5777002,22403703,0.4762403365855309,114.72955452151325
7,1350,1318,12224460,47265440,0.7840641782879337,90.1899356000445
5,345,1464,9100234,79974714,0.7314441264905198,107.27027806063906
6,1013,1833,18685612,45920588,1.6972396036335546,133.15767586283852
3,312,1750,6693760,63115615,0.4657159353971166,105.86609347516946
14,309,204,608950,5657564,0.15807099259622923,100.67461239643426
16,1091,1857,53801014,453237794,5.050085551177708,311.4685283244167
8,1294,1466,16967494,116514985,1.6403734894768842,148.326925984612
10,1554,545,3531065,4536383,0.317866041527689,69.4673010895267
19,1327,1143,25066000,85117292,2.2536328808555237,182.9412802692081
22,614,1426,43624202,291935739,4.049606568019054,241.82806387953244
23,1689,443,5080334,28432891,0.5631257593314687,90.29590989110815
9,587,714,4511062,21598196,0.4681280013484733,113.94764076885134
19,773,568,6262778,46393371,0.5233653078321087,100.85804734629096
12,700,911,9786883,63039744,0.9402039500721197,94.98601197256818
4,875,89,102894,457314,0.08929939322273699,83.61985241048544
21,1481,1226,31915242,301787852,3.301218999586213,197.05172225357035
23,310,789,13966099,108649016,1.2370635040334774,142.87871747511127
4,1696,503,1619167,5889056,0.15430007668161877,98.76753454214786
12,1579,1745,36289030,165370983,3.1850400018580034,182.422640564382
22,910,1813,70734205,210837573,6.6693164681361825,357.0286335955593
5,411,1884,15000418,143934215,1.6377183698387996,147.88766533466534
17,271,610,6135390,42896192,0.6648756002304295,104.85616356152761
8,1172,521,2520087,6830943,0.2507321802949023,103.68782030093361
19,1237,1200,27439210,68394295,2.5020442289343476,210.74691605454285
9,1303,853,6948548,39287690,0.5137158296794704,121.09375014286896
22,827,167,729132,3462681,0.2758079061461539,57.400836122585424
13,1655,758,8166702,26173993,0.5764340898850527,136.40647491175287
12,995,1778,36582360,278462130,3.3666590132926277,265.5692829443693
6,566,1067,6313449,14592952,0.6548868500872919,102.16011039056896
3,1525,1849,9681374,96212218,0.7504261757806964,86.205026203077
15,848,205,767325,3438941,0.24362912489116162,105.00918788432563
16,1944,1867,55963335,490172070,4.682204001303994,305.59259721558414
11,674,1580,26062110,37666616,2.2720149759648782,190.04182971738965
6,776,1872,19004554,151223397,1.5583854624848938,136.01749729406902
16,521,1427,31325514,172230884,2.8690857679737487,195.5375145601038
22,462,430,4095330,26807556,0.494133234699274,92.8350702299505
6,1248,1412,11753498,112427156,1.0111336290983477,136.1058339183693
15,641,520,4131930,34139912,0.4798389460072374,69.29128814810282
5,80,246,265444,1796669,0.07194980965267711,85.50553014343323
11,306,1674,28570168,51946274,2.0698334838417813,185.94280780057366
12,198,875,8614385,29639963,0.6482361388343776,110.15603099307856
18,1995,340,2653030,9801108,0.30613507868602047,97.86842611345115
7,762,1662,17868172,107318038,1.5555505371244627,117.74632251432983
5,1051,482,1443118,7254172,0.11687642226224025,66.8874443216122
23,1688,1009,24134281,97608915,2.750401105614567,149.274089686572
23,1317,438,4811878,46856138,0.569035698158012,93.8578061816957
20,442,726,10357126,11843115,1.0726621980370197,104.8244445455401
7,1584,55,106215,413526,0.08587297332666194,104.37690409980355
12,134,2017,45065841,367893776,4.988514044703758,255.16910678139774
19,1882,1418,38902840,51409112,2.999345430101397,204.53143047107895
8,1378,1545,18866005,23100631,2.9964284389627336,156.52354223775305
1,192,1904,386522,3082226,0.036803543936249454,85.43447507839794
7,770,1492,14530598,29683736,1.261043249918938,145.32578187629153
1,426,195,85225,433759,0.03818745197525469,68.05426585837992
18,1140,1494,39689614,309636098,4.103509297626614,237.83759027775184
18,344,594,6219190,11090340,0.5904372498245034,78.85814515316191
8,736,1864,25726938,163715096,2.1562425818283035,155.55255958574713
21,779,1303,35011620,98342495,3.165277128741417,183.54873976932564
5,1049,1588,11776618,81121902,1.3259058666028418,109.12800370567165
17,1829,1847,58010586,206677201,6.1790832868400845,326.1180163164476
20,1072,1685,55802155,131409531,4.374175951405912,296.5791363290467
13,245,1228,18424922,143459013,2.2505103444260257,169.2241497029141
3,1765,366,918670,4460881,0.12505316198955935,97.40520960112103
23,559,1875,78453760,480122656,8.493100503529563,357.45702296589735
20,1534,675,9712585,28420904,1.1202148767151807,107.90558193480423
19,1593,1584,47732266,231012739,3.4548903099541444,236.58864589809977
6,944,1793,17795535,133721844,1.584074261361812,144.9221747795342
10,616,1401,18556255,63724851,1.5321360788287153,173.1085011706431
3,1576,1421,6296461,61503048,0.560096933787853,111.60410993851116
9,2036,999,10036963,32357578,1.2367444707417496,123.69941595937198
18,606,248,1202810,1970438,0.2985287334615654,113.91823449642062
6,1625,1503,13761478,90037704,0.884719687729195,104.50744569743425
12,1886,163,603273,4534968,0.162905975352995,56.426090465360076
22,1026,599,8168573,68818860,0.9707662571434736,117.54739827153205
18,969,654,7923220,79230196,0.8297528859302614,78.63670020238874
19,1351,417,3705472,33942433,0.4696573413366506,67.75421529297596
21,214,95,203785,2029002,0.14924704130621788,77.99342727507647
23,366,533,6462635,24327123,0.8493144333811039,93.84346473488904
22,909,1692,61712326,250665034,5.408894414597326,277.0805416880874
12,1616,295,1440495,12237677,0.28714133840160067,55.83047122694839
24,1735,470,5912140,31173342,0.7389362830993279,97.18999888680388
19,1734,1495,42866145,80478111,3.7127236688819805,277.7068026852477
10,1624,870,8242390,43540507,0.7427155474093436,94.48433991263013
1,933,1066,1006314,6373342,0.08053356218560452,60.96098614884217
16,435,809,10190174,65762745,0.9441202172302985,137.99669233252536
19,890,295,1837565,11944709,0.38067029128414803,78.42236241271068
19,1798,1772,59757166,129341589,6.7349601774726455,280.51346409985
3,1609,1652,8137762,49945491,0.514051212618633,141.03697023955738
20,1990,555,6973585,64209666,0.7061188142103106,127.16747705893071
9,381,669,3848098,29699375,0.2952653343516217,77.48703420191381
22,1874,2009,88586865,325687150,8.633227245160777,442.0752773296173
8,105,334,821984,5193173,0.18094101820357522,92.84901478845693
1,1073,1969,2134406,9905869,0.13363208129379842,70.61108836374751
24,683,1882,82813656,537734642,6.714986034554992,352.22163158574034
15,749,1439,30103890,133503389,2.789575180017304,239.08386241112015
7,919,408,1380682,10955878,0.13766188555079162,64.11590779329633
13,459,1919,45115700,244089634,3.1802749204771126,299.4775252810104
23,1160,211,1231195,3761155,0.2478944729874582,58.22572358641331
3,396,1687,6381931,27094305,0.540898596596077,80.91611130408674
18,605,290,1613280,14018413,0.20816615510379047,91.82749296945585
19,382,1003,18520405,75008703,2.461169941774129,159.53283756150327
12,1539,416,2553002,22891918,0.24334822687665036,65.82749059139607
2,1479,1810,5974820,27371134,0.43588244753865163,109.92002844666135
1,293,291,88474,547238,0.023746359938579202,84.24949029176068
16,125,403,2496998,14710766,0.27644693148431376,110.61756499226783
13,1167,1864,43912122,358114301,4.265384627272808,250.43093180922202
5,1375,209,465244,2712068,0.07590868485033556,100.67852643266757
2,663,316,313166,2821411,0.059449459699503895,74.40699547213353
3,582,74,54992,120256,0.04697069727126554,44.845693909009924
20,862,1768,60967722,582969512,6.391552024359706,269.3134493458104
24,320,869,17676339,23087025,1.5297520447970496,112.24252994528578
11,1772,603,4717279,17256317,0.43384966184264556,70.56507957773191
10,1103,1518,22443640,64026100,2.2784218618522956,153.28996923094815
12,1603,72,174034,847182,0.1013865208828431,66.63030250456242
7,428,1785,19911685,62574825,1.8865088643424819,157.55660476642217
18,1810,851,13875565,20040186,1.3457096085523081,145.02994696133257
19,343,839,12982696,106037344,1.0011503957297783,153.2965718694246
11,377,1307,17602686,125620717,1.2417839894729157,149.9907097818449
12,1706,1002,12775510,125587284,1.1310237586429246,96.69432073613305
16,1457,202,911636,2127934,0.2480045605247233,87.84861252739854
16,1522,101,309373,1341974,0.1405932856216181,106.8766313891227
17,660,941,14814173,35137937,1.254009154912966,124.25934213533438
8,1730,842,6434574,54226927,0.6143923458188372,114.84303725430703
16,240,1853,51997043,107691375,4.902728992739827,293.50282418271394
10,541,317,1082248,5656462,0.18172609320008154,83.43282276250177
7,2039,961,7516952,16802737,0.6023227713687551,84.65785357662453
2,976,791,1407199,7059118,0.13838385992839194,51.644159300469916
19,539,1219,27439700,236491769,2.891457905165541,172.5131285330882
5,764,1882,15633784,90053254,1.446043454441032,125.69166337823613
6,1264,243,606295,5359984,0.12572516799122813,61.78920095728236
19,1998,1147,26005941,47132719,2.474027981329945,181.52202840933342
18,715,662,7942024,27819502,0.7025851519711641,109.82098727581119
3,1920,1145,4835345,7472610,0.3281928615805711,63.235826196881376
23,1100,1348,41503582,322999251,4.945628721070777,258.1838059283071
9,1577,1162,12656514,96177775,0.8687947186981081,123.89185801119686
8,1423,266,878608,7750558,0.15088200255308862,62.920915742643
14,722,1219,20226877,158062542,1.7092601757497137,158.11426565352374
9,1899,1627,24297628,218111062,2.31226660965026,184.4850536797068
7,937,1118,8566126,62811705,0.6777723788073777,74.14090712794544
6,1469,1322,10701600,13174598,0.83148377666292,118.66956865035112
3,469,1671,6389914,22999440,0.4580916465230674,108.8323826284093
6,455,1145,7094430,57640852,0.48644817577764216,108.84175590346177
20,1624,1151,27074983,52843017,2.296144880463999,178.13611243281107
24,612,123,427435,2455405,0.22933958570495375,45.77693419016171
15,1331,2009,59229348,82874702,5.8294249640868285,333.6418961157163
3,1082,1263,4573333,12323354,0.3590260085022687,92.82025423222035
19,1154,1424,38184570,271435072,3.655095809596989,232.6006884606488
6,849,1108,7096750,45143599,0.6011673847800129,120.97099630554925
20,57,488,4567202,12374994,0.47135719061161746,101.19607047333659
17,1050,1642,44907068,377978330,4.715860490516111,239.39821925815193
10,1702,385,1997005,4513074,0.2752398516666881,108.74000122782351
23,982,880,17930010,127902598,1.6712734508956455,159.24768036390992
3,1755,195,420820,3788286,0.06910066756720297,91.64994951623608
12,1053,547,3879334,25183089,0.39170127868983834,61.740221214245175
12,788,1381,22097391,97275093,2.1220001117169227,126.4963222823279
12,515,335,1414380,4094478,0.23838972068238587,64.30078521143797
5,1919,1443,11119768,92278168,0.8703086285355935,116.33569144564318
13,1808,1013,14168841,131521658,1.8844591738728331,138.41259940652657
18,115,1854,58699504,525491393,5.131927692001791,306.4775561488083
21,2014,312,2584930,12959852,0.3395548844068681,88.46522533990156
20,1261,1050,22303060,90243137,2.439338664846469,145.64767985364495
14,715,1025,14415610,123653071,1.8576316123269179,161.04543812921747
17,169,886,12733602,110904830,1.014795328329095,147.32872878118437
6,590,886,4461906,21943857,0.37645067952820876,80.48550911435721
5,466,1091,5285905,37375282,0.399195705883596,104.44922930389741
10,284,1864,31837130,164242480,2.726873598521579,171.6902729571961
20,1867,1872,70134490,641775160,5.49097028240383,353.79640837379765
5,1424,511,1779823,6127387,0.21723478136119062,71.3177784996963
13,230,1111,15092945,47765399,1.2483214840277044,135.9792360971837
11,73,1918,36967542,166376714,3.220147517914289,198.7619319999837
18,1671,722,10088516,71034777,0.9086527610586915,97.9767131320201
20,1104,684,9664930,84130821,1.0979298720169823,97.26976870147517
13,1655,297,1556884,1950163,0.23047055550113132,99.27437074854299
12,1797,1198,17966416,69910504,1.4577607512258044,161.87756669724357
12,1837,205,843380,7154156,0.1677069094655341,101.10651003405245
11,787,110,209890,281384,0.13493367894816016,105.97963758688807
17,892,2010,66488800,511389607,7.339604925176199,293.5907386902648
23,779,375,3398260,3617579,0.542435778877058,103.58479560920628
3,1126,1350,5182660,7457130,0.32658137115378433,109.49062989463981
8,441,1574,18064808,120859488,1.3457117152118057,142.92576057753843
13,865,706,6608170,27543609,0.6114337692284846,90.44025045520112
21,939,1505,46760360,315738373,4.800426503267275,258.2197676272868
23,272,425,4103385,26051067,0.48411671850516785,115.19914399646636
22,823,1220,32299510,264771748,3.237567501233942,187.24449621282056
4,910,924,3415114,33082395,0.2996158682725291,62.9853674024938
10,268,1661,25308667,139972183,1.9654714798840542,148.16411799548698
5,411,1307,7389788,25779424,1.1269735784535493,71.80932466451819
8,1026,390,1471870,4116957,0.1551396791958515,68.7725499442621
24,746,770,14237310,41616211,1.5036036831557271,142.56515462064343
19,606,1166,25212428,210550632,2.166897326232932,176.34447625765733
19,793,224,1087306,3568577,0.2839253210218734,101.83985789241046
10,1547,267,1060000,7870208,0.1354961416769822,96.10323823295383
18,582,554,5555522,18348615,0.5443344370136776,100.34450850780956
19,1295,1185,26845000,196063850,2.4636032791205773,183.3263239788916
5,2016,925,5301185,50675354,0.4503250942148934,84.01031022104588
14,1698,1960,53315930,474476934,5.652517221111826,293.33715355663855
8,1432,361,1435707,3406272,0.17696312195651323,94.21851012630036
22,705,1037,23347028,132137812,3.6757993238460664,190.72047895764146
15,1479,920,13233290,59261328,1.0616972364275712,110.70561949107342
11,1077,798,7244254,9431781,1.6119675167187417,72.15732532821745
8,509,1868,25410414,79344932,2.298686036788308,182.06622838941993
21,528,1724,60407246,494683570,5.286647024727231,291.2229394994614
22,1214,1754,66792330,235524162,6.31116098915758,375.8192356710553
6,1687,958,6220304,44734485,0.43382221936032,110.97026220267603
10,276,360,1272970,5295657,0.15859206109428442,75.37358977499146
14,1870,1394,27902314,125554109,2.9727306747635276,170.74971454830077
7,1519,798,5046562,27560255,0.3804562489613123,90.19864779824674
12,914,313,1370637,3995874,0.1802657976779218,82.29249210716206
17,428,902,13428084,16263540,1.1089917212663447,115.03321398119152
13,806,1143,16624945,27521800,1.5626985029976497,171.5868828522617
11,726,331,1342877,9250006,0.23096349672931277,76.64211987034673
14,640,1889,47642479,75843660,3.719465303802068,291.2738948242937
16,1316,1756,48609602,382628690,9.720444908031764,272.5980049344542
14,954,1373,25849481,107899712,2.4264255558695904,132.75247170777226
14,1781,1783,44546482,206136653,4.227137646512301,294.20253882614645
9,1465,736,5425802,36507788,0.39978724168147534,115.02389239562426
19,1748,218,1242828,6377795,0.22851790232130761,94.04713480630743
5,318,1661,11588807,42409989,0.813576091542111,128.45932589822027
14,380,987,13062955,98877431,1.1463175757865838,159.06161522571213
18,966,487,4515961,19124886,0.49660926575595493,76.648798863492
6,166,427,989369,6530289,0.10686617047344117,56.91756590749638
16,1702,1218,24357574,135544375,2.4718441410723697,149.67280546357009
23,989,821,15667974,136740954,1.7434135296924347,140.08234158903633
6,516,579,1984243,10645641,0.2266230012187277,98.71860677251661
15,1082,1790,46838940,328978812,4.11082120167584,228.331761238814
8,2006,1076,10282266,56752148,1.006714860780429,118.64244674981812
8,1089,296,940994,7014060,0.11724574958125694,76.25761385608479
9,1926,245,956735,3310943,0.15837161055104712,96.30604485551451
2,71,673,508798,1761182,0.03809028310119971,75.92452928213794
1,1748,1214,2135436,12618345,0.1107147199590608,100.6203088993902
23,744,1474,48944180,301922230,4.343533248428972,302.96099854240873
23,1995,1735,69743540,155194790,6.869635067977854,412.0189202430709
21,1764,841,15655225,65281331,1.5602411972510484,128.29867691043046
15,1832,719,8572647,26378315,0.7386451211617632,112.83577217016634
17,579,1019,17231300,57424328,2.831202002928473,139.42986798326245
2,1484,1998,6981022,50732246,1.0939639412472535,106.951780199537
1,434,1310,582960,844719,0.05306429103394232,67.77115497998774
20,1347,1446,41718556,406174636,3.8292354671896427,191.29962996892394
10,1053,1928,35523410,92433055,3.284585090922284,188.31284473042362
18,350,626,6898530,57510272,0.6750840424382536,85.03298540364968
23,1378,1168,31660986,81445144,3.2562634461568125,173.09174346432363
21,835,2023,83602508,95372120,9.323803068020675,360.9020321143542
1,428,1082,475008,978150,0.07472147589925181,65.17784169007801
21,1420,1127,27037867,111522817,2.432883515343774,199.63854445481164
2,1502,990,2478970,17901048,0.12455067965168154,90.62277357225912
5,2040,1852,17525486,160134696,1.2355223514874332,141.55937076318398
4,611,898,2980472,15400221,0.2572720972476951,116.03409125649289
15,1862,1199,22388937,64504709,1.9728347574622058,163.14708480615897
20,121,603,6999634,17239036,0.6840149648359305,138.12603516446737
23,608,1936,83699098,609255212,6.42863313186968,381.6335914404438
16,896,1182,22046674,69071576,2.102076332157629,176.32897836265775
15,870,433,3012391,4869709,0.326355351069768,82.2546478287311
1,872,943,832679,7075692,0.061620208251832106,81.13106009540239
12,1070,1542,27839278,73486529,2.2955575585666153,156.26196466016808
20,600,1142,25498586,138887963,2.4766755065675485,185.36168748131638
6,906,1642,14994754,146666288,1.2293996322779115,110.16011867082469
13,263,930,10644790,39771423,1.0199443054740511,105.55204034205232
21,43,1233,30497032,93177951,3.286877123848407,217.97970284267876
22,1556,1286,36771894,128088981,8.91134982108316,201.9132189795398
21,1906,991,21561197,150529070,2.546094617645739,152.1262166648351
10,699,1081,11294298,89691179,0.8758475436155976,102.26416626507505
1,1944,723,1413475,9341288,0.11563126039594583,92.36000864415536
18,456,554,5485718,33259283,0.6622510248257003,79.74901603574081
12,90,292,970618,5684380,0.1647136684216104,109.17361535039952
20,1562,1473,43569877,237800369,3.46957230822923,243.6463078244526
23,698,1298,38014536,76446332,9.68966082529759,214.05184785930328
15,634,385,2328875,4598465,0.37121269856785055,54.911251866651284
3,401,1791,7156846,44223159,0.5263516299673346,70.16917821880664
10,282,89,98177,582175,0.08330037534364351,79.64157819705026
7,1694,116,279222,1739916,0.0660940448241867,91.5510210197481
8,1473,1213,12108176,76950168,0.7601860787635598,98.00540846430891
14,1395,1082,16754780,159538276,1.630797332294944,164.58266153549863
16,1191,1387,30544524,277928144,2.5379951481844767,196.57534316369689
6,1457,1314,10568512,98787005,0.7837465619069507,131.11274776895812
17,384,1903,58724687,339469045,5.089176151759844,291.5923203472281
14,1701,880,11585210,65326304,1.1737331066607672,129.8139341405492
15,1717,1840,50603690,364532577,4.695600563580588,274.2918764480113
21,1566,1427,43005509,79556449,3.4791126006751316,272.8058364694578
12,1383,1148,16109894,153662004,1.280584706387718,152.17407429916787
8,1662,406,1835942,8460737,0.3161575309645501,95.97481758851632
7,323,1639,16675196,67137572,1.238886200019342,146.9785919953659
17,591,1269,26550028,107037590,2.2591686296562354,152.10827948774252
6,878,1060,6565650,15424856,0.4791537041640684,90.1407674621739
6,1065,1541,13539236,39630314,1.243689544842823,142.67117738018578
16,1446,2027,64614689,310197029,10.473570638178522,366.27639894659245
3,1985,1132,4824594,16981816,0.3693537425829629,129.0425500421334
18,1265,1758,54812692,537952217,4.459761434877,255.9988508894809
3,230,1407,4301209,39705533,0.3410189585241488,113.17551997004128
22,1989,355,3363990,31424077,0.5276765631830056,60.42595650940787
21,1092,1335,37143715,190252669,2.917796168375146,226.86318521526852
23,266,1193,31668195,244142804,3.317047420320076,205.46076229892853
17,1462,1981,65739495,71565957,5.187226692787672,265.69657239142293
21,362,1664,56031882,161192677,8.167492685728368,247.17220742030216
11,1842,1560,27242290,208762252,2.9442420278186523,200.83786043185063
6,1657,1370,11676520,29170998,1.0817257487166951,140.59985318339685
1,590,1349,810759,4516289,0.08197626034193704,82.77144401041515
17,374,819,11060605,80936625,1.0427967086428813,109.40939552901122
2,637,1325,2615560,14939657,0.1417564208178379,114.08058690245439
11,1020,1866,36762076,247862953,4.271948481481773,238.25550098668086
5,149,373,617698,5724406,0.12136948403469748,107.5914838158982
12,295,485,2741230,8765066,0.33398657623232686,60.356922206799084
21,1884,1720,62461810,534664995,5.6049481779459835,341.6171651110098
14,2004,1252,22916618,112075307,2.379137629254544,139.81426338218623
23,202,2033,91405723,725509634,11.264121725614324,440.53282238270305
14,1410,353,2126129,17099411,0.36211347602745575,64.19538870407439
22,1533,846,16354036,41072250,1.4485211577282044,141.2252938389698
7,1789,534,2675350,18108650,0.4274447003007995,89.46721737254099
9,1046,1094,10739808,79716699,0.7649581013423925,102.4781359453959
14,1772,816,10121674,20209558,0.8475769531983242,98.02870300296425
23,1619,1082,27543402,196490455,2.5348928965912787,179.3229176548493
23,952,1230,34495360,241460562,5.994608774289173,183.29387631718956
16,1173,1135,20684250,112421711,5.2981307636566015,163.44406055826252
24,1246,1934,88503718,619247778,11.972222369561436,429.7277477020899
21,1150,1324,36623174,231808537,5.44078734547438,176.1179476551629
1,1829,900,1656010,8691017,0.12536965315254553,70.76959808216003
10,1536,556,3647370,27191636,0.31605599025937386,107.53269065689679
4,1615,781,3102142,25187929,0.19893331025243036,73.45032719769075
6,1313,164,352446,3277315,0.09477948165517867,80.54088409206723
19,1300,1604,48442414,282006771,4.530870889376807,269.9826223130213
8,1709,1551,19517794,173205907,1.8407789050498011,189.95485093084133
18,1573,1526,42030628,318312697,3.375816341355054,263.40319833211066
24,226,934,20307038,67292471,1.7648845368094774,163.87257859569286
23,828,658,10091756,34426062,0.8827428037121376,106.75186851355895
10,358,1993,36501805,235792694,4.320495917151761,206.57123940234825
24,804,1560,57280090,224890188,5.568970509297581,336.23765968487754
7,296,586,2243804,6916602,0.2820791537586546,83.25121434403304
7,574,780,4111390,14057265,0.3329552764990499,57.94931383258461
14,1375,1722,40957780,255477135,4.012313440842086,191.78172790389678
6,1582,145,336845,776451,0.06441983700681632,83.94856966646681
4,138,1565,7585565,74444864,0.5457434928728624,103.75056150459307
5,611,523,1421524,10589676,0.1177170390547222,71.97085204801836
12,1272,477,3120067,15063297,0.29208374481756,68.07999887431644
2,1592,1148,3159306,4793528,0.21358213041862828,84.79638472979715
8,551,1306,12682576,125476291,0.9980656624407911,97.02838855897815
20,1172,416,3788106,10691890,0.4008653163699518,82.68529986562918
1,1394,2016,2832490,7730038,0.16255020023084638,78.14391923899157
11,1470,204,720334,1444774,0.13035589364199973,100.22667970103805
9,374,1477,18032703,53949122,1.7046855196245156,134.38420795947002
19,1951,1103,24082912,192052533,1.9853802063896138,196.68668522277716
24,1102,911,20123089,68265466,2.1606799658547504,144.7706972422187
21,1241,854,15672618,140808987,2.7279626177280427,139.71040135163472
20,1770,1487,44688821,392647793,3.4858958573821375,249.7007573028044
3,1889,1578,7981534,56803904,1.0069359520724883,96.43235353077803
14,1507,1633,37167090,279609254,3.0788625064595947,198.3590500736806
17,929,1400,32698410,56111566,3.099082639231641,224.35803141052426
18,1874,525,5684185,38625019,0.8524264504635476,81.54889318951724
12,479,1744,34330650,222034455,3.0503858254076617,203.2333686677278
9,1583,557,3374316,15247233,0.33011004552163914,80.99558461623884
11,347,736,5687818,36061085,0.45080706361343914,127.22721901649578
12,327,1433,23088506,189656857,1.9950309053346524,126.13037756059009
7,1980,1100,9456710,50706065,0.6490469538096293,101.26659326715571
23,859,326,2628874,14459140,0.41200029559631235,118.55280995242568
10,33,1679,25460366,187268782,2.2718597655678003,169.68135938407366
20,1626,1693,57262349,487023520,6.786860561404848,279.2306192035764
1,1058,1415,1512645,10731706,0.10395987618106357,90.0531144551868
8,1933,1384,16108386,58783097,1.5752271365483073,158.49391927970078
17,1167,637,7252892,51979711,0.6616888752944245,119.71128318695362
11,1934,1888,39336490,127216487,2.9754935242040728,248.91556859236928
19,579,814,12421650,38291968,1.2058768169964935,121.91973469154436
8,1296,373,1464035,5329009,0.18049125980615846,88.08168471039944
13,1027,2017,50937328,109248432,5.681890939973976,293.9601942076527
9,834,1279,14177725,16057755,1.6902354208996149,144.43524895191086
21,1365,1490,46482050,267992588,3.8009297956888917,266.2199188469566
11,1594,741,6687535,43390330,0.6270585915762454,84.85024452769497
7,773,1290,11003710,60136292,1.0376493681959102,92.5049429152817
18,313,1468,37136006,277748086,2.790589314917719,202.2353327489687
15,1205,1904,53094954,126753622,4.852475206279468,243.7217559150578
14,560,73,111919,320682,0.1254836200835094,45.54002437410086
10,1133,1611,25215382,68271276,2.054674024275169,168.1992068859172
10,1794,1730,30074330,115772332,2.469605826630039,181.71166248075542
4,1164,1316,6745826,66629550,0.45094280032410755,102.63603579113068
15,1475,410,2968410,27768270,0.34927117048205925,57.090198174272565
5,2045,385,1386010,9424328,0.12838424536918694,59.600641216204046
15,1602,1315,26348665,63998127,2.140823059307822,172.3254807538125
22,139,931,18361192,125232188,1.6287841626557378,166.29129080118324
6,1810,1892,21353122,24151446,1.8329803515552763,142.72389456921815
16,695,524,4496454,41304497,0.43851849835289414,99.80783379931377
13,100,1163,16373887,18684032,1.2177162706244513,146.23905462208054
10,749,779,6060630,11762129,0.4429526732986379,126.70481379904389
14,50,1411,25986397,37587133,2.414462364516405,175.73719372609003
6,1340,1013,6504483,44948659,0.6017000143284454,84.8888619524484
23,1809,894,19229950,160357894,1.9586892248840637,152.8795639450073
4,760,246,371962,967036,0.07102966569234166,77.56507416226098
12,940,86,164098,1187685,0.07219369033542296,76.20933985215282
13,1108,44,73006,251240,0.09092349842151999,69.67869610735647
2,1685,2019,7502614,11430824,0.49011316371012836,107.29005821808327
13,880,697,6459109,45514926,0.6095825866716723,96.89844435898051
2,820,1912,5246538,11416300,0.311322508573091,91.75081893763985
8,861,1204,11205638,103579296,0.8164794984224867,87.20579428098618
17,133,1893,57638074,446066727,5.115358391314644,335.0040330759549
11,1501,435,2554330,13645196,0.25364251411914285,85.09733803012196
10,733,781,6077752,50982581,0.5103876453655588,106.00117326801093
7,1351,336,1137034,4956467,0.13306068732134066,96.53391243263896
18,1752,710,9833510,53910237,0.8425704141200431,111.99297001962185
5,332,1101,5230861,44996382,0.38466763812102034,83.10005933652529
10,506,1511,21342885,210371093,1.8052781042827335,145.18813902717932
20,918,35,56465,401886,0.13472542993775827,62.572254301886005
24,151,1727,68917672,591390869,5.6371558622357245,326.5587259219242
19,113,1976,70562970,302812146,7.772115037830046,346.5367490471831
15,997,1036,16084946,60358913,2.2165226800953737,167.33871910627357
15,1275,670,7155610,23839799,0.6668296484520092,118.16528415525802
19,569,609,7040050,35492292,0.5834537053735799,102.75610971657142
13,510,1614,32120224,170270647,3.3056666298531914,194.6233210811748
8,1086,473,2088305,19510525,0.2216629187232563,91.9039897085482
8,1876,427,2085051,9913278,0.19549858374097137,88.68950691946729
4,759,732,2173318,7501904,0.17533005697817694,54.30685003690053
19,346,657,8016067,22232502,0.722991004524153,112.13735901611088
17,919,414,3133990,6122406,0.374552479784861,67.55533450022045
12,259,1216,16606922,157414475,1.1888790960571087,152.7651518255424
8,1229,1803,25004014,72147414,2.124346472079446,170.58008578750744
8,318,1196,10414778,53779920,0.8723157958761795,122.44257883558143
5,906,1556,11117630,81936777,0.9331198966605263,98.8875731036183
19,1597,1399,37504402,302122308,5.170120881804115,207.465345282675
1,1556,198,310276,2350997,0.040017328337248685,102.16038427250085
19,680,386,2955612,24178986,0.48471788639671015,82.89019095949809
23,1690,194,1162264,4499105,0.2665656056681911,84.13689600208873
7,2018,1841,24082131,169939704,2.1438378672620586,167.849258789767
14,1585,2001,55271632,75523628,5.732442037324669,258.3357989745317
4,1925,1595,10724790,37243956,0.9718726267577467,133.8136515503443
5,1163,909,4375936,24509497,0.37256325199018114,96.89602998556222
21,1380,955,19588015,87873515,1.7327128588344594,143.65278964027053
20,1427,1041,22106686,91745655,4.260714024943395,139.42828528022028
2,1302,1691,5081465,31465903,0.4075074405680194,73.8644451453761
18,1208,434,3738486,15315397,0.4223759502953403,76.58341207098512
2,538,882,1263034,11779865,0.13143825381931382,97.46900995136106
17,770,1349,30191979,50009641,3.5900944757131095,231.90518931584822
4,2023,1909,14821486,112931568,1.362641479492659,128.22201374743292
7,1422,727,4217337,36441739,0.32932998752169923,68.82795383118838
5,958,1956,17206942,18440233,1.5455357807225625,142.20278179367085
11,1397,1216,16510858,108193298,1.1780072711863374,147.79566064009526
11,1806,92,252734,1709970,0.12689957580928465,54.040813420968945
3,1631,1285,5415000,48515619,0.4073895899996937,66.2766803406044
5,373,962,4075042,37037734,0.36865089737806744,76.08455240925473
21,1877,432,4556746,29605488,0.4896675724782664,98.77982171647464
10,210,734,5017634,15872357,0.5052799371089199,103.01957505193722
11,1592,1764,33962302,307835531,6.2280053406997595,192.22859455394214
4,1526,1796,12442698,72266630,1.0192351674393567,139.59752001642158
13,1315,966,12490390,107513281,2.04715754587337,123.78731247131908
21,1645,1407,41951122,120660640,3.9644494567538677,251.85604945241369
7,1802,1311,12697045,95448188,1.0116297939147387,143.29144618473669
23,995,281,2026020,11358587,0.32959192985574626,58.538214734882075
22,69,955,19248990,163412043,1.4738851328838525,156.95857649032078
21,772,691,10104503,68560249,0.8278570221549227,119.45491442263635
8,1150,203,525577,2058902,0.142209213615145,103.91411800820292
4,905,1332,6546790,60824979,0.40381113276780223,101.4895938625914
5,279,1683,11824768,14752491,0.7901396470519879,127.38258114548839
7,594,304,740250,1647924,0.08602418235820634,91.85502810115102
17,1128,344,2290706,22505710,0.22573832223719062,69.66691973795741
5,1713,1640,13592330,27829552,1.260759582190838,109.480362137829
5,119,36,10018,45404,0.048504583613681165,82.31745363804532
1,1939,84,163810,1457039,0.02863726414104531,92.21161378951273
10,976,1401,19060615,110836621,1.547173495617764,180.52061212524308
10,1463,1846,33407072,51665828,2.890930091677096,191.9122648333567
16,931,1561,38044702,247350323,4.1087613784057915,265.19437450709336
17,1855,893,14439820,39109987,1.334613851539434,142.72150167223086
11,105,195,404830,2636025,0.15209072421168532,78.66617515672598
7,1307,461,1885500,12557216,0.16850784159045631,98.0458269054117
3,1850,311,772845,6373700,0.059024869874476055,50.63775468292613
20,2046,894,17041438,94347054,1.6225572827349737,141.84412796527877
9,1869,849,7369330,66490443,0.5285518834571254,106.19193667993888
17,487,1746,49673710,478510532,4.5115993351569985,207.06050384622364
8,355,1152,9719434,81438782,0.8423492158670275,112.22499938587953
21,277,254,1368562,6436914,0.35213170895548,51.461579561096706
8,1651,634,3871848,23139030,0.3183426030127176,117.46952274334714
15,1098,1742,44440172,404265716,3.2999319881278395,200.8676063482869
23,419,1299,37709980,315880409,2.8019700552023132,198.8641073441788
22,1412,837,15920587,69474102,1.513719989078984,131.61968862153296
4,1845,730,2955780,28719557,0.14538432606551563,92.12304249280949
13,1057,856,9717322,91125505,0.8069949123543636,144.67666360420628
24,743,769,14198826,90733131,1.5285099644067757,130.6563516935105
4,908,94,113186,957281,0.07663319718608415,62.34180495039361
13,1411,1036,14365186,96133520,1.6283345763538368,117.09773057835592
1,230,1876,452126,4155716,0.052802048212397805,58.71553610235961
24,265,464,5090554,9231313,0.5043010622182036,65.7180320482399
2,1871,752,1981530,6856874,0.14538733596599104,68.98515678285244
7,1337,1141,9356210,50262266,0.6452870910346916,123.02123873622266
10,182,880,7147370,43918972,0.5417610733805105,82.96908920245245
22,1278,1187,31143329,265604302,3.203670617221763,208.40889927197338
18,1532,1334,32333502,161124074,3.081907108402127,158.53474069934035
2,995,208,252730,1116213,0.0713645877474075,87.03613729527612
9,1594,1338,16480156,52366179,1.5239525021640485,151.36180167802718
15,1613,1407,30019762,150532233,3.23766408384732,212.30877319955988
3,1203,1640,7373450,45071164,0.7204683305267482,85.05973009487455
1,355,1355,495940,4695407,0.04863296686517903,49.51840134131664
2,580,890,1318990,9568978,0.130505978269157,66.97553196924319
13,507,503,3302708,23002635,0.3253463994846184,118.42803041130128
21,643,399,3452956,24071913,0.43467702543954595,76.4460349769801
22,1804,2023,89657347,583921346,9.734896898779752,377.1702227435466
15,1966,1413,30765259,272158169,3.1333199082808503,194.76917835817662
23,851,1963,86509420,301257027,7.197613622480175,438.8389421922403
7,1635,354,1336714,10295965,0.16987009271444534,73.78121713253731
3,1413,1582,7261390,12111347,0.49609013142113323,120.45874657212065
17,1279,453,3874972,36928463,0.4399419685981025,86.40009294380688
1,259,1946,525430,1427350,0.054989249190721665,58.334780983804194
1,376,1967,761239,4219579,0.0637880992873347,85.08185435267879
24,1656,1509,54923083,461741054,4.853620081552986,273.2720306503778
1,1453,522,764218,3337987,0.06513226244266483,89.49308761928894
13,1904,1089,16329565,87037345,1.4730744915858522,147.6006203529176
22,1435,1993,86336770,803093033,7.014474997969565,448.27972467064416
1,377,1012,392666,1280920,0.047498119336791364,68.17491352624205
21,1760,841,15651861,43607565,1.4216324347371097,130.4600835218399
15,719,1614,37670770,205698868,3.5875632564660265,218.29199713096608
24,1480,2011,96059447,224794789,10.766167215506508,498.7834438539001
19,1137,1881,65880154,249839068,13.32745477009556,288.1362246775754
16,1633,1705,46433980,69108213,5.228577804767996,284.25616917805144
1,831,203,170936,1535941,0.034705058806236574,78.76162599301544
10,1518,1387,19447137,128624968,1.6683569658312,161.79266306552216
9,938,1044,9718606,32887426,1.023412398605928,89.62189431621273
19,1797,1126,24877854,40352784,2.765314977742948,206.0650466520209
16,1065,470,3826280,31654139,0.47970004526384996,121.25762850272828
18,363,1926,63814168,575734841,6.498693230229114,298.76009128388586
9,1866,501,2952403,7261444,0.2498788160481838,58.431441128866794
11,1275,86,185426,287086,0.11401187768829715,94.84001087904444
1,1517,493,753314,2660816,0.03524554752864321,110.39944137976343
11,93,271,765314,2605401,0.15814080085150437,99.7686299021722
20,444,187,753059,1406332,0.2402751155626343,92.57249478787821
19,775,1163,25281304,224078170,2.207623163883246,205.94116228395382
24,950,814,16040694,65979051,1.8565424406490827,142.57295265279888
14,1061,1911,49548418,149761302,3.5564950816371264,226.653234515285
12,1729,530,4017940,24899575,0.48136547883413316,89.45078126799669
15,244,40,33170,225031,0.10705319487082193,48.01074668861205
8,1918,78,193606,1537890,0.08701329575577742,70.30203248759967
22,783,1147,28562604,234081069,2.744492304167393,186.93861876619408
10,982,177,459325,3580744,0.31285837011689943,98.52148811533468
14,137,245,819780,8083770,0.23711001922676633,75.48866095016523
24,1812,724,13392562,125601833,1.426379741356242,147.26115754299528
7,1554,1100,8988110,31244188,0.6809041926761168,109.6705243722972
22,43,2000,84150010,566484945,7.581771259119284,363.8839187940423
23,723,1594,57103466,522130054,6.253355393303529,315.67124274260283
9,982,213,576175,3710646,0.23020864023789864,91.8943280262913
23,814,576,7786954,68533716,0.7118879483537272,109.16914494274882
18,418,70,114530,411494,0.1623456049985624,51.99017026361858
14,2023,761,9086350,17877857,1.005116091817176,97.97541431260174
15,1954,1472,33248074,182453955,2.5700168635645,192.75733682735242
5,1779,1079,6592700,44251649,0.6482833781335308,69.91639377182865
16,149,119,233250,411429,0.18689710331355233,76.85557188177289
8,664,1683,20975239,180808482,2.350498215794592,191.02809621573186
24,1417,1625,63092260,555585927,7.426339329003629,297.88567314687475
7,1723,1362,13500154,61111292,1.3265055637120968,140.41749508661178
4,1984,1170,6444370,9198032,0.47179171455153907,91.0918464146941
3,150,1904,7560794,70541756,0.5722236424357194,98.42846258892375
2,504,1572,3282346,24619681,0.21581878527927542,92.31041848571745
13,1125,1450,26894610,230331561,2.098859126324206,157.29977591355538
2,1317,1831,5785970,25259070,0.44312182788979426,92.1179740673741
11,1254,735,6339385,7524027,0.44587947719241505,87.2315121221259
10,1970,901,9099209,69382438,0.691985334861377,93.11523389649678
13,359,1225,18475460,142094614,1.8586933728848045,173.61407623380907
18,1587,1950,67791760,255673332,5.344431769722817,330.85356447561884
12,1974,1622,32177246,100929628,3.6631385244807606,239.9041135861984
15,966,2015,58840025,304898530,7.478951221004666,285.5098392863884
24,1800,1011,25362967,121453481,4.370458486421292,173.21877247679438
5,64,1502,9142684,76049899,0.6305317590066424,98.14489041945505
24,1809,303,2670046,20368412,0.3802279581185133,66.8761935999169
18,417,1908,62736958,375981377,5.235594328024699,277.55068728282305
5,857,210,359530,1636647,0.06178924275074945,77.84373061969968
11,1123,1108,13544202,123894788,1.201767286395032,159.27185515159363
12,284,1160,15156570,97066885,1.4502722148947398,143.37163128526635
24,402,2028,95478250,532130375,14.02696352152139,447.11516084274183
6,1005,426,1342336,3919624,0.15177505132394378,94.9109853265651
4,1618,991,4563565,19803402,0.2883288968036923,92.9399234060489
1,1409,996,1414330,5903328,0.10151560351678827,106.50266374755098
2,987,753,1319266,9194940,0.060364989084612644,90.03970787790234
20,1869,1621,53003468,289055311,4.845089377411492,308.0841823935068
11,165,848,7348778,55969611,0.6175150499503974,96.4941495478094
1,264,856,235410,2191112,0.028200529520002383,98.65602463197959
3,741,675,1420210,7468679,0.10939164402710225,81.29400277654062
12,1345,1022,12886408,75291554,1.5285654191914482,154.66248980492432
14,322,751,7591869,17772632,0.6098140771367981,82.55306194548703
2,794,400,482410,2789370,0.06578170550538748,82.2107203865892
18,1328,1810,58148070,382131365,5.210125123965514,310.53328551520707
9,1379,585,3555640,25558456,0.304144409931416,80.97466790507855
23,1434,466,5461064,6600629,0.6611627118910387,103.04459907052951
8,809,1728,22330954,28278026,1.9664510352118014,160.37794336938978
5,1504,254,643900,946086,0.09561368950475978,61.820464740136266
20,933,1229,29881916,75298928,3.512540168049582,225.83352466116318
17,549,1029,17534170,58366728,4.031599986763232,135.69114879583674
3,1756,1154,4704868,43689353,0.32172362731917586,104.18849033398772
9,1893,1366,17539450,153923333,1.5580230013006091,160.18138191939846
20,1316,894,16388818,106349678,1.432703299704797,152.68975549548614
6,717,1903,19501954,144883615,1.6848118738107825,137.70175416109896
10,114,275,717485,5954883,0.14914050624102973,86.89252322450892
13,936,617,5159981,17130592,0.518045703706057,98.48881281548105
4,663,2042,13891736,85976893,2.114636902034799,162.55922749646453
19,1043,1079,22113036,193430149,2.08351717979214,152.59829304907214
10,640,1646,25470214,63985275,2.5185323586124446,177.45294942742797
9,318,331,988045,7835155,0.1832001699930224,77.52970437229308
22,588,87,212899,531220,0.15780947393068726,66.60542319869424
15,1522,867,11864905,46810288,0.9762694075543312,160.6529748495852
14,828,548,4370858,6425823,0.6680040925101539,77.40802596926066
15,1674,736,8834218,65771445,0.761528906085339,120.92544449979555
1,1713,65,112070,441590,0.030666819862996235,104.08553316832312
21,350,1469,43718919,327234086,3.4328537322565724,234.0858228704142
18,460,593,6267427,35499311,0.5127760050027382,110.6303875684581
7,1953,1470,15861310,33263150,1.203996219609343,128.83833959812534
17,939,247,1214756,4593349,0.2744330448737006,109.99205139125567
21,1672,536,6658738,66134348,0.712859352543829,126.52787100588422
13,462,1301,20942207,87291294,1.6172674805843568,154.70004456891635
8,513,972,7129630,50379050,0.49269886455736367,123.76027905871872
24,1385,742,13715880,49952297,1.2236952755471842,106.98490948145832
1,274,77,21955,195142,0.024534552970987507,66.38814049041459
22,928,458,4844734,12334840,0.4353632260808897,89.75113031670661
10,772,964,9127162,46387192,0.9125351759803074,97.34095000032359
2,1748,434,952206,3720296,0.09454374589639092,89.95974992318321
17,1665,734,9862034,46943781,0.8501837577360564,114.7152753183742
22,1625,1097,27089328,130990981,2.6667074493847296,161.21684458359485
22,1486,584,8048698,76172824,0.8221458474207879,100.2568039274352
18,1811,1677,50893606,338635163,5.217146222394909,272.3300009006795
14,869,479,3410490,8149969,0.5834549692836967,106.1656962932775
12,1196,1644,31732498,255079620,3.088105860838321,176.17127496490798
4,1384,132,236818,1294727,0.05313361962777407,60.692191504776176
11,867,1373,20070524,32268156,2.046513873890992,175.682400089742
7,892,1970,25076140,33205425,2.7603970943917187,172.85506013473034
2,968,1062,2168614,11725957,0.1523228493155213,85.43289180985985
6,295,1979,20197684,143760907,1.4661965786041382,137.45376942820832
4,163,614,1239676,9199929,0.10362338037211037,104.34007070910127
7,1535,619,3259664,25225198,0.23981938877634207,67.58524968673014
15,1692,790,10093840,26386696,0.8169276456116319,94.48037636186382
16,1577,122,418836,2902892,0.12767538669068842,67.10173265498148
9,608,1534,19787076,86976979,1.9864077689776931,139.10106506515865
20,1563,1452,42370822,134106315,3.885706066894941,239.4308894515415
17,536,980,15918150,30438119,1.4942929787149561,131.2671682725558
22,1685,1263,35667130,168145621,3.4908234642783205,195.36772880923115
21,1215,1821,68589796,155224408,5.9512735457473225,312.0909700797252
18,1843,306,2164348,10123170,0.3056298413812041,118.58015799628515
23,1847,316,2790922,6086175,0.43565957571845343,106.02584762235277
1,1423,1536,2202634,17048408,0.10723628369683708,105.45928087877832
17,870,1392,32251258,182129137,2.7430395758023756,182.3937636757045
20,279,402,3194704,9741394,0.4370391692336883,113.32867586294039
16,1121,1072,18467354,98410184,1.7727290294609461,125.54791479996354
6,375,1639,14072464,138264442,0.9990698210665359,95.55104336793927
15,904,1510,33324200,81433450,3.4408628360153313,207.50374244694677
17,1875,1400,34022810,131791153,2.8813951058865177,181.5594485356442
9,109,906,6682666,34052008,0.530011021141948,103.60487613708733
17,506,125,316635,761293,0.16640061303331033,60.53544473865076
3,143,1616,5475018,16583442,0.3478740271115199,74.31049171945855
24,648,1790,74915090,636563662,6.25961548610237,380.1578216041062
11,1796,120,362050,1645235,0.1259791172184171,80.76228063560114
17,1406,265,1503355,8108257,0.2546519010537974,73.96372127341321
15,1068,1302,25155952,240900274,1.806067136233689,158.2632747145043
18,1278,1651,48494833,315976908,3.4839721680111473,272.563709625728
12,1418,1932,43840954,431622317,4.073095025934979,258.1126484640007
22,1346,1500,49317010,442039072,4.098751227221592,292.2006434892236
2,1955,128,268170,2462116,0.0595004558968844,65.52737590202543
19,1715,819,13502044,113534416,1.069949122458844,104.71975325102964
24,1518,562,8136646,58055455,0.972679996350743,112.55400200917947
6,768,1241,8673359,50936624,0.6073571032299186,130.44003449650845
22,1891,1910,80283040,791109037,7.465500945125909,366.6446521925322
16,822,1603,39903489,249810758,3.8574866383914315,237.90285781878225
12,556,1615,29623955,81061522,2.9244873012647066,210.85475006834184
2,1910,846,2341738,14059531,0.14416243153446534,77.11535550696442
7,1730,253,826055,1106258,0.1052429201210373,80.40237358530811
7,676,1311,11220859,86666954,0.8101441016987841,129.8934652951193
11,1019,1830,35392210,352815995,3.1926248621460886,208.78252088854472
4,832,1703,10141375,11393664,0.9027821496383387,101.92045255244953
12,470,1943,42483705,403206172,4.408032154220833,233.094348212096
8,1713,625,3816260,15002146,0.34506881640242,87.69941227911244
9,577,1113,10573510,52727064,0.9265435082332344,116.0877791885991
14,1198,456,3260410,27186216,0.3243160278097225,56.407177840861245
3,1298,1759,8494221,26684634,0.6188012770267403,98.4080758934042
24,265,80,171130,1273760,0.20445260654099948,86.25110683573544
23,81,364,2956418,5731366,0.3962458527522554,94.27794113817647
6,832,444,1362202,5957940,0.1338410008633437,72.29079045428513
24,154,283,1895261,10075478,0.29547280269435844,76.25988232346864
14,1541,992,14345322,83080506,1.52428552133454,139.2296463322489
20,1893,1022,21810512,170143357,6.664104484333692,161.88782657908587
9,965,365,1424970,3572353,0.3135260177566884,73.11488417470164
18,391,1364,32199958,275164310,2.9625592379461483,168.1207844479724
1,167,1621,288548,1035695,0.03999698562785704,66.3412833382174
18,1344,1432,36825322,289376714,3.5940362676354662,204.23868324423012
19,1185,471,4564942,7586459,0.5242943250322343,89.90439852547223
18,920,1783,55734807,275274365,4.9750205704080255,348.71193725223964
22,1731,1039,24501708,94018481,2.9874756843700347,200.7601593667812
8,1331,772,5213326,37873574,0.42807259259007024,80.077973988072
2,288,983,1261199,6520915,0.10745655706399888,72.22638678371179
22,1255,1888,77285290,535683628,6.114654027468583,426.23456262126297
4,146,193,142637,685617,0.04877246818782602,73.7685879205387
14,244,1246,20516646,73503991,2.0379460850896653,172.1587561505908
18,92,1494,38123902,145672289,2.7405228202667913,204.7601744457368
9,259,1983,32009596,96344926,5.433271370074113,176.21073669777812
13,1466,384,2341258,11337678,0.2686866696027529,67.10519071958157
13,1586,44,94038,369491,0.10345546604945766,85.51214113617375
12,1967,189,768862,6869400,0.17663963831972226,68.91919714729593
24,291,845,16697210,130687538,1.6332312880863349,131.80819177248307
5,1717,486,1786546,15117447,0.1903088111220522,57.858720507269354
20,385,1692,55096606,83688295,4.1610256997140915,333.3106883491138
15,67,1351,25677116,96690822,2.3285035157195004,174.01986105691677
7,807,1324,11608842,53834663,1.5427212778807793,132.6956196976374
10,703,1464,20348146,145257746,1.7835357158832834,149.60546829669698
11,938,1802,34200168,123449424,2.916251460408669,226.51738934977183
6,426,1304,9078458,62091233,0.6988010406331808,86.90966713283653
13,736,40,49570,197294,0.12227437093802467,66.31680779975635
23,1489,716,12368194,53825134,1.2186769501287433,147.32636334753315
16,1251,1410,31622080,210883362,2.462795133230938,189.15415335912175
11,976,1003,11060091,72085518,1.2106110313373426,116.5363696504598
7,1898,1384,14143106,93160700,1.266915297107576,113.46928974627424
22,1188,416,4141706,24300638,0.5125802920692625,88.37171343507134
18,1331,867,13956976,133538620,1.3695783071421812,145.04063275488758
6,667,275,565960,3105801,0.12444813748541382,68.22374281030686
13,255,497,3102284,8875638,0.31996707714580325,66.48135778651016
11,237,1369,19094822,136592896,1.9043137670291683,151.61943766561433
11,1150,638,4817548,36902597,0.5933386838279624,101.26266524491918
23,2011,1226,35573626,263243832,3.11922078089089,171.84225380849003
7,669,489,1770190,16762754,0.22382608048626695,97.99196075625754
4,1150,1111,4996177,38832524,0.2918638981920755,122.56790611398586
5,735,1628,11822546,41259778,0.8491122816834916,111.24421033019753
19,1701,1168,26576682,180614048,2.31056965373768,182.57564409757447
14,1331,186,701788,2782753,0.19362306135365093,57.14140027934153
5,903,1909,16329596,37844642,1.1766584231867345,126.03048821061732
15,2033,1802,49169382,412997005,4.791225675576933,242.70223795277093
16,635,499,4064864,20873741,0.38511442680674246,60.00240317251504
23,1987,1120,29859210,96219650,3.1371880845152997,189.6357636275059
18,1388,747,10543915,35339273,0.8237684910813493,128.30105590221203
24,2018,1733,72631773,147389839,5.748845518927401,340.1775966499266
21,1315,1136,27338986,265391860,2.10321718758756,144.00445646894855
22,1897,2033,90716536,199310046,14.36422478609695,459.3564534798066
21,382,1370,38103820,223621062,4.088493250187725,216.74275300106643
16,1896,50,133610,1150248,0.12066470211291243,74.17644578886069
14,922,125,321385,1615605,0.12171283440426327,87.02555438625292
18,126,1842,57964066,69401329,5.409462664334892,344.1983926779815
5,1914,2028,20363158,143666463,1.7952074063644594,130.82612506400636
13,1054,42,66412,596482,0.11340485322594665,48.536422840227836
11,1056,1870,36983000,111049626,3.1011186670979454,243.45347728114032
9,1874,481,2761431,4387087,0.2360051118410932,109.044773368758
7,422,862,4836692,39243986,0.6982295613547537,127.39783177734934
8,896,882,6251626,20455306,0.6389440394693081,111.61337250006301
3,932,1644,6959062,35335711,0.6499248777169255,99.74054632418046
12,1623,290,1402160,8187614,0.2504496684709812,83.31613111313912
18,1028,954,16479406,53177266,1.4492353682426855,177.05518056262073
19,1501,1912,68728762,531940792,5.934125315130012,398.29692739322644
10,375,457,2060166,9960353,0.3494582737017899,89.6249470567407
2,966,498,735058,7322342,0.05671222515916936,62.90241296520599
13,500,1055,13908075,126907049,1.692286668072649,115.65889715822162
4,889,773,2490616,12249604,0.20296101940101036,69.05899173574929
15,808,1678,40817360,178511627,3.750454334657031,253.59108009686238
7,636,781,4169769,38888053,0.3806455901062796,96.05377004511418
3,1378,1138,4173056,22556818,0.4668187550057269,80.94819176501277
19,1002,1669,51860847,419722561,5.577875209516923,285.29529876040806
10,1701,1730,29913440,290800599,2.5371915737505883,152.37377010069665
13,736,1720,36806290,41559424,2.9979053996144414,251.88401827170398
16,1791,146,585032,4380955,0.17329911220213692,74.21225334022127
15,251,1726,42183450,58823112,4.164510197456757,241.39236432978785
23,1779,1768,71971754,505948074,6.91344704900824,397.70478401559063
19,708,310,1958280,12890843,0.36145068752372966,93.32583844344668
8,611,624,3118138,19441399,0.24344244111662616,72.28923222334063
22,1963,1128,28970434,230704624,2.5922519853676205,227.90605147735553
9,801,1813,27782422,189569779,2.294630435740927,148.502104510809
6,1802,311,1049013,3452447,0.14628289311291898,67.50396212329105
9,1893,1053,10883818,26341062,0.9424728515968975,119.14848917977281
6,1712,528,2306314,12126703,0.19818211269509703,85.97697621959881
20,452,803,12638427,28809415,1.1417392644969278,101.25566203904506
8,869,1940,28065990,117599729,2.1160449625148194,165.69789446641968
6,1611,2022,23732224,68322721,2.3738707595671116,190.6791658575274
4,1988,609,2331871,15746507,0.12640879648268927,94.2769287904135
11,1806,573,4330171,37764948,0.37203540862711365,127.73638915878915
3,870,1617,6657199,22816798,0.4431755812827362,109.8563408533045
3,902,359,586257,5629194,0.06557230052547765,108.44035238013697
3,273,395,425030,3151909,0.06107564058469477,81.01979714712674
4,676,1532,8098162,52410466,0.6731824529545998,86.44324546727923
7,1399,615,3140200,31167834,0.27449068198088417,71.55685330398174
7,1979,1444,15393050,68230364,1.2389112868734267,123.69497211505679
8,1834,643,4084989,29669799,0.3651081902015051,68.87190151709531
16,536,2001,61184587,127120391,5.209647822678249,319.8934909106356
15,71,1290,23421250,102820948,2.215561617575665,178.57559817899516
8,295,1302,12273964,49184068,3.433623303435331,100.34518361781541
15,952,1616,38139226,118971517,3.070685650940295,228.92701614016153
11,1245,1757,33094862,155734523,2.6868183475585385,187.68983605979454
20,1527,1876,69789086,690143706,6.221696088002333,345.59944917989264
9,203,995,8141100,48666742,0.8203818473289375,108.86457918751768
16,538,34,36526,287059,0.11659096969519243,71.30107118250228
21,1896,1910,76642580,238802152,6.3466323298047165,356.81277839762225
21,728,775,12600735,97196183,1.4191499836274903,154.08789925541305
19,1748,2002,75701636,305488214,9.56302007960859,324.04779511702117
1,1310,974,1286664,11881708,0.10579908594309653,56.499602383314404
18,1555,904,15323714,78544772,1.6205351452763948,141.1365029454202
18,1794,117,445897,1467150,0.17754481338344072,65.10019549826116
4,432,597,1335499,7778612,0.11831522479007356,59.19020758791534
6,454,289,553445,5053975,0.08062935903295772,61.13170607256753
3,1811,614,1873938,8534358,0.14819592816444088,75.42266172405253
7,2007,1433,15221336,48567147,1.2008237085374445,125.98581746699116
13,1367,1479,28305112,72776867,2.4828324899024525,160.34472337535183
4,1511,1136,5603898,55823076,0.4532831402772135,65.15699577855099
5,924,516,1549558,3507165,0.1218064428739696,91.81744599863491
8,1501,1861,27070116,167386951,2.2735006749109195,140.9412963198664
19,1548,1682,53576756,133421883,4.551819530708698,238.54973209462494
18,1740,1908,65261242,176268499,5.61417837406668,331.9437051648148
15,1443,828,10813690,64489741,1.0130419244626592,152.65679974935665
17,1960,666,8420248,69290380,0.7743219763238771,106.22873254184266
21,1098,1319,36284381,342742386,4.008049016742064,251.29438010279912
18,1541,984,18004258,107275750,2.9369311242238316,136.0297688913082
21,375,1956,77312866,632097150,7.988202228752625,339.6827183759676
15,2015,1440,31968010,171108843,2.7665467595537554,230.99716696148857
1,1831,298,548926,4774705,0.05802620734448123,64.89034323975635
14,1617,631,6211574,54316358,0.4823275863098087,88.24023057816197
6,993,934,5304196,24542979,0.35089259454609917,111.65684661750214
21,580,516,5640406,30186811,0.5427064508588292,119.18494127962154
9,1324,1029,9852685,35131345,1.1926268796727866,85.32090029258917
12,846,228,769738,1321286,0.17571666106175157,57.81149149768171
1,790,1929,1545139,13063192,0.15075147767780525,91.23998884761198
13,1560,970,12826320,104762575,1.0949821397359296,145.30133716844475
10,499,861,7118758,65217529,0.52202465895169,112.60932644325516
6,447,464,1291322,11662179,0.12144939914512148,84.5330842786522
3,1371,1056,3691786,32610089,0.19251794466935915,92.90717286012044
24,1287,1921,87413194,672843038,7.362125015037111,441.54810262376594
21,1727,181,973428,6848073,0.29432779633499456,99.65366011713422
10,937,1145,12895000,71004433,1.0344770508166146,118.06815777886402
10,354,777,5724169,18996343,0.4750675531672055,72.55934260756112
19,1503,185,899480,7084550,0.21710047491542148,59.04304572465922
18,1197,702,9237628,23454599,0.7477730511911346,123.0648842113854
1,928,271,254479,1358217,0.021860284247904815,83.5118988407536
4,135,176,119162,1118202,0.048451465336409615,78.04054402861489
21,1847,438,4659454,20415242,0.4731588553440664,116.71262970621942
12,1127,1397,23072862,75892150,1.9082865264239643,124.16335003645767
15,1143,392,2609162,5687640,0.24742001772982478,91.25930308279212
20,1225,1294,33438264,121691793,3.493517711409278,245.71482869269377
3,484,478,694544,5711359,0.08270517965262937,60.662158377551656
17,1951,1315,30268680,51366859,2.7369756173801294,158.22315791834777
11,1109,640,4819210,24537332,0.3889860517836021,83.15174027925345
19,823,865,14205040,119775709,1.1901492219761374,159.0951826965219
19,1510,505,5367655,19237241,0.5219047563775581,69.08490621832468
13,1373,1933,47536346,370459071,3.767552932020559,258.74909078629787
15,1085,352,2125386,8562858,0.3271483833903482,89.09525144377339
12,1838,660,6019210,49948594,0.5952814781964386,92.33364785224349
21,1183,1133,27049252,133389201,2.537600591394646,213.3234500318179
22,204,1798,68313222,162441383,6.673975913664727,364.1637619695434
3,1928,159,359191,2199398,0.08365776900243428,91.34407902613893
11,142,436,1972038,10640862,0.21719929283961237,85.04833266001803
17,1579,1773,53143912,84241438,4.350744367874419,277.05092271133833
8,468,1044,8136946,71644985,0.6242104528933102,126.96712715682597
15,1234,1103,18421213,69815713,1.4152192658566094,154.92388088223737
16,325,271,1196746,2141228,0.18078080315529954,91.44369376482686
4,205,1811,10235782,25358646,0.7278135430389733,130.35082085245347
1,1701,1796,3074762,23363260,0.10639197198765087,78.39833756128323
17,482,1056,18379690,173558414,1.7336886663178361,134.36945981711833
8,393,882,5807980,14547426,0.49356637310507756,70.40368162590494
11,543,1532,24334298,50240824,2.285382691810957,175.61011115597785
10,522,1778,29415242,265762061,2.274687944607997,201.30526422852373
6,603,1783,16999132,120509695,1.2657595926616756,130.61371510092226
2,710,1527,3434233,21313279,0.22522501362002328,107.50676937381704
20,306,341,2323925,9265244,0.3661588878515641,82.43873191079665
16,1545,1832,53221442,308204410,4.562955312348859,262.8626535358489
20,146,1534,44979958,345286559,5.180557755932787,234.68115348507868
22,553,917,18195124,56779379,1.7072438495043916,133.18590418282352
4,865,1828,11631574,48914447,0.7196577022314691,87.38894490055772
19,800,1868,64358214,189602698,4.948406925348899,355.7435703219731
24,1785,33,85084,530427,0.18110169313850527,58.73448393716959
15,336,1530,33324940,85745494,3.902468501129682,194.65284387742156
4,126,558,1012222,4161374,0.13009976379928775,99.67037559211235
14,38,1906,47345050,195603779,4.0423887859662475,260.9050177458147
16,1345,1158,21702088,41596369,2.0634717662923503,135.56900728279393
10,541,1996,36975910,109309282,4.346758572434136,226.9003429929951
11,755,1788,33356938,55571054,2.9380131566935854,179.96334930107545
8,1486,1676,22183546,22373425,1.9245185337434731,158.1781030394089
24,1853,1366,45494640,350568397,3.697466350615317,219.08328832839194
3,1861,737,2467486,19867493,0.15734516771286086,101.35303147338354
19,790,2016,74807722,155164981,8.261298627054389,295.55544938139394
10,2032,2032,41330890,126266568,3.310886785317971,249.9587387358993
10,213,778,5628840,7683536,1.154508140937581,105.29633145311982
13,1334,926,11546304,98530171,2.691352240955567,133.89634079166495
7,1893,1723,21103314,92060419,1.8630080422586746,156.6134956458533
13,1572,1407,25999963,34032460,2.2879669697453027,173.30361536401807
15,1972,1463,32886787,273990676,2.6689240099424945,237.22111465687826
15,1483,383,2631220,8737295,0.3493602035740805,58.48640786404246
21,970,391,3449021,31410167,0.4371042429621961,77.79640546867984
4,548,400,704810,1121446,0.07212263995031878,92.13003195463398
22,322,122,355762,1132462,0.14085239655547713,77.55037952293273
6,1589,490,1986960,17848309,0.1291620303763282,55.84576140711666
12,1877,1647,32966362,135376354,2.305046544856727,176.75047990465427
22,777,216,1154530,11450648,0.24939143481468137,92.10062629981685
16,1138,1437,32647213,129748521,2.4282485488762857,203.53530677006466
12,603,1437,23612794,103685302,1.8819778480081104,202.3752801614549
20,1876,1782,63731458,309535724,5.649564925801727,315.3184225159419
22,2032,1186,31986430,257944891,3.704442443401378,242.8893014355728
12,1065,248,946130,8958667,0.21571955012879446,47.621841186528556
5,170,446,878184,7071580,0.14089547086951337,61.10555871603439
1,184,1026,200080,381907,0.04095514054284333,99.91008105270359
7,1054,860,5358670,46411908,0.41100167771240015,68.71072628518354
10,421,747,5351518,34407469,0.5816071245658124,109.29730992048638
15,1925,1955,57320610,234027120,6.918790943182309,302.4667786655223
22,127,253,1384426,10429329,0.5482786040697001,73.1748830623567
10,321,512,2533898,7389761,0.3460694110493185,112.01001747634137
3,1855,561,1677400,9644869,0.13936349855540772,102.38276929737381
14,1484,1928,51230826,181345902,5.074215189956598,328.7078533268519
16,997,1933,58024804,146692081,5.890344353304495,299.54006581206966
9,1143,1256,14079770,134643396,1.1440226133006555,109.62296201794551
9,1054,651,4088941,39585866,0.46240504511330427,127.13563654858076
12,1231,1392,23058490,52054255,2.390968191000527,191.6025436528822
16,1932,1196,23798018,158627497,3.078460564067381,205.33047148497337
6,969,359,998030,7904141,0.1537453711697559,49.14942560366943
7,877,353,1063246,2155570,0.21954383033868574,75.90055286442252
20,1517,1017,21224800,90083198,4.0329861071239925,119.55897520853244
13,1065,1675,35489910,180067025,3.155497565645418,181.5016806659802
10,883,754,5797516,23493279,0.6354933271695035,91.86731382825255
12,344,1373,21238947,103058781,4.855476744836529,131.94947346656593
1,386,435,172705,235287,0.06372629276809952,91.33448850322218
4,1158,1668,10301578,29913395,1.9649823907919912,98.81818427900127
9,377,417,1556254,12771568,0.2517439648018028,91.6172578889691
9,171,793,5181472,26123872,0.7431095119314813,90.77399697859283
3,791,471,822376,6063024,0.08797413219629359,73.34304879193688
13,317,129,243562,1986127,0.13416137930262423,84.21698155733087
10,618,929,8360081,50092675,0.7500621007946178,127.57628749223419
10,1852,52,121690,236797,0.18143054595785388,52.47064329493592
12,446,1745,34311945,209041598,3.287060039997524,196.35506230485117
10,1154,162,426394,3302271,0.12013197254297704,86.84604151743197
2,984,1666,4434902,7382856,0.30683663103704584,73.11348323795602
2,358,1516,2859186,8633179,0.16062577255157684,115.43071675207922
14,1467,1749,42374782,95330496,3.8093161753441973,283.5376091343119
18,77,626,6727632,63594220,0.6642874656399035,116.8366303136526
12,1668,226,943786,3576979,0.17669630426432617,75.03252389813034
3,1418,367,794565,3591942,0.0568946956473806,101.03784989002271
1,587,1706,1020198,1341602,0.05250698920027214,50.20799115668061
18,131,50,50460,184827,0.12977816907497933,57.57633427045894
14,1042,1657,37459809,115494462,3.221621086499048,236.2808815250873
11,1534,37,71235,652964,0.10200213752075998,97.67560161225153
16,731,305,1626270,10997696,0.23482462169316265,82.10913524350178
4,1315,1130,5332480,5792668,0.40270581715309445,77.76461785386901
15,470,68,98406,982574,0.11345466451925314,59.2196458755734
6,1284,1196,8706890,42002290,0.7313651955534018,80.91172745533596
12,390,1884,39820234,141928239,4.037534164108389,238.53788519588474
3,764,1840,8200890,52431635,0.7154369149759717,137.95032077151902
13,111,845,8681540,53103673,0.8771791997050028,115.898420080557
21,223,1762,62540438,185923600,5.998923084190718,304.7839529164568
14,1996,1498,32198022,222285932,2.5392264614747253,175.7981346039997
10,1307,1353,18270922,132077219,1.6633690115439053,176.9972293031087
11,293,346,1305814,2374662,0.23395330818813156,70.0240595839873
10,918,1657,26265117,96792950,6.216856676550026,171.47180179961282
17,693,1512,37666954,133182877,3.619771841484006,255.59055587186535
21,657,900,16819210,89197332,1.8087830801291913,163.12071272628262
1,1663,1147,1920088,3635084,0.13832511440664125,91.36674707607848
2,1432,1875,6223135,33673170,0.37234078844324564,79.18848115775992
19,968,1025,19933185,117789334,2.8300153575394007,157.10518074839914
9,466,1912,30173282,184945786,2.9997119040155114,226.52415830614402
8,1511,222,684436,3071355,0.2242946135850443,53.29195877409702
12,562,1437,23553877,228680507,4.1541466837391035,150.67750906192785
14,1244,2045,56959395,266964158,9.625905618216336,254.1035162499236
22,1066,1836,72804754,718212695,7.167931227491864,294.9419052591488
18,1152,739,10156087,76249722,0.8691553912107512,106.14531088415013
14,1265,470,3477540,22628735,0.3622446964924331,79.9091020410803
13,1762,1432,27163618,164240400,2.30960712930324,191.29807690132455
14,1566,1040,15714410,81935909,2.0107580850090803,159.5967951622217
16,1964,1707,47104675,266436101,4.080784221677258,263.8531599419951
22,1228,1283,36184459,76935493,4.400717178851179,180.64980221126777
8,943,838,5721036,37239603,0.5689819046382788,68.76119580162678
23,1256,768,13966090,65454067,1.3454095421234182,163.83830919479698
5,1894,819,4246525,23847929,0.3380020001593614,64.71169341056296
17,1297,733,9567126,55587158,0.7818825740871037,106.05210525621976
12,1283,1854,40229956,229034706,3.75070150740642,248.80326481384697
21,1352,1470,45251020,169267231,5.204035926814862,239.72133260576345
17,1925,973,17046970,51141459,1.7103233093514079,124.65625385662332
21,1400,1631,55537191,147501790,6.283616581310807,302.4024380691123
15,117,1616,36789866,64296477,4.494465389107036,196.84706324203086
4,1491,516,1575358,2952583,0.19882743074613032,89.13391773923175
7,884,288,757162,3817909,0.10233956986591908,71.94804591099755
22,1061,459,4925998,44607199,0.6045539293280444,97.49972794005625
5,1773,1578,12781810,47075248,1.0135146606361292,92.93645910713172
8,64,1503,15936319,85120416,1.4577876092155595,167.99764536386965
9,1853,1754,27895626,276438047,2.653863667050036,169.77183664416805
6,135,1261,8141026,14222423,0.8306491538423916,92.80268270356677
7,1844,1485,15994945,135409033,1.3664132906795807,123.68894557019883
16,1025,1620,41068630,104816125,3.9808718357811546,233.681022182997
17,2034,968,16987442,97680627,1.7178324318839997,108.52670485889365
14,1149,882,11147608,81629358,1.0813479753228803,127.6686510877311
3,1154,639,1562365,5454335,0.14200480789959624,78.23456639639639
1,38,1752,85858,671463,0.03960246472445469,84.6494491841731
23,1025,1706,65834550,427174086,7.098791191340646,357.7127117936943
18,584,1150,23186310,152469581,2.2229907228180736,159.3088557187277
6,785,963,5408218,14788917,0.49450783800205295,102.91707074052303
11,1347,401,2156588,4782937,0.269726620231037,78.62145221433863
12,517,1718,33392776,139406158,3.4644590216565394,225.90040287748556
13,928,1392,24575770,149271345,2.716378035818348,181.57497183919725
3,421,1781,7116886,21382101,0.5300962813756724,81.00184366364482
15,1937,51,136486,908864,0.27356719224150355,49.305948900453295
7,1033,419,1493326,7354004,0.25534145765509525,65.52408012347607
19,1728,1025,20712185,199962970,3.042839718872372,142.32670097403928
8,1477,1588,20026278,82919505,1.8719149294654231,162.39084341851165
12,1068,1930,43077610,324313369,4.157088563066933,207.67566386901555
9,169,468,1840186,1986643,0.2831750640104775,90.11519004483401
18,793,1678,49244276,175035096,5.2761132410726495,248.76816046953329
14,294,1205,19259525,166418274,2.134751586255904,139.9890372296445
3,1912,1637,8510773,70622248,0.6487054124968581,112.85238717697983
22,338,199,905261,7434180,0.35131007807790976,95.94347125376528
9,854,1472,18619338,147034478,1.892528880103343,151.57256304660717
8,874,1405,15071445,27179900,2.0342628059293495,105.94572308045474
6,1489,297,888040,4151893,0.13320191425273856,73.17980667861477
8,761,64,78538,342126,0.08394309966683584,58.00873223668138
12,600,1427,23287223,210211995,2.216973104703633,143.46044593041427
21,969,1069,23924230,84603106,3.0364173333029942,150.45634179730405
15,1796,1408,30318474,205351370,2.75457905177121,207.3645271107521
12,374,300,1108810,1970625,0.18260898412902463,86.50103944398813
18,1653,1094,22185236,38284948,2.0454888644487026,193.74703171282468
11,1276,198,648856,1106094,0.17051143242770966,80.87334560328908
12,468,892,9189394,38297763,0.75111224463019,111.18967927463666
14,614,909,11321605,68082942,1.0232385623875508,125.30460261123677
19,761,1563,45208222,97985016,3.938415286592575,214.15138778377778
17,790,840,11975890,98637234,1.181210569978217,120.77046694982837
22,865,1240,33401890,303869990,2.7698200632376655,165.32556237977076
15,1742,1103,18981537,64234691,1.7745656888851773,142.49948473184466
2,819,1853,4973462,10589535,0.33151184162790803,95.73223558356445
22,575,398,3568080,33166565,0.53710246280282,70.07178974826155
8,1275,1534,18455564,20270008,1.896200203578337,158.6611552139392
5,886,1994,17700748,40913123,1.652017672155703,136.52336994282743
23,563,1997,88926420,330391921,10.734436198502161,443.6882065259444
22,850,1123,27474205,138313153,5.190533603648032,169.12501525323896
22,1205,1761,67301908,368033582,5.804588864766504,297.1139528191792
23,1461,400,4117610,20018539,0.45821911239383034,75.48633870072736
22,1324,442,4702006,23229651,0.5808061769776336,100.08946968064781
21,867,927,18019036,166247242,1.7934378724340259,156.96026736906913
3,1389,533,1315454,12524882,0.11779383875345108,98.64547610128072
15,461,462,3212758,22322218,0.355445318151922,84.08465505158202
5,1795,1631,13592764,24182839,1.0824720553456895,109.27229211557561
8,1450,510,2569390,20463735,0.20808797527821263,101.97437143060637
24,1475,506,6652392,43406569,0.7260239373786593,90.34467154739495
10,1666,1683,28329949,137493308,1.9267297130421355,191.12748151082283
8,1805,1187,12026694,120143532,0.8231529537413974,121.92903667550935
1,968,1286,1259004,12297605,0.053017828713242,69.10347214639866
18,299,1456,36515034,257400121,3.4664528362627545,248.02950202537008
5,205,953,3842506,14484829,0.35091891247307133,78.8008053288464
11,747,941,9577508,86128325,0.6902907904024478,103.83531327923646
2,1668,1691,5700371,18438643,0.31729745245751595,96.98095198315237
19,1129,63,144406,199087,0.17186872002574488,71.96558552643825
24,976,1407,46953007,132913043,4.478738498795153,245.25555500107637
22,301,852,15527710,151065231,1.533840118599879,144.8404281509316
17,1623,39,88696,798729,0.15354591243461574,60.33443317843274
18,522,1713,50826433,212830116,5.3427566298533895,252.80442298062286
15,481,1418,28867654,278128207,2.7270652442841063,182.38835761516157
18,79,1222,25516592,109367758,2.315190608976127,137.80115171990434
17,1870,1256,27623218,89069784,2.4612913593829138,209.83288786457547
24,1912,447,5465479,33597117,0.6911647439901715,88.33183425453336
14,830,975,13190785,85335313,1.398662615466834,110.78775950910719
7,188,616,2403026,4958858,0.2194508801609361,66.04477584105837
3,340,1151,3055915,3894084,0.18617946382954906,95.0396895989745
14,1362,1921,50635649,422922127,4.768618930205527,295.81466663151406
15,866,429,2958823,6557989,0.30876489519315453,77.0803315331312
6,1371,1988,22518086,154799602,3.279580769649668,165.09742748776029
10,1094,354,1522210,11852951,0.292992513852981,84.46714528117442
14,336,1318,23057102,143597162,2.24054015815419,147.64912495869436
23,452,1007,22797483,56093681,3.5235521957614506,165.4768498182842
13,579,350,1680710,12099456,0.27338081056685687,82.96969196897733
4,798,1427,7267721,32158626,0.4790071264332008,105.72116677022017
8,768,1143,10043551,95666556,0.7487959571665416,141.50095959525706
7,721,1345,11846770,16371713,0.9829752944022123,145.9411516536282
20,326,1034,20682078,104936385,3.0080218304519866,125.68185276304962
20,51,334,2146628,8968665,0.33368196153334523,99.35805454533227
8,34,1046,7713214,21413454,0.72066932284236,134.94072770807935
12,1799,278,1356372,7879269,0.21331839324579221,70.62322001946919
15,475,1755,43997860,104964072,4.405125764850411,244.062712732458
6,846,609,2379373,10274211,0.16054660258574813,60.348596187067706
22,1726,646,9899314,24042575,1.1471366662131708,104.69822446723673
21,686,72,155314,557313,0.1630705252702143,92.63291039814558
3,919,1465,5657840,56091051,0.410876623380911,128.41672369178585
5,746,1720,13142530,79731397,1.0941071273399696,99.98716834077992
8,707,444,1701862,2287362,0.22659677581061624,71.89697985625317
24,1150,1560,57819850,444236888,5.653598589460396,297.3840410834635
11,1353,335,1582550,15401030,0.2487848254470711,101.73842658581817
14,977,428,2809830,10586743,0.2753177285237376,91.69511766454609
10,1150,1123,12664081,94457018,0.9398282484058442,118.15955674058016
17,1904,1577,42836061,276518486,3.8216168248452522,246.61558048107744
2,1687,1159,3312432,9622717,0.17032399895163908,59.520495436591524
7,1503,1999,27014496,261555230,2.9540065874044763,159.17806490881196
21,419,1554,48997630,270704867,4.024291917555579,225.76706397497503
7,75,757,3507948,34700092,0.5969842282732261,108.0502425640768
2,1946,1393,4667953,40596110,0.31421802792438364,85.09409637434187
23,162,512,5867018,56030592,0.7189422650784453,86.11131646087652
12,899,318,1405252,6887515,0.15715540421043944,64.6055805050995
4,1013,238,414368,2263912,0.0707510727556908,80.68683970872877
3,102,305,221135,567406,0.062220774637416154,86.17155170301986
15,1700,1187,21773151,96410306,1.9973940097335616,162.5745081421257
21,1035,1133,26881568,197988879,2.872979807975302,198.48017293492745
9,1727,597,3893644,19386801,0.3488795606027328,59.70417144492201
16,1962,1041,18324733,182829565,2.3192289485426243,144.24514882908218
1,1809,1105,2011110,8070390,0.14390308033699462,66.65346112564796
8,429,611,2886374,23946602,0.2810340328801793,118.80435220893166
16,529,1381,29373880,136874871,2.509579965135143,176.9167788408704
14,434,1877,46660353,431495136,3.8983352035804844,265.59090871467794
6,1483,733,3785222,12479849,0.22552839766949445,78.21976110859663
12,1058,1697,33510669,206558525,2.836147161166156,238.24276216017643
7,238,921,5324311,13884167,0.471361758716726,101.816003697769
21,1564,1021,22477325,170191331,3.990879721381802,176.2798709069347
18,1910,1538,43193202,76189444,3.631745915865597,235.85478692800604
9,754,1949,31895395,274342198,2.893509453909646,204.63529558036055
16,1691,1179,22874968,194996422,1.9728034782665709,161.73181492979222
10,162,482,2178650,6135194,0.25855252585453176,101.3183702632808
6,1134,1638,15298930,40779316,1.1635589467155685,147.00106265597702
4,676,1822,11216242,61954216,1.0382827186867452,113.0818526913757
10,537,259,748002,1629795,0.1634654544351851,96.68770285250201
15,1205,1292,24958866,62551977,2.15853614728073,222.18930252865567
23,206,676,10215046,71452930,0.9116561225599183,97.93981645982184
16,1410,1075,18878085,79691088,1.8003887881117029,124.14911409798594
4,1654,1480,9039850,75803235,0.78835286425427,109.11211934553614
10,1942,1273,17082397,113403925,1.4338259437577972,134.06343335045264
7,565,1044,7147234,50005805,0.5911993513471728,115.01982483667474
8,294,1855,24665945,207804044,2.1114760231388363,133.57286593262006
20,645,676,9138854,62111283,0.8782038309633791,82.55862011806752
22,239,389,3283170,11483626,0.4505721870696366,67.7293122168753
21,1636,1692,60077854,316155096,5.370012709624443,264.6789312916981
14,2030,125,459885,4263077,0.128543292731468,100.97195199406114
18,649,1216,25960394,107341940,2.258967158428523,204.0048173980202
21,295,514,5451494,21628066,0.648372471985441,99.51490304570511
17,964,1480,36513090,101968892,2.8782486606869044,203.58973232574303
21,1983,297,2362348,11774985,0.4769379172059715,105.57585145188995
10,1975,1380,19892710,137569745,2.1179522177938854,171.81149537883675
19,451,123,331372,1441645,0.17966199299595603,89.47985853569365
14,779,1020,14344270,48577266,1.5663614057422997,136.19038070661801
4,172,1525,7260535,52436492,0.6054565355396708,113.78086321318213
7,1294,217,567031,4673286,0.13721609306905405,82.9022276717044
24,1525,1258,38360204,131492999,3.3108000925422383,244.22623424858784
10,340,89,103339,362407,0.09628487157788106,77.83733909828196
19,1429,773,11882566,33296487,1.306245349986574,136.58315660008773
21,458,923,17489937,24360082,1.6064626001311826,131.5167045440808
7,210,369,900739,7838700,0.17203007138470439,56.8672972878538
24,1832,1339,43735767,430672533,3.9811144182933615,223.43954048536892
22,2016,989,22566023,40608873,2.4448059442495493,130.0991552489558
19,581,903,15228202,39479380,4.315946645514427,120.18655424496865
19,828,1127,23828171,177754433,2.2631153966540296,141.1966400214244
4,821,272,449082,4463057,0.08494534368140325,90.17908501736774
4,537,1534,7904712,51552725,0.7272364230334771,116.47077283930767
8,33,498,1761436,12158029,0.27434242624978805,80.73219816255582
17,1007,1062,19143622,69879758,1.8551463920780615,135.59811965064043
1,280,1931,561931,4688455,0.06706985799963652,97.63240436401493
14,648,702,6878206,10391730,0.5094807607712954,106.49475608156251
1,968,1511,1479279,12512354,0.0812368561031246,78.66274935889669
7,1372,1490,15390220,26681125,1.236448207194668,116.52619011395991
13,464,1165,16854065,166743096,1.4734543286081723,125.8240109803503
8,432,841,5329427,34893797,0.4001045953147241,122.17415555619277
6,893,1815,18120970,99460816,1.38909244370449,173.56945501984765
13,1684,175,666235,5098612,0.20424102955637058,106.4996344450883
24,135,1752,70894690,599198011,7.02431593521117,346.71174581275255
2,74,1734,3155890,22593076,0.42530431029922877,81.14258841361807
21,692,973,19638069,26440189,1.8182999241374673,142.07783646636918
5,1423,1418,10081990,14839813,0.8027687123723515,110.58799403785487
12,1878,586,4890766,10656416,0.4312096617569936,116.52230091341562
18,807,1276,28744462,284590399,3.1613432590057204,203.15495231689096
20,1345,1037,21857896,182444407,7.155681198339249,135.17123444275953
14,1454,762,8674618,83313827,2.249595154590776,129.9448051060365
14,796,982,13341462,45439907,1.8430337803313703,152.3658913243455
13,1592,788,8723958,45399730,1.1022920663013747,85.35656142761123
11,326,298,991456,5044635,0.3926745898140037,80.444935988905
9,1058,223,638013,3627728,0.124260931400643,76.87063990131087
3,964,1334,4862440,34408486,0.33609729814321726,112.1211862027758
18,1009,268,1498934,11570804,0.27416517967479936,66.99117805862927
11,109,95,102610,695467,0.1187258031641997,80.82124718792622
14,440,1218,19850974,79113842,2.4923652895441655,150.99688566983616
6,1481,1490,13331040,96062971,1.3819180656696382,130.77422233017367
3,508,1633,6184181,37529713,0.5065579493489462,96.24406365100951
1,185,1285,251870,1066986,0.057888307555798706,90.63236654556547
3,1396,1592,7312066,60899276,0.6238609192884043,95.84435641459942
17,1662,1905,61281955,592394773,6.922500259401898,290.19291140417783
7,1017,188,406466,870912,0.2609829123788343,56.53411562550243
11,715,1335,18804820,141770296,1.9480705146405362,165.7154404826309
8,1787,201,645622,4164106,0.16268393260031722,69.29039165007316
1,781,615,487090,3991188,0.04954323585612918,84.34904420064147
20,1019,761,11801598,101100511,1.4371842780158277,117.82177439556527
7,652,1310,11173000,35372054,0.9993092209623824,95.93854772643397
22,275,1529,49564074,403763721,4.827348770034284,241.39848815723144
5,764,1553,10857033,60384498,0.9885729975791668,99.32671148438489
16,1156,241,1156087,8836810,0.31013320852687465,72.35617843029098
17,2032,1014,18538972,22659509,2.481446449156711,118.02859875079398
24,1852,711,12967939,31716821,2.0363337983979797,93.78680951367586
14,447,888,10669330,17850069,1.168060977113998,92.78618302194006
10,237,582,3198100,15176441,0.31588807016863574,77.6596444919207
19,1959,63,196696,1504367,0.2013178779812788,55.37610144938541
17,232,517,4410537,11473560,0.8273574945234735,73.54897505917542
4,1607,968,4380210,42747881,0.32228436578567066,103.57289415704935
3,111,1593,5272840,28717991,0.3708049374135957,106.71221879028653
6,270,1510,11832370,87965140,1.0129289772140981,157.38269369959707
15,100,293,1238521,5083055,0.2759002658647714,94.44462065137229
24,1585,54,154504,894000,0.195898187115074,82.93180809143821
21,611,1792,65375754,185324645,5.755189600264897,379.5379318579718
11,501,763,6219986,32448681,0.5428119114562511,96.55627422045086
18,743,639,7434136,72894527,0.6870940131553579,110.36214788584736
24,874,1817,77584093,743901638,7.1396175444667955,411.2522250469681
18,472,1728,51625738,82755527,4.480305839517755,262.7879525867182
18,631,180,669430,3692607,0.19935136995469235,108.85399770725155
12,1160,2008,46726170,300577607,4.892073254988685,307.25162501263935
9,1926,849,7417723,63938189,0.5236933814647751,75.7331300382182
5,1045,488,1469866,2974228,0.14895456096578272,64.68980471206879
14,2029,904,12479730,116129238,1.2685158953282083,124.48930122092158
10,947,567,3441700,18819005,0.40107768637677066,62.731603270180166
17,1114,560,5656570,34116378,0.56216652477025,97.31107968825258
16,965,1843,52776158,322749578,4.578611941161999,252.73897667604933
20,256,1392,37213738,118300443,3.508498939099839,191.70791787088325
23,1855,124,572394,847968,0.1881762709369686,62.76470530771195
8,58,207,315685,751580,0.10948803841553141,58.62224935605829
14,1657,1604,36142942,191737604,3.060753392121739,222.00055539907927
11,1053,840,7958170,21336430,0.7575858086224935,99.31695390345705
15,729,1754,44393750,437009990,3.9516541584393594,235.2838871761345
18,1982,1330,32744610,131603018,3.194494121152694,237.11671591369625
1,454,1912,889090,3808494,0.06759570473335151,76.13137883325074
1,1567,652,1028866,7641331,0.04999605135624291,71.01417201477719
21,1640,1768,65470818,317589589,5.041054956685468,313.91301735202325
20,1743,887,16521272,59306046,1.333608093897006,117.79454728704135
12,300,1465,24080215,220116888,2.105683736282016,207.7792125419559
6,443,159,199396,223996,0.08275210531250198,88.27183500822605
21,1199,1234,31972950,255893831,3.339351354297148,209.13626546247283
24,1478,1245,37533025,282449082,4.346853211096584,227.7348974352689
4,1888,1969,15375931,62545004,3.1481491608593157,125.38185800657628
1,1045,859,907114,4327490,0.05214183521171219,82.22846216665513
7,1786,1791,22475269,135962101,2.6415451487479586,128.45799095639464
14,1562,417,2921929,3673516,0.5126704340572057,87.7698907594155
12,1660,795,8289475,46001643,0.6235115737560913,91.18359504785538
12,527,465,2633770,12081811,0.270337083990431,83.67810314348289
12,909,1308,20037262,189489161,1.9022973918239234,169.87430364419774
16,222,1667,42096761,101229980,3.3274205601319684,205.1932172874221
18,1247,530,5451060,7180051,0.6769478628373594,98.80194026026791
14,306,1224,19880218,45371395,1.852857357178042,186.1440488432965
4,861,1774,10993488,12695166,0.8339806014230883,132.25078850931448
13,1734,470,3476600,13970891,0.3439009008202846,115.34083263632763
4,218,1106,3926310,16972686,0.28165791494576836,72.95093015571601
11,178,1496,22677874,44523161,2.0752986309078385,178.79099066266204
20,2040,94,362474,1184254,0.18578863563695489,60.50661629304281
10,2024,2029,41198855,193118093,6.345448405494245,284.12929093536434
5,691,1711,12918060,50852719,1.203617354288741,153.3878214688048
12,1361,1337,21512340,102973723,1.8151664005951482,150.33632368664848
23,1246,136,580866,5653210,0.2874950953144395,86.47678750411816
4,840,443,967079,7208231,0.09115795629876881,75.32250551919431
6,862,1974,21216562,170232899,2.2760169064955162,183.4047142163964
20,786,367,2858573,5947286,0.33595382905977356,73.35749180580689
2,85,1926,3896308,17877767,0.25665178307217484,104.40499412490458
1,1146,1333,1542291,8295418,0.08297005218566945,93.89127712631922
20,1926,691,10423745,76533231,0.902961466689983,135.01191653314845
20,1443,1407,39685852,163024800,2.8289435235134754,241.49344317784005
18,105,959,15762134,53050749,1.3180184971391067,150.91250071186772
7,1549,1285,11919670,64990347,0.991640319809503,135.69975980380525
9,769,1033,9350726,26514525,1.0568334117980054,118.76469945407923
8,1925,1435,17202790,35276268,1.4680560683292612,148.112845073319
5,1131,159,283348,2534177,0.11410544098459645,86.0206636626334
7,1367,1606,17698130,76640689,1.3231036516747592,118.8011374397068
23,1206,998,23148620,204359444,2.515313562032005,179.63943864967675
8,1494,884,6806810,17786991,0.45365203869478066,104.49509839729681
21,414,1513,46456675,74031666,5.258076814426262,275.54820933409763
9,1369,1991,34476166,144049574,2.6173799833556206,191.0155629415014
16,992,428,3183474,14431348,0.23825915851280535,95.30652093434655
23,819,91,259724,895855,0.14638068607804536,63.26192243797949
16,2031,116,440462,3398258,0.1546956624317713,72.72043908178779
14,1882,1143,19162405,21940694,1.5853802024090962,140.9876714066879
3,1786,174,373588,2538502,0.07967106200206804,61.1871354036704
19,1846,1778,60236872,163111870,5.700777834634222,262.94097379941576
9,1800,1612,23720590,44116316,2.090088290971293,140.5937206624072
1,1400,1492,2105222,15239251,0.1323203316465524,58.03520747555177
9,1662,793,6363835,63560710,0.4460944120029455,68.4537129438409
6,217,167,178366,626310,0.08150435500188129,61.97231399539196
12,1363,1281,19824766,128508141,1.837736685827316,150.22957095729612
6,784,1769,17062015,49502240,1.3862443199311352,133.7952101039149
10,925,483,2556046,16530208,0.22929061587040092,108.32959954480022
8,2001,261,1003816,2095929,0.1407801244032535,84.30105115305176
20,1155,1576,49059314,226846384,4.376546214715796,293.63790733351664
24,1670,1603,61832529,543554564,5.491337387273915,311.3419900272627
5,1801,1353,9779494,23924329,0.7086461286426695,119.78994408678832
5,868,1141,6215037,45530666,0.3956389172556674,88.06571795496127
12,1050,151,412693,520129,0.12758948490855257,102.94145525658163
24,1150,1834,79533254,618269516,6.786118939062618,330.47120339954097
12,1697,495,3546190,4867161,0.3680227798695407,77.73988480506426
10,69,1890,32317120,183734631,2.529591933326608,220.0162335692014
6,591,1376,10302122,35580164,0.9666775361984189,114.62153161875872
24,335,1399,45531864,316729704,3.4469670771178054,259.8814933193062
7,1037,536,2288730,3714163,0.14694570674816837,65.09545378844582
4,1409,123,220426,1973269,0.05534887840953653,102.38355594845312
23,1261,1805,74012230,497612799,6.924002184446329,403.99914419505166
10,611,525,2811910,8144953,0.22439958653140707,84.52847923452624
2,1873,748,1969494,17035221,0.08025159202043151,65.4607755752746
21,1107,1412,41481746,279759946,3.2880641802926975,287.841550827038
9,1178,1144,11839266,97973141,0.9355697109856806,104.84311119027777
24,1283,1847,80894916,124577183,7.4455699080175775,416.44517505534833
13,291,1311,21036316,92303616,1.8095033453587195,177.88830281782538
15,127,1172,19408330,49035341,1.9846658184770047,172.33470541864006
16,717,1319,27076442,262256785,2.5401172816159105,191.9252067133201
19,1093,688,9292138,64422159,1.0714270997130948,115.44414044118766
2,121,1006,1145844,5340486,0.06243138102790911,80.39712226722118
19,1099,842,13711138,20513939,1.126271289602973,167.12874388700507
13,1742,1674,36581932,232562339,3.1550524531090676,193.70369670505713
19,1334,628,7954886,42997579,0.9224277164106183,112.33067751343712
22,1967,576,8118730,45744983,0.6561648110157597,93.27557321384911
22,309,1250,33238760,124326775,3.3136644484049995,180.02631857632298
24,1464,73,231931,905208,0.19453347785844521,82.00822263633523
23,517,1590,56492710,66976917,4.235871554857497,244.038162058624
12,186,51,39229,106431,0.09033175736701157,57.98538327115096
1,382,774,304192,1829751,0.030744252330662046,83.80080690413874
4,1720,470,1477690,5016120,0.11715838236693626,66.77332566733116
24,1307,1940,89164350,391332674,8.69054792974558,450.45907581284575
19,1990,886,15918772,111804345,2.641739850893382,121.122606551243
9,403,1948,31179698,257665247,5.989195432279799,207.88854066440518
12,1421,1086,14540464,77280034,1.4615641594410331,134.59374411908706
17,1282,344,2343682,2560706,0.2867510681735617,77.95696244794175
4,1389,1075,4975110,21803246,0.301284517080606,93.04379999123164
14,683,1932,49890046,50802288,5.336354548328467,283.7708027608302
15,1594,1971,57578833,151461775,4.228787904238735,278.95704656303883
17,992,676,8000470,45531733,0.8198271626255036,90.26210458518041
20,1675,2001,79487734,272483091,7.931350788780535,381.6538019731662
6,223,642,2214268,5352596,0.20661253681609634,58.843325131144624
7,1781,373,1505438,2410746,0.1881925512016095,88.74889650008122
17,1364,1008,17659162,54871650,1.915167862200901,138.18627885078652
6,1643,1697,17214378,75744983,1.8311626675163686,178.37839733195503
3,1735,1630,8163050,25039592,0.5758258667988041,103.23979982097339
13,272,398,2018268,6854872,0.5769409846118858,87.48173127597865
23,832,1509,51401077,483919345,6.258472568376695,278.90002140371297
8,1194,1134,10376110,31008254,3.3127918503595533,124.72764299310727
20,1922,1357,37636405,214851265,4.242655115705676,260.2268580815511
14,721,249,991528,5405076,0.41961239688930135,64.85734635210387
16,228,1892,54175538,180358317,5.726956035515893,314.50487366459123
15,449,1842,48374614,193590545,4.006207581362968,240.0686874492153
8,1883,49,109966,1021019,0.09725550950413209,78.38632824919065
12,645,1499,25716854,124444828,2.0871963517144767,212.10791832078695
15,1762,94,291692,2366649,0.15822379232236153,107.5387069460313
16,613,396,2605294,7814547,0.36930456757803753,84.27358947148126
15,1710,800,10348010,64004142,1.127037248413011,121.36421419318302
3,1401,1100,3975410,25307211,0.28986773737676796,76.79129642069377
10,1714,1201,15064153,66343656,1.2332313890509916,115.68889764371504
17,810,1556,40040558,313270735,3.892433546149105,206.047114963333
12,809,1225,17524860,50052251,1.6169159912750533,171.95280593970097
14,1497,1340,25380950,173493428,3.0128104956634374,181.79908216166507
24,1943,399,4450456,42742452,0.711854640411366,91.17897516048872
3,340,315,309655,1754156,0.061762801321889396,75.12622718356785
11,804,1598,26854400,177328573,3.1397915822157794,153.01458905535372
13,555,404,2192114,7537917,0.3864515813878023,103.01844922759757
19,104,1020,18862870,135938618,2.6591949639260615,119.15445997767135
20,796,1797,62839303,203531913,6.675574601793868,292.7922676870382
7,342,952,5779602,48762706,0.5296882776049692,83.38093204854098
13,1227,1343,23322548,64904451,2.1172897684155614,164.75289894689564
19,43,402,2937826,5264398,0.3938125659090245,70.94876266101897
14,1257,290,1464800,12658455,0.25289432555362534,68.12888340487025
4,358,810,2269630,16135215,0.1506233295975997,71.93940823685351
1,1799,851,1540320,7429822,0.06212404947896956,70.21799624104635
17,915,2040,68507290,569033663,8.427126673161222,318.56780895294725
5,1262,848,3959322,4667757,0.5195213645921488,101.59449705338807
8,1301,1792,24842506,124595956,2.180442713017353,153.71085294557082
18,1679,432,3910042,27075108,0.4369536976840324,106.1066173338783
22,579,660,9550870,11903784,1.1831081682706104,124.87883345695842
10,908,825,6891235,38242007,0.7364789706321319,125.4009899230403
19,1782,472,4864914,18911731,0.5662726656404465,111.15499705590128
9,97,931,7042094,18673481,0.715749628615267,88.87173198387946
21,1623,478,5360302,49350962,0.6938106118440814,82.8694002933834
7,391,57,42760,380666,0.07985647750132764,74.98941766477492
1,2046,559,1149873,4220848,0.07683865074810707,63.03124421720267
8,1973,1157,11674140,53665416,0.8418461425610391,137.04868709225138
5,355,500,1185010,6513241,0.14470402901196971,109.68522366896295
14,1870,1986,55036042,287930696,5.942264400513433,263.7289300610945
24,157,2029,95074892,281503201,14.356202561798053,407.32353202188875
2,349,1271,2074282,9679113,0.2294923803668303,92.3321465407949
16,1697,1196,23516958,41761089,2.568667976948844,177.00703417289563
23,1729,1310,40062430,333587490,3.9012535168279627,237.943018818054
3,1354,1583,7175749,23128854,0.6473994310183289,101.70153213633459
13,1738,1644,35327926,339241873,2.765486662900518,205.85414962185612
23,850,909,18980839,174488538,1.783990682627464,125.81641116284268
9,473,276,745210,6720420,0.1661664167055778,63.6002284434163
10,477,333,1163512,6444928,0.20579334959315937,56.48379276000887
15,927,1896,52132426,239001123,4.520855737727897,251.23262937004247
16,1162,2015,63297205,116668537,10.238485427085411,346.650650414479
8,1470,134,325094,1456119,0.11709270133918664,85.72387469853162
11,607,1548,24935194,197823834,2.324225524586457,134.38320677227549
10,1706,824,7533018,71771328,0.7721324236765332,101.8573170136847
11,447,1260,16465690,20597498,1.3499038545202213,141.43378882499286
17,1232,1422,34143652,288339214,3.4809697765536143,192.70310151753935
24,1446,1907,86465297,845673868,8.999532448142945,452.019114488388
5,1806,2035,20270645,39030204,2.7541080556295148,159.09934405852056
15,1166,397,2679363,13158510,0.39999818994980846,80.58931399322563
19,1063,1824,61877386,148071937,4.939174141093672,288.70593692660583
16,386,1677,42875869,315660477,4.7941017953122165,236.79666827962157
20,312,1359,35555527,283924943,4.96944657341185,214.77047491881686
17,588,1497,36776809,120405253,5.8136242319393014,244.97524031870358
15,1446,1813,48684499,223193893,4.121657236488327,227.86918445099707
10,1798,726,6063562,40469718,0.4780396298376366,106.2304853024486
11,1824,939,10549675,43212806,0.9875663443254509,146.15707072162277
11,1809,1479,24580990,77169034,2.0581675791604503,147.18782625922586
22,1975,1906,80114908,277127885,6.841748457478686,365.4255569651735
15,1530,2003,59282801,437164846,6.53612083317687,283.77682980678105
12,878,1989,45307441,182466865,12.177036591148267,225.69032292028288
6,1641,1551,14598022,56697368,1.7546161519658576,124.86161461884046
10,1976,172,609578,3860485,0.316669584634634,75.2442672572055
21,693,1448,42982442,288301290,5.430641317950389,262.74670841236133
8,1489,367,1495902,7565867,0.1735887278713666,65.94628386904891
10,571,1352,17250178,45293161,2.0961084162806825,172.07174820153395
19,857,1948,70030610,194210158,8.237398241190228,355.3350740845217
14,736,1900,48374010,87727522,5.38648630464574,264.2930379516258
24,1635,1070,28118540,189405629,4.015371426385538,158.871150230263
12,998,308,1357674,11142646,0.29043749798193785,85.46791296350679
22,72,371,2929055,14957953,0.6878664344168937,69.35586608138608
17,1099,1075,19700460,98828948,3.063897221568853,161.79475673883428
13,1366,1927,47236561,182882664,4.163480930018019,267.9256230555203
1,367,588,222274,1568096,0.04683774546900397,83.98728762237165
5,49,484,968010,6204675,0.09979815585107576,89.452348370513
1,1561,600,943210,6656035,0.046265050113738854,83.5208061498565
24,1700,1356,44642242,272708071,6.0374216941261984,252.841962077108
14,1700,1680,39587530,258404010,3.497049285982734,265.0202360786568
23,1547,826,16315162,106168574,2.7699535870377368,128.45147208642464
9,1333,1130,11742970,114056332,0.9162069823101631,121.98550303837126
12,647,588,4196566,31195569,0.4513799852674725,83.1063015017642
12,1831,406,2565524,4588641,0.2554524593050739,71.81165815945985
14,1371,1839,46530388,367504872,3.9910122744619807,248.64694798516697
16,1046,332,2009274,15590620,0.2785668943369598,84.07760316923563
4,531,1033,3764262,15745130,0.267941759144838,105.50688760527309
15,195,1273,22967476,186662468,2.3294440661979365,187.4957123791302
14,1568,49,109231,454368,0.11261786610195113,64.81476258692278
6,1810,884,5521474,36055658,0.3855680126348178,98.33903475664792
1,163,1914,333046,1482223,0.05239868571663084,55.791543478390274
10,231,534,2700448,6743144,0.3135218029141293,70.6443131113697
24,832,1684,66683042,541449337,7.397160873689697,344.95388938206247
6,622,1006,5702018,12749622,0.4428227788457498,94.98609987205143
4,2019,1075,5652360,41366284,0.4149886795218987,89.43338121484098
15,578,542,4439532,30487986,0.5661976607749291,109.00447292521932
18,504,474,4071670,18653671,0.43160816259912266,114.97947500689664
4,947,991,3898604,10105173,0.2599572002142144,70.07799332379604
23,472,1064,25443442,45361082,3.3607200390903094,157.19179187817954
3,623,1224,3774826,23303983,0.27804101671891485,79.06030069072473
19,1880,1494,43028704,383428061,3.546259806899387,264.98083597094114
4,169,984,3084850,24341587,0.22827650850353992,79.7255591588356
16,1604,341,2300055,20006624,0.352506988525556,68.31840769762252
20,1346,2038,81719734,267589192,13.738421492461567,415.931772022694
24,1129,678,11361256,101884386,1.569946138645374,86.21672967775204
22,936,1992,85257610,424987971,9.133194557210809,450.5894185018458
12,787,209,649582,5618471,0.17857451632990262,55.25510677054227
16,1717,716,8937838,76704497,0.770887794409447,145.83814877538975
17,217,1083,19030486,179437316,2.0451138446585393,184.06247211295263
14,299,1804,42890110,217612753,3.824837153246512,236.60856715136634
9,961,931,7846478,32992884,0.7337709935290739,102.89834034111517
20,614,1099,23655985,140114842,2.188956673470341,133.58744288275528
7,1532,505,2312405,13683886,0.2225954032325727,62.26996400388661
1,535,1614,881254,7872628,0.06073673224059854,52.200813257803574
24,361,205,1047560,7710205,0.3378591787146364,55.83074914481587
23,2009,831,16889254,35155952,1.7722890494489258,129.08293078908196
14,783,1681,38091470,72378063,3.193149384788829,195.3906823403113
1,1202,1729,2097287,6480474,0.10551081934799704,67.63925218029232
6,1835,1549,14864214,120638398,1.4760640890980945,139.63588373053196
10,116,1329,16076923,65067909,2.0723893733389036,116.20935658331373
22,1432,1293,37001791,283312835,3.4121107628725853,260.0729635270381
17,516,863,12384923,16938607,1.1162413690544377,121.24778132163675
13,1848,1523,30683891,291128080,3.112193165564729,205.8766588534848
24,1624,597,9187243,25926786,1.7279396057833476,112.98982159185053
14,606,850,9928010,45010684,0.7630284756536105,129.11769558058106
10,505,804,6239854,28279745,0.5575925264458648,99.71826666958547
3,171,1607,5460596,15403334,0.6164529004801395,120.83269091648678
13,112,333,1375633,12642506,0.2853867510085411,76.76524482916858
23,1091,1446,47625466,245137176,4.801443881319378,264.6298767598522
8,79,2040,29329090,136846690,6.168765615583486,195.68339601886802
20,536,46,66250,603679,0.17928917669733818,63.69694807228411
21,670,1831,68334761,192720823,6.604122607505983,350.35904450412085
17,1494,817,11922491,102914310,1.1610666585947358,98.00087589674321
5,1721,998,5716554,6712192,0.41695786616946995,112.57489576466362
19,1825,339,2697094,8698692,0.37294548498434943,69.28841444218382
1,579,248,146330,1375214,0.04069142823372265,85.10322925382393
7,1304,992,7214826,70641494,0.5450402049326053,80.36440328947079
13,1998,1022,14599280,123126270,1.881756103018617,150.04663642506063
23,332,1345,40289485,371242914,4.915422810327681,271.26852230126946
15,2004,1649,41414645,72604851,5.038925009152086,254.4837850567565
2,1352,264,429802,3803323,0.06346963844419629,57.92852567865299
9,1697,1072,11033034,86294501,0.9912044363782752,138.5930856562882
7,1560,1165,9980565,93038390,0.7803001854121926,110.41886586501192
23,405,499,5696594,55182276,0.7079860053312093,84.66694253931547
17,1802,372,2894542,21323479,0.4139031394315729,106.38100026565415
12,1943,693,6644494,52862405,0.6386699788801584,96.2828007052818
20,1377,160,711530,2845516,0.21551497937749664,75.32180531904584
1,1683,143,242252,2130148,0.04517267001887969,99.16731202968884
17,313,1752,49707754,334842380,5.07389895157963,237.65306985041295
17,1997,1768,53591626,251073228,4.870209750610084,266.99864940196636
18,1836,1867,62736811,179650879,5.764767147902939,284.7844964989866
17,202,457,3446247,18074716,0.4117417377368602,81.82512833564991
17,825,1500,37278010,154500876,3.2030625783149973,178.31200679985128
10,1279,1899,34922620,233272879,2.681157609053487,189.15172120092996
12,749,252,892846,3483575,0.18920483684621742,77.61241272164119
10,724,741,5493043,9626087,0.4919501609937291,66.28358936834026
1,1682,1000,1693010,4774714,0.10082724561390256,52.401252892971605
18,2018,1153,24959001,183472605,2.2305090873325475,164.75194665993752
7,867,1169,9232772,50228183,1.0296653357538812,117.11839721688898
13,1980,1694,37828724,54433433,3.1153853749871945,221.95472547777058
12,1711,1317,21361750,56475228,2.031824657308517,144.8110664473212
19,1664,925,16967285,96843133,1.7781636705955868,141.23717864617308
4,681,836,2677718,8932027,0.39835329384715773,92.97925406921168
8,1598,493,2498041,19458016,0.2526046837265736,66.57112961872343
11,1556,708,6129166,52163312,0.5471286929676281,112.86975851412275
3,1807,517,1475528,13915020,0.13331958302742253,84.00238310136116
17,1527,1693,48490916,334118532,3.9662880756685586,293.58882241361493
15,2001,1618,39929014,171930776,4.8299045951469575,211.5622954510694
3,803,2031,9907228,42396109,2.0341863169814194,146.87259927136256
22,980,446,4628598,23801159,0.5148937177475574,70.33844520958064
2,1931,1193,3741258,8670956,0.26429564387684695,71.15626158423157
11,268,708,5217262,11575627,0.4077851331517044,108.87524766736867
3,199,165,89440,689551,0.056184641837782434,106.5508744883437
7,137,1772,19112802,26790498,1.7122487682825778,174.29216501263053
15,1126,360,2228770,18532007,0.30442274846376516,88.3345354633096
2,36,1979,4011443,4078635,0.24727589860227805,105.69324210095304
12,1177,261,1062280,6606585,0.19147683107935673,91.25314215388507
8,717,1154,10170212,24892752,0.8660783177329635,90.25796974079184
12,214,844,8034890,62075242,0.8200661716534258,86.87170232973719
21,1124,1123,26519655,215618906,2.9838932484953116,153.86057137426204
22,1721,1298,37656288,121489690,2.714363502708573,216.45593093480332
15,1607,1800,48297610,336228814,4.319648622445283,246.75714280025466
24,715,1677,65939650,420235772,5.330832270426595,375.27512836497647
16,1348,1695,45424315,376705983,3.512625076664493,228.3437130456918
2,402,129,70057,616658,0.04142931400741071,78.21607382534533
19,1740,1734,57189064,538603157,4.40707702733806,262.95687943627905
13,1853,1957,49629530,364359405,4.173542567564632,273.30252513876246
19,1404,701,9849761,23060907,1.0531931803715304,132.32160091218373
13,1172,1945,47720585,167968219,3.658725388302065,217.0107354983985
12,1311,1478,25999508,92768490,1.959011268256399,202.7550968190333
24,588,1203,34034083,98602654,3.3833692738025536,181.1044212678499
13,1289,1847,43360182,354801694,3.5231793061320946,234.21491450427988
4,1683,525,1717810,12777105,0.1572897757634448,60.09081175115192
3,79,714,1085290,7134477,0.11412620623058548,67.94761506964244
5,1217,305,747870,4759905,0.09189868357378787,97.75136274173093
19,1356,577,6791877,51189786,0.6237197176420258,106.14782541874972
18,1187,156,603262,4312440,0.20126011328985632,73.12656175620027
23,416,947,20155011,173509404,2.005181693655268,132.029257274434
24,1227,1386,45930664,316677363,4.369582435251326,203.93460340161107
13,1722,1461,28163707,152717032,2.2134705863083086,181.4311851361474
18,1027,924,15489022,89635633,1.422014008640216,116.66693516160628
16,309,1080,17857810,68767652,2.365569223039999,167.30524752347503
4,1080,1410,7506850,36377215,0.48140846476383503,98.40545907328686
24,1427,1954,90671472,592906865,10.080534568885916,447.25816491118894
24,1897,785,15689020,113389586,2.085928206827855,153.19630924896015
23,127,723,11615728,42942351,1.394708370346962,139.81029628103957
7,789,930,5938990,25411787,0.4267175490221674,109.06461252326565
1,647,578,380334,2007114,0.03349001352680678,72.02592028249799
7,353,364,929666,2910253,0.12776311381600844,84.77063621670995
10,1204,72,134794,711478,0.09115998345485399,103.3208640085816
23,448,212,1090750,1984222,0.25554751995031827,76.24800723115244
24,140,1469,49888719,475410568,5.074381679011698,226.59339119092425
17,1374,1036,18624182,45473832,2.4158056880587933,112.18244028955787
15,246,281,1181615,7380877,0.2135071745727168,92.98911568166716
20,1730,499,5609269,27282258,0.5254090265333845,96.43638294272715
10,721,152,320578,1293503,0.1339667200661838,61.67999922788865
9,1153,189,507286,4784142,0.09744595744385869,82.31201549388169
1,1017,663,681574,6145498,0.03798698393987401,79.66254295594713
15,1895,1496,34204554,137979120,3.201726607016647,202.36184533720908
4,800,881,3045627,18535911,0.2953111998135956,76.80575865830176
13,1274,1152,17419402,141273095,1.4444047863983933,143.51690782807077
3,878,263,372681,1425523,0.05872804822147108,70.81305090980939
11,1397,1809,35289982,273606791,3.0386760581240555,242.09044459803437
2,1083,1741,4937486,8219720,0.3425053577119619,95.86375880904767
12,1852,1793,38723431,137367066,3.141144727959247,215.37872741946939
12,456,1284,18748978,130308178,1.562029291404637,172.0872886470243
4,1021,478,1180192,1540365,0.09599590335838963,67.27637283563602
16,1714,1561,39266965,299319351,3.9183075526482503,206.82186199478022
18,1428,206,1021358,7821934,0.21713884440411998,57.43043930439183
8,1768,1984,31097226,292309163,2.7229787007074098,202.77789221198177
5,693,1572,10997722,38817499,0.8318261953821002,98.6569893262375
5,1756,1712,14755738,139324340,1.0120034418159265,107.91945140324722
13,1147,1424,25999402,53464881,2.3779158979483808,164.53983833918022
7,265,305,644170,4821301,0.12810736982471432,87.53725156083003
19,564,1400,36110210,331839513,3.6417861619085405,217.17052132809914
16,230,1025,16021785,37701323,2.5854092310613113,135.66673674825248
13,1164,1457,27203657,106726369,2.5552228896514975,157.61555365293134
16,150,1320,26368330,215625149,2.3846965624577305,154.05298872874286
5,650,877,3659731,14236348,0.3679760189528231,93.4536366736854
2,1137,66,80200,248198,0.03440910753052113,98.63047061859407
6,1594,874,5226530,21338983,0.4068303013079387,121.71655518567292
6,1199,959,5763600,50081517,0.4152880945830664,109.48723520407964
7,1721,1609,18329738,39560882,1.2214168278566393,122.71340338148345
8,1197,473,2140808,5537173,0.1829736484919737,110.99548943703626
10,188,1492,20344922,57745321,1.4730731701960649,151.6035986438708
24,1031,2015,95531160,206097966,11.846939170354762,410.03712553869906
2,63,900,877510,2074235,0.13320620697816035,82.22321971636399
20,397,814,12936912,97630457,1.3694197335316487,159.04850813674284
18,260,467,3842019,28980358,0.49156863853165667,61.15843394866908
20,39,1012,19528574,123106312,2.5456363711382277,162.71405357815198
23,1481,296,2375706,9205064,0.40334643287502014,78.51052329344101
15,798,237,981427,5340194,0.24809110042876564,77.88561677786859
6,1548,1503,13645747,48050435,1.2875823177498191,128.5704180212675
23,2046,367,3726161,6887104,0.6124967994336735,108.9350521741501
1,169,1342,241570,1960130,0.0423416518041246,73.88224352943445
21,648,760,12068050,71182093,1.2004453574589753,135.47059103034755
6,753,1772,17062598,105340525,1.400179523681029,140.7017509155151
8,1838,1124,10929786,48574461,0.9481819358509629,97.17900184465056
2,1925,1853,7022880,46909889,0.4261241469370114,91.07826806630597
15,1817,1664,41829642,322141547,3.2899373209218457,209.80031540367182
6,732,985,5587915,50279238,0.4128515797671995,111.92583133656676
24,1105,1382,45502360,137672219,5.53521488202032,242.82491515593543
24,1330,1488,52954954,235266463,4.861598586857745,241.2395830064297
16,1194,1491,35165245,255503322,4.14672430700325,182.1627597182809
19,1725,605,7649630,39327742,0.719480731565295,84.35487352917951
17,860,1755,50837095,226243654,4.593516869561802,246.30606690470626
1,863,895,782240,1831070,0.06657335603999912,86.08092229583909
20,677,1679,54748842,447881912,4.021815213289477,257.64028925053276
11,1558,1091,13625509,125972083,1.3230188963541358,115.5637334666809
9,116,425,1502385,10664142,0.22210464069838723,107.05803011719537
23,833,1348,41143666,238828516,4.131892155980859,211.7968597524215
19,1620,1644,51360214,183040421,6.014067928509269,263.6589175950211
10,1689,1402,20086464,29612638,2.0697028132109208,188.68169944588377
13,1131,1087,15433236,148779240,1.4716751868334066,128.1703534052319
3,1146,1720,7910290,69721585,0.46907539342735827,95.65844132582176
9,542,349,1170207,5389275,0.21131240577610438,88.60693097338932
1,1920,833,1608533,10722685,0.0956132487869954,78.11365601649153
9,1624,1721,26522341,104880508,3.017793128432093,199.78826647332684
13,1639,1472,28447882,186139746,2.1849166582925466,186.60966375384496
2,1879,275,595660,695488,0.09941486932129573,93.86984279812233
6,969,1150,7745260,14754078,0.5206267932905708,78.96156653708165
13,646,1371,23472901,64190986,2.219804801356575,163.58148941797222
22,992,33,56671,357666,0.133465522685113,90.94074733042895
10,901,1357,17822848,125300081,1.9100129091674842,174.58691993764492
11,1659,40,83210,824384,0.1006677987955227,50.962066404127285
10,34,313,898633,5841777,0.14884912610668236,78.33754805730929
6,961,1138,7587056,64595161,0.6412355288567544,105.65266385214004
8,1430,962,7871094,43145620,0.4940934539032993,121.78727205803315
21,265,1307,34551862,293311873,3.5630165656774357,237.76478698608105
6,1380,1908,20865898,119897090,1.8194208862093193,159.60389788425775
15,846,806,9796940,61237994,0.7956309629959303,98.85304388814451
18,1766,521,5549181,48987754,0.8465826156632801,84.62686656221803
7,1013,435,1583410,14884561,0.2920719370889237,88.48194988042948
13,1659,1897,46374072,324599771,3.983162352652392,290.4471303721209
7,853,791,4442266,35478905,0.3624704235284641,79.19551569427927
16,1254,578,5751110,11183691,0.5213784264613593,83.15377849989716
12,817,1915,41946170,113711571,2.819535194081644,241.02909929562696
8,1131,1030,8609780,61374541,4.8963993417046,108.73728126420734
18,1706,414,3631618,8186159,1.2376811969234605,89.37653965688199
1,493,1134,571546,4719474,0.15277653613381875,64.90523520255589
14,1252,670,6690630,64579463,0.8443633812107842,75.75162843416999
16,135,2031,62201416,534217900,8.401621283077247,268.688253169766
20,1323,1609,51365726,323243753,8.698127142021345,238.8913390669577
11,263,1878,35802202,265138789,3.1921150263789615,247.07699668428927
10,177,545,2780600,3208863,0.2813957508847679,64.39934578404362
1,1982,1073,2138499,8460007,0.10976511186628737,89.90755802671764
14,1777,257,1321504,7288575,0.20903011042076652,89.67346828770172
4,1722,1674,11312902,100015210,1.0882457347820236,151.75572337388743
16,508,839,11006851,38526756,1.1282202278342526,121.3479376128354
12,104,852,8092306,40685594,1.5578040760467904,97.89208388609319
19,1544,1338,34329076,122652927,4.5748424976694295,248.91206034177893
14,151,1676,36809998,326640878,3.5231080420129315,215.5524262142767
23,1062,1985,88858535,826654901,9.487992790117106,365.16910235974706
6,748,250,503510,4158526,0.11342462594286061,98.40744940057935
18,1805,990,18476380,54315256,1.652366994612502,122.37222461352283
10,1986,1818,33393034,283645643,2.563838520464428,175.79098569997498
21,1272,1684,58911382,98311214,5.123130827516008,282.3973625299419
16,1957,370,2787220,25683093,0.37559601324970876,84.1949864850405
22,665,961,20063768,123876557,1.9950337201042185,129.26795356905777
19,1873,1539,45560566,86742996,3.811411294733724,249.69449332020724
13,188,1783,38525291,324226980,2.53603763842824,226.32843167555313
8,1124,1083,9447019,46900209,0.7943422467429295,101.7428292947386
2,680,177,153823,1051950,0.055920235955753204,68.97441994668216
4,1143,788,2774558,21038287,0.15124609906823755,86.1692356941558
18,1808,1806,58763638,266705848,5.66811814487876,256.8201877151333
20,1184,1099,24282415,171660087,2.555557218176091,158.1833388268561
7,415,362,942658,7189463,0.14936281259322928,55.15234922773415
17,995,1377,31745368,297730216,3.203858370487144,210.8223883382294
1,1986,1762,3518724,13560746,0.20388032756362437,91.10099747860103
22,1844,1461,47565787,417310213,4.398452739529567,257.2884128935485
24,458,1338,41833918,358811578,3.492639809198363,215.10183746986573
19,673,227,1086886,9258693,0.2928270669268125,108.13600865858068
5,695,1879,15456664,100443096,1.632352930293087,112.21321381331072
2,810,801,1300033,1312801,0.08720225978083307,96.37033833447235
18,1113,1354,32711296,105455164,2.960829710979691,199.85396868269197
16,569,55,78110,317969,0.1248679697055602,83.09187137917185
8,1651,2013,31724890,129760114,3.0707973040670296,170.20430419892008
22,905,1226,32713368,112999275,3.1903752132609284,166.98032788360916
16,758,1657,42483833,253659141,3.163798648518745,245.58330277472692
17,438,772,9894734,38017656,0.8846327427985929,109.41478885459729
14,1323,1765,42875390,85878532,3.6836915340050163,245.4295132801909
10,1801,736,6215530,7193883,0.648648740551445,77.43310573236397
4,2035,136,334162,1185879,0.06783500495024979,98.70956862461726
8,1457,1878,27458248,191959787,2.02148148367822,175.30265725622584
10,637,89,129772,1210781,0.10243508437117865,63.63443457854216
21,1750,53,150583,1218286,0.15150027451412648,73.99851680136655
7,1904,598,3294392,14422418,0.2271617085490952,75.9120721227998
5,404,1310,7413300,15920711,0.6056993424975178,103.58159198113368
12,1783,66,167056,874862,0.1268369050770812,65.39362372889464
10,1347,560,3587930,9341824,0.2731083769730167,77.18553536564178
17,1664,1250,27113760,107934401,2.5408728659996087,142.58207814181597
11,1715,1733,33041388,294023847,2.3981527345226215,199.42761365981832
22,128,1526,49146366,374106580,5.551877003822545,259.5198568187635
21,746,42,67924,469289,0.18043186455365798,110.42440120870924
1,211,1475,327460,1252355,0.04918431341305273,93.611005466601
9,183,287,716936,2940474,0.1275601192472442,99.62415498021608
6,511,2037,21820354,25576841,3.1871563857768948,159.3844220005677
21,64,1459,42712235,295874262,4.148587403750589,227.9786416253159
8,1318,836,6009178,12655513,0.8939717166062544,66.31162070641896
2,1282,389,654697,3281307,0.0667075722731511,71.21479668348113
1,1974,1720,3414210,27344257,0.18669558610874595,58.23374291693263
18,790,1856,60078730,100772590,4.571342278299551,325.84118098514597
9,241,939,7297918,45619553,0.7430466891980957,86.99212632054403
3,1351,416,913546,1331774,0.07663774127158618,88.4827389438962
11,160,470,2294080,7937284,0.26868295249126284,104.43592405713433
21,916,1196,29740942,88505504,2.9568896561286384,181.90921397300454
18,2031,404,3606518,28802549,0.4659160115091251,61.19890975541709
24,1487,708,12605950,61101781,1.2237139356784488,124.77173085843464
16,408,655,6719655,43875248,0.563904391987968,101.25332409872301
10,1498,805,7054225,66606584,0.5880504223886467,115.2368894034896
23,2028,802,15803420,55489413,1.615118459534207,170.6249726403987
1,266,1818,503596,1371485,0.12433740843881916,90.2294854959935
9,1385,1067,10605990,31001431,0.8358602441498577,125.23762085508463
4,576,1414,6832458,45529702,0.5162864679606012,125.80614256274679
21,1584,165,810985,1213134,0.4705175751631563,64.61697912358419
10,1232,1217,14853495,72015335,1.169683556851262,112.54919395215482
8,1380,1272,13104154,87926853,1.2619496298214912,105.76719339880412
15,465,986,14093894,117482402,2.082318874845561,165.00645515976979
23,1333,1903,82270506,247004252,9.258716960596697,371.0125850657729
5,1114,77,110659,454702,0.0780018297505254,74.58730125747101
2,884,939,1723075,9641574,0.13861062903051724,59.841245989386834
24,1468,1102,29586506,101573141,2.8837498452383143,190.24836336510822
2,749,1400,3025410,12612693,0.2195100026457051,94.72024583775578
4,1834,869,3871405,11274988,0.24021958652404998,81.6832669293742
15,766,603,5567509,50706421,0.5147225598984546,85.60458755151188
4,1347,320,742730,2529268,0.080345527614775,58.96478258387394
10,1203,626,4292492,42258501,0.34548426664181187,94.38357901671907
12,1443,1803,38400304,339780826,3.4771943217571963,203.601848898443
9,122,956,7446294,23191986,0.6997094930961251,115.70750798554616
16,190,1694,43410454,85907447,3.091642923063606,215.52980906882325
8,715,1047,8440924,15575936,0.8262959524896395,121.55463759423357
13,908,1727,37398195,352364543,3.0303401005495436,205.47583857293083
11,1414,1855,37072185,212135817,3.188219628838952,250.40988473720762
14,91,226,689988,6634911,0.2265667183276172,75.108337086363
16,880,1586,39167866,216484926,4.815801605457084,246.3805510516637
8,433,1077,8605240,34459510,0.6676870380858291,97.80499116906802
20,1732,1503,45569467,309715682,4.319223743437811,240.74645775054637
18,438,850,12678610,74654314,1.2082093817793655,144.91394231709378
9,1637,687,4913434,28160586,0.4370495338652035,95.57367248543335
15,475,475,3396260,3806068,0.36559157243953266,107.82460586251455
15,648,61,93157,536170,0.1414713210857444,58.02195287716529
3,1055,192,278794,2497733,0.044033584144772916,67.33051988381412
12,1704,1192,17686906,32058571,1.3844376552390045,138.83701627787013
18,1075,1480,38869250,158074254,3.4597857807352423,222.07008282447848
8,1484,1353,14846479,105851054,1.1774879808574945,127.69716363499529
10,905,489,2604424,8423268,0.2463371621328049,65.25786149900598
21,1474,673,10071455,52665044,0.9089282497903627,96.48918821848609
23,1494,396,4054654,27285204,0.5359309494337821,100.41717660773793
7,1177,1705,19477930,124050625,2.1741308734621327,134.91541897814795
16,1225,422,3199192,12822350,0.3521563152468373,73.85040556029321
21,278,829,14000991,25435791,1.2796639810205837,108.30984317652933
24,1466,1453,50737317,504718662,3.7917483674673442,252.42409719378952
22,1599,694,11246280,50204190,1.2147343398983055,118.08732924793722
3,1946,1251,5580721,45141458,0.36428127786338044,88.90213206277872
22,1206,1687,61853865,199195744,5.560631232888102,354.0559067438204
22,811,1820,71094670,217992609,5.779944379963427,372.32791429051537
24,280,219,1171879,10148961,0.4370605343256286,53.430780660097
9,1434,1834,29573260,272353576,2.8573981161732855,173.71248188681892
2,968,1403,3343359,20151995,0.2524112097693994,67.91234073771334
1,790,701,561511,4645236,0.06097649256479225,77.08196435792992
4,1520,1904,13796394,52191087,1.197653260679517,117.83624302570128
1,510,1903,991473,1821577,0.10150720658445403,85.51001586540748
11,1900,639,5310739,36933714,0.4444477588976162,124.67557045502944
3,794,1590,6339340,43789657,0.5781576409969603,109.66678074216306
13,270,1279,20004849,160034486,1.8129262764462404,113.30202690222875
13,2016,131,473051,2156535,0.1919234310085037,55.60691662552839
20,285,1181,26872484,263402968,2.226091392267391,139.5764661258578
20,1027,901,16376586,150634201,1.5975473566289204,106.59640519376192
10,307,346,1190596,8162059,0.23512390201255637,77.21813983242771
1,347,692,247746,1387342,0.044907748634742485,87.708262345328
17,849,1135,21605870,150843556,2.357880588642104,151.0626737964559
12,1232,1295,20071215,182802367,1.935688932278642,122.27924234106142
24,34,1082,27000238,99126141,2.7722630688428294,204.80760979278216
2,1382,501,949405,1359790,0.07809244276627621,86.8313257948722
2,1053,1289,3034316,25686355,0.18450714602002355,66.28052605989546
4,343,2019,12949876,31509166,1.829411476200952,142.2976065295357
24,1548,1258,38389138,52744646,4.057892684677042,209.6414988634808
5,1010,1235,7366785,35506867,1.412712414055452,87.0535745966146
11,1886,1646,30232092,187577389,2.6467461250438147,183.98247596183077
20,1296,311,2250095,22405026,0.29729978084155234,62.748400571516385
19,740,1953,70157629,628993799,5.245132383854286,364.36815106670076
9,134,433,1566171,5474823,0.19377779211134924,63.47086818676072
9,1665,248,909674,1666624,0.13840069347851336,93.23307707493895
23,139,2047,92536692,903971100,12.092346560627709,411.6124102146025
23,1068,111,393283,2361044,0.2157205508430122,95.22992909009011
12,1649,1736,36051522,87919401,2.8223385699746815,207.9310118025611
16,2012,703,8845859,68031629,0.7630682408036477,99.55466938485073
15,923,1535,34442340,237054585,4.581408121370386,199.308030370078
24,1105,1908,85903894,633721345,7.557644005121728,370.9148925107
4,1746,1427,8620517,40201962,0.6098188234252413,106.46064029711681
16,1977,1166,22728848,203630419,2.115800355088049,130.55312167351255
19,1940,1261,31105097,280977840,2.5987876151075064,177.4456285963195
21,643,367,2941148,23788348,0.7568597592530595,83.32778839817675
2,1903,1502,5132344,23657493,0.4611895645183829,124.55278811181729
2,371,1612,3215950,24973325,0.20730376411406434,123.01725992321045
7,1366,259,760693,5984857,0.14061490537517732,81.56045699026542
16,63,1784,47898626,401551293,4.5174978968063195,267.1408155050054
3,664,1040,2867290,26265664,0.2574715696035858,92.31112317102406
14,1988,762,9081526,77064623,0.7545723245863286,103.23023760757037
19,1906,335,2668285,15677244,0.5385737425726304,52.804235061877336
21,1816,582,7849444,76772075,0.7386160289459629,119.8607574617482
16,1707,1322,28506296,220902149,3.034879789926706,188.98948319051908
22,934,430,4298290,37836021,0.610759485656791,92.81619415267468
5,618,1462,9475232,84930236,0.5969312543515816,126.33675433599127
1,1273,1523,1955542,14532657,0.12423881217426878,57.91184027226111
19,398,310,1862180,2312314,0.3684734143992366,71.78293476935853
17,1720,1848,57870130,290870330,4.798629906589937,309.7679408435702
13,486,1682,34805636,72368230,5.067040373606951,188.38500915646034
24,1105,548,7531174,35272492,1.342995051425448,91.59008842019347
15,771,1282,24029818,29473350,2.1413367657751774,198.73455592760703
24,1875,1470,52506940,72375574,4.517720055734623,322.414967085041
3,992,1308,4736278,12742380,0.30311748650841447,126.49324582908181
8,1721,600,3563410,12057920,0.3332302198267543,108.58821370779904
16,1931,311,2059452,13613809,0.2911070753015751,69.95668364422596
6,682,479,1481557,8853325,0.11864427250779824,99.80398137000594
12,911,1103,14411808,57281703,1.2405350578272483,118.91100030402832
23,1487,536,7135242,60772294,0.6806365963565317,108.7172650340827
8,917,973,7536868,52646471,0.5960298887580441,86.5688773839828
16,383,218,802032,7743702,0.22197009484922947,89.65413218107753
7,296,1814,20311368,38432606,2.3105477699211163,126.37751778775625
17,1154,493,4471027,41204217,0.5231168918155105,91.30010555391534
18,1171,1926,65370376,466089049,7.292932023818183,333.7513733075691
2,1451,1370,3881220,9610935,0.2945223592679824,103.29521807666016
14,1914,65,180905,215828,0.1075453698911195,75.28644736087082
16,849,1718,45776120,317776360,3.8436969412085693,260.9391298178493
2,173,573,434344,3029498,0.07574615128953718,93.21549962179938
8,546,110,146750,762774,0.07454560762778133,50.52113510073762
7,676,1887,22672315,157165925,2.204774126244651,158.3029665061455
18,440,1451,36470895,106758005,3.5092609054394357,205.21578323437623
20,740,192,848266,2397322,0.2128015585859919,86.87117086297384
22,47,1781,66751890,241536839,6.503455316819706,313.24635004122075
9,1417,1069,10677182,62681277,0.9504918270011897,118.66397643808334
1,2034,2035,4161585,23501130,0.2718298458189987,82.50802422733462
16,1322,415,3142805,6037926,0.3254626323835356,68.70132882369911
11,930,1585,26629595,76944602,2.417808406331103,168.56013721902647
17,1178,1291,28222561,44002977,2.2154847798941226,208.85335881327606
6,1668,1356,11477194,12477604,1.1774393384122623,101.84605386542037
20,2005,149,725044,5670159,0.3182904458520699,63.267030555894394
18,1227,574,6321472,11075131,0.7430061911534721,107.43972090750522
9,196,219,430783,2176434,0.13737050306708118,89.35390520762867
14,1328,1992,54278026,280536075,4.363761875263963,257.972002356447
8,299,632,2996322,26593075,0.24441122386521674,104.29913944267135
17,974,800,11040810,11751204,1.2048391090311537,126.57507519103689
17,574,308,1702942,13502630,0.335725040864568,83.3063155234525
12,254,902,9198606,56782495,1.2829629951476347,129.44495917349985
17,1340,1471,36632323,76071449,3.596996726860953,191.97414476269415
1,1559,1844,2895090,13696969,0.1360590724150333,82.68198263038875
12,1866,1442,25595510,83023937,2.7404283440059833,156.8525388451225
18,1542,825,12865885,108549087,2.65597036855456,139.25069890821698
2,312,1391,2385575,13845475,0.31737665720298147,106.44822325961557
17,87,1725,47806660,393700850,4.1898267336232005,200.11118378810266
12,378,976,10868746,20496006,1.0300575222375754,98.69081112887747
6,165,572,1739462,17127935,0.21573289698327167,78.9807043811701
24,1864,550,8001410,30750106,0.8653120897558488,107.50155606983353
14,988,1902,48953686,97843670,3.7819326995898797,251.51027214007993
15,834,476,3580958,13145177,0.3950907286175953,75.93748678246558
7,531,1473,13825588,87248796,1.0169449325433566,124.95903549448975
23,1248,1246,35751488,219244843,3.4271222979488902,238.8755498567186
20,901,1826,65051260,92425613,7.710575507276181,275.1017671739903
10,656,1120,12046730,108281194,1.1146051417034748,97.3800036355588
15,1994,661,7451463,52960764,0.6911955421361582,97.01538949140733
3,1294,1921,9891239,35323970,0.5820149555464202,101.43232736391488
19,1813,1597,48849046,100873288,4.636078420729013,259.9225319673401
6,1455,2020,23373430,216596817,3.362631913582416,189.70581531491752
8,401,1674,20317348,192359929,1.509749317612381,177.6427154336917
1,1648,1306,2166664,6089680,0.1424583967047163,77.4709474727348
11,72,1499,22609427,48689481,1.610627797988986,153.85499095013452
23,805,261,1717390,3666874,0.40890632213878936,81.00318832657828
16,588,1799,49650611,308791983,4.081721266751018,300.9209395059561
13,1711,666,6477526,33616654,0.6209189532148731,115.16735040635814
22,1039,1140,28512550,163905675,2.646122785353142,202.81273831732526
17,219,1813,53037512,387633103,4.327742237879617,307.6684140986529
8,798,1988,29287226,123962363,2.430504367131777,172.35104506998923
10,1371,2014,39307248,169402121,5.695850286278641,215.14646591203802
18,1828,1896,64630858,254539520,6.54262050020169,298.5435728462268
22,137,109,267932,1038157,0.1895083854098558,104.98493730480548
8,95,759,4118344,8944448,0.3903354672401956,89.57628286242777
22,261,216,1043074,1096434,0.23636879251612403,101.75245431064478
21,1440,942,19132972,126025558,1.7177653928655867,155.68724628232872
9,810,552,2895250,20966671,0.24943070883049082,102.96089103822585
20,264,55,73655,255117,0.16452689427823555,94.26251049822284
11,233,1358,18786582,117752171,2.492327735029103,107.14260838949595
17,687,1702,47564102,355485892,4.499482851960524,242.67755118904824
22,1606,260,1845490,14556488,0.2773019361598611,79.16390135298096
13,1552,1830,43069060,105930823,3.206001161800662,248.3833642352572
21,1342,2022,84545896,826925724,11.597105223771804,431.2130524687956
12,1284,1826,39061802,331105090,3.976960662006856,208.2556051028849
8,1775,1374,15678724,30971349,1.9810574890892965,153.86873516755435
19,949,1993,73446046,362574588,8.232382313772705,353.1904957332561
1,1861,70,131050,830929,0.03325184513372974,78.87223328416256
16,313,1740,46003870,334694333,4.605839646719291,305.56770852801884
15,1270,726,8319244,31450944,0.8543999021870028,109.28504768479543
20,1554,312,2343754,6785328,0.36269147895363896,75.32300025846396
10,476,1496,20884170,110295764,1.5898553190902935,135.16196777401683
15,1633,345,2238370,7618755,0.34468706131631316,76.24668495709336
16,415,471,3535336,22693995,0.37061600673809275,109.64090319423039
20,1006,424,3855018,10708434,0.3626115821753605,69.38576413506215
8,1795,179,548824,1540953,0.13774881890919397,101.14798106233286
8,608,1923,27089311,181649713,2.599813511367922,198.6778444628235
21,1331,892,17128194,134047893,1.7765313578668767,147.33707456209336
19,1340,838,13787624,37522950,3.1890731777755117,109.92053997051464
23,1052,264,1819762,7886123,0.3484458857512009,76.28071628019657
7,141,539,1828298,12077478,0.15573463566661064,73.24155500452768
14,540,365,1937795,6784258,0.25302154032741403,66.55056271774409
6,712,1701,15705343,135941630,1.4669977466138413,128.9102121072898
21,1006,508,5688086,33806087,0.6251045280199802,125.4275181368211
21,1237,1065,24034930,46912516,2.346487939269528,187.54011540436582
7,1108,1471,14637931,47487898,1.0066103953846188,152.87126876999307
6,1297,1032,6680146,66801343,0.47737083366270294,90.65909998189174
4,755,57,53590,152514,0.04767500952727204,86.17029644739586
2,1781,175,344410,2244334,0.03495825712350183,99.9799812953625
14,1420,963,13446379,30106086,1.132115426548957,148.26609261382958
4,444,1376,6310346,53994424,0.4314160599561672,101.96771245296618
10,529,2038,38499868,288296836,7.249481107915147,219.25579891891658
4,760,926,3289162,12438509,0.2732072075332697,92.0227777190358
11,1461,310,1420430,11424048,0.20512550030032464,82.8880989126984
24,1388,1456,50828970,64432222,4.868973949081233,252.9367913029212
3,631,1299,4211368,40115563,0.9738860437645559,94.41550710478248
7,1680,1801,22517913,105538856,1.9347827142898313,160.22211274998068
21,364,1890,72188560,397904271,5.301946209920837,339.6500520083591
12,263,573,3774934,9301784,0.4446709758977828,110.85079923418577
7,776,808,4557938,14057792,0.334986342084871,109.15295467718056
5,1769,1808,16300938,21611446,1.2495585401826406,154.93862438176097
19,1969,1911,69552766,186359099,7.422152206897787,315.42269504120435
2,1382,759,1634137,10944726,0.15776664575442828,76.44147010093683
10,720,1182,13448806,25418847,1.054008021684705,128.68628015089672
17,215,1562,39415518,68955081,4.389957854526344,197.49119890953628
13,273,1107,15033070,22695375,1.6231929265800427,147.77629668193498
4,2022,822,3700654,36915123,0.33330611682835987,97.79839819195404
21,517,581,7069618,65081607,1.8942980110753465,110.56676047870138
16,126,1550,36273110,88919464,3.645496035852959,253.09756323253242
10,1062,1478,21259562,80371921,1.7342726728830333,170.78328463693296
8,676,1487,16510171,42488280,1.207944901228789,158.72192788003403
7,671,1698,18467458,25474905,1.6680741446543268,120.09839518000389
21,1821,1337,38227514,82729207,2.828520866206732,253.8265907068269
18,1077,1595,45010910,203289947,3.0570496909189693,244.09475124935108
8,663,1807,24087320,118886142,1.9202231585881768,143.4038030215189
22,690,129,442609,1063068,0.25692061876067485,102.3025746055556
5,1194,621,2293363,14359468,0.10716112935471095,101.82794753262523
2,816,1067,2021975,17251538,0.0842622226820441,58.747456172591306
5,246,1515,9576325,69090427,1.0947014746953394,124.62441890653322
12,1503,1291,20302276,177693390,1.7316956964974148,131.07358821123705
15,479,708,7374538,46602270,0.7143035365948905,81.32349618993496
21,1451,591,7861492,30794759,0.740905791954263,90.56992421743223
9,387,268,683410,2488895,0.11643203641734738,88.0184002208445
21,1691,1164,29102338,64473008,2.812977171975897,168.41606428184008
14,992,1792,43567114,337079766,3.293085656579174,235.99094817863954
11,759,1492,23424410,142126685,2.1317011744450722,164.8264588834331
12,1905,1349,22617344,68899340,1.7671610537311986,139.02155582910694
17,380,1561,39622873,104460713,3.213398524307215,208.44693380866968
19,1504,156,677206,2424067,0.20215944686095766,87.80470586460721
17,1182,812,11531222,49415104,1.2364944436629959,117.33948532558634
16,925,1786,49545436,185124492,3.7856915770627584,272.0450677884842
6,266,1425,10554985,24480835,0.9380721702079776,99.7365080827005
4,1929,689,2762900,14171235,0.270275033414152,104.63427564657798
17,1160,1443,35028835,200844728,3.0038795993170107,264.7609410856269
11,1713,1488,24721642,207506157,2.323543741240117,158.821023555898
17,1902,885,14238775,33316054,1.196561474770869,155.82614255902467
16,678,1422,31332358,175339538,2.53981681849299,192.41229189305963
4,78,36,7210,60901,0.04055053755475405,81.05205656885843
18,1211,150,568360,950789,0.17095188285121274,68.73235724896666
14,1608,542,4703486,32355247,0.46290474899920747,116.03552868992985
17,94,447,3251041,22430918,0.40030009576680187,78.84304394939171
19,920,823,12972959,38304181,1.1893224959943935,115.48426175990865
5,1554,1722,14562964,36513560,1.2335126226536486,122.02302659823043
13,1686,1567,32143881,119867321,2.9036586975422973,207.20758399471998
15,298,329,1621651,6946411,0.34894923494291996,105.02104727524004
18,687,1615,45494560,406093586,3.698535433766291,264.56404023704505
4,65,345,384340,761453,0.06342272133389323,66.43210389312152
18,1793,1512,41617810,382149970,3.928238944896521,256.1901776399886
2,685,203,182710,299690,0.040389987873587156,75.32365452320133
12,1301,1318,20852088,194051331,1.574305048570731,151.66840545383076
11,136,1755,31075795,290667806,2.673147146815373,213.72454735528612
2,1972,862,2453262,18798173,0.0913239332499822,68.08800511622903
19,291,73,119292,212096,0.16766558723743985,71.86152619999069
11,686,1731,31187437,152957617,3.2121687316201237,194.8170450271308
14,2045,2040,58321570,175889893,8.22349629007431,282.5553333649034
13,1524,260,1213430,10203727,0.32169748196037257,73.14151919727604
2,1593,897,2244304,5796296,0.19721186230202065,94.80124536713488
10,872,80,128970,630663,0.10118527035233281,61.925442800252014
13,534,1583,30952409,52626045,2.579497848339111,182.03781400647011
24,1300,1850,81185410,122171983,10.737549419867388,430.922108231537
24,1989,905,20668400,83898357,1.8901122493129987,153.24531458523688
3,1935,1975,11648560,30489753,0.9586558693378187,113.32023310316029
10,1223,921,8778982,26511973,0.6349279778794064,91.66434912855011
6,1112,682,3094926,25852832,0.22422061215030803,91.57265092861334
6,1898,1556,15083874,136935681,1.3163635582356474,112.15935190691943
6,238,340,664370,6593459,0.11971757587247997,61.259875858685255
23,1947,1627,61458308,490299532,4.828780572420112,347.41774209577557
1,582,666,394948,2192131,0.05135969327530946,65.28369186847233
18,217,1654,46912412,342223723,4.955705958511387,267.2601670889205
14,45,900,10592110,14229194,1.2689595040200412,113.97063333810476
7,239,1802,19944546,158986288,1.5958082020922348,157.57728350567118
14,354,1983,51869341,246173999,5.824523300171211,241.1999464513209
24,1425,1976,92688242,229377867,8.519144321550012,402.9736297008599
1,1604,1558,2516180,24860019,0.18777037426463855,90.18776654958546
3,1137,1113,3757498,21866515,0.3288373063568332,107.98482607212176
15,560,1378,27390516,100542344,3.1369153843108237,162.16843918453517
24,1704,888,19679866,86741983,1.6451907175598433,145.6370698565925
24,678,316,2521690,15533902,0.6492487173189992,91.3254164955811
5,559,1961,16507708,129011186,1.3889217030353371,125.1057912609733
1,1957,1066,2097898,20141149,0.15377821182232462,114.45871691225393
9,1896,106,292888,2842698,0.12188119653661321,61.20280530134267
6,157,1496,11448898,12388163,1.0564647480886826,137.2607100224087
17,1762,1743,51727021,410717579,5.850531452773876,291.1513870854341
12,906,932,10419770,76701633,0.8507048695851971,115.94966357019202
17,1453,760,10366410,65047815,1.060672182823255,136.81465996583253
8,334,1467,15581017,40016686,1.4117060979321745,153.39748077537905
11,36,1477,21899489,36989430,1.5886883152808597,142.1048056759607
21,903,136,496954,2596507,0.26253262316358644,92.68185438211015
19,83,624,7078666,25221319,0.7618259253958688,112.9432305650901
21,1127,923,18107424,31517385,2.1772737890103193,131.5593198623082
12,683,1487,25371204,100077859,2.373535466914617,165.21979295324854
17,1976,195,998995,7572486,0.35721884134492704,67.17082948007123
22,1539,848,16433402,32836780,1.6149524619919564,148.1577061116963
15,2020,997,15955001,22173363,1.695651377519548,112.55979404233669
22,228,483,5024659,36964332,0.7608073891086737,91.38564017739382
5,386,1955,16072065,93775878,1.3733980069381562,119.90544582912882
22,673,1188,30475774,154680850,3.011722776393305,194.91702165813717
23,869,732,12448402,43793093,1.207067068349488,129.73082505240217
7,503,1749,19263496,36046566,1.6440440243817276,150.94650580408134
6,1406,1224,9231418,67690444,0.7921860271881209,130.77621385136305
5,1451,364,1063618,8086598,0.14290445514037373,103.4756544603796
19,472,951,16755679,72392945,1.5297205824942424,155.2072176670414
5,291,966,4028230,29708111,0.4924446262171034,106.02286120536021
14,924,506,3808166,29839403,0.44398440210833245,67.81776410384214
20,926,1473,42633049,268011598,4.151802895162844,262.73024746075805
20,954,126,425638,1208168,0.5540926918498242,94.26152145812951
24,1174,2031,97327561,470549831,14.403978811678032,381.63558639109544
19,1073,1800,60303610,113935504,6.714912994851425,298.23162070882336
20,1006,1108,24473514,89633348,2.1258288627150916,165.93778851787346
13,1301,1274,21163698,29626018,1.9795845978483089,176.02586404772586
23,1837,1169,32250382,74703026,3.1901934577839244,172.4248724033156
15,657,1017,15173650,89770306,3.1229490317991786,137.0184233131339
12,386,461,2525829,24806146,0.3873709599841917,63.105689271181596
8,1650,100,236810,665909,0.1460684402420396,101.95661646437625
5,600,510,1354060,7830279,0.13129610301310604,54.60924050374873
13,280,462,2701324,8096353,0.32007428934683674,57.67678810954332
23,896,745,12902665,120916646,1.6606029393647752,118.19697478999609
20,611,882,15345928,127171746,1.4028871011853408,123.85008689878741
9,1727,67,152904,1146546,0.12682699759912255,73.36877003122919
14,697,612,5310334,13331855,0.5982307754965933,93.12501520967278
12,186,1287,18487765,39777925,1.9644730057466262,147.01769355905114
3,1013,114,142966,313928,0.047586949755846125,84.50343735532836
12,1198,501,3372241,11279009,0.3823349827365756,85.17321256810612
18,426,773,10508945,65720596,1.05347263529374,116.66899139978807
5,642,1646,11918696,22582862,1.26434504944162,134.24721016805321
13,58,1232,18313690,128977990,1.4922697276729033,161.8478386027522
9,1000,631,3828287,16990152,0.46241972948669957,91.89317090393885
15,383,842,10269042,87166426,0.9287783529824999,86.9358576418357
17,1742,1741,51577135,313729386,4.061472996129424,240.89921843168827
13,181,1093,14558770,21855779,1.0226310328813837,122.00309027615394
14,1177,1567,33803334,125559008,3.2538615758076292,232.14587895438146
24,1667,1763,74486760,222998982,7.130059973804901,416.20203593225534
11,1319,1075,12996760,73784021,1.1947216940870318,112.93267441640076
3,1315,1564,6969194,33712707,0.5302308620176122,113.80578628575893
20,1607,150,673060,5527604,0.21942618483756987,79.15872344365269
19,39,1854,61997770,341044741,7.23344034516761,309.2276209102623
18,960,272,1526474,8054378,0.2394773216826306,66.793863388398
19,1035,149,558164,2549492,0.2130025019443648,84.73859466672312
20,426,286,1684550,15043384,0.28924222400002014,70.56923643851118
11,99,64,48650,414055,0.0776646010455254,58.36154095343996
5,757,36,32986,192859,0.05323100438610576,88.90574069091757
23,1241,1872,79481386,367262767,6.867044833777189,359.55182545594766
15,1475,561,5247604,22355358,0.7923765304710336,113.99473038116346
19,891,1352,34146122,298379392,4.503814265447821,206.6800425787443
7,1960,1508,16625710,95242762,1.4454312606093669,167.87127737880806
7,335,345,835600,8260626,0.17064638464810117,57.75605035731389
3,1735,853,2946272,22796820,0.23305443850923668,103.96216754399133
23,431,2044,92863018,367376305,12.823031098800639,461.60860667683653
16,557,1978,59840444,206786854,6.8785872313814425,355.48981901749084
15,1038,2015,58985105,190555692,5.971556730031372,355.0554926571449
4,672,1196,5111714,37506805,0.921074903951508,118.1227167861742
21,514,1392,39511930,59009844,4.021426244426854,208.92743198340816
23,127,724,11647722,17252590,1.7069433510863306,104.41665235183493
16,920,1937,58111947,177174207,5.127930172770251,346.8205240400363
1,1356,1307,1786679,9501254,0.08024755629294943,92.81281483029235
17,794,774,10220680,38468299,1.0741330997191827,126.1738799189178
24,918,1295,39804425,165941257,3.679817004690912,204.50191647972392
8,740,941,6911655,60117586,1.0206103697416482,113.53402295537427
6,961,294,719428,1076767,0.16174168614830992,64.23003765719282
4,250,1795,10139965,71327261,0.9293784267365277,108.70802829665942
16,93,37,24948,210862,0.11246002473450653,86.6791232496691
22,1425,1759,67538574,337526813,5.951835322564203,296.8916366982329
3,596,1009,2650653,25744745,0.14236359534793322,72.19653487461376
2,1844,320,696330,5405368,0.07237870819694969,73.89788580700353
18,1565,1502,40744764,235549126,3.057004413838009,223.37074095530713
5,227,1579,10355092,102689066,0.6047623976133285,114.73659879309912
19,98,1009,18453611,21884103,2.6542282842846316,158.10449443864923
14,1238,1285,23087605,102246736,2.4074869713936997,192.8145199076252
21,878,1239,31828681,54381842,2.9640191906723232,241.4589106603176
24,1490,1520,55455690,540692698,4.460782382670027,252.42272033158645
1,1739,1219,2133260,18283314,0.18467820967586043,57.27919219692079
16,1710,1445,33828905,94825982,2.537181099531292,212.78220232680536
16,485,1923,56451598,77132419,6.201438918361429,266.99920570748566
24,694,1885,83096465,461196811,11.546756804151595,442.87759522932265
1,785,1215,967150,3705210,0.10956802346316755,105.31942881361483
19,1739,1994,75094050,111689894,7.758333484172037,405.3112225402827
3,1889,66,134254,272475,0.06090441907142184,68.471199586652
8,799,941,6967174,12717789,0.5306797329170273,80.41919277718286
22,82,1053,23405041,45896482,2.5970089669674787,213.59589119518856
24,908,1970,91116450,519194173,11.112858478241987,376.46554106857116
4,2008,1846,13955770,24349389,1.4572396516094794,133.21205306943648
21,877,586,7400018,15242587,0.9350957947773505,80.77701112049427
15,497,1999,56987502,566600765,6.77140192339623,323.16869056186795
24,161,1897,83137932,796456654,7.320164362467134,447.2114590761168
21,304,526,5709740,19379398,0.7245272355881079,114.67194801665472
24,945,1122,30052780,68910190,2.910375490805966,152.0478053810428
11,545,247,749902,7232667,0.1927648183103022,87.33555611464311
18,1614,1837,60384037,508925627,5.94617825712502,272.85021033918633
23,601,1056,25202506,113710217,2.5539808701598594,159.898113086018
19,1308,190,903840,3614380,0.2536511062386184,61.87646981979554
7,511,1044,7090858,24676907,0.735028227368204,90.64212623296787
24,1020,731,13060787,96885725,1.1785154506583357,121.25063828541295
6,600,1196,7888826,25934110,1.528646336808431,113.36256307759747
4,211,214,185548,1633307,0.06744955634247596,47.2334320654089
18,1922,1126,23749602,53595131,2.6489069651541532,152.28196299232266
2,242,770,788490,1064182,0.10826379959594032,88.30892267093186
2,1374,1598,4768442,46969260,0.3096944290218616,121.34634603489032
2,576,660,823690,3656011,0.07963889726034729,86.23320075315497
17,1782,923,15300581,27447963,1.1951332627650757,114.61782813310944
20,790,322,2234046,13190170,0.37386175503293056,76.7047694896233
21,418,1211,29874169,148097695,2.8922687064640282,185.885684641476
19,274,1599,46506925,344473188,10.01070072772025,231.10239049837418
6,680,551,1901511,14878240,0.2971139982321185,68.50776334791257
14,1815,601,5800862,57566805,0.8021189402225373,101.07335529913556
6,787,1143,7450084,50605347,0.5779097437021908,106.73965196894795
12,493,1102,13925984,123942391,1.2103479966074633,121.46221161743158
22,635,2043,89013520,723782105,13.689889817138614,415.73732835857345
20,908,1627,51821587,85163457,14.483240014962831,252.95821575550357
21,847,247,1437056,14128058,0.5155340029269495,62.444435503434725
9,887,281,886284,4394700,0.10374270494310608,69.34108975016231
3,1848,242,567500,2371591,0.0717619039028762,80.1565006376327
18,822,1220,26339810,244875971,3.4196120564862476,202.72579569219022
16,1001,134,406968,1397416,0.18495565640509756,63.0548549184312
11,567,2015,41787080,200941091,4.98687705906089,222.8912477706359
3,1094,190,282540,911186,0.09291005631240008,62.47538333531621
8,1616,1159,11296783,76336833,0.9970786620023243,139.34663554577247
14,268,875,10208635,99390562,0.9982439467747878,103.01910797329707
8,1622,1164,11393242,84365400,1.0224090191417563,119.75621944456586
19,258,988,17854158,22712878,1.739099576182398,186.50937636025583
4,1587,1858,13331160,79524525,0.842771363204022,105.19590748192864
8,2019,180,593470,2801521,0.09364144427738928,56.669245830453896
16,630,1949,58257569,434384751,4.294591803432468,320.7143736786965
4,802,1616,9153034,49837919,0.7936102003721445,80.90904336693728
13,583,1287,20656360,55913857,2.116541939106705,137.62251914369523
23,569,1027,23822302,103383645,5.452910374895832,174.8675720135246
23,120,976,21106010,202237066,2.685580098078623,154.44357642818233
13,1892,1121,17226417,154678033,1.8383783945382401,122.3820633477243
2,744,1382,2954726,24551973,0.3546305603163396,88.46857077299335
19,95,1909,65833784,181864260,6.5016227731706095,312.9099450612126
11,1844,623,5043195,38198263,0.5376931376926942,94.80290442144177
6,1041,1531,13338082,25417679,1.3585115990960108,99.04565165209456
2,149,1241,1739892,12132787,0.16677477966144005,74.50953646534529
21,1378,680,10206130,76848772,0.9233184538631463,88.49424281624361
5,242,1826,13806396,32547797,0.8772863755237155,106.3394878369962
9,864,240,672730,6077286,0.11620488127288486,89.60521628209828
11,1445,1947,40762402,84250207,3.2725159630787317,231.3823197112959
24,1549,330,3027100,5817738,0.4429977340318413,79.13806690751198
19,531,948,16707562,111742389,1.6752757435100778,125.31458187593766
9,237,1983,31965970,143435325,2.6455583553272004,216.19445080844523
20,1588,588,7520530,38831838,0.8128495794366721,76.93707576153686
7,916,205,443425,3480409,0.10404804423086943,61.547186171974175
3,1779,1846,10123474,31711494,0.7077299680043668,89.70964915500524
3,181,1458,4534390,40616969,0.3037607656211624,88.96201583185724
5,164,1359,7630795,55470651,0.5519699074419028,140.0663974623258
6,679,1294,9271520,43449830,0.7585674665480645,122.71952181448736
2,61,1194,1512808,11538302,0.1565459900408101,91.07358669419217
20,1588,657,9264367,73417980,0.9697853744784539,126.36613691222895
4,371,1993,12683462,116428431,1.3255140542293078,140.6941852614741
2,741,118,102788,421992,0.03796549107214487,91.61028953963219
11,1210,350,1655860,8106904,0.22757735196518594,81.81296672385945
9,263,1514,18764526,125255838,1.9214728095550697,149.6889106532106
1,1943,314,613566,4291061,0.04023258709610691,74.24338252854474
3,728,731,1610403,10903204,0.09907611727132543,94.19953941256321
19,1513,1016,20147290,177380064,1.7000022566524482,181.79120952566316
22,539,1239,32945020,130933950,3.159859887563035,172.24284983450886
9,799,1810,27689390,30995331,1.9868816154053337,195.01563073241832
4,466,547,1160197,10335039,0.12633667793384948,67.63960282995761
21,1880,332,2838942,15665762,0.365806308320641,86.6503315017606
6,727,799,3785672,10217402,0.27606861449622605,116.48134232206179
8,1716,1470,17675290,96421751,1.5905580955808656,144.15138164948112
10,857,1158,13084252,129684645,1.0334176564534137,111.67200049113008
9,90,1433,16584119,87951966,1.413317284034674,154.34414735733202
6,1819,1403,12416560,116091989,0.9757728321969065,130.92437021122245
15,986,886,11885700,23487750,0.9062663656883778,139.62789643474323
23,1770,165,896455,6452397,0.3290699445716404,105.85960935267978
3,1324,1568,7013674,35364129,0.49659749017332744,127.40010091755114
11,1777,824,8271322,77017999,0.615119694688822,131.60298874575528
6,947,1773,17425054,45879906,1.2236484498905071,146.86539385715474
12,513,1776,35646106,240201724,3.058418543269083,200.12903746239445
17,1936,823,12452823,47607439,1.149494004339482,98.64109043071048
15,262,1144,18650642,113487912,1.8920962151197263,168.5837715163101
7,209,1753,18834242,81776196,1.4204690041058494,143.746948391822
14,172,798,8434870,75666144,0.7484888823253715,117.91735891775971
23,1960,907,19905939,65639246,1.7492901019456981,161.83055496606525
8,1687,1862,27444028,186948577,2.3477537517845297,191.775736342621
10,120,1051,10088559,11199377,0.8441137091383084,103.37117896452348
9,372,522,2383984,7821637,0.2244672904063418,92.31127001379885
17,1048,1097,20433829,109518964,1.7100840879037371,159.30621686317102
14,104,1805,42585375,182026701,3.607636487528765,272.84846140236414
13,125,1377,22957354,194849324,2.3673854455316556,181.13355011373
8,575,1762,22777384,58775242,1.8311511058986354,155.42362852365636
12,984,1151,15730727,67684153,1.2364585428099442,129.61588106767547
6,336,201,272767,468282,0.08208173170470107,66.56018268875023
10,1571,1794,31820188,59643527,2.6556169836195127,207.973950825256
13,1666,1290,22148020,114439617,2.056276956581702,169.03232452817156
18,69,956,15629654,75685518,1.2686906419730346,140.41680761700013
6,1612,36,65098,426491,0.07970458330876438,77.53038546921007
12,298,1410,22320310,178769635,1.8582259415382523,194.9627895261341
6,162,76,42418,174020,0.07441228137424111,104.20308004295892
23,42,853,16071383,142095405,1.5746537469131894,134.16321661547093
9,1507,1871,30860284,118067354,2.473811523861329,202.8282956930731
4,552,842,2603474,9541973,0.1608157965457022,86.85776232589417
15,1806,1917,54958483,128596412,5.246871409376111,274.6548492824343
21,1457,1546,50102778,201434240,5.5931726504664425,255.22595256134537
1,1821,1278,2341306,9096667,0.1664006318927923,84.84583176089441
17,1698,1685,48334235,479668956,3.1979562402993507,253.62951322070808
20,1653,1159,27472946,231439944,2.4987850458622387,197.40103895485726
10,1090,1900,34599010,196655334,2.52025837540114,258.14121442381423
3,465,484,699874,6704288,0.07708245635902092,56.446120788307496
23,840,909,18971749,171376123,1.8684388882076997,154.80705195981295
9,829,1237,13290338,50000505,1.0650214866112584,116.18811646438112
7,845,877,5370758,11832745,0.39430882261351113,87.03586340655968
5,1889,1565,12776670,95141240,0.9563086490206355,144.38355502088265
2,401,1871,4273374,15471086,0.2806142775367857,90.32303094196018
10,141,1603,23384574,199545454,1.6722408387530785,128.55250029135973
21,1859,972,20732770,96127324,1.8150863901346386,172.6559545905838
21,1431,1792,66845194,187247354,5.1729510664442335,324.32351803319375
5,1817,954,5388202,32606743,0.3609649102164594,92.8336973584191
21,1933,699,11144866,48414298,0.9500463261319608,130.9340759761505
15,188,1764,43939486,410110983,3.4597427110756587,235.74132947467345
21,1447,1876,73160258,281595529,6.74607637751641,315.7143913233555
5,779,1676,12566658,55161653,1.0216720717664252,128.71706286783393
22,1168,1796,69893146,267453960,6.384193842457491,359.58428628141144
13,973,1932,46715770,457979812,8.700794759508687,251.3346869123724
11,1160,589,4164829,10033982,0.5304738866842851,116.28515656756966
16,577,894,12527632,42755996,1.0922915151933843,122.60653223093952
12,2005,907,10887638,80573447,0.8932657719046531,105.27821998442155
6,1212,1720,16904170,155366703,1.6220156034350708,161.6357259122135
11,1861,1876,38724402,387061290,3.4203529302874087,222.03856281458283
20,1942,1224,30879082,149876184,5.579015910666474,196.53255053391982
2,1846,1092,3221410,20666155,0.2364212037804386,85.6948261236184
3,59,1608,5287114,43965249,0.4102735729947505,97.48864258467371
16,599,1071,17875000,50571834,1.797035335766877,135.19606595335915
3,646,1604,6202678,41055148,0.4362257408913042,88.41876206784191
9,1068,930,7930120,53564264,0.676616332222709,87.04065511038682
22,475,1609,55182274,295448101,5.246399008875768,263.4741269450783
4,158,1972,12005546,119242961,1.5849757112116178,111.2698290290056
5,1661,311,908130,8431712,0.19342029102331781,65.61812993900186
15,1059,70,144490,393633,0.1289064853182346,47.202556765330336
6,1399,1775,18264760,99388036,1.4603743248798795,157.06583989083407
1,1387,523,731164,6773974,0.041220090836432965,52.075735132815616
16,1374,1616,41434250,278985884,3.3856455320653183,249.54545681291123
13,1279,1718,37655134,68542841,3.6055417691222984,205.86722793454663
21,1959,1337,38412020,341325747,3.779748509484931,232.10059158145324
3,465,659,1183574,1386635,0.12694919962391207,69.7323700136979
22,1760,1005,23011495,151990740,3.3267410821381804,156.9075890538185
23,1397,1517,52797678,458421902,4.667771248196857,280.78590775905326
5,469,1472,9379594,66451472,0.6183973990846268,103.93240774772494
23,380,887,17675259,79440065,1.6990868773423125,119.08027181207181
1,437,353,158154,1432620,0.028790190930875724,77.18982797924426
17,1879,550,5888310,50717522,0.6453218839000012,79.85670456786133
8,1952,1099,10619647,59376596,0.8062705431565983,98.86323420803792
23,759,1256,35700554,297661948,3.1278739118405388,268.61174923650736
5,354,178,192428,1034957,0.07814808363802873,69.64122107943624
19,1719,102,365578,1181735,0.12188492135803218,51.33899495882101
6,1461,519,2113378,20346267,0.21721191083411562,87.40935606452517
15,890,1825,48298635,98024781,4.028255304620654,274.09535104501595
16,733,1633,41239792,49734673,3.989658833072787,206.41126805972795
2,909,1106,2241872,14706823,0.15819534607857094,70.2167025178747
10,1093,489,2696356,13229289,0.24568889578150113,98.57516540891118
13,1883,118,392006,906627,0.11388508330985896,102.94301005781051
14,1446,1160,19198010,98614630,2.0567187323374454,165.08192552342027
13,841,1599,32063158,180728912,2.56864768119974,178.40058552890193
16,1197,596,6057158,40374634,0.5432000895453817,86.77900957987978
2,964,1328,3059722,26537482,0.21225451553331678,87.19535642279953
19,799,461,4207096,14835153,0.44793832022773983,85.46845059887227
18,1801,1894,64447148,329211496,6.127777542612349,292.4970605860102
7,1464,482,2107796,11271648,0.19301247658079868,85.71467329983588
20,150,1336,34153514,146708650,4.316791411659667,222.2576285078443
24,1419,1382,45936308,450486435,4.914993927694056,222.16304237511483
13,365,1314,21228994,179176300,1.838985502395727,161.65743746053676
5,904,1915,16428795,89776029,1.234649859775433,131.31042815870816
16,894,781,9867945,82167233,0.9975017179009111,128.4170013964845
8,797,1340,13661310,20366628,1.5737931485268732,135.57224802914595
15,813,1748,44241890,51931927,4.440447199946264,252.21879093218678
14,1317,375,2331010,22399075,0.3602072750259872,73.56939834777592
20,929,547,6209554,54215871,0.6687677245458857,86.49331688658528
10,1244,1462,21084974,69680820,2.194326906572275,157.03089415063846
5,868,738,2830240,28269798,0.23006251519377524,77.81060343930447
20,1851,1258,32435024,225713898,2.679637230808503,197.54165839663915
16,664,1256,24529690,110400312,2.814097106800872,203.0405351955385
1,1620,1581,2578621,18737033,0.1696919958993272,81.84269579829433
10,1262,1842,32898130,156927732,2.7844049744289183,182.6890176654764
17,1526,1977,65606755,191961045,6.785569196365259,298.8712836239589
5,1089,764,3178250,23964724,0.26156323345729693,79.66471903373845
13,1326,1848,43474210,47007978,4.699771190782951,271.0475170126232
8,701,1397,14665716,46356959,1.1136511360820962,117.37552286268406
1,854,1692,1463590,5962468,0.10895736851691297,57.160219436421315
14,611,1288,22384162,117649576,1.781302267813161,163.64526410638572
20,462,449,4051337,13586222,0.7245814583171586,73.04843460425388
12,102,616,4250410,42409006,0.4313550153951148,67.2817824681116
22,196,1067,24151555,195993193,8.629044012378849,147.8023920430705
22,1569,1502,49780796,157100492,3.839099714731286,299.4750419785384
19,1394,1290,31789480,255641220,2.9178111127626347,191.9417101589178
1,1524,1830,2809060,18837545,0.20277337960821623,71.91789531458241
24,876,902,19533722,49855797,1.9616311471050212,158.72581675299213
19,1573,348,2737378,26334862,0.38216658164703493,98.76946787099538
5,1288,433,1314165,4665796,0.11441380745410137,49.970365995596154
10,1795,1817,33011266,40749589,2.497148056991486,154.29416064085305
1,933,1726,1629354,12297998,0.10229054789098378,102.43916453372142
11,1697,1324,19804402,165427804,1.8178807675495208,174.56898075995753
4,1603,317,814066,3582546,0.10237608084014585,63.1639082861405
9,69,919,6837370,28040129,0.5801088432236092,97.21099324106254
14,74,1661,36028761,337733203,3.0600055972354134,198.48225148615518
3,1991,1668,8907130,52385315,0.6019769497466417,136.86882199711533
15,101,924,12069298,36224300,1.1336949344505742,101.2057707864632
18,1817,1909,65474892,235237494,6.768734566042391,270.3059714005981
17,1920,1914,62340904,465426514,7.3915595036973,294.5311867946429
6,1658,954,6147586,29560348,0.5135191936672523,112.7863471097526
12,1663,865,9688010,42178588,0.7875046565337444,103.41150994758183
16,614,1064,17662410,160739175,2.0978490804207235,138.07019435101844
21,1883,577,7762968,68504736,0.8340774414976038,111.86237414324432
20,1003,338,2519800,14520679,0.34759728773196397,69.58016732827544
5,1418,64,108106,737547,0.06359910554410089,63.731053059743175
16,193,869,11517736,19540560,0.9996725357358578,94.87584278875391
9,803,828,6165298,58590720,0.5397984840289184,112.76898130572573
14,866,1929,50090353,451993234,12.911033148839358,287.05456496885796
8,787,1087,9146028,81154575,0.7846761567908075,90.13124947387573
12,232,653,4856371,28765328,0.6827266389976536,97.13424054451698
24,1788,310,2775130,7457898,0.46516923927711984,77.05084478527105
8,1367,1203,11796628,49968206,1.3212786963229775,127.21002029744682
5,1051,349,859248,1619560,0.0839201683644649,53.866627348636754
24,390,1475,50664785,136258347,4.8070797865434844,288.1631098100978
9,119,54,30790,70957,0.07338167762748356,74.94726959672033
10,1197,956,9388886,12573912,0.749758728225953,110.75160948508493
9,2026,312,1416802,5824764,0.19703513798246763,57.70012122865473
5,1177,1963,17753382,73194573,1.6254649925197335,155.40108800926336
14,76,450,2677510,14907029,0.3557938870278748,80.36456239884288
21,1222,1835,69643765,148920582,6.7027511269888365,368.47763486645556
5,307,752,2504170,6291101,0.4339716125115647,63.52085394697967
20,1017,518,5640512,31204086,2.022287273379883,81.20343784467916
14,607,415,2500800,7573521,0.5061070017723337,83.45718073932932
22,1526,1163,30215913,57230131,3.011516944688745,184.8095721005294
22,1288,1830,72742510,545086332,5.644729125185894,375.7300499292575
16,644,1719,45476155,139799076,4.667767952976183,222.49205010501387
23,466,1472,48403786,477773050,3.906412750897101,288.3391022695649
10,128,907,7538087,28935535,0.5749445374819775,91.42802723134021
23,1826,1784,73334898,563894569,6.122102752817402,375.1983091120434
2,1379,1496,4318962,31265411,0.2515013949657764,68.00210255912206
3,1519,1780,9063770,14017079,0.5140742295783676,128.4125919025448
1,578,1463,861717,6547501,0.06155498635333448,77.90882166600073
17,1557,397,3150602,20259147,0.428147818850569,90.81013493156212
13,1260,1385,24795665,66410582,2.1598892311286177,176.76543125766847
18,120,1593,43375807,402372031,3.568342509469767,207.55146204871463
14,457,851,9823954,36095160,0.9849981458966679,89.29403948226641
3,1441,1775,8882110,15895301,0.7951218388369857,125.24162549698866
11,941,858,8187046,68599356,0.7082406144955924,90.10414724539194
10,495,1343,16924496,86660341,1.2694265654451897,114.23793377275467
18,1884,1212,27289402,95490921,2.4372150922880276,165.07471160092723
13,1805,140,491130,3151796,0.18174167511903075,82.00802135158786
18,2030,300,2147410,8724788,0.3648664371507619,66.51771354721932
17,941,1467,35853490,332401605,3.9735686784292623,191.23938747231503
3,1729,810,2723230,14194745,0.14782103771714414,88.90422398916904
24,1954,129,639205,5329030,0.22623876361960338,71.89471377083157
24,717,898,19221700,62088477,1.9198778374974363,130.34414757311788
20,948,35,57515,69340,0.14737745537291208,97.37734567285867
17,1580,828,12299950,72401327,1.1664665519875563,136.7177180387581
7,529,1479,13932190,94739062,1.099770679434536,130.51134695290895
22,1029,156,676582,5797729,0.2153288330089246,104.63973125503342
11,1712,1800,35519410,232666880,3.020917429769018,163.71103656526614
2,1604,346,678862,2801646,0.08475021165530386,78.66538606978223
23,1529,859,17575150,147325958,1.936915494219037,136.86946103586737
17,258,1894,57935576,487637307,5.239614291968009,269.2301868938925
8,1060,1344,14093194,28536261,1.2548510788258422,138.7372404399739
10,1908,602,4422302,9105849,0.4976396343407814,82.77078440626728
7,945,761,4206818,24624108,0.3473579426666091,63.35993447126452
20,601,263,1480174,6326767,0.3542671617117437,109.33603524479352
3,857,1877,8679258,31539161,0.5843854319841068,103.84510576036665
13,156,2030,49814180,366792824,8.906807134552682,234.36450037917538
8,812,2001,29688847,233073962,3.1495539266344816,156.89819246470105
12,507,1867,39330232,318081331,3.5328545997021403,192.84739261171447
9,463,208,446378,2878843,0.15407136126368226,88.92602505006053
16,580,1794,49363714,84160349,4.293426808593303,251.642962826636
3,549,896,2109194,5193622,0.11155445483643252,76.53479252610288
18,409,143,410134,2650784,0.2251505103657922,87.32319536261257
8,244,820,4921650,24608913,0.4927136637936715,125.11910459781085
3,482,1667,6382953,26914141,0.3724528091121324,111.24669451528693
20,1185,300,2074510,14038638,0.46815515679125375,94.44586464359986
19,1230,1723,55606389,58841889,6.208074639936471,287.5322179363692
8,1370,1190,11564430,54098218,0.9209978420506083,120.22811723835284
6,1487,736,3814698,7232079,0.2922376138363247,73.86175863850293
4,1181,784,2780858,20561237,0.24590069465596642,88.09485400351377
16,2030,1944,60683914,601528700,4.9649835482042555,309.06235321212773
15,1033,1690,41773430,100929592,3.9038412062802728,228.57905379911713
16,165,1686,42960976,263102949,4.97835281958582,262.1778722438784
18,728,388,2852586,27492566,0.47753365393739977,102.35261232923007
9,888,1112,10900946,96519577,1.2644196061511592,120.67177671630672
21,1837,264,1887082,2327710,0.4049231854713471,64.76659289857031
18,731,1609,45232218,384642257,4.295145783780637,229.1891109409729
14,1469,334,1948900,14341675,0.27899231584926737,82.1848578154688
14,1381,314,1722928,8018285,0.2853285432348965,96.2964352381543
9,276,1904,29563418,292381433,2.602771176468044,186.86842685131475
13,1998,672,6777130,13644532,0.6603012110513955,92.6005422771223
2,1780,1824,6595594,7572631,0.4997167232286715,92.90238205449116
14,1753,1858,48179808,66542253,3.9381713969433374,262.5070275948226
24,1837,119,548362,3656882,0.21110228748189858,85.3200285953189
12,317,1871,39141330,131748049,3.35327390221657,251.5497149609295
8,233,1982,27995760,267423558,2.7144493181352867,192.62790640065953
24,1118,2047,98732961,537250734,13.643335175240033,392.4575178355603
20,676,840,13999450,121146018,1.4898385739195452,106.11872099612783
23,128,233,1231881,1737519,0.4496775838051128,75.87874515637641
22,1293,504,6002146,9775131,0.8185908902714929,96.64219368995688
20,787,1544,46556242,280098836,3.7851776747337214,273.1090773697069
15,1282,125,382135,3621598,0.16307555206322763,62.32404474617677
3,130,764,1276654,4256975,0.1120179363096924,58.97184774657202
1,802,468,380494,544879,0.039852393773225796,62.7325118909477
11,1221,1467,23342914,191494755,2.203530759697659,212.04710469937822
10,1293,43,73110,186270,0.09512318738260413,66.31006978278202
21,438,772,12281758,61692132,1.073935185989665,109.8223947626615
3,1308,115,178375,1160163,0.09521019953055064,92.83341522577459
10,812,1672,26551370,152349759,2.68285392232207,217.01916854155417
17,2013,158,721754,2205450,0.26518321535160716,78.62655709472286
6,1569,1743,17952910,61211099,1.7054331359661197,128.2195684163961
20,1371,671,9494660,25401281,0.8584752876895396,86.88118900052365
18,887,440,3693810,21749738,0.39936788846472615,93.25000739458125
5,940,1332,8368966,72932219,0.6188675606755479,98.18554403651588
14,1230,1650,37461610,253080152,3.5516322435115986,256.67424286647184
11,1647,750,6876010,37623887,0.6553630009287738,80.7125500049507
7,258,170,220160,515276,0.058362583272782625,76.17318271679306
8,1350,692,4298714,41661505,0.3345899103070879,71.12609717281917
4,857,281,481644,4029206,0.05988799150689415,70.65433178101313
13,1568,270,1304380,1741938,0.161935638347044,85.43621774552858
24,541,2027,95666302,403148345,9.874521973702324,439.7604940087495
3,1912,218,514708,4418888,0.0669693379091415,58.591442695132656
16,1291,1901,56710642,241166854,4.783964028182939,300.79377130939116
5,2030,1405,10769335,12167266,0.8718632489261585,141.44807557014624
9,1325,1782,27799210,192083347,2.030705173925391,195.1919931325605
9,541,609,3308098,26901782,0.27553851955411535,82.30402251974435
22,1246,1843,73684993,723699901,6.656395857024178,431.76293470015986
12,2035,584,4952914,47086351,0.4639987195174521,117.91889805191623
5,1902,511,2024081,12477462,0.21996695564692967,104.4106398282449
1,125,189,25714,175308,0.023968319481458285,82.58492773051701
2,997,378,524296,1239057,0.06295356404820515,94.01726672194528
3,1483,228,445066,4183370,0.04280734118246581,92.88256472986996
10,1843,1156,14180662,111013486,1.0546582491285974,100.48818586342323
10,1799,1928,36961698,206692040,2.864910575685641,192.0431480488656
12,66,1624,29154058,191221924,3.235577826272423,166.93853472981613
17,1021,1731,49755874,78394185,4.11443460249917,288.5080396057417
8,1502,85,179785,1132062,0.08156485356108421,61.65098066254479
3,402,1355,4234385,10547541,0.3376415794805684,80.459836826136
15,1833,1745,45872570,51399510,3.738973141510297,268.76354044872255
17,633,1044,18128026,124917219,1.9974797164722478,155.8322943240019
16,273,1742,46039328,351178666,4.347223534797723,291.46706802400985
17,1422,152,589922,4045663,0.1834290705776225,77.74554380803234
6,186,1779,16183573,43406964,1.291903714423469,158.39023827066995
3,1857,229,533122,1292779,0.07188029411852069,70.13961761375089
5,797,1313,7962042,37047087,0.6403695593844678,82.43232812046854
6,1034,1179,8188165,69788707,0.6786256545991382,129.0389428128839
11,979,1361,19884220,109854932,1.9855264799109247,145.48308399350736
22,768,734,11901086,58980810,1.2408285633508633,107.76468394225962
10,1362,276,1067026,9969697,0.21423125858852685,62.26411124586963
11,310,1385,19640695,85388110,1.941519458381496,160.87901163426295
24,1698,1999,95370301,162920315,9.920526783733909,426.89359725311755
7,1680,85,187605,1628674,0.20906508730019302,64.46295129975556
11,1140,324,1425934,10690676,0.22131457549804834,61.010960936880785
19,1654,1300,32607910,292086348,3.2918070519800455,197.58301064422022
20,495,1391,37493024,311353359,3.8380168148662896,207.44096758914296
24,1229,1123,30424326,227442947,3.5287959297117024,186.10646395453767
17,1452,1161,23283865,68734099,3.3535024059806893,185.89457428207376
10,248,125,174135,1014039,0.12242680752087898,60.798150839635305
10,927,530,3030020,20667921,0.34109176705781,73.4779547468857
17,490,752,9436858,59686799,0.9907193949398776,91.68157506582662
6,2037,369,1438372,2540683,0.19040475314316208,65.2774104804044
9,1148,1812,28381366,274901486,2.514455506353296,180.18287531343182
12,684,1065,13228375,80747878,1.2849991269771077,150.48614599690762
5,732,1395,8826175,18110953,0.705944834917643,107.52530717040798
1,1343,440,595770,2034086,0.05141722708353676,104.95816168810704
6,1916,1367,11984499,43940936,0.9944329900881866,109.42296848966862
17,1210,621,6938443,28222718,0.7176493669616103,104.16773458409003
8,1036,1509,17530063,47706748,1.537809702886395,111.17268787205595
17,365,1464,34866634,159042854,3.102281169199236,189.42317985941622
4,1724,1951,14810051,67063629,3.1636905546940306,120.71315600502473
18,56,1448,35765610,162192840,3.3432420462291446,205.85329320218545
10,1022,1480,21255770,166611884,1.6897384170769314,120.1938224809023
7,1274,1548,16376302,24411811,1.5724182194752163,154.33123361283566
24,1427,117,485794,604144,0.174747779670218,80.9403666925506
15,33,1524,32604466,218627370,3.449103474563991,225.16741450459193
2,1930,1772,6581218,58454080,0.4969756041621066,99.35393819079589
16,1431,250,1301760,7377768,0.28789333550509405,90.13863071617264
4,1893,845,3753500,15913937,0.27709052150733116,75.962074055027
3,764,181,206169,1499927,0.03490375981121567,60.04678307492769
15,1496,1677,41923333,382166722,5.779483677663905,225.8744501192301
6,167,160,157290,886967,0.14512539805942296,100.13674043674538
22,1362,590,8132570,27341152,1.1011776393041008,111.22902527634318
22,105,490,5109240,39642032,1.2118413278479951,72.22871459793426
19,1063,972,18067546,43828558,1.6915694456473096,129.80849976571534
22,389,1172,29338686,214780488,3.317283440494376,220.35655486629713
11,1907,995,11818620,87860006,1.4120221458424391,138.2600505138553
6,1038,947,5482193,34136478,0.5284415106637248,88.18628849079228
18,1390,631,7663505,36888269,0.7589681590767148,127.36097857959238
13,876,1922,46056896,207600622,4.529249147821134,205.60278311642102
9,1675,98,242854,1407263,0.1360865568924944,100.76975805403335
17,397,894,13166842,36954475,1.2835628738042824,117.57568293505342
7,1997,780,5221330,40893433,0.3889502108667163,92.01577440366533
13,184,638,5016604,5264303,0.5928902308169954,94.93568977217024
4,747,279,445852,1929089,0.06204166261960963,61.99427241084248
7,1739,1965,26617900,72590053,2.2227387790982926,154.9819116599052
21,309,1068,23175610,84175394,2.4642457763189216,164.115242752301
9,1527,577,3555484,6405090,0.35448886391285933,65.6763999400291
12,1287,1813,38529886,159377803,3.5049885491908697,223.1908307937887
5,1693,1842,16718002,154928933,1.2451015496323077,136.99701695828512
13,1255,1932,47260594,158505616,5.267275637227172,250.9843385197534
21,2019,1859,72928580,632225269,6.695139415027032,345.2971481323954
5,1811,1923,18303124,46090913,1.5151216860459076,129.89670735184342
20,830,1992,77106346,287059594,8.790681929053534,365.1261771030804
22,1566,386,3745754,15396095,0.46380127130179744,73.38127548454686
2,284,742,770206,7095577,0.08535931759010562,65.47552447661722
16,1256,277,1506059,8384285,0.2790250818447933,85.04806149967521
15,1829,1174,21472470,189350922,1.9866697170913625,181.95662536642186
3,384,1411,4542019,28962320,0.3913482942393047,95.52962841014975
16,1429,1546,38101180,98599945,3.6803433137075694,242.05005936298895
2,680,1777,4387423,8990481,0.26332959077147977,103.1900911283233
5,1233,803,3581390,24942765,0.2841597956704163,76.12264245405468
23,360,464,4918874,5018885,0.6853954783166541,70.72640875393891
15,898,1078,17264180,100233200,2.0725512169513487,146.3623526649532
19,936,1663,51385047,265047062,7.017731731158452,241.9648481060647
1,1320,1619,2154899,8330020,0.18488471005780915,107.60002400127998
22,361,1772,66636070,349370583,7.361877189263887,320.94267543266164
20,568,1849,66062931,460692742,5.967310227342717,327.2929978905584
23,283,858,16466746,101974303,1.6528157100607088,165.92098000019718
6,486,1148,7165826,59486065,0.6131965686074712,103.66089422579404
6,1897,882,5576896,18848578,0.4984444195126201,99.73237659662456
14,178,534,3814906,5719670,0.7049258971642689,89.93788362468904
17,1609,723,9546502,41140015,0.9660524725140182,96.41948294394017
2,1730,1608,5386810,23445833,0.3641240223910939,83.3102820032852
6,607,429,1187482,10959243,0.16070542153235673,64.13893285860455
12,58,148,252794,2278862,0.12712501048035987,83.84084941958602
11,389,1507,23328370,64837619,2.2674213257106683,172.09764943915636
15,1052,220,914550,2444643,0.2438930704322271,74.12525351001749
3,2026,583,1868525,4112240,0.1426126759211202,72.77638307296756
13,1053,253,1040346,10245680,0.18322900478861565,82.49158324437053
11,1309,1826,35771350,322307025,3.048718465757322,218.58561252544686
15,1079,1266,23836258,201482854,2.4311719208029277,188.7619182305188
23,1501,687,11437186,36773417,1.3073569880847271,110.61152049503862
16,1620,843,12047323,65848973,1.0711172692292685,120.7822283440606
15,505,248,992506,7191781,0.18533006550098935,70.64528167411949
22,290,190,819290,3983668,0.3012536890587114,108.5877495477326
15,1532,985,15116805,79685561,1.5686477628816298,109.63264151994545
9,1242,1854,29836432,42434118,3.0270990756285636,174.28994381327203
8,1517,1033,9055288,71442623,1.0939212590575194,121.87812392949786
8,1210,1788,24574282,166150169,2.479465220617567,154.11009065949756
6,1242,1489,12958777,25534131,0.8654181669926028,134.55900968915435
5,652,1680,12410170,48392837,1.1020354012557967,122.0603834906194
20,1456,2032,81471018,431173598,8.101171007188137,337.5808583724804
7,1303,1131,9167896,30330607,0.9839118074307778,98.0673511349454
11,245,2041,42199726,211873154,5.758302905869257,244.28047576591075
12,1238,137,379089,1645625,0.155940682984801,61.13725127503692
23,625,520,6290970,46704833,0.5862141156729276,93.07020941563181
15,1180,946,13668764,62585893,1.1516188813877901,129.4622446834647
6,251,1961,19751202,82345758,1.6862680436987758,124.82622230586165
12,1181,183,588538,4319656,0.17894174440753696,90.0877544055935
9,1553,1138,12149298,93273560,0.9064835842217783,120.04970472084983
23,2015,1822,76764514,146190205,6.633432010660302,425.4496870023188
24,1358,995,24155625,238052777,2.9384588147682047,170.19513825675992
3,301,296,268186,2163047,0.08853340911472236,66.87643790803362
4,1422,1227,6278569,18755157,0.41188996235933867,99.05391095324205
16,923,1759,48080516,356941689,5.560255142646844,203.64185888025597
1,633,656,422474,3587560,0.05527464650494918,68.63167458657728
4,1876,1162,6246922,54628341,0.5196563759215603,107.71579686677737
11,1631,1858,37591066,298610545,3.82173895481403,237.81005859893213
8,1317,1702,22549808,179965826,2.004122116498523,178.78346909354286
2,849,922,1643936,13844115,0.12194082440583526,107.90088635919071
13,1252,638,5697988,30195002,0.5067999626242619,90.23153388004319
9,1400,599,3720399,17569840,0.3798657903110041,95.55566369563873
14,1765,1110,18003100,22050630,1.8705604251578065,139.76469883017262
2,565,599,704434,2587341,0.05987880369609444,74.99938734347516
19,1413,444,4188706,35601114,0.4170150229188103,63.73305040959197
22,484,41,56467,463154,0.1673215485904613,96.74207012781653
16,129,199,624870,733039,0.1716686139161766,81.98860455981746
3,598,411,588973,4712790,0.06756156231898879,108.83638512877324
8,1772,2020,32178610,36177563,2.9598744971457354,235.7315956664451
10,906,1575,23784085,70584733,2.1424047280660834,156.7237782924194
9,604,221,528421,2809075,0.12495625261773685,72.71123501398495
10,144,471,2073823,17850032,0.18289406486917556,59.04653038435098
15,972,1007,15200675,45024860,1.7484462582184512,168.0937765714756
13,1262,840,9546610,13941843,0.8715742902845547,94.13537633552235
8,753,1188,10795366,83166191,0.8930347485834768,124.50387494423259
5,950,895,4067785,29185689,0.3139658974323376,91.54209485976708
19,1297,1105,23443690,167001498,2.085253087378197,140.7715559622506
14,1572,1035,15577795,110898329,2.5307512376329195,129.875435812648
18,314,1206,25137874,48945731,4.981135477342852,141.77289446648217
3,1664,405,1007245,8668227,0.20857933984887705,93.73628428970042
18,1439,943,16500624,150974804,1.2774640399546515,137.26168181572228
16,718,648,6780682,25479242,0.5749613488317915,107.08868117605364
5,1250,256,585994,5367198,0.07539921254677719,54.653443834146756
16,1957,518,5052064,24548039,0.4266294408234066,83.7550186388711
12,749,609,4549240,16983305,0.3747072709918725,83.45609014192334
21,791,1713,60095476,215156337,6.527458442189751,324.0899231466411
13,219,1812,39838642,250489886,7.711674358261423,258.12615938872176
1,85,1947,186922,511638,0.05869873638997021,87.14330551538372
13,995,1032,13830874,106387621,1.45406856066085,138.22368174957745
18,1580,435,3916315,39098197,0.434859392156579,95.41255805472501
22,553,1146,28250056,165981854,2.3969615662749506,205.57009988506428
15,219,347,1770404,7138739,0.3635831568621803,61.89361506950016
16,766,617,6199009,14390677,0.4896894791970747,111.05049318332908
7,1795,84,194554,1479861,0.07815713792502735,96.24987221340324
23,706,861,16945351,167511735,1.4419652946889665,116.76183589123154
9,931,1244,13562098,135024134,0.9970636869495202,126.22547088065465
22,873,524,6240326,20709471,0.725199438008616,121.83278698076676
7,680,257,575433,2788393,0.11090313427722344,85.38781414273518
24,696,1284,38856418,47730445,4.333312704321987,221.0757936106325
12,553,91,143426,741109,0.09639342106601381,57.93037725064728
16,41,129,258268,488906,0.17897275235770865,58.97567807203917
19,984,1260,29853190,217100257,2.266645667101515,153.31730759587228
19,1993,304,2278186,16542651,0.34877279880108336,59.36125570080914
7,1197,1846,22687350,28587622,2.0468155425390595,199.97394652025235
17,810,1855,56609045,335695546,5.994156492050972,250.1471127905383
13,748,1473,27172441,46167025,2.538966114296319,187.07493369641892
5,1669,1296,8900938,68076318,0.6703266545980723,128.5711439650323
19,1085,177,761110,5574114,0.20866619336350173,99.90310726009517
1,971,1482,1455334,4222844,0.08432228057632458,97.64314484507122
14,1955,1294,24328504,233579890,2.1591672723162203,208.8850781939373
15,1111,162,551458,5352736,0.1929154140851889,78.34612812030386
19,467,736,10115594,16361003,2.1367706369347026,107.43824943718977
4,591,1277,5664782,32284634,0.5129853155318052,82.96292966950436
24,1911,1460,51866510,75639219,4.162701118103448,266.6676979071965
16,152,379,2222087,12127415,0.5979210236855684,105.21194157222166
24,261,779,14187158,70910412,1.7264158330674992,101.66634215155803
3,1761,1445,6739490,61969919,0.4963987041374963,79.62091205243121
9,1176,202,567832,5632596,0.1567318981248739,82.53208844463788
11,574,276,925990,2012307,0.1696821463101704,50.35278237423729
3,1840,54,105904,695022,0.04542603761854996,62.41106494705362
1,1219,955,1174660,11684294,0.0771364836454773,69.74510144811411
4,1406,81,134713,926793,0.04652083742765473,52.08962532496415
1,241,1249,314758,674269,0.04632648106913544,85.32215884683974
1,1630,269,441439,3854515,0.04059152168482977,92.59966930175202
13,1383,1374,24586366,184384449,2.7465920234903503,177.05008291190308
12,485,1569,27874864,195364234,2.5678914987145927,174.71171030584622
9,1755,1609,23565424,201577499,1.6266045657192436,153.7210204974114
21,365,1093,24325818,212986372,2.1559753920188096,180.07864028703435
20,613,1635,51842590,513529693,5.317533100525724,219.1177407617729
14,1534,975,13877185,26097085,2.0027551264668575,113.74048671811344
15,1643,782,9865722,59982075,1.293478423024932,95.99165908782008
9,1339,1306,15418646,67952738,1.350925547303417,136.23136152935558
5,1045,460,1334010,9127466,0.11173289157768407,83.76930975194182
16,856,1226,23627482,135699037,2.3449821059637115,155.28440285994145
23,1789,971,22511674,24165386,2.4871959064949793,160.54197545409377
16,872,830,11078850,92418909,2.6842982543062655,129.64663545090824
7,367,94,89122,573576,0.08072519748875046,84.96771175101458
13,1298,690,6624700,56682424,0.5942093947828289,86.04266060974639
21,1937,1105,26595150,182127427,2.1357468245812563,165.08266720799276
4,1577,1438,8491400,34384957,0.6642497708509231,89.99244739753145
11,1413,1135,14509850,47322044,1.476298369427473,143.68347592881787
13,1680,156,557710,5226033,0.19751242033627717,106.9217781380664
13,296,1812,39978166,259630009,3.311373466264207,255.7575581161691
4,1240,485,1313875,10160473,0.2983949669868788,80.1150708078989
8,1672,1451,17190007,37451015,1.1374755188496444,130.86426684920684
24,59,1287,38216188,233439972,3.6243648892789566,212.31894586102194
8,1902,792,5911498,42111568,0.6985413259123043,115.900628781911
